analysis_family,record_type,sampling_seed,is_primary_seed,group_a,group_b,sampled_n_a,sampled_n_b,sampled_mean_a,sampled_mean_b,sampled_median_a,sampled_median_b,q25_a,q75_a,pairwise_mean_difference,pairwise_median_difference,effect_size_rank_biserial,sign_agreement_mean_fraction,sign_agreement_median_fraction,sign_agreement_effect_fraction,stability_status
luhk,group,20260715,True,31 | GIC / open space,,10000,,5.680811554574967,,3.901422500610352,,1.8290319442749023,9.050159454345703,,,,,,,group_distribution_record
luhk,group,20260715,True,51 | Other urban / built-up land,,4,,3.636651992797852,,3.335916519165039,,3.1093692779541016,3.863199234008789,,,,,,,group_distribution_record
luhk,group,20260715,True,71 | Woodland / shrubland / grassland / wetland,,1346,,2.311179603191223,,2.089929580688477,,1.1821537017822266,3.169699192047119,,,,,,,group_distribution_record
luhk,group,20260715,True,72 | Woodland / shrubland / grassland / wetland,,613,,2.009650228851965,,1.5606327056884766,,0.8035526275634766,2.845392227172852,,,,,,,group_distribution_record
luhk,group,20260715,True,73 | Woodland / shrubland / grassland / wetland,,150,,1.5283211008707682,,1.068643569946289,,0.5762577056884766,2.5432071685791016,,,,,,,group_distribution_record
luhk,pair,20260715,True,31 | GIC / open space,51 | Other urban / built-up land,10000,4.0,5.680811554574967,3.636651992797852,3.901422500610352,3.335916519165039,1.8290319442749023,9.050159454345703,2.044159561777115,0.5655059814453125,0.07895,0.85,0.4,0.25,insufficient_coverage_for_conclusion
luhk,pair,20260715,True,31 | GIC / open space,71 | Woodland / shrubland / grassland / wetland,10000,1346.0,5.680811554574967,2.311179603191223,3.901422500610352,2.089929580688477,1.8290319442749023,9.050159454345703,3.369631951383744,1.811492919921875,0.3875124814264488,1.0,1.0,1.0,stable_sign_across_seeds
luhk,pair,20260715,True,31 | GIC / open space,72 | Woodland / shrubland / grassland / wetland,10000,613.0,5.680811554574967,2.009650228851965,3.901422500610352,1.5606327056884766,1.8290319442749023,9.050159454345703,3.671161325723001,2.340789794921875,0.4612169657422511,1.0,1.0,1.0,insufficient_coverage_for_conclusion
luhk,pair,20260715,True,31 | GIC / open space,73 | Woodland / shrubland / grassland / wetland,10000,150.0,5.680811554574967,1.5283211008707682,3.901422500610352,1.068643569946289,1.8290319442749023,9.050159454345703,4.152490453704198,2.8327789306640625,0.548144,1.0,1.0,1.0,stable_sign_across_seeds
luhk,pair,20260715,True,51 | Other urban / built-up land,71 | Woodland / shrubland / grassland / wetland,4,1346.0,3.636651992797852,2.311179603191223,3.335916519165039,2.089929580688477,3.1093692779541016,3.863199234008789,1.3254723896066287,1.2459869384765625,0.5713224368499257,1.0,1.0,1.0,insufficient_coverage_for_conclusion
luhk,pair,20260715,True,51 | Other urban / built-up land,72 | Woodland / shrubland / grassland / wetland,4,613.0,3.636651992797852,2.009650228851965,3.335916519165039,1.5606327056884766,3.1093692779541016,3.863199234008789,1.627001763945886,1.7752838134765625,0.651305057096248,1.0,1.0,1.0,insufficient_coverage_for_conclusion
luhk,pair,20260715,True,51 | Other urban / built-up land,73 | Woodland / shrubland / grassland / wetland,4,150.0,3.636651992797852,1.5283211008707682,3.335916519165039,1.068643569946289,3.1093692779541016,3.863199234008789,2.108330891927084,2.26727294921875,0.7866666666666666,1.0,1.0,1.0,insufficient_coverage_for_conclusion
luhk,pair,20260715,True,71 | Woodland / shrubland / grassland / wetland,72 | Woodland / shrubland / grassland / wetland,1346,613.0,2.311179603191223,2.009650228851965,2.089929580688477,1.5606327056884766,1.1821537017822266,3.169699192047119,0.3015293743392573,0.529296875,0.153621751597992,1.0,1.0,1.0,insufficient_coverage_for_conclusion
luhk,pair,20260715,True,71 | Woodland / shrubland / grassland / wetland,73 | Woodland / shrubland / grassland / wetland,1346,150.0,2.311179603191223,1.5283211008707682,2.089929580688477,1.068643569946289,1.1821537017822266,3.169699192047119,0.7828585023204546,1.0212860107421875,0.3031797919762258,1.0,1.0,1.0,stable_sign_across_seeds
luhk,pair,20260715,True,72 | Woodland / shrubland / grassland / wetland,73 | Woodland / shrubland / grassland / wetland,613,150.0,2.009650228851965,1.5283211008707682,1.5606327056884766,1.068643569946289,0.8035526275634766,2.845392227172852,0.4813291279811973,0.4919891357421875,0.150657966286025,1.0,1.0,1.0,insufficient_coverage_for_conclusion
luhk,group,20260716,False,31 | GIC / open space,,10000,,5.590005573320389,,3.826074600219727,,1.8631534576416016,8.557672500610352,,,,,,,group_distribution_record
luhk,group,20260716,False,51 | Other urban / built-up land,,4,,4.051210403442383,,3.7128849029541016,,3.467721939086914,4.29637336730957,,,,,,,group_distribution_record
luhk,group,20260716,False,71 | Woodland / shrubland / grassland / wetland,,1346,,2.289460428756555,,2.089929580688477,,1.1821537017822266,3.1472415924072266,,,,,,,group_distribution_record
luhk,group,20260716,False,72 | Woodland / shrubland / grassland / wetland,,613,,1.959187845226991,,1.5606327056884766,,0.7278079986572266,2.7699222564697266,,,,,,,group_distribution_record
luhk,group,20260716,False,73 | Woodland / shrubland / grassland / wetland,,150,,1.5157511138916016,,1.1065311431884766,,0.6520328521728516,2.3808398246765137,,,,,,,group_distribution_record
luhk,pair,20260716,False,31 | GIC / open space,51 | Other urban / built-up land,10000,4.0,5.590005573320389,4.051210403442383,3.826074600219727,3.7128849029541016,1.8631534576416016,8.557672500610352,1.5387951698780062,0.113189697265625,-0.01875,0.85,0.4,0.25,insufficient_coverage_for_conclusion
luhk,pair,20260716,False,31 | GIC / open space,71 | Woodland / shrubland / grassland / wetland,10000,1346.0,5.590005573320389,2.289460428756555,3.826074600219727,2.089929580688477,1.8631534576416016,8.557672500610352,3.300545144563834,1.73614501953125,0.3888716196136701,1.0,1.0,1.0,stable_sign_across_seeds
luhk,pair,20260716,False,31 | GIC / open space,72 | Woodland / shrubland / grassland / wetland,10000,613.0,5.590005573320389,1.959187845226991,3.826074600219727,1.5606327056884766,1.8631534576416016,8.557672500610352,3.630817728093398,2.26544189453125,0.4708205546492658,1.0,1.0,1.0,insufficient_coverage_for_conclusion
luhk,pair,20260716,False,31 | GIC / open space,73 | Woodland / shrubland / grassland / wetland,10000,150.0,5.590005573320389,1.5157511138916016,3.826074600219727,1.1065311431884766,1.8631534576416016,8.557672500610352,4.074254459428787,2.71954345703125,0.5553999999999999,1.0,1.0,1.0,stable_sign_across_seeds
luhk,pair,20260716,False,51 | Other urban / built-up land,71 | Woodland / shrubland / grassland / wetland,4,1346.0,4.051210403442383,2.289460428756555,3.7128849029541016,2.089929580688477,3.467721939086914,4.29637336730957,1.7617499746858276,1.622955322265625,0.7044947994056463,1.0,1.0,1.0,insufficient_coverage_for_conclusion
luhk,pair,20260716,False,51 | Other urban / built-up land,72 | Woodland / shrubland / grassland / wetland,4,613.0,4.051210403442383,1.959187845226991,3.7128849029541016,1.5606327056884766,3.467721939086914,4.29637336730957,2.092022558215392,2.152252197265625,0.7618270799347471,1.0,1.0,1.0,insufficient_coverage_for_conclusion
luhk,pair,20260716,False,51 | Other urban / built-up land,73 | Woodland / shrubland / grassland / wetland,4,150.0,4.051210403442383,1.5157511138916016,3.7128849029541016,1.1065311431884766,3.467721939086914,4.29637336730957,2.535459289550781,2.606353759765625,0.8899999999999999,1.0,1.0,1.0,insufficient_coverage_for_conclusion
luhk,pair,20260716,False,71 | Woodland / shrubland / grassland / wetland,72 | Woodland / shrubland / grassland / wetland,1346,613.0,2.289460428756555,1.959187845226991,2.089929580688477,1.5606327056884766,1.1821537017822266,3.1472415924072266,0.3302725835295641,0.529296875,0.1639381018981986,1.0,1.0,1.0,insufficient_coverage_for_conclusion
luhk,pair,20260716,False,71 | Woodland / shrubland / grassland / wetland,73 | Woodland / shrubland / grassland / wetland,1346,150.0,2.289460428756555,1.5157511138916016,2.089929580688477,1.1065311431884766,1.1821537017822266,3.1472415924072266,0.7737093148649536,0.9833984375,0.3082367508667658,1.0,1.0,1.0,stable_sign_across_seeds
luhk,pair,20260716,False,72 | Woodland / shrubland / grassland / wetland,73 | Woodland / shrubland / grassland / wetland,613,150.0,1.959187845226991,1.5157511138916016,1.5606327056884766,1.1065311431884766,0.7278079986572266,2.7699222564697266,0.4434367313353895,0.4541015625,0.1456769983686785,1.0,1.0,1.0,insufficient_coverage_for_conclusion
luhk,group,20260717,False,31 | GIC / open space,,10000,,5.606384887886048,,3.870685577392578,,1.8631534576416016,8.900135040283203,,,,,,,group_distribution_record
luhk,group,20260717,False,51 | Other urban / built-up land,,4,,4.315126419067383,,4.014398574829102,,3.731790542602539,4.597734451293945,,,,,,,group_distribution_record
luhk,group,20260717,False,71 | Woodland / shrubland / grassland / wetland,,1346,,2.264995171092063,,2.014337539672852,,1.1821537017822266,3.0718021392822266,,,,,,,group_distribution_record
luhk,group,20260717,False,72 | Woodland / shrubland / grassland / wetland,,613,,1.9490055283364425,,1.5606327056884766,,0.8035526275634766,2.694421768188477,,,,,,,group_distribution_record
luhk,group,20260717,False,73 | Woodland / shrubland / grassland / wetland,,150,,1.5061256663004556,,1.0307559967041016,,0.5762577056884766,2.3808398246765137,,,,,,,group_distribution_record
luhk,pair,20260717,False,31 | GIC / open space,51 | Other urban / built-up land,10000,4.0,5.606384887886048,4.315126419067383,3.870685577392578,4.014398574829102,1.8631534576416016,8.900135040283203,1.2912584688186648,-0.1437129974365234,-0.05935,0.85,0.4,0.25,insufficient_coverage_for_conclusion
luhk,pair,20260717,False,31 | GIC / open space,71 | Woodland / shrubland / grassland / wetland,10000,1346.0,5.606384887886048,2.264995171092063,3.870685577392578,2.014337539672852,1.8631534576416016,8.900135040283203,3.341389716793985,1.8563480377197263,0.3987110698365528,1.0,1.0,1.0,stable_sign_across_seeds
luhk,pair,20260717,False,31 | GIC / open space,72 | Woodland / shrubland / grassland / wetland,10000,613.0,5.606384887886048,1.9490055283364425,3.870685577392578,1.5606327056884766,1.8631534576416016,8.900135040283203,3.657379359549605,2.3100528717041016,0.4741535073409462,1.0,1.0,1.0,insufficient_coverage_for_conclusion
luhk,pair,20260717,False,31 | GIC / open space,73 | Woodland / shrubland / grassland / wetland,10000,150.0,5.606384887886048,1.5061256663004556,3.870685577392578,1.0307559967041016,1.8631534576416016,8.900135040283203,4.100259221585592,2.839929580688477,0.5565506666666666,1.0,1.0,1.0,stable_sign_across_seeds
luhk,pair,20260717,False,51 | Other urban / built-up land,71 | Woodland / shrubland / grassland / wetland,4,1346.0,4.315126419067383,2.264995171092063,4.014398574829102,2.014337539672852,3.731790542602539,4.597734451293945,2.05013124797532,2.00006103515625,0.7774888558692421,1.0,1.0,1.0,insufficient_coverage_for_conclusion
luhk,pair,20260717,False,51 | Other urban / built-up land,72 | Woodland / shrubland / grassland / wetland,4,613.0,4.315126419067383,1.9490055283364425,4.014398574829102,1.5606327056884766,3.731790542602539,4.597734451293945,2.36612089073094,2.453765869140625,0.8119902120717781,1.0,1.0,1.0,insufficient_coverage_for_conclusion
luhk,pair,20260717,False,51 | Other urban / built-up land,73 | Woodland / shrubland / grassland / wetland,4,150.0,4.315126419067383,1.5061256663004556,4.014398574829102,1.0307559967041016,3.731790542602539,4.597734451293945,2.809000752766927,2.983642578125,0.935,1.0,1.0,1.0,insufficient_coverage_for_conclusion
luhk,pair,20260717,False,71 | Woodland / shrubland / grassland / wetland,72 | Woodland / shrubland / grassland / wetland,1346,613.0,2.264995171092063,1.9490055283364425,2.014337539672852,1.5606327056884766,1.1821537017822266,3.0718021392822266,0.3159896427556206,0.453704833984375,0.1604827547757963,1.0,1.0,1.0,insufficient_coverage_for_conclusion
luhk,pair,20260717,False,71 | Woodland / shrubland / grassland / wetland,73 | Woodland / shrubland / grassland / wetland,1346,150.0,2.264995171092063,1.5061256663004556,2.014337539672852,1.0307559967041016,1.1821537017822266,3.0718021392822266,0.7588695047916074,0.98358154296875,0.3088509162951955,1.0,1.0,1.0,stable_sign_across_seeds
luhk,pair,20260717,False,72 | Woodland / shrubland / grassland / wetland,73 | Woodland / shrubland / grassland / wetland,613,150.0,1.9490055283364425,1.5061256663004556,1.5606327056884766,1.0307559967041016,0.8035526275634766,2.694421768188477,0.4428798620359868,0.529876708984375,0.1471125611745514,1.0,1.0,1.0,insufficient_coverage_for_conclusion
luhk,group,20260718,False,31 | GIC / open space,,10000,,5.583597066736221,,3.826074600219727,,1.832782745361328,8.675891876220703,,,,,,,group_distribution_record
luhk,group,20260718,False,51 | Other urban / built-up land,,4,,4.823663711547852,,4.805124282836914,,4.466424942016602,5.162363052368164,,,,,,,group_distribution_record
luhk,group,20260718,False,71 | Woodland / shrubland / grassland / wetland,,1346,,2.2881141183634925,,2.089929580688477,,1.125436782836914,3.1395039558410645,,,,,,,group_distribution_record
luhk,group,20260718,False,72 | Woodland / shrubland / grassland / wetland,,613,,1.942119806859077,,1.5606327056884766,,0.8035526275634766,2.694421768188477,,,,,,,group_distribution_record
luhk,group,20260718,False,73 | Woodland / shrubland / grassland / wetland,,150,,1.5112273915608725,,1.1065311431884766,,0.5952014923095703,2.448938369750977,,,,,,,group_distribution_record
luhk,pair,20260718,False,31 | GIC / open space,51 | Other urban / built-up land,10000,4.0,5.583597066736221,4.823663711547852,3.826074600219727,4.805124282836914,1.832782745361328,8.675891876220703,0.7599333551883696,-0.9790496826171876,-0.157525,0.85,0.4,0.25,insufficient_coverage_for_conclusion
luhk,pair,20260718,False,31 | GIC / open space,71 | Woodland / shrubland / grassland / wetland,10000,1346.0,5.583597066736221,2.2881141183634925,3.826074600219727,2.089929580688477,1.832782745361328,8.675891876220703,3.2954829483727286,1.73614501953125,0.3906130757800892,1.0,1.0,1.0,stable_sign_across_seeds
luhk,pair,20260718,False,31 | GIC / open space,72 | Woodland / shrubland / grassland / wetland,10000,613.0,5.583597066736221,1.942119806859077,3.826074600219727,1.5606327056884766,1.832782745361328,8.675891876220703,3.641477259877144,2.26544189453125,0.476936541598695,1.0,1.0,1.0,insufficient_coverage_for_conclusion
luhk,pair,20260718,False,31 | GIC / open space,73 | Woodland / shrubland / grassland / wetland,10000,150.0,5.583597066736221,1.5112273915608725,3.826074600219727,1.1065311431884766,1.832782745361328,8.675891876220703,4.072369675175349,2.71954345703125,0.553196,1.0,1.0,1.0,stable_sign_across_seeds
luhk,pair,20260718,False,51 | Other urban / built-up land,71 | Woodland / shrubland / grassland / wetland,4,1346.0,4.823663711547852,2.2881141183634925,4.805124282836914,2.089929580688477,4.466424942016602,5.162363052368164,2.535549593184359,2.715194702148437,0.8824294205052006,1.0,1.0,1.0,insufficient_coverage_for_conclusion
luhk,pair,20260718,False,51 | Other urban / built-up land,72 | Woodland / shrubland / grassland / wetland,4,613.0,4.823663711547852,1.942119806859077,4.805124282836914,1.5606327056884766,4.466424942016602,5.162363052368164,2.8815439046887743,3.244491577148437,0.8792822185970637,1.0,1.0,1.0,insufficient_coverage_for_conclusion
luhk,pair,20260718,False,51 | Other urban / built-up land,73 | Woodland / shrubland / grassland / wetland,4,150.0,4.823663711547852,1.5112273915608725,4.805124282836914,1.1065311431884766,4.466424942016602,5.162363052368164,3.312436319986979,3.6985931396484375,0.98,1.0,1.0,1.0,insufficient_coverage_for_conclusion
luhk,pair,20260718,False,71 | Woodland / shrubland / grassland / wetland,72 | Woodland / shrubland / grassland / wetland,1346,613.0,2.2881141183634925,1.942119806859077,2.089929580688477,1.5606327056884766,1.125436782836914,3.1395039558410645,0.3459943115044155,0.529296875,0.1729818760922945,1.0,1.0,1.0,insufficient_coverage_for_conclusion
luhk,pair,20260718,False,71 | Woodland / shrubland / grassland / wetland,73 | Woodland / shrubland / grassland / wetland,1346,150.0,2.2881141183634925,1.5112273915608725,2.089929580688477,1.1065311431884766,1.125436782836914,3.1395039558410645,0.77688672680262,0.9833984375,0.3019019316493314,1.0,1.0,1.0,stable_sign_across_seeds
luhk,pair,20260718,False,72 | Woodland / shrubland / grassland / wetland,73 | Woodland / shrubland / grassland / wetland,613,150.0,1.942119806859077,1.5112273915608725,1.5606327056884766,1.1065311431884766,0.8035526275634766,2.694421768188477,0.4308924152982045,0.4541015625,0.1322566612289288,1.0,1.0,1.0,insufficient_coverage_for_conclusion
luhk,group,20260719,False,31 | GIC / open space,,10000,,5.640797852087021,,3.9312744140625,,1.8631534576416016,8.900135040283203,,,,,,,group_distribution_record
luhk,group,20260719,False,51 | Other urban / built-up land,,4,,4.671876907348633,,4.691232681274414,,3.467721939086914,5.895387649536133,,,,,,,group_distribution_record
luhk,group,20260719,False,71 | Woodland / shrubland / grassland / wetland,,1346,,2.2800590648339374,,2.089929580688477,,1.1065311431884766,3.0718021392822266,,,,,,,group_distribution_record
luhk,group,20260719,False,72 | Woodland / shrubland / grassland / wetland,,613,,1.9590742381906432,,1.5606327056884766,,0.8035526275634766,2.694421768188477,,,,,,,group_distribution_record
luhk,group,20260719,False,73 | Woodland / shrubland / grassland / wetland,,150,,1.429736302693685,,1.0307559967041016,,0.6520328521728516,2.3619494438171387,,,,,,,group_distribution_record
luhk,pair,20260719,False,31 | GIC / open space,51 | Other urban / built-up land,10000,4.0,5.640797852087021,4.671876907348633,3.9312744140625,4.691232681274414,1.8631534576416016,8.900135040283203,0.9689209447383876,-0.7599582672119141,-0.086975,0.85,0.4,0.25,insufficient_coverage_for_conclusion
luhk,pair,20260719,False,31 | GIC / open space,71 | Woodland / shrubland / grassland / wetland,10000,1346.0,5.640797852087021,2.2800590648339374,3.9312744140625,2.089929580688477,1.8631534576416016,8.900135040283203,3.360738787253083,1.8413448333740237,0.4012863298662703,1.0,1.0,1.0,stable_sign_across_seeds
luhk,pair,20260719,False,31 | GIC / open space,72 | Woodland / shrubland / grassland / wetland,10000,613.0,5.640797852087021,1.9590742381906432,3.9312744140625,1.5606327056884766,1.8631534576416016,8.900135040283203,3.681723613896377,2.3706417083740234,0.4795611745513866,1.0,1.0,1.0,insufficient_coverage_for_conclusion
luhk,pair,20260719,False,31 | GIC / open space,73 | Woodland / shrubland / grassland / wetland,10000,150.0,5.640797852087021,1.429736302693685,3.9312744140625,1.0307559967041016,1.8631534576416016,8.900135040283203,4.211061549393335,2.9005184173583984,0.5779019999999999,1.0,1.0,1.0,stable_sign_across_seeds
luhk,pair,20260719,False,51 | Other urban / built-up land,71 | Woodland / shrubland / grassland / wetland,4,1346.0,4.671876907348633,2.2800590648339374,4.691232681274414,2.089929580688477,3.467721939086914,5.895387649536133,2.3918178425146954,2.601303100585937,0.7845468053491829,1.0,1.0,1.0,insufficient_coverage_for_conclusion
luhk,pair,20260719,False,51 | Other urban / built-up land,72 | Woodland / shrubland / grassland / wetland,4,613.0,4.671876907348633,1.9590742381906432,4.691232681274414,1.5606327056884766,3.467721939086914,5.895387649536133,2.7128026691579894,3.130599975585937,0.8164763458401305,1.0,1.0,1.0,insufficient_coverage_for_conclusion
luhk,pair,20260719,False,51 | Other urban / built-up land,73 | Woodland / shrubland / grassland / wetland,4,150.0,4.671876907348633,1.429736302693685,4.691232681274414,1.0307559967041016,3.467721939086914,5.895387649536133,3.242140604654948,3.660476684570313,0.95,1.0,1.0,1.0,insufficient_coverage_for_conclusion
luhk,pair,20260719,False,71 | Woodland / shrubland / grassland / wetland,72 | Woodland / shrubland / grassland / wetland,1346,613.0,2.2800590648339374,1.9590742381906432,2.089929580688477,1.5606327056884766,1.1065311431884766,3.0718021392822266,0.3209848266432942,0.529296875,0.1654554974075806,1.0,1.0,1.0,insufficient_coverage_for_conclusion
luhk,pair,20260719,False,71 | Woodland / shrubland / grassland / wetland,73 | Woodland / shrubland / grassland / wetland,1346,150.0,2.2800590648339374,1.429736302693685,2.089929580688477,1.0307559967041016,1.1065311431884766,3.0718021392822266,0.8503227621402525,1.059173583984375,0.3376622090143635,1.0,1.0,1.0,stable_sign_across_seeds
luhk,pair,20260719,False,72 | Woodland / shrubland / grassland / wetland,73 | Woodland / shrubland / grassland / wetland,613,150.0,1.9590742381906432,1.429736302693685,1.5606327056884766,1.0307559967041016,0.8035526275634766,2.694421768188477,0.5293379354969583,0.529876708984375,0.1697335508428494,1.0,1.0,1.0,insufficient_coverage_for_conclusion
luhk,group,20260720,False,31 | GIC / open space,,10000,,5.617000197553635,,3.788095474243164,,1.832782745361328,8.900135040283203,,,,,,,group_distribution_record
luhk,group,20260720,False,51 | Other urban / built-up land,,4,,5.665498733520508,,5.628732681274414,,3.298257827758789,7.995973587036133,,,,,,,group_distribution_record
luhk,group,20260720,False,71 | Woodland / shrubland / grassland / wetland,,1346,,2.2791846886077924,,2.089929580688477,,1.1821537017822266,3.0718021392822266,,,,,,,group_distribution_record
luhk,group,20260720,False,72 | Woodland / shrubland / grassland / wetland,,613,,1.9766963224426568,,1.5606327056884766,,0.8035526275634766,2.694421768188477,,,,,,,group_distribution_record
luhk,group,20260720,False,73 | Woodland / shrubland / grassland / wetland,,150,,1.45890256245931,,1.068643569946289,,0.6520328521728516,2.3167667388916016,,,,,,,group_distribution_record
luhk,pair,20260720,False,31 | GIC / open space,51 | Other urban / built-up land,10000,4.0,5.617000197553635,5.665498733520508,3.788095474243164,5.628732681274414,1.832782745361328,8.900135040283203,-0.048498535966873,-1.84063720703125,-0.1651749999999999,0.85,0.4,0.25,insufficient_coverage_for_conclusion
luhk,pair,20260720,False,31 | GIC / open space,71 | Woodland / shrubland / grassland / wetland,10000,1346.0,5.617000197553635,2.2791846886077924,3.788095474243164,2.089929580688477,1.832782745361328,8.900135040283203,3.3378155089458423,1.6981658935546875,0.3933986627043091,1.0,1.0,1.0,stable_sign_across_seeds
luhk,pair,20260720,False,31 | GIC / open space,72 | Woodland / shrubland / grassland / wetland,10000,613.0,5.617000197553635,1.9766963224426568,3.788095474243164,1.5606327056884766,1.832782745361328,8.900135040283203,3.6403038751109777,2.2274627685546875,0.4680972267536705,1.0,1.0,1.0,insufficient_coverage_for_conclusion
luhk,pair,20260720,False,31 | GIC / open space,73 | Woodland / shrubland / grassland / wetland,10000,150.0,5.617000197553635,1.45890256245931,3.788095474243164,1.068643569946289,1.832782745361328,8.900135040283203,4.158097635094325,2.719451904296875,0.5690173333333333,1.0,1.0,1.0,stable_sign_across_seeds
luhk,pair,20260720,False,51 | Other urban / built-up land,71 | Woodland / shrubland / grassland / wetland,4,1346.0,5.665498733520508,2.2791846886077924,5.628732681274414,2.089929580688477,3.298257827758789,7.995973587036133,3.386314044912716,3.538803100585937,0.7672734026745913,1.0,1.0,1.0,insufficient_coverage_for_conclusion
luhk,pair,20260720,False,51 | Other urban / built-up land,72 | Woodland / shrubland / grassland / wetland,4,613.0,5.665498733520508,1.9766963224426568,5.628732681274414,1.5606327056884766,3.298257827758789,7.995973587036133,3.688802411077851,4.0680999755859375,0.8132137030995106,1.0,1.0,1.0,insufficient_coverage_for_conclusion
luhk,pair,20260720,False,51 | Other urban / built-up land,73 | Woodland / shrubland / grassland / wetland,4,150.0,5.665498733520508,1.45890256245931,5.628732681274414,1.068643569946289,3.298257827758789,7.995973587036133,4.206596171061198,4.560089111328125,0.9366666666666668,1.0,1.0,1.0,insufficient_coverage_for_conclusion
luhk,pair,20260720,False,71 | Woodland / shrubland / grassland / wetland,72 | Woodland / shrubland / grassland / wetland,1346,613.0,2.2791846886077924,1.9766963224426568,2.089929580688477,1.5606327056884766,1.1821537017822266,3.0718021392822266,0.3024883661651356,0.529296875,0.1524000785361254,1.0,1.0,1.0,insufficient_coverage_for_conclusion
luhk,pair,20260720,False,71 | Woodland / shrubland / grassland / wetland,73 | Woodland / shrubland / grassland / wetland,1346,150.0,2.2791846886077924,1.45890256245931,2.089929580688477,1.068643569946289,1.1821537017822266,3.0718021392822266,0.8202821261484825,1.0212860107421875,0.3269638434868747,1.0,1.0,1.0,stable_sign_across_seeds
luhk,pair,20260720,False,72 | Woodland / shrubland / grassland / wetland,73 | Woodland / shrubland / grassland / wetland,613,150.0,1.9766963224426568,1.45890256245931,1.5606327056884766,1.068643569946289,0.8035526275634766,2.694421768188477,0.5177937599833469,0.4919891357421875,0.174594888526373,1.0,1.0,1.0,insufficient_coverage_for_conclusion
luhk,group,20260721,False,31 | GIC / open space,,10000,,5.633043092250824,,3.870685577392578,,1.832782745361328,8.900135040283203,,,,,,,group_distribution_record
luhk,group,20260721,False,51 | Other urban / built-up land,,4,,2.901819229125977,,2.920831680297852,,2.5810794830322266,3.2415714263916016,,,,,,,group_distribution_record
luhk,group,20260721,False,71 | Woodland / shrubland / grassland / wetland,,1346,,2.2547138080908677,,2.014337539672852,,1.125436782836914,3.117023468017578,,,,,,,group_distribution_record
luhk,group,20260721,False,72 | Woodland / shrubland / grassland / wetland,,613,,1.958444371309016,,1.5606327056884766,,0.8035526275634766,2.7699222564697266,,,,,,,group_distribution_record
luhk,group,20260721,False,73 | Woodland / shrubland / grassland / wetland,,150,,1.4694697825113932,,1.0307559967041016,,0.5952014923095703,2.392175674438477,,,,,,,group_distribution_record
luhk,pair,20260721,False,31 | GIC / open space,51 | Other urban / built-up land,10000,4.0,5.633043092250824,2.901819229125977,3.870685577392578,2.920831680297852,1.832782745361328,8.900135040283203,2.731223863124847,0.9498538970947266,0.2182249999999999,0.85,0.4,0.25,insufficient_coverage_for_conclusion
luhk,pair,20260721,False,31 | GIC / open space,71 | Woodland / shrubland / grassland / wetland,10000,1346.0,5.633043092250824,2.2547138080908677,3.870685577392578,2.014337539672852,1.832782745361328,8.900135040283203,3.3783292841599564,1.8563480377197263,0.4010430163447251,1.0,1.0,1.0,stable_sign_across_seeds
luhk,pair,20260721,False,31 | GIC / open space,72 | Woodland / shrubland / grassland / wetland,10000,613.0,5.633043092250824,1.958444371309016,3.870685577392578,1.5606327056884766,1.832782745361328,8.900135040283203,3.674598720941808,2.3100528717041016,0.4758549755301795,1.0,1.0,1.0,insufficient_coverage_for_conclusion
luhk,pair,20260721,False,31 | GIC / open space,73 | Woodland / shrubland / grassland / wetland,10000,150.0,5.633043092250824,1.4694697825113932,3.870685577392578,1.0307559967041016,1.832782745361328,8.900135040283203,4.16357330973943,2.839929580688477,0.5679006666666666,1.0,1.0,1.0,stable_sign_across_seeds
luhk,pair,20260721,False,51 | Other urban / built-up land,71 | Woodland / shrubland / grassland / wetland,4,1346.0,2.901819229125977,2.2547138080908677,2.920831680297852,2.014337539672852,2.5810794830322266,3.2415714263916016,0.6471054210351093,0.906494140625,0.3963595839524516,1.0,1.0,1.0,insufficient_coverage_for_conclusion
luhk,pair,20260721,False,51 | Other urban / built-up land,72 | Woodland / shrubland / grassland / wetland,4,613.0,2.901819229125977,1.958444371309016,2.920831680297852,1.5606327056884766,2.5810794830322266,3.2415714263916016,0.9433748578169608,1.360198974609375,0.5346655791190864,1.0,1.0,1.0,insufficient_coverage_for_conclusion
luhk,pair,20260721,False,51 | Other urban / built-up land,73 | Woodland / shrubland / grassland / wetland,4,150.0,2.901819229125977,1.4694697825113932,2.920831680297852,1.0307559967041016,2.5810794830322266,3.2415714263916016,1.4323494466145834,1.89007568359375,0.6966666666666668,1.0,1.0,1.0,insufficient_coverage_for_conclusion
luhk,pair,20260721,False,71 | Woodland / shrubland / grassland / wetland,72 | Woodland / shrubland / grassland / wetland,1346,613.0,2.2547138080908677,1.958444371309016,2.014337539672852,1.5606327056884766,1.125436782836914,3.117023468017578,0.2962694367818514,0.453704833984375,0.1581254590363812,1.0,1.0,1.0,insufficient_coverage_for_conclusion
luhk,pair,20260721,False,71 | Woodland / shrubland / grassland / wetland,73 | Woodland / shrubland / grassland / wetland,1346,150.0,2.2547138080908677,1.4694697825113932,2.014337539672852,1.0307559967041016,1.125436782836914,3.117023468017578,0.7852440255794741,0.98358154296875,0.316374442793462,1.0,1.0,1.0,stable_sign_across_seeds
luhk,pair,20260721,False,72 | Woodland / shrubland / grassland / wetland,73 | Woodland / shrubland / grassland / wetland,613,150.0,1.958444371309016,1.4694697825113932,1.5606327056884766,1.0307559967041016,0.8035526275634766,2.7699222564697266,0.4889745887976227,0.529876708984375,0.156378466557912,1.0,1.0,1.0,insufficient_coverage_for_conclusion
luhk,group,20260722,False,31 | GIC / open space,,10000,,5.589857528877259,,3.78057861328125,,1.832782745361328,8.758458614349365,,,,,,,group_distribution_record
luhk,group,20260722,False,51 | Other urban / built-up land,,4,,3.4105091094970703,,3.1095218658447266,,2.901895523071289,3.618135452270508,,,,,,,group_distribution_record
luhk,group,20260722,False,71 | Woodland / shrubland / grassland / wetland,,1346,,2.278067600142548,,2.089929580688477,,1.1065311431884766,3.2228946685791016,,,,,,,group_distribution_record
luhk,group,20260722,False,72 | Woodland / shrubland / grassland / wetland,,613,,1.9587691121933704,,1.5606327056884766,,0.8035526275634766,2.845392227172852,,,,,,,group_distribution_record
luhk,group,20260722,False,73 | Woodland / shrubland / grassland / wetland,,150,,1.4694801584879558,,1.1443424224853516,,0.5762577056884766,2.497894287109375,,,,,,,group_distribution_record
luhk,pair,20260722,False,31 | GIC / open space,51 | Other urban / built-up land,10000,4.0,5.589857528877259,3.4105091094970703,3.78057861328125,3.1095218658447266,1.832782745361328,8.758458614349365,2.1793484193801884,0.6710567474365234,0.1088,0.85,0.4,0.25,insufficient_coverage_for_conclusion
luhk,pair,20260722,False,31 | GIC / open space,71 | Woodland / shrubland / grassland / wetland,10000,1346.0,5.589857528877259,2.278067600142548,3.78057861328125,2.089929580688477,1.832782745361328,8.758458614349365,3.3117899287347106,1.6906490325927734,0.3871251857355127,1.0,1.0,1.0,stable_sign_across_seeds
luhk,pair,20260722,False,31 | GIC / open space,72 | Woodland / shrubland / grassland / wetland,10000,613.0,5.589857528877259,1.9587691121933704,3.78057861328125,1.5606327056884766,1.832782745361328,8.758458614349365,3.631088416683888,2.219945907592773,0.468521533442088,1.0,1.0,1.0,insufficient_coverage_for_conclusion
luhk,pair,20260722,False,31 | GIC / open space,73 | Woodland / shrubland / grassland / wetland,10000,150.0,5.589857528877259,1.4694801584879558,3.78057861328125,1.1443424224853516,1.832782745361328,8.758458614349365,4.120377370389303,2.6362361907958984,0.561814,1.0,1.0,1.0,stable_sign_across_seeds
luhk,pair,20260722,False,51 | Other urban / built-up land,71 | Woodland / shrubland / grassland / wetland,4,1346.0,3.4105091094970703,2.278067600142548,3.1095218658447266,2.089929580688477,2.901895523071289,3.618135452270508,1.132441509354522,1.01959228515625,0.49981426448737,1.0,1.0,1.0,insufficient_coverage_for_conclusion
luhk,pair,20260722,False,51 | Other urban / built-up land,72 | Woodland / shrubland / grassland / wetland,4,613.0,3.4105091094970703,1.9587691121933704,3.1095218658447266,1.5606327056884766,2.901895523071289,3.618135452270508,1.4517399973036995,1.54888916015625,0.6247960848287113,1.0,1.0,1.0,insufficient_coverage_for_conclusion
luhk,pair,20260722,False,51 | Other urban / built-up land,73 | Woodland / shrubland / grassland / wetland,4,150.0,3.4105091094970703,1.4694801584879558,3.1095218658447266,1.1443424224853516,2.901895523071289,3.618135452270508,1.9410289510091143,1.965179443359375,0.7966666666666666,1.0,1.0,1.0,insufficient_coverage_for_conclusion
luhk,pair,20260722,False,71 | Woodland / shrubland / grassland / wetland,72 | Woodland / shrubland / grassland / wetland,1346,613.0,2.278067600142548,1.9587691121933704,2.089929580688477,1.5606327056884766,1.1065311431884766,3.2228946685791016,0.3192984879491776,0.529296875,0.1613965856177084,1.0,1.0,1.0,insufficient_coverage_for_conclusion
luhk,pair,20260722,False,71 | Woodland / shrubland / grassland / wetland,73 | Woodland / shrubland / grassland / wetland,1346,150.0,2.278067600142548,1.4694801584879558,2.089929580688477,1.1443424224853516,1.1065311431884766,3.2228946685791016,0.8085874416545924,0.945587158203125,0.3224863793957404,1.0,1.0,1.0,stable_sign_across_seeds
luhk,pair,20260722,False,72 | Woodland / shrubland / grassland / wetland,73 | Woodland / shrubland / grassland / wetland,613,150.0,1.9587691121933704,1.4694801584879558,1.5606327056884766,1.1443424224853516,0.8035526275634766,2.845392227172852,0.4892889537054148,0.416290283203125,0.1635345296356716,1.0,1.0,1.0,insufficient_coverage_for_conclusion
luhk,group,20260723,False,31 | GIC / open space,,10000,,5.616303663396836,,3.855926513671875,,1.832782745361328,8.825977325439453,,,,,,,group_distribution_record
luhk,group,20260723,False,51 | Other urban / built-up land,,4,,3.862634658813477,,3.4491214752197266,,3.0907764434814453,4.220979690551758,,,,,,,group_distribution_record
luhk,group,20260723,False,71 | Woodland / shrubland / grassland / wetland,,1346,,2.297009674967841,,2.014337539672852,,1.125436782836914,3.17718505859375,,,,,,,group_distribution_record
luhk,group,20260723,False,72 | Woodland / shrubland / grassland / wetland,,613,,1.956408853826476,,1.5606327056884766,,0.8035526275634766,2.694421768188477,,,,,,,group_distribution_record
luhk,group,20260723,False,73 | Woodland / shrubland / grassland / wetland,,150,,1.48613156636556,,1.1065311431884766,,0.5762577056884766,2.392175674438477,,,,,,,group_distribution_record
luhk,pair,20260723,False,31 | GIC / open space,51 | Other urban / built-up land,10000,4.0,5.616303663396836,3.862634658813477,3.855926513671875,3.4491214752197266,1.832782745361328,8.825977325439453,1.753669004583359,0.4068050384521484,0.0378499999999999,0.85,0.4,0.25,insufficient_coverage_for_conclusion
luhk,pair,20260723,False,31 | GIC / open space,71 | Woodland / shrubland / grassland / wetland,10000,1346.0,5.616303663396836,2.297009674967841,3.855926513671875,2.014337539672852,1.832782745361328,8.825977325439453,3.3192939884289947,1.8415889739990237,0.3875783060921247,1.0,1.0,1.0,stable_sign_across_seeds
luhk,pair,20260723,False,31 | GIC / open space,72 | Woodland / shrubland / grassland / wetland,10000,613.0,5.616303663396836,1.956408853826476,3.855926513671875,1.5606327056884766,1.832782745361328,8.825977325439453,3.65989480957036,2.2952938079833984,0.4708972267536704,1.0,1.0,1.0,insufficient_coverage_for_conclusion
luhk,pair,20260723,False,31 | GIC / open space,73 | Woodland / shrubland / grassland / wetland,10000,150.0,5.616303663396836,1.48613156636556,3.855926513671875,1.1065311431884766,1.832782745361328,8.825977325439453,4.130172097031275,2.7493953704833984,0.559896,1.0,1.0,1.0,stable_sign_across_seeds
luhk,pair,20260723,False,51 | Other urban / built-up land,71 | Woodland / shrubland / grassland / wetland,4,1346.0,3.862634658813477,2.297009674967841,3.4491214752197266,2.014337539672852,3.0907764434814453,4.220979690551758,1.5656249838456358,1.434783935546875,0.6036404160475484,1.0,1.0,1.0,insufficient_coverage_for_conclusion
luhk,pair,20260723,False,51 | Other urban / built-up land,72 | Woodland / shrubland / grassland / wetland,4,613.0,3.862634658813477,1.956408853826476,3.4491214752197266,1.5606327056884766,3.0907764434814453,4.220979690551758,1.9062258049870004,1.88848876953125,0.7108482871125612,1.0,1.0,1.0,insufficient_coverage_for_conclusion
luhk,pair,20260723,False,51 | Other urban / built-up land,73 | Woodland / shrubland / grassland / wetland,4,150.0,3.862634658813477,1.48613156636556,3.4491214752197266,1.1065311431884766,3.0907764434814453,4.220979690551758,2.3765030924479165,2.34259033203125,0.8683333333333334,1.0,1.0,1.0,insufficient_coverage_for_conclusion
luhk,pair,20260723,False,71 | Woodland / shrubland / grassland / wetland,72 | Woodland / shrubland / grassland / wetland,1346,613.0,2.297009674967841,1.956408853826476,2.014337539672852,1.5606327056884766,1.125436782836914,3.17718505859375,0.3406008211413647,0.453704833984375,0.166295397637614,1.0,1.0,1.0,insufficient_coverage_for_conclusion
luhk,pair,20260723,False,71 | Woodland / shrubland / grassland / wetland,73 | Woodland / shrubland / grassland / wetland,1346,150.0,2.297009674967841,1.48613156636556,2.014337539672852,1.1065311431884766,1.125436782836914,3.17718505859375,0.8108781086022809,0.907806396484375,0.3224418028727092,1.0,1.0,1.0,stable_sign_across_seeds
luhk,pair,20260723,False,72 | Woodland / shrubland / grassland / wetland,73 | Woodland / shrubland / grassland / wetland,613,150.0,1.956408853826476,1.48613156636556,1.5606327056884766,1.1065311431884766,0.8035526275634766,2.694421768188477,0.4702772874609162,0.4541015625,0.1502990755845568,1.0,1.0,1.0,insufficient_coverage_for_conclusion
luhk,group,20260724,False,31 | GIC / open space,,10000,,5.6035246327400206,,3.826074600219727,,1.8631534576416016,8.7364501953125,,,,,,,group_distribution_record
luhk,group,20260724,False,51 | Other urban / built-up land,,4,,4.389070510864258,,3.675149917602539,,3.185121536254883,4.879098892211914,,,,,,,group_distribution_record
luhk,group,20260724,False,71 | Woodland / shrubland / grassland / wetland,,1346,,2.2933218319738424,,2.089929580688477,,1.125436782836914,3.1472415924072266,,,,,,,group_distribution_record
luhk,group,20260724,False,72 | Woodland / shrubland / grassland / wetland,,613,,1.9365847744716127,,1.5606327056884766,,0.8035526275634766,2.694421768188477,,,,,,,group_distribution_record
luhk,group,20260724,False,73 | Woodland / shrubland / grassland / wetland,,150,,1.462389907836914,,1.1065311431884766,,0.5952014923095703,2.263716220855713,,,,,,,group_distribution_record
luhk,pair,20260724,False,31 | GIC / open space,51 | Other urban / built-up land,10000,4.0,5.6035246327400206,4.389070510864258,3.826074600219727,3.675149917602539,1.8631534576416016,8.7364501953125,1.2144541218757627,0.1509246826171875,-0.0450249999999999,0.85,0.4,0.25,insufficient_coverage_for_conclusion
luhk,pair,20260724,False,31 | GIC / open space,71 | Woodland / shrubland / grassland / wetland,10000,1346.0,5.6035246327400206,2.2933218319738424,3.826074600219727,2.089929580688477,1.8631534576416016,8.7364501953125,3.310202800766178,1.73614501953125,0.3910150817236255,1.0,1.0,1.0,stable_sign_across_seeds
luhk,pair,20260724,False,31 | GIC / open space,72 | Woodland / shrubland / grassland / wetland,10000,613.0,5.6035246327400206,1.9365847744716127,3.826074600219727,1.5606327056884766,1.8631534576416016,8.7364501953125,3.666939858268408,2.26544189453125,0.4782955954323002,1.0,1.0,1.0,insufficient_coverage_for_conclusion
luhk,pair,20260724,False,31 | GIC / open space,73 | Woodland / shrubland / grassland / wetland,10000,150.0,5.6035246327400206,1.462389907836914,3.826074600219727,1.1065311431884766,1.8631534576416016,8.7364501953125,4.1411347249031065,2.71954345703125,0.5719339999999999,1.0,1.0,1.0,stable_sign_across_seeds
luhk,pair,20260724,False,51 | Other urban / built-up land,71 | Woodland / shrubland / grassland / wetland,4,1346.0,4.389070510864258,2.2933218319738424,3.675149917602539,2.089929580688477,3.185121536254883,4.879098892211914,2.0957486788904154,1.5852203369140625,0.6851783060921248,1.0,1.0,1.0,insufficient_coverage_for_conclusion
luhk,pair,20260724,False,51 | Other urban / built-up land,72 | Woodland / shrubland / grassland / wetland,4,613.0,4.389070510864258,1.9365847744716127,3.675149917602539,1.5606327056884766,3.185121536254883,4.879098892211914,2.452485736392645,2.1145172119140625,0.7638662316476346,1.0,1.0,1.0,insufficient_coverage_for_conclusion
luhk,pair,20260724,False,51 | Other urban / built-up land,73 | Woodland / shrubland / grassland / wetland,4,150.0,4.389070510864258,1.462389907836914,3.675149917602539,1.1065311431884766,3.185121536254883,4.879098892211914,2.926680603027344,2.5686187744140625,0.9033333333333332,1.0,1.0,1.0,insufficient_coverage_for_conclusion
luhk,pair,20260724,False,71 | Woodland / shrubland / grassland / wetland,72 | Woodland / shrubland / grassland / wetland,1346,613.0,2.2933218319738424,1.9365847744716127,2.089929580688477,1.5606327056884766,1.125436782836914,3.1472415924072266,0.3567370575022297,0.529296875,0.1716959682365004,1.0,1.0,1.0,insufficient_coverage_for_conclusion
luhk,pair,20260724,False,71 | Woodland / shrubland / grassland / wetland,73 | Woodland / shrubland / grassland / wetland,1346,150.0,2.2933218319738424,1.462389907836914,2.089929580688477,1.1065311431884766,1.125436782836914,3.1472415924072266,0.8309319241369284,0.9833984375,0.3309460128776622,1.0,1.0,1.0,stable_sign_across_seeds
luhk,pair,20260724,False,72 | Woodland / shrubland / grassland / wetland,73 | Woodland / shrubland / grassland / wetland,613,150.0,1.9365847744716127,1.462389907836914,1.5606327056884766,1.1065311431884766,0.8035526275634766,2.694421768188477,0.4741948666346987,0.4541015625,0.1576291462751495,1.0,1.0,1.0,insufficient_coverage_for_conclusion
luhk,group,20260725,False,31 | GIC / open space,,10000,,5.632214604759216,,3.9312744140625,,1.893402099609375,8.825977325439453,,,,,,,group_distribution_record
luhk,group,20260725,False,51 | Other urban / built-up land,,4,,3.71269416809082,,3.486795425415039,,3.203981399536133,3.995508193969727,,,,,,,group_distribution_record
luhk,group,20260725,False,71 | Woodland / shrubland / grassland / wetland,,1346,,2.295222174713905,,2.089929580688477,,1.1065311431884766,3.2228946685791016,,,,,,,group_distribution_record
luhk,group,20260725,False,72 | Woodland / shrubland / grassland / wetland,,613,,1.9343542531497329,,1.5606327056884766,,0.8035526275634766,2.694421768188477,,,,,,,group_distribution_record
luhk,group,20260725,False,73 | Woodland / shrubland / grassland / wetland,,150,,1.5051641591389977,,1.1065311431884766,,0.6520328521728516,2.3808398246765137,,,,,,,group_distribution_record
luhk,pair,20260725,False,31 | GIC / open space,51 | Other urban / built-up land,10000,4.0,5.632214604759216,3.71269416809082,3.9312744140625,3.486795425415039,1.893402099609375,8.825977325439453,1.919520436668396,0.4444789886474609,0.0459499999999999,0.85,0.4,0.25,insufficient_coverage_for_conclusion
luhk,pair,20260725,False,31 | GIC / open space,71 | Woodland / shrubland / grassland / wetland,10000,1346.0,5.632214604759216,2.295222174713905,3.9312744140625,2.089929580688477,1.893402099609375,8.825977325439453,3.336992430045311,1.8413448333740237,0.3988963595839525,1.0,1.0,1.0,stable_sign_across_seeds
luhk,pair,20260725,False,31 | GIC / open space,72 | Woodland / shrubland / grassland / wetland,10000,613.0,5.632214604759216,1.9343542531497329,3.9312744140625,1.5606327056884766,1.893402099609375,8.825977325439453,3.697860351609484,2.3706417083740234,0.4858766721044045,1.0,1.0,1.0,insufficient_coverage_for_conclusion
luhk,pair,20260725,False,31 | GIC / open space,73 | Woodland / shrubland / grassland / wetland,10000,150.0,5.632214604759216,1.5051641591389977,3.9312744140625,1.1065311431884766,1.893402099609375,8.825977325439453,4.127050445620219,2.8247432708740234,0.5656733333333333,1.0,1.0,1.0,stable_sign_across_seeds
luhk,pair,20260725,False,51 | Other urban / built-up land,71 | Woodland / shrubland / grassland / wetland,4,1346.0,3.71269416809082,2.295222174713905,3.486795425415039,2.089929580688477,3.203981399536133,3.995508193969727,1.4174719933769149,1.3968658447265625,0.637630014858841,1.0,1.0,1.0,insufficient_coverage_for_conclusion
luhk,pair,20260725,False,51 | Other urban / built-up land,72 | Woodland / shrubland / grassland / wetland,4,613.0,3.71269416809082,1.9343542531497329,3.486795425415039,1.5606327056884766,3.203981399536133,3.995508193969727,1.7783399149410877,1.9261627197265625,0.7475530179445351,1.0,1.0,1.0,insufficient_coverage_for_conclusion
luhk,pair,20260725,False,51 | Other urban / built-up land,73 | Woodland / shrubland / grassland / wetland,4,150.0,3.71269416809082,1.5051641591389977,3.486795425415039,1.1065311431884766,3.203981399536133,3.995508193969727,2.2075300089518226,2.3802642822265625,0.8799999999999999,1.0,1.0,1.0,insufficient_coverage_for_conclusion
luhk,pair,20260725,False,71 | Woodland / shrubland / grassland / wetland,72 | Woodland / shrubland / grassland / wetland,1346,613.0,2.295222174713905,1.9343542531497329,2.089929580688477,1.5606327056884766,1.1065311431884766,3.2228946685791016,0.3608679215641728,0.529296875,0.1747610586863621,1.0,1.0,1.0,insufficient_coverage_for_conclusion
luhk,pair,20260725,False,71 | Woodland / shrubland / grassland / wetland,73 | Woodland / shrubland / grassland / wetland,1346,150.0,2.295222174713905,1.5051641591389977,2.089929580688477,1.1065311431884766,1.1065311431884766,3.2228946685791016,0.790058015574908,0.9833984375,0.3070381376919266,1.0,1.0,1.0,stable_sign_across_seeds
luhk,pair,20260725,False,72 | Woodland / shrubland / grassland / wetland,73 | Woodland / shrubland / grassland / wetland,613,150.0,1.9343542531497329,1.5051641591389977,1.5606327056884766,1.1065311431884766,0.8035526275634766,2.694421768188477,0.4291900940107351,0.4541015625,0.132321914083741,1.0,1.0,1.0,insufficient_coverage_for_conclusion
luhk,group,20260726,False,31 | GIC / open space,,10000,,5.605832214975357,,3.795612335205078,,1.8631534576416016,8.781854629516602,,,,,,,group_distribution_record
luhk,group,20260726,False,51 | Other urban / built-up land,,4,,4.371667861938477,,4.277688980102539,,3.5245609283447266,5.124795913696289,,,,,,,group_distribution_record
luhk,group,20260726,False,71 | Woodland / shrubland / grassland / wetland,,1346,,2.2946919034529936,,2.089929580688477,,1.1065311431884766,3.17718505859375,,,,,,,group_distribution_record
luhk,group,20260726,False,72 | Woodland / shrubland / grassland / wetland,,613,,1.9644314919949355,,1.5606327056884766,,0.8035526275634766,2.694421768188477,,,,,,,group_distribution_record
luhk,group,20260726,False,73 | Woodland / shrubland / grassland / wetland,,150,,1.4689172108968098,,1.0307559967041016,,0.6520328521728516,2.271270751953125,,,,,,,group_distribution_record
luhk,pair,20260726,False,31 | GIC / open space,51 | Other urban / built-up land,10000,4.0,5.605832214975357,4.371667861938477,3.795612335205078,4.277688980102539,1.8631534576416016,8.781854629516602,1.2341643530368804,-0.4820766448974609,-0.08335,0.85,0.4,0.25,insufficient_coverage_for_conclusion
luhk,pair,20260726,False,31 | GIC / open space,71 | Woodland / shrubland / grassland / wetland,10000,1346.0,5.605832214975357,2.2946919034529936,3.795612335205078,2.089929580688477,1.8631534576416016,8.781854629516602,3.3111403115223634,1.7056827545166016,0.3854831352154533,1.0,1.0,1.0,stable_sign_across_seeds
luhk,pair,20260726,False,31 | GIC / open space,72 | Woodland / shrubland / grassland / wetland,10000,613.0,5.605832214975357,1.9644314919949355,3.795612335205078,1.5606327056884766,1.8631534576416016,8.781854629516602,3.641400722980421,2.2349796295166016,0.4704572593800979,1.0,1.0,1.0,insufficient_coverage_for_conclusion
luhk,pair,20260726,False,31 | GIC / open space,73 | Woodland / shrubland / grassland / wetland,10000,150.0,5.605832214975357,1.4689172108968098,3.795612335205078,1.0307559967041016,1.8631534576416016,8.781854629516602,4.136915004078547,2.764856338500977,0.5674793333333332,1.0,1.0,1.0,stable_sign_across_seeds
luhk,pair,20260726,False,51 | Other urban / built-up land,71 | Woodland / shrubland / grassland / wetland,4,1346.0,4.371667861938477,2.2946919034529936,4.277688980102539,2.089929580688477,3.5245609283447266,5.124795913696289,2.076975958485483,2.1877593994140625,0.7730312035661218,1.0,1.0,1.0,insufficient_coverage_for_conclusion
luhk,pair,20260726,False,51 | Other urban / built-up land,72 | Woodland / shrubland / grassland / wetland,4,613.0,4.371667861938477,1.9644314919949355,4.277688980102539,1.5606327056884766,3.5245609283447266,5.124795913696289,2.407236369943541,2.7170562744140625,0.8258564437194127,1.0,1.0,1.0,insufficient_coverage_for_conclusion
luhk,pair,20260726,False,51 | Other urban / built-up land,73 | Woodland / shrubland / grassland / wetland,4,150.0,4.371667861938477,1.4689172108968098,4.277688980102539,1.0307559967041016,3.5245609283447266,5.124795913696289,2.902750651041667,3.246932983398437,0.9433333333333334,1.0,1.0,1.0,insufficient_coverage_for_conclusion
luhk,pair,20260726,False,71 | Woodland / shrubland / grassland / wetland,72 | Woodland / shrubland / grassland / wetland,1346,613.0,2.2946919034529936,1.9644314919949355,2.089929580688477,1.5606327056884766,1.1065311431884766,3.17718505859375,0.330260411458058,0.529296875,0.1639974887831505,1.0,1.0,1.0,insufficient_coverage_for_conclusion
luhk,pair,20260726,False,71 | Woodland / shrubland / grassland / wetland,73 | Woodland / shrubland / grassland / wetland,1346,150.0,2.2946919034529936,1.4689172108968098,2.089929580688477,1.0307559967041016,1.1065311431884766,3.17718505859375,0.8257746925561837,1.059173583984375,0.3269638434868747,1.0,1.0,1.0,stable_sign_across_seeds
luhk,pair,20260726,False,72 | Woodland / shrubland / grassland / wetland,73 | Woodland / shrubland / grassland / wetland,613,150.0,1.9644314919949355,1.4689172108968098,1.5606327056884766,1.0307559967041016,0.8035526275634766,2.694421768188477,0.4955142810981257,0.529876708984375,0.1595976073953235,1.0,1.0,1.0,insufficient_coverage_for_conclusion
luhk,group,20260727,False,31 | GIC / open space,,10000,,5.662614381933213,,3.9312744140625,,1.893402099609375,8.961273193359375,,,,,,,group_distribution_record
luhk,group,20260727,False,51 | Other urban / built-up land,,4,,5.142099380493164,,5.106012344360352,,4.55992317199707,5.688188552856445,,,,,,,group_distribution_record
luhk,group,20260727,False,71 | Woodland / shrubland / grassland / wetland,,1346,,2.301768240567302,,2.089929580688477,,1.1065311431884766,3.17718505859375,,,,,,,group_distribution_record
luhk,group,20260727,False,72 | Woodland / shrubland / grassland / wetland,,613,,1.9815734595692367,,1.5606327056884766,,0.8035526275634766,2.7699222564697266,,,,,,,group_distribution_record
luhk,group,20260727,False,73 | Woodland / shrubland / grassland / wetland,,150,,1.4568094635009765,,0.9550418853759766,,0.6520328521728516,2.32794189453125,,,,,,,group_distribution_record
luhk,pair,20260727,False,31 | GIC / open space,51 | Other urban / built-up land,10000,4.0,5.662614381933213,5.142099380493164,3.9312744140625,5.106012344360352,1.893402099609375,8.961273193359375,0.5205150014400486,-1.1747379302978516,-0.1526499999999999,0.85,0.4,0.25,insufficient_coverage_for_conclusion
luhk,pair,20260727,False,31 | GIC / open space,71 | Woodland / shrubland / grassland / wetland,10000,1346.0,5.662614381933213,2.301768240567302,3.9312744140625,2.089929580688477,1.893402099609375,8.961273193359375,3.3608461413659105,1.8413448333740237,0.3976984398216938,1.0,1.0,1.0,stable_sign_across_seeds
luhk,pair,20260727,False,31 | GIC / open space,72 | Woodland / shrubland / grassland / wetland,10000,613.0,5.662614381933213,1.9815734595692367,3.9312744140625,1.5606327056884766,1.893402099609375,8.961273193359375,3.681040922363976,2.3706417083740234,0.4777747145187603,1.0,1.0,1.0,insufficient_coverage_for_conclusion
luhk,pair,20260727,False,31 | GIC / open space,73 | Woodland / shrubland / grassland / wetland,10000,150.0,5.662614381933213,1.4568094635009765,3.9312744140625,0.9550418853759766,1.893402099609375,8.961273193359375,4.205804918432236,2.9762325286865234,0.5770373333333334,1.0,1.0,1.0,stable_sign_across_seeds
luhk,pair,20260727,False,51 | Other urban / built-up land,71 | Woodland / shrubland / grassland / wetland,4,1346.0,5.142099380493164,2.301768240567302,5.106012344360352,2.089929580688477,4.55992317199707,5.688188552856445,2.840331139925862,3.016082763671875,0.825222882615156,1.0,1.0,1.0,insufficient_coverage_for_conclusion
luhk,pair,20260727,False,51 | Other urban / built-up land,72 | Woodland / shrubland / grassland / wetland,4,613.0,5.142099380493164,1.9815734595692367,5.106012344360352,1.5606327056884766,4.55992317199707,5.688188552856445,3.160525920923927,3.545379638671875,0.8466557911908645,1.0,1.0,1.0,insufficient_coverage_for_conclusion
luhk,pair,20260727,False,51 | Other urban / built-up land,73 | Woodland / shrubland / grassland / wetland,4,150.0,5.142099380493164,1.4568094635009765,5.106012344360352,0.9550418853759766,4.55992317199707,5.688188552856445,3.685289916992188,4.150970458984375,0.95,1.0,1.0,1.0,insufficient_coverage_for_conclusion
luhk,pair,20260727,False,71 | Woodland / shrubland / grassland / wetland,72 | Woodland / shrubland / grassland / wetland,1346,613.0,2.301768240567302,1.9815734595692367,2.089929580688477,1.5606327056884766,1.1065311431884766,3.17718505859375,0.320194780998065,0.529296875,0.1595580161386889,1.0,1.0,1.0,insufficient_coverage_for_conclusion
luhk,pair,20260727,False,71 | Woodland / shrubland / grassland / wetland,73 | Woodland / shrubland / grassland / wetland,1346,150.0,2.301768240567302,1.4568094635009765,2.089929580688477,0.9550418853759766,1.1065311431884766,3.17718505859375,0.8449587770663256,1.1348876953125,0.3309361069836551,1.0,1.0,1.0,stable_sign_across_seeds
luhk,pair,20260727,False,72 | Woodland / shrubland / grassland / wetland,73 | Woodland / shrubland / grassland / wetland,613,150.0,1.9815734595692367,1.4568094635009765,1.5606327056884766,0.9550418853759766,0.8035526275634766,2.7699222564697266,0.5247639960682606,0.6055908203125,0.1743338771071234,1.0,1.0,1.0,insufficient_coverage_for_conclusion
luhk,group,20260728,False,31 | GIC / open space,,10000,,5.639764090490341,,3.826074600219727,,1.8631534576416016,8.900135040283203,,,,,,,group_distribution_record
luhk,group,20260728,False,51 | Other urban / built-up land,,4,,5.386194229125977,,5.519540786743164,,4.65385627746582,6.25187873840332,,,,,,,group_distribution_record
luhk,group,20260728,False,71 | Woodland / shrubland / grassland / wetland,,1346,,2.287532289173415,,2.089929580688477,,1.1821537017822266,3.2228946685791016,,,,,,,group_distribution_record
luhk,group,20260728,False,72 | Woodland / shrubland / grassland / wetland,,613,,1.949840206500951,,1.5606327056884766,,0.8035526275634766,2.694421768188477,,,,,,,group_distribution_record
luhk,group,20260728,False,73 | Woodland / shrubland / grassland / wetland,,150,,1.4743904368082683,,0.9550418853759766,,0.5762577056884766,2.3053927421569824,,,,,,,group_distribution_record
luhk,pair,20260728,False,31 | GIC / open space,51 | Other urban / built-up land,10000,4.0,5.639764090490341,5.386194229125977,3.826074600219727,5.519540786743164,1.8631534576416016,8.900135040283203,0.2535698613643644,-1.6934661865234375,-0.18525,0.85,0.4,0.25,insufficient_coverage_for_conclusion
luhk,pair,20260728,False,31 | GIC / open space,71 | Woodland / shrubland / grassland / wetland,10000,1346.0,5.639764090490341,2.287532289173415,3.826074600219727,2.089929580688477,1.8631534576416016,8.900135040283203,3.352231801316926,1.73614501953125,0.3898424962852898,1.0,1.0,1.0,stable_sign_across_seeds
luhk,pair,20260728,False,31 | GIC / open space,72 | Woodland / shrubland / grassland / wetland,10000,613.0,5.639764090490341,1.949840206500951,3.826074600219727,1.5606327056884766,1.8631534576416016,8.900135040283203,3.68992388398939,2.26544189453125,0.4734171288743882,1.0,1.0,1.0,insufficient_coverage_for_conclusion
luhk,pair,20260728,False,31 | GIC / open space,73 | Woodland / shrubland / grassland / wetland,10000,150.0,5.639764090490341,1.4743904368082683,3.826074600219727,0.9550418853759766,1.8631534576416016,8.900135040283203,4.165373653682073,2.87103271484375,0.5664640000000001,1.0,1.0,1.0,stable_sign_across_seeds
luhk,pair,20260728,False,51 | Other urban / built-up land,71 | Woodland / shrubland / grassland / wetland,4,1346.0,5.386194229125977,2.287532289173415,5.519540786743164,2.089929580688477,4.65385627746582,6.25187873840332,3.098661939952561,3.4296112060546875,0.8352526002971767,1.0,1.0,1.0,insufficient_coverage_for_conclusion
luhk,pair,20260728,False,51 | Other urban / built-up land,72 | Woodland / shrubland / grassland / wetland,4,613.0,5.386194229125977,1.949840206500951,5.519540786743164,1.5606327056884766,4.65385627746582,6.25187873840332,3.436354022625025,3.958908081054688,0.8723491027732464,1.0,1.0,1.0,insufficient_coverage_for_conclusion
luhk,pair,20260728,False,51 | Other urban / built-up land,73 | Woodland / shrubland / grassland / wetland,4,150.0,5.386194229125977,1.4743904368082683,5.519540786743164,0.9550418853759766,4.65385627746582,6.25187873840332,3.911803792317708,4.564498901367188,0.95,1.0,1.0,1.0,insufficient_coverage_for_conclusion
luhk,pair,20260728,False,71 | Woodland / shrubland / grassland / wetland,72 | Woodland / shrubland / grassland / wetland,1346,613.0,2.287532289173415,1.949840206500951,2.089929580688477,1.5606327056884766,1.1821537017822266,3.2228946685791016,0.3376920826724641,0.529296875,0.1636520752686348,1.0,1.0,1.0,insufficient_coverage_for_conclusion
luhk,pair,20260728,False,71 | Woodland / shrubland / grassland / wetland,73 | Woodland / shrubland / grassland / wetland,1346,150.0,2.287532289173415,1.4743904368082683,2.089929580688477,0.9550418853759766,1.1821537017822266,3.2228946685791016,0.8131418523651468,1.1348876953125,0.3291183754333828,1.0,1.0,1.0,stable_sign_across_seeds
luhk,pair,20260728,False,72 | Woodland / shrubland / grassland / wetland,73 | Woodland / shrubland / grassland / wetland,613,150.0,1.949840206500951,1.4743904368082683,1.5606327056884766,0.9550418853759766,0.8035526275634766,2.694421768188477,0.4754497696926827,0.6055908203125,0.1758673191952147,1.0,1.0,1.0,insufficient_coverage_for_conclusion
luhk,group,20260729,False,31 | GIC / open space,,10000,,5.672166226387024,,3.9312744140625,,1.893402099609375,8.900135040283203,,,,,,,group_distribution_record
luhk,group,20260729,False,51 | Other urban / built-up land,,4,,4.615198135375977,,4.127405166625977,,3.863504409790039,4.879098892211914,,,,,,,group_distribution_record
luhk,group,20260729,False,71 | Woodland / shrubland / grassland / wetland,,1346,,2.292024880249114,,2.089929580688477,,1.125436782836914,3.1472415924072266,,,,,,,group_distribution_record
luhk,group,20260729,False,72 | Woodland / shrubland / grassland / wetland,,613,,1.9428202674206083,,1.4092960357666016,,0.8035526275634766,2.694421768188477,,,,,,,group_distribution_record
luhk,group,20260729,False,73 | Woodland / shrubland / grassland / wetland,,150,,1.4764874013264977,,1.1065311431884766,,0.5762577056884766,2.373323440551758,,,,,,,group_distribution_record
luhk,pair,20260729,False,31 | GIC / open space,51 | Other urban / built-up land,10000,4.0,5.672166226387024,4.615198135375977,3.9312744140625,4.127405166625977,1.893402099609375,8.900135040283203,1.056968091011047,-0.1961307525634765,-0.0696999999999999,0.85,0.4,0.25,insufficient_coverage_for_conclusion
luhk,pair,20260729,False,31 | GIC / open space,71 | Woodland / shrubland / grassland / wetland,10000,1346.0,5.672166226387024,2.292024880249114,3.9312744140625,2.089929580688477,1.893402099609375,8.900135040283203,3.380141346137909,1.8413448333740237,0.3992176820208024,1.0,1.0,1.0,stable_sign_across_seeds
luhk,pair,20260729,False,31 | GIC / open space,72 | Woodland / shrubland / grassland / wetland,10000,613.0,5.672166226387024,1.9428202674206083,3.9312744140625,1.4092960357666016,1.893402099609375,8.900135040283203,3.729345958966415,2.5219783782958984,0.4823957585644371,1.0,1.0,1.0,insufficient_coverage_for_conclusion
luhk,pair,20260729,False,31 | GIC / open space,73 | Woodland / shrubland / grassland / wetland,10000,150.0,5.672166226387024,1.4764874013264977,3.9312744140625,1.1065311431884766,1.893402099609375,8.900135040283203,4.195678825060526,2.8247432708740234,0.5710113333333333,1.0,1.0,1.0,stable_sign_across_seeds
luhk,pair,20260729,False,51 | Other urban / built-up land,71 | Woodland / shrubland / grassland / wetland,4,1346.0,4.615198135375977,2.292024880249114,4.127405166625977,2.089929580688477,3.863504409790039,4.879098892211914,2.3231732551268625,2.0374755859375,0.7574294205052006,1.0,1.0,1.0,insufficient_coverage_for_conclusion
luhk,pair,20260729,False,51 | Other urban / built-up land,72 | Woodland / shrubland / grassland / wetland,4,613.0,4.615198135375977,1.9428202674206083,4.127405166625977,1.4092960357666016,3.863504409790039,4.879098892211914,2.672377867955368,2.718109130859375,0.8132137030995106,1.0,1.0,1.0,insufficient_coverage_for_conclusion
luhk,pair,20260729,False,51 | Other urban / built-up land,73 | Woodland / shrubland / grassland / wetland,4,150.0,4.615198135375977,1.4764874013264977,4.127405166625977,1.1065311431884766,3.863504409790039,4.879098892211914,3.138710734049479,3.0208740234375,0.8999999999999999,1.0,1.0,1.0,insufficient_coverage_for_conclusion
luhk,pair,20260729,False,71 | Woodland / shrubland / grassland / wetland,72 | Woodland / shrubland / grassland / wetland,1346,613.0,2.292024880249114,1.9428202674206083,2.089929580688477,1.4092960357666016,1.125436782836914,3.1472415924072266,0.3492046128285055,0.680633544921875,0.1693301886563778,1.0,1.0,1.0,insufficient_coverage_for_conclusion
luhk,pair,20260729,False,71 | Woodland / shrubland / grassland / wetland,73 | Woodland / shrubland / grassland / wetland,1346,150.0,2.292024880249114,1.4764874013264977,2.089929580688477,1.1065311431884766,1.125436782836914,3.1472415924072266,0.8155374789226166,0.9833984375,0.3271173848439821,1.0,1.0,1.0,stable_sign_across_seeds
luhk,pair,20260729,False,72 | Woodland / shrubland / grassland / wetland,73 | Woodland / shrubland / grassland / wetland,613,150.0,1.9428202674206083,1.4764874013264977,1.4092960357666016,1.1065311431884766,0.8035526275634766,2.694421768188477,0.466332866094111,0.302764892578125,0.1614138118542687,1.0,1.0,1.0,insufficient_coverage_for_conclusion
luhk,group,20260730,False,31 | GIC / open space,,10000,,5.584969870471954,,3.795612335205078,,1.832782745361328,8.750659942626953,,,,,,,group_distribution_record
luhk,group,20260730,False,51 | Other urban / built-up land,,4,,5.217256546020508,,4.692163467407227,,4.428461074829102,5.480958938598633,,,,,,,group_distribution_record
luhk,group,20260730,False,71 | Woodland / shrubland / grassland / wetland,,1346,,2.288566531256439,,2.089929580688477,,1.1178669929504397,3.1472415924072266,,,,,,,group_distribution_record
luhk,group,20260730,False,72 | Woodland / shrubland / grassland / wetland,,613,,1.9696065364420705,,1.5606327056884766,,0.8035526275634766,2.845392227172852,,,,,,,group_distribution_record
luhk,group,20260730,False,73 | Woodland / shrubland / grassland / wetland,,150,,1.5061879221598309,,1.1065311431884766,,0.6520328521728516,2.2978382110595703,,,,,,,group_distribution_record
luhk,pair,20260730,False,31 | GIC / open space,51 | Other urban / built-up land,10000,4.0,5.584969870471954,5.217256546020508,3.795612335205078,4.692163467407227,1.832782745361328,8.750659942626953,0.3677133244514463,-0.8965511322021484,-0.1786499999999999,0.85,0.4,0.25,insufficient_coverage_for_conclusion
luhk,pair,20260730,False,31 | GIC / open space,71 | Woodland / shrubland / grassland / wetland,10000,1346.0,5.584969870471954,2.288566531256439,3.795612335205078,2.089929580688477,1.832782745361328,8.750659942626953,3.296403339215515,1.7056827545166016,0.388139970282318,1.0,1.0,1.0,stable_sign_across_seeds
luhk,pair,20260730,False,31 | GIC / open space,72 | Woodland / shrubland / grassland / wetland,10000,613.0,5.584969870471954,1.9696065364420705,3.795612335205078,1.5606327056884766,1.832782745361328,8.750659942626953,3.615363334029884,2.2349796295166016,0.4678141924959216,1.0,1.0,1.0,insufficient_coverage_for_conclusion
luhk,pair,20260730,False,31 | GIC / open space,73 | Woodland / shrubland / grassland / wetland,10000,150.0,5.584969870471954,1.5061879221598309,3.795612335205078,1.1065311431884766,1.832782745361328,8.750659942626953,4.078781948312123,2.6890811920166016,0.5541286666666667,1.0,1.0,1.0,stable_sign_across_seeds
luhk,pair,20260730,False,51 | Other urban / built-up land,71 | Woodland / shrubland / grassland / wetland,4,1346.0,5.217256546020508,2.288566531256439,4.692163467407227,2.089929580688477,4.428461074829102,5.480958938598633,2.9286900147640686,2.60223388671875,0.8673848439821694,1.0,1.0,1.0,insufficient_coverage_for_conclusion
luhk,pair,20260730,False,51 | Other urban / built-up land,72 | Woodland / shrubland / grassland / wetland,4,613.0,5.217256546020508,1.9696065364420705,4.692163467407227,1.5606327056884766,4.428461074829102,5.480958938598633,3.2476500095784373,3.13153076171875,0.8756117455138663,1.0,1.0,1.0,insufficient_coverage_for_conclusion
luhk,pair,20260730,False,51 | Other urban / built-up land,73 | Woodland / shrubland / grassland / wetland,4,150.0,5.217256546020508,1.5061879221598309,4.692163467407227,1.1065311431884766,4.428461074829102,5.480958938598633,3.711068623860677,3.58563232421875,0.97,1.0,1.0,1.0,insufficient_coverage_for_conclusion
luhk,pair,20260730,False,71 | Woodland / shrubland / grassland / wetland,72 | Woodland / shrubland / grassland / wetland,1346,613.0,2.288566531256439,1.9696065364420705,2.089929580688477,1.5606327056884766,1.1178669929504397,3.1472415924072266,0.3189599948143686,0.529296875,0.1598622224269117,1.0,1.0,1.0,insufficient_coverage_for_conclusion
luhk,pair,20260730,False,71 | Woodland / shrubland / grassland / wetland,73 | Woodland / shrubland / grassland / wetland,1346,150.0,2.288566531256439,1.5061879221598309,2.089929580688477,1.1065311431884766,1.1178669929504397,3.1472415924072266,0.7823786090966085,0.9833984375,0.3089995047052996,1.0,1.0,1.0,stable_sign_across_seeds
luhk,pair,20260730,False,72 | Woodland / shrubland / grassland / wetland,73 | Woodland / shrubland / grassland / wetland,613,150.0,1.9696065364420705,1.5061879221598309,1.5606327056884766,1.1065311431884766,0.8035526275634766,2.845392227172852,0.4634186142822398,0.4541015625,0.1528765633496465,1.0,1.0,1.0,insufficient_coverage_for_conclusion
luhk,group,20260731,False,31 | GIC / open space,,10000,,5.679557092952728,,3.9312744140625,,1.8631534576416016,8.907941341400146,,,,,,,group_distribution_record
luhk,group,20260731,False,51 | Other urban / built-up land,,4,,5.536584854125977,,5.218774795532227,,4.691949844360352,6.063409805297852,,,,,,,group_distribution_record
luhk,group,20260731,False,71 | Woodland / shrubland / grassland / wetland,,1346,,2.298627015917297,,2.089929580688477,,1.1821537017822266,3.1472415924072266,,,,,,,group_distribution_record
luhk,group,20260731,False,72 | Woodland / shrubland / grassland / wetland,,613,,2.0035515920567475,,1.5606327056884766,,0.8035526275634766,2.694421768188477,,,,,,,group_distribution_record
luhk,group,20260731,False,73 | Woodland / shrubland / grassland / wetland,,150,,1.4760735829671223,,1.0307559967041016,,0.5952014923095703,2.392175674438477,,,,,,,group_distribution_record
luhk,pair,20260731,False,31 | GIC / open space,51 | Other urban / built-up land,10000,4.0,5.679557092952728,5.536584854125977,3.9312744140625,5.218774795532227,1.8631534576416016,8.907941341400146,0.1429722388267515,-1.2875003814697266,-0.19255,0.85,0.4,0.25,insufficient_coverage_for_conclusion
luhk,pair,20260731,False,31 | GIC / open space,71 | Woodland / shrubland / grassland / wetland,10000,1346.0,5.679557092952728,2.298627015917297,3.9312744140625,2.089929580688477,1.8631534576416016,8.907941341400146,3.3809300770354307,1.8413448333740237,0.3950447994056463,1.0,1.0,1.0,stable_sign_across_seeds
luhk,pair,20260731,False,31 | GIC / open space,72 | Woodland / shrubland / grassland / wetland,10000,613.0,5.679557092952728,2.0035515920567475,3.9312744140625,1.5606327056884766,1.8631534576416016,8.907941341400146,3.6760055008959807,2.3706417083740234,0.468678466557912,1.0,1.0,1.0,insufficient_coverage_for_conclusion
luhk,pair,20260731,False,31 | GIC / open space,73 | Woodland / shrubland / grassland / wetland,10000,150.0,5.679557092952728,1.4760735829671223,3.9312744140625,1.0307559967041016,1.8631534576416016,8.907941341400146,4.203483509985606,2.9005184173583984,0.567102,1.0,1.0,1.0,stable_sign_across_seeds
luhk,pair,20260731,False,51 | Other urban / built-up land,71 | Woodland / shrubland / grassland / wetland,4,1346.0,5.536584854125977,2.298627015917297,5.218774795532227,2.089929580688477,4.691949844360352,6.063409805297852,3.237957838208679,3.12884521484375,0.8800148588410104,1.0,1.0,1.0,insufficient_coverage_for_conclusion
luhk,pair,20260731,False,51 | Other urban / built-up land,72 | Woodland / shrubland / grassland / wetland,4,613.0,5.536584854125977,2.0035515920567475,5.218774795532227,1.5606327056884766,4.691949844360352,6.063409805297852,3.533033262069229,3.65814208984375,0.882137030995106,1.0,1.0,1.0,insufficient_coverage_for_conclusion
luhk,pair,20260731,False,51 | Other urban / built-up land,73 | Woodland / shrubland / grassland / wetland,4,150.0,5.536584854125977,1.4760735829671223,5.218774795532227,1.0307559967041016,4.691949844360352,6.063409805297852,4.060511271158855,4.188018798828125,0.985,1.0,1.0,1.0,insufficient_coverage_for_conclusion
luhk,pair,20260731,False,71 | Woodland / shrubland / grassland / wetland,72 | Woodland / shrubland / grassland / wetland,1346,613.0,2.298627015917297,2.0035515920567475,2.089929580688477,1.5606327056884766,1.1821537017822266,3.1472415924072266,0.2950754238605499,0.529296875,0.1567898601135864,1.0,1.0,1.0,insufficient_coverage_for_conclusion
luhk,pair,20260731,False,71 | Woodland / shrubland / grassland / wetland,73 | Woodland / shrubland / grassland / wetland,1346,150.0,2.298627015917297,1.4760735829671223,2.089929580688477,1.0307559967041016,1.1821537017822266,3.1472415924072266,0.8225534329501751,1.059173583984375,0.3261664190193165,1.0,1.0,1.0,stable_sign_across_seeds
luhk,pair,20260731,False,72 | Woodland / shrubland / grassland / wetland,73 | Woodland / shrubland / grassland / wetland,613,150.0,2.0035515920567475,1.4760735829671223,1.5606327056884766,1.0307559967041016,0.8035526275634766,2.694421768188477,0.5274780090896252,0.529876708984375,0.1631538879825993,1.0,1.0,1.0,insufficient_coverage_for_conclusion
luhk,group,20260732,False,31 | GIC / open space,,10000,,5.622140014982223,,3.825769424438477,,1.8631534576416016,8.825977325439453,,,,,,,group_distribution_record
luhk,group,20260732,False,51 | Other urban / built-up land,,4,,6.267633438110352,,6.195169448852539,,4.767045974731445,7.695756912231445,,,,,,,group_distribution_record
luhk,group,20260732,False,71 | Woodland / shrubland / grassland / wetland,,1346,,2.3181920257046884,,2.089929580688477,,1.1065311431884766,3.188483238220215,,,,,,,group_distribution_record
luhk,group,20260732,False,72 | Woodland / shrubland / grassland / wetland,,613,,1.9914406438830623,,1.5606327056884766,,0.8035526275634766,2.845392227172852,,,,,,,group_distribution_record
luhk,group,20260732,False,73 | Woodland / shrubland / grassland / wetland,,150,,1.486080093383789,,1.1065311431884766,,0.6520328521728516,2.263716220855713,,,,,,,group_distribution_record
luhk,pair,20260732,False,31 | GIC / open space,51 | Other urban / built-up land,10000,4.0,5.622140014982223,6.267633438110352,3.825769424438477,6.195169448852539,1.8631534576416016,8.825977325439453,-0.6454934231281282,-2.3694000244140625,-0.266625,0.85,0.4,0.25,insufficient_coverage_for_conclusion
luhk,pair,20260732,False,31 | GIC / open space,71 | Woodland / shrubland / grassland / wetland,10000,1346.0,5.622140014982223,2.3181920257046884,3.825769424438477,2.089929580688477,1.8631534576416016,8.825977325439453,3.303947989277535,1.73583984375,0.3874046062407132,1.0,1.0,1.0,stable_sign_across_seeds
luhk,pair,20260732,False,31 | GIC / open space,72 | Woodland / shrubland / grassland / wetland,10000,613.0,5.622140014982223,1.9914406438830623,3.825769424438477,1.5606327056884766,1.8631534576416016,8.825977325439453,3.630699371099161,2.26513671875,0.4693228384991843,1.0,1.0,1.0,insufficient_coverage_for_conclusion
luhk,pair,20260732,False,31 | GIC / open space,73 | Woodland / shrubland / grassland / wetland,10000,150.0,5.622140014982223,1.486080093383789,3.825769424438477,1.1065311431884766,1.8631534576416016,8.825977325439453,4.136059921598434,2.71923828125,0.5660026666666667,1.0,1.0,1.0,stable_sign_across_seeds
luhk,pair,20260732,False,51 | Other urban / built-up land,71 | Woodland / shrubland / grassland / wetland,4,1346.0,6.267633438110352,2.3181920257046884,6.195169448852539,2.089929580688477,4.767045974731445,7.695756912231445,3.949441412405663,4.105239868164063,0.8807578008915304,1.0,1.0,1.0,insufficient_coverage_for_conclusion
luhk,pair,20260732,False,51 | Other urban / built-up land,72 | Woodland / shrubland / grassland / wetland,4,613.0,6.267633438110352,1.9914406438830623,6.195169448852539,1.5606327056884766,4.767045974731445,7.695756912231445,4.276192794227289,4.634536743164063,0.8939641109298533,1.0,1.0,1.0,insufficient_coverage_for_conclusion
luhk,pair,20260732,False,51 | Other urban / built-up land,73 | Woodland / shrubland / grassland / wetland,4,150.0,6.267633438110352,1.486080093383789,6.195169448852539,1.1065311431884766,4.767045974731445,7.695756912231445,4.781553344726563,5.088638305664063,0.9733333333333334,1.0,1.0,1.0,insufficient_coverage_for_conclusion
luhk,pair,20260732,False,71 | Woodland / shrubland / grassland / wetland,72 | Woodland / shrubland / grassland / wetland,1346,613.0,2.3181920257046884,1.9914406438830623,2.089929580688477,1.5606327056884766,1.1065311431884766,3.188483238220215,0.3267513818216259,0.529296875,0.15868539252307,1.0,1.0,1.0,insufficient_coverage_for_conclusion
luhk,pair,20260732,False,71 | Woodland / shrubland / grassland / wetland,73 | Woodland / shrubland / grassland / wetland,1346,150.0,2.3181920257046884,1.486080093383789,2.089929580688477,1.1065311431884766,1.1065311431884766,3.188483238220215,0.8321119323208994,0.9833984375,0.319915799900941,1.0,1.0,1.0,stable_sign_across_seeds
luhk,pair,20260732,False,72 | Woodland / shrubland / grassland / wetland,73 | Woodland / shrubland / grassland / wetland,613,150.0,1.9914406438830623,1.486080093383789,1.5606327056884766,1.1065311431884766,0.8035526275634766,2.845392227172852,0.5053605504992735,0.4541015625,0.1565089722675368,1.0,1.0,1.0,insufficient_coverage_for_conclusion
luhk,group,20260733,False,31 | GIC / open space,,10000,,5.666244926118851,,3.855926513671875,,1.8631534576416016,9.013514995574951,,,,,,,group_distribution_record
luhk,group,20260733,False,51 | Other urban / built-up land,,4,,5.968416213989258,,6.307550430297852,,4.767045974731445,7.508920669555664,,,,,,,group_distribution_record
luhk,group,20260733,False,71 | Woodland / shrubland / grassland / wetland,,1346,,2.3118411045726304,,2.089929580688477,,1.125436782836914,3.1472415924072266,,,,,,,group_distribution_record
luhk,group,20260733,False,72 | Woodland / shrubland / grassland / wetland,,613,,1.9874339298167392,,1.4848880767822266,,0.8035526275634766,2.845392227172852,,,,,,,group_distribution_record
luhk,group,20260733,False,73 | Woodland / shrubland / grassland / wetland,,150,,1.46591916402181,,1.0307559967041016,,0.6520328521728516,2.3053927421569824,,,,,,,group_distribution_record
luhk,pair,20260733,False,31 | GIC / open space,51 | Other urban / built-up land,10000,4.0,5.666244926118851,5.968416213989258,3.855926513671875,6.307550430297852,1.8631534576416016,9.013514995574951,-0.302171287870407,-2.451623916625977,-0.2370999999999999,0.85,0.4,0.25,insufficient_coverage_for_conclusion
luhk,pair,20260733,False,31 | GIC / open space,71 | Woodland / shrubland / grassland / wetland,10000,1346.0,5.666244926118851,2.3118411045726304,3.855926513671875,2.089929580688477,1.8631534576416016,9.013514995574951,3.3544038215462204,1.7659969329833984,0.3921959881129271,1.0,1.0,1.0,stable_sign_across_seeds
luhk,pair,20260733,False,31 | GIC / open space,72 | Woodland / shrubland / grassland / wetland,10000,613.0,5.666244926118851,1.9874339298167392,3.855926513671875,1.4848880767822266,1.8631534576416016,9.013514995574951,3.678810996302112,2.3710384368896484,0.4749471451876019,1.0,1.0,1.0,insufficient_coverage_for_conclusion
luhk,pair,20260733,False,31 | GIC / open space,73 | Woodland / shrubland / grassland / wetland,10000,150.0,5.666244926118851,1.46591916402181,3.855926513671875,1.0307559967041016,1.8631534576416016,9.013514995574951,4.200325762097041,2.825170516967773,0.5724233333333333,1.0,1.0,1.0,stable_sign_across_seeds
luhk,pair,20260733,False,51 | Other urban / built-up land,71 | Woodland / shrubland / grassland / wetland,4,1346.0,5.968416213989258,2.3118411045726304,6.307550430297852,2.089929580688477,4.767045974731445,7.508920669555664,3.656575109416627,4.217620849609375,0.8766716196136701,1.0,1.0,1.0,insufficient_coverage_for_conclusion
luhk,pair,20260733,False,51 | Other urban / built-up land,72 | Woodland / shrubland / grassland / wetland,4,613.0,5.968416213989258,1.9874339298167392,6.307550430297852,1.4848880767822266,4.767045974731445,7.508920669555664,3.9809822841725184,4.822662353515625,0.9000815660685155,1.0,1.0,1.0,insufficient_coverage_for_conclusion
luhk,pair,20260733,False,51 | Other urban / built-up land,73 | Woodland / shrubland / grassland / wetland,4,150.0,5.968416213989258,1.46591916402181,6.307550430297852,1.0307559967041016,4.767045974731445,7.508920669555664,4.502497049967448,5.27679443359375,0.9783333333333332,1.0,1.0,1.0,insufficient_coverage_for_conclusion
luhk,pair,20260733,False,71 | Woodland / shrubland / grassland / wetland,72 | Woodland / shrubland / grassland / wetland,1346,613.0,2.3118411045726304,1.9874339298167392,2.089929580688477,1.4848880767822266,1.125436782836914,3.1472415924072266,0.3244071747558912,0.60504150390625,0.163117593304068,1.0,1.0,1.0,insufficient_coverage_for_conclusion
luhk,pair,20260733,False,71 | Woodland / shrubland / grassland / wetland,73 | Woodland / shrubland / grassland / wetland,1346,150.0,2.3118411045726304,1.46591916402181,2.089929580688477,1.0307559967041016,1.125436782836914,3.1472415924072266,0.8459219405508205,1.059173583984375,0.3271768202080238,1.0,1.0,1.0,stable_sign_across_seeds
luhk,pair,20260733,False,72 | Woodland / shrubland / grassland / wetland,73 | Woodland / shrubland / grassland / wetland,613,150.0,1.9874339298167392,1.46591916402181,1.4848880767822266,1.0307559967041016,0.8035526275634766,2.845392227172852,0.5215147657949293,0.454132080078125,0.1676345840130506,1.0,1.0,1.0,insufficient_coverage_for_conclusion
luhk,group,20260734,False,31 | GIC / open space,,10000,,5.635257432365417,,3.855926513671875,,1.832782745361328,8.900135040283203,,,,,,,group_distribution_record
luhk,group,20260734,False,51 | Other urban / built-up land,,4,,4.48143196105957,,3.825616836547852,,2.864114761352539,5.442934036254883,,,,,,,group_distribution_record
luhk,group,20260734,False,71 | Woodland / shrubland / grassland / wetland,,1346,,2.316153787043261,,2.089929580688477,,1.1821537017822266,3.1472415924072266,,,,,,,group_distribution_record
luhk,group,20260734,False,72 | Woodland / shrubland / grassland / wetland,,613,,1.9986022681629871,,1.5606327056884766,,0.8035526275634766,2.7699222564697266,,,,,,,group_distribution_record
luhk,group,20260734,False,73 | Woodland / shrubland / grassland / wetland,,150,,1.4699383290608723,,1.068643569946289,,0.5762577056884766,2.241052627563477,,,,,,,group_distribution_record
luhk,pair,20260734,False,31 | GIC / open space,51 | Other urban / built-up land,10000,4.0,5.635257432365417,4.48143196105957,3.855926513671875,3.825616836547852,1.832782745361328,8.900135040283203,1.1538254713058471,0.0303096771240234,-0.005075,0.85,0.4,0.25,insufficient_coverage_for_conclusion
luhk,pair,20260734,False,31 | GIC / open space,71 | Woodland / shrubland / grassland / wetland,10000,1346.0,5.635257432365417,2.316153787043261,3.855926513671875,2.089929580688477,1.832782745361328,8.900135040283203,3.3191036453221563,1.7659969329833984,0.3860190936106984,1.0,1.0,1.0,stable_sign_across_seeds
luhk,pair,20260734,False,31 | GIC / open space,72 | Woodland / shrubland / grassland / wetland,10000,613.0,5.635257432365417,1.9986022681629871,3.855926513671875,1.5606327056884766,1.832782745361328,8.900135040283203,3.6366551642024314,2.2952938079833984,0.4690748776508973,1.0,1.0,1.0,insufficient_coverage_for_conclusion
luhk,pair,20260734,False,31 | GIC / open space,73 | Woodland / shrubland / grassland / wetland,10000,150.0,5.635257432365417,1.4699383290608723,3.855926513671875,1.068643569946289,1.832782745361328,8.900135040283203,4.165319103304546,2.787282943725586,0.5681293333333333,1.0,1.0,1.0,stable_sign_across_seeds
luhk,pair,20260734,False,51 | Other urban / built-up land,71 | Woodland / shrubland / grassland / wetland,4,1346.0,4.48143196105957,2.316153787043261,3.825616836547852,2.089929580688477,2.864114761352539,5.442934036254883,2.165278174016309,1.735687255859375,0.5943536404160477,1.0,1.0,1.0,insufficient_coverage_for_conclusion
luhk,pair,20260734,False,51 | Other urban / built-up land,72 | Woodland / shrubland / grassland / wetland,4,613.0,4.48143196105957,1.9986022681629871,3.825616836547852,1.5606327056884766,2.864114761352539,5.442934036254883,2.4828296928965834,2.264984130859375,0.682300163132137,1.0,1.0,1.0,insufficient_coverage_for_conclusion
luhk,pair,20260734,False,51 | Other urban / built-up land,73 | Woodland / shrubland / grassland / wetland,4,150.0,4.48143196105957,1.4699383290608723,3.825616836547852,1.068643569946289,2.864114761352539,5.442934036254883,3.011493631998698,2.7569732666015625,0.8200000000000001,1.0,1.0,1.0,insufficient_coverage_for_conclusion
luhk,pair,20260734,False,71 | Woodland / shrubland / grassland / wetland,72 | Woodland / shrubland / grassland / wetland,1346,613.0,2.316153787043261,1.9986022681629871,2.089929580688477,1.5606327056884766,1.1821537017822266,3.1472415924072266,0.317551518880274,0.529296875,0.1620159059893491,1.0,1.0,1.0,insufficient_coverage_for_conclusion
luhk,pair,20260734,False,71 | Woodland / shrubland / grassland / wetland,73 | Woodland / shrubland / grassland / wetland,1346,150.0,2.316153787043261,1.4699383290608723,2.089929580688477,1.068643569946289,1.1821537017822266,3.1472415924072266,0.8462154579823888,1.0212860107421875,0.3289252105002476,1.0,1.0,1.0,stable_sign_across_seeds
luhk,pair,20260734,False,72 | Woodland / shrubland / grassland / wetland,73 | Woodland / shrubland / grassland / wetland,613,150.0,1.9986022681629871,1.4699383290608723,1.5606327056884766,1.068643569946289,0.8035526275634766,2.7699222564697266,0.5286639391021148,0.4919891357421875,0.1710712343665035,1.0,1.0,1.0,insufficient_coverage_for_conclusion
luhk,group,20260735,False,31 | GIC / open space,,10000,,5.6184824800014495,,3.870685577392578,,1.8631534576416016,8.900135040283203,,,,,,,group_distribution_record
luhk,group,20260735,False,51 | Other urban / built-up land,,4,,3.2789249420166016,,3.1472415924072266,,2.9962329864501958,3.429933547973633,,,,,,,group_distribution_record
luhk,group,20260735,False,71 | Woodland / shrubland / grassland / wetland,,1346,,2.3115460408566437,,2.089929580688477,,1.125436782836914,3.1472415924072266,,,,,,,group_distribution_record
luhk,group,20260735,False,72 | Woodland / shrubland / grassland / wetland,,613,,1.9676355389941964,,1.5606327056884766,,0.8035526275634766,2.7699222564697266,,,,,,,group_distribution_record
luhk,group,20260735,False,73 | Woodland / shrubland / grassland / wetland,,150,,1.4327180735270182,,1.0307559967041016,,0.5762577056884766,2.392175674438477,,,,,,,group_distribution_record
luhk,pair,20260735,False,31 | GIC / open space,51 | Other urban / built-up land,10000,4.0,5.6184824800014495,3.2789249420166016,3.870685577392578,3.1472415924072266,1.8631534576416016,8.900135040283203,2.339557537984848,0.7234439849853516,0.12795,0.85,0.4,0.25,insufficient_coverage_for_conclusion
luhk,pair,20260735,False,31 | GIC / open space,71 | Woodland / shrubland / grassland / wetland,10000,1346.0,5.6184824800014495,2.3115460408566437,3.870685577392578,2.089929580688477,1.8631534576416016,8.900135040283203,3.306936439144806,1.7807559967041016,0.3874676077265973,1.0,1.0,1.0,stable_sign_across_seeds
luhk,pair,20260735,False,31 | GIC / open space,72 | Woodland / shrubland / grassland / wetland,10000,613.0,5.6184824800014495,1.9676355389941964,3.870685577392578,1.5606327056884766,1.8631534576416016,8.900135040283203,3.650846941007253,2.3100528717041016,0.4684670473083197,1.0,1.0,1.0,insufficient_coverage_for_conclusion
luhk,pair,20260735,False,31 | GIC / open space,73 | Woodland / shrubland / grassland / wetland,10000,150.0,5.6184824800014495,1.4327180735270182,3.870685577392578,1.0307559967041016,1.8631534576416016,8.900135040283203,4.185764406474432,2.839929580688477,0.5724873333333333,1.0,1.0,1.0,stable_sign_across_seeds
luhk,pair,20260735,False,51 | Other urban / built-up land,71 | Woodland / shrubland / grassland / wetland,4,1346.0,3.2789249420166016,2.3115460408566437,3.1472415924072266,2.089929580688477,2.9962329864501958,3.429933547973633,0.9673789011599584,1.05731201171875,0.4990713224368499,1.0,1.0,1.0,insufficient_coverage_for_conclusion
luhk,pair,20260735,False,51 | Other urban / built-up land,72 | Woodland / shrubland / grassland / wetland,4,613.0,3.2789249420166016,1.9676355389941964,3.1472415924072266,1.5606327056884766,2.9962329864501958,3.429933547973633,1.3112894030224052,1.58660888671875,0.6174551386623164,1.0,1.0,1.0,insufficient_coverage_for_conclusion
luhk,pair,20260735,False,51 | Other urban / built-up land,73 | Woodland / shrubland / grassland / wetland,4,150.0,3.2789249420166016,1.4327180735270182,3.1472415924072266,1.0307559967041016,2.9962329864501958,3.429933547973633,1.8462068684895836,2.116485595703125,0.8266666666666667,1.0,1.0,1.0,insufficient_coverage_for_conclusion
luhk,pair,20260735,False,71 | Woodland / shrubland / grassland / wetland,72 | Woodland / shrubland / grassland / wetland,1346,613.0,2.3115460408566437,1.9676355389941964,2.089929580688477,1.5606327056884766,1.125436782836914,3.1472415924072266,0.3439105018624468,0.529296875,0.157241927625567,1.0,1.0,1.0,insufficient_coverage_for_conclusion
luhk,pair,20260735,False,71 | Woodland / shrubland / grassland / wetland,73 | Woodland / shrubland / grassland / wetland,1346,150.0,2.3115460408566437,1.4327180735270182,2.089929580688477,1.0307559967041016,1.125436782836914,3.1472415924072266,0.8788279673296251,1.059173583984375,0.3415453194650817,1.0,1.0,1.0,stable_sign_across_seeds
luhk,pair,20260735,False,72 | Woodland / shrubland / grassland / wetland,73 | Woodland / shrubland / grassland / wetland,613,150.0,1.9676355389941964,1.4327180735270182,1.5606327056884766,1.0307559967041016,0.8035526275634766,2.7699222564697266,0.5349174654671782,0.529876708984375,0.1875475802066339,1.0,1.0,1.0,insufficient_coverage_for_conclusion
surface_cover,group,20260715,True,bare_soil,,221,,11.842671571274147,,13.331781387329102,,7.83819580078125,15.915008544921877,,,,,,,group_distribution_record
surface_cover,group,20260715,True,concrete_pavement,,6677,,6.874554135261297,,5.556970596313477,,2.965930938720703,10.320362091064451,,,,,,,group_distribution_record
surface_cover,group,20260715,True,grass_low_vegetation,,770,,10.567997910140395,,11.9466552734375,,7.28361701965332,13.767734050750732,,,,,,,group_distribution_record
surface_cover,group,20260715,True,roof,,9406,,6.92577923619187,,6.413726806640625,,1.605915069580078,11.737903594970703,,,,,,,group_distribution_record
surface_cover,group,20260715,True,vegetation_tree,,10000,,3.203602381372452,,2.72442626953125,,1.681537628173828,4.157501220703125,,,,,,,group_distribution_record
surface_cover,pair,20260715,True,bare_soil,concrete_pavement,221,6677.0,11.842671571274147,6.874554135261297,13.331781387329102,5.556970596313477,7.83819580078125,15.915008544921877,4.968117436012852,7.774810791015625,0.4569031123929854,1.0,1.0,1.0,stable_sign_across_seeds
surface_cover,pair,20260715,True,bare_soil,grass_low_vegetation,221,770.0,11.842671571274147,10.567997910140395,13.331781387329102,11.9466552734375,7.83819580078125,15.915008544921877,1.274673661133752,1.3851261138916016,0.2017629429394134,1.0,1.0,1.0,stable_sign_across_seeds
surface_cover,pair,20260715,True,bare_soil,roof,221,9406.0,11.842671571274147,6.92577923619187,13.331781387329102,6.413726806640625,7.83819580078125,15.915008544921877,4.916892335082279,6.918054580688477,0.4388577426750808,1.0,1.0,1.0,stable_sign_across_seeds
surface_cover,pair,20260715,True,bare_soil,vegetation_tree,221,10000.0,11.842671571274147,3.203602381372452,13.331781387329102,2.72442626953125,7.83819580078125,15.915008544921877,8.639069189901697,10.607355117797852,0.7480728506787331,1.0,1.0,1.0,stable_sign_across_seeds
surface_cover,pair,20260715,True,concrete_pavement,grass_low_vegetation,6677,770.0,6.874554135261297,10.567997910140395,5.556970596313477,11.9466552734375,2.965930938720703,10.320362091064451,-3.6934437748791,-6.389684677124023,-0.4106955647318085,1.0,1.0,1.0,stable_sign_across_seeds
surface_cover,pair,20260715,True,concrete_pavement,roof,6677,9406.0,6.874554135261297,6.92577923619187,5.556970596313477,6.413726806640625,2.965930938720703,10.320362091064451,-0.0512251009305728,-0.8567562103271484,0.0122229585180606,0.5,1.0,1.0,seed_sensitive_sign
surface_cover,pair,20260715,True,concrete_pavement,vegetation_tree,6677,10000.0,6.874554135261297,3.203602381372452,5.556970596313477,2.72442626953125,2.965930938720703,10.320362091064451,3.670951753888845,2.8325443267822266,0.4608045379661525,1.0,1.0,1.0,stable_sign_across_seeds
surface_cover,pair,20260715,True,grass_low_vegetation,roof,770,9406.0,10.567997910140395,6.92577923619187,11.9466552734375,6.413726806640625,7.28361701965332,13.767734050750732,3.642218673948527,5.532928466796875,0.3635887289406319,1.0,1.0,1.0,stable_sign_across_seeds
surface_cover,pair,20260715,True,grass_low_vegetation,vegetation_tree,770,10000.0,10.567997910140395,3.203602381372452,11.9466552734375,2.72442626953125,7.28361701965332,13.767734050750732,7.364395528767945,9.22222900390625,0.7929446753246754,1.0,1.0,1.0,stable_sign_across_seeds
surface_cover,pair,20260715,True,roof,vegetation_tree,9406,10000.0,6.92577923619187,3.203602381372452,6.413726806640625,2.72442626953125,1.605915069580078,11.737903594970703,3.722176854819418,3.689300537109375,0.3333029236657452,1.0,1.0,1.0,stable_sign_across_seeds
surface_cover,group,20260716,False,bare_soil,,221,,11.699268090778888,,13.331781387329102,,7.38836669921875,15.83880615234375,,,,,,,group_distribution_record
surface_cover,group,20260716,False,concrete_pavement,,6677,,6.896751508002905,,5.526844024658203,,2.965930938720703,10.320362091064451,,,,,,,group_distribution_record
surface_cover,group,20260716,False,grass_low_vegetation,,770,,10.600594607266514,,11.917932510375977,,7.088653564453125,13.705224990844728,,,,,,,group_distribution_record
surface_cover,group,20260716,False,roof,,9406,,6.850502763837798,,6.262786865234375,,1.5605106353759766,11.662708282470703,,,,,,,group_distribution_record
surface_cover,group,20260716,False,vegetation_tree,,10000,,3.204199149227142,,2.72442626953125,,1.666534423828125,4.127405166625977,,,,,,,group_distribution_record
surface_cover,pair,20260716,False,bare_soil,concrete_pavement,221,6677.0,11.699268090778888,6.896751508002905,13.331781387329102,5.526844024658203,7.38836669921875,15.83880615234375,4.802516582775982,7.804937362670898,0.4429679246037421,1.0,1.0,1.0,stable_sign_across_seeds
surface_cover,pair,20260716,False,bare_soil,grass_low_vegetation,221,770.0,11.699268090778888,10.600594607266514,13.331781387329102,11.917932510375977,7.38836669921875,15.83880615234375,1.098673483512373,1.413848876953125,0.1918316977140506,1.0,1.0,1.0,stable_sign_across_seeds
surface_cover,pair,20260716,False,bare_soil,roof,221,9406.0,11.699268090778888,6.850502763837798,13.331781387329102,6.262786865234375,7.38836669921875,15.83880615234375,4.848765326941089,7.068994522094727,0.4309269235098805,1.0,1.0,1.0,stable_sign_across_seeds
surface_cover,pair,20260716,False,bare_soil,vegetation_tree,221,10000.0,11.699268090778888,3.204199149227142,13.331781387329102,2.72442626953125,7.38836669921875,15.83880615234375,8.495068941551745,10.607355117797852,0.7330914027149322,1.0,1.0,1.0,stable_sign_across_seeds
surface_cover,pair,20260716,False,concrete_pavement,grass_low_vegetation,6677,770.0,6.896751508002905,10.600594607266514,5.526844024658203,11.917932510375977,2.965930938720703,10.320362091064451,-3.703843099263609,-6.391088485717773,-0.4121035771178051,1.0,1.0,1.0,stable_sign_across_seeds
surface_cover,pair,20260716,False,concrete_pavement,roof,6677,9406.0,6.896751508002905,6.850502763837798,5.526844024658203,6.262786865234375,2.965930938720703,10.320362091064451,0.0462487441651067,-0.7359428405761719,0.0206168849934738,0.5,1.0,1.0,seed_sensitive_sign
surface_cover,pair,20260716,False,concrete_pavement,vegetation_tree,6677,10000.0,6.896751508002905,3.204199149227142,5.526844024658203,2.72442626953125,2.965930938720703,10.320362091064451,3.6925523587757625,2.802417755126953,0.4609910438819828,1.0,1.0,1.0,stable_sign_across_seeds
surface_cover,pair,20260716,False,grass_low_vegetation,roof,770,9406.0,10.600594607266514,6.850502763837798,11.917932510375977,6.262786865234375,7.088653564453125,13.705224990844728,3.750091843428716,5.655145645141602,0.3707851578572394,1.0,1.0,1.0,stable_sign_across_seeds
surface_cover,pair,20260716,False,grass_low_vegetation,vegetation_tree,770,10000.0,10.600594607266514,3.204199149227142,11.917932510375977,2.72442626953125,7.088653564453125,13.705224990844728,7.396395458039372,9.193506240844728,0.7964884415584415,1.0,1.0,1.0,stable_sign_across_seeds
surface_cover,pair,20260716,False,roof,vegetation_tree,9406,10000.0,6.850502763837798,3.204199149227142,6.262786865234375,2.72442626953125,1.5605106353759766,11.662708282470703,3.646303614610656,3.538360595703125,0.3242409206889221,1.0,1.0,1.0,stable_sign_across_seeds
surface_cover,group,20260717,False,bare_soil,,221,,11.76743800823505,,13.213043212890623,,8.032800674438477,15.9912109375,,,,,,,group_distribution_record
surface_cover,group,20260717,False,concrete_pavement,,6677,,6.87674279339356,,5.526844024658203,,2.920862197875977,10.320362091064451,,,,,,,group_distribution_record
surface_cover,group,20260717,False,grass_low_vegetation,,770,,10.693774007822013,,12.0218505859375,,7.549925327301025,13.72658395767212,,,,,,,group_distribution_record
surface_cover,group,20260717,False,roof,,9406,,6.885901578203201,,6.3382568359375,,1.605915069580078,11.737903594970703,,,,,,,group_distribution_record
surface_cover,group,20260717,False,vegetation_tree,,10000,,3.20210644607544,,2.72442626953125,,1.681537628173828,4.157501220703125,,,,,,,group_distribution_record
surface_cover,pair,20260717,False,bare_soil,concrete_pavement,221,6677.0,11.76743800823505,6.87674279339356,13.213043212890623,5.526844024658203,8.032800674438477,15.9912109375,4.89069521484149,7.686199188232422,0.4513813543758305,1.0,1.0,1.0,stable_sign_across_seeds
surface_cover,pair,20260717,False,bare_soil,grass_low_vegetation,221,770.0,11.76743800823505,10.693774007822013,13.213043212890623,12.0218505859375,8.032800674438477,15.9912109375,1.0736640004130376,1.191192626953125,0.1848328142445789,1.0,1.0,1.0,stable_sign_across_seeds
surface_cover,pair,20260717,False,bare_soil,roof,221,9406.0,11.76743800823505,6.885901578203201,13.213043212890623,6.3382568359375,8.032800674438477,15.9912109375,4.881536430031849,6.874786376953125,0.4353546354834643,1.0,1.0,1.0,stable_sign_across_seeds
surface_cover,pair,20260717,False,bare_soil,vegetation_tree,221,10000.0,11.76743800823505,3.20210644607544,13.213043212890623,2.72442626953125,8.032800674438477,15.9912109375,8.56533156215961,10.488616943359377,0.7350615384615384,1.0,1.0,1.0,stable_sign_across_seeds
surface_cover,pair,20260717,False,concrete_pavement,grass_low_vegetation,6677,770.0,6.87674279339356,10.693774007822013,5.526844024658203,12.0218505859375,2.920862197875977,10.320362091064451,-3.817031214428453,-6.495006561279297,-0.418555070809077,1.0,1.0,1.0,stable_sign_across_seeds
surface_cover,pair,20260717,False,concrete_pavement,roof,6677,9406.0,6.87674279339356,6.885901578203201,5.526844024658203,6.3382568359375,2.920862197875977,10.320362091064451,-0.0091587848096414,-0.8114128112792969,0.0166374481875015,0.5,1.0,1.0,seed_sensitive_sign
surface_cover,pair,20260717,False,concrete_pavement,vegetation_tree,6677,10000.0,6.87674279339356,3.20210644607544,5.526844024658203,2.72442626953125,2.920862197875977,10.320362091064451,3.674636347318121,2.802417755126953,0.4593489291598023,1.0,1.0,1.0,stable_sign_across_seeds
surface_cover,pair,20260717,False,grass_low_vegetation,roof,770,9406.0,10.693774007822013,6.885901578203201,12.0218505859375,6.3382568359375,7.549925327301025,13.72658395767212,3.8078724296188113,5.68359375,0.3744298334028293,1.0,1.0,1.0,stable_sign_across_seeds
surface_cover,pair,20260717,False,grass_low_vegetation,vegetation_tree,770,10000.0,10.693774007822013,3.20210644607544,12.0218505859375,2.72442626953125,7.549925327301025,13.72658395767212,7.491667561746573,9.29742431640625,0.7944762337662337,1.0,1.0,1.0,stable_sign_across_seeds
surface_cover,pair,20260717,False,roof,vegetation_tree,9406,10000.0,6.885901578203201,3.20210644607544,6.3382568359375,2.72442626953125,1.605915069580078,11.737903594970703,3.683795132127762,3.61383056640625,0.3268990537954497,1.0,1.0,1.0,stable_sign_across_seeds
surface_cover,group,20260718,False,bare_soil,,221,,11.791125724757958,,13.585235595703123,,7.913055419921875,15.83880615234375,,,,,,,group_distribution_record
surface_cover,group,20260718,False,concrete_pavement,,6677,,6.918746068696517,,5.526844024658203,,2.965930938720703,10.394214630126951,,,,,,,group_distribution_record
surface_cover,group,20260718,False,grass_low_vegetation,,770,,10.699381674729384,,12.0218505859375,,7.527536392211914,13.808837890625,,,,,,,group_distribution_record
surface_cover,group,20260718,False,roof,,9406,,6.800187606697967,,6.233240127563477,,1.5302619934082031,11.513843536376951,,,,,,,group_distribution_record
surface_cover,group,20260718,False,vegetation_tree,,10000,,3.202616785478592,,2.72442626953125,,1.681537628173828,4.127374649047852,,,,,,,group_distribution_record
surface_cover,pair,20260718,False,bare_soil,concrete_pavement,221,6677.0,11.791125724757958,6.918746068696517,13.585235595703123,5.526844024658203,7.913055419921875,15.83880615234375,4.87237965606144,8.058391571044922,0.4497108667086378,1.0,1.0,1.0,stable_sign_across_seeds
surface_cover,pair,20260718,False,bare_soil,grass_low_vegetation,221,770.0,11.791125724757958,10.699381674729384,13.585235595703123,12.0218505859375,7.913055419921875,15.83880615234375,1.0917440500285736,1.563385009765625,0.1960333783863195,1.0,1.0,1.0,stable_sign_across_seeds
surface_cover,pair,20260718,False,bare_soil,roof,221,9406.0,11.791125724757958,6.800187606697967,13.585235595703123,6.233240127563477,7.913055419921875,15.83880615234375,4.990938118059991,7.351995468139648,0.4428861716262748,1.0,1.0,1.0,stable_sign_across_seeds
surface_cover,pair,20260718,False,bare_soil,vegetation_tree,221,10000.0,11.791125724757958,3.202616785478592,13.585235595703123,2.72442626953125,7.913055419921875,15.83880615234375,8.588508939279366,10.860809326171877,0.7343837104072397,1.0,1.0,1.0,stable_sign_across_seeds
surface_cover,pair,20260718,False,concrete_pavement,grass_low_vegetation,6677,770.0,6.918746068696517,10.699381674729384,5.526844024658203,12.0218505859375,2.965930938720703,10.394214630126951,-3.7806356060328663,-6.495006561279297,-0.4170147958975276,1.0,1.0,1.0,stable_sign_across_seeds
surface_cover,pair,20260718,False,concrete_pavement,roof,6677,9406.0,6.918746068696517,6.800187606697967,5.526844024658203,6.233240127563477,2.965930938720703,10.394214630126951,0.1185584619985506,-0.7063961029052734,0.0258878506547892,0.5,1.0,1.0,seed_sensitive_sign
surface_cover,pair,20260718,False,concrete_pavement,vegetation_tree,6677,10000.0,6.918746068696517,3.202616785478592,5.526844024658203,2.72442626953125,2.965930938720703,10.394214630126951,3.7161292832179256,2.802417755126953,0.4638266137486895,1.0,1.0,1.0,stable_sign_across_seeds
surface_cover,pair,20260718,False,grass_low_vegetation,roof,770,9406.0,10.699381674729384,6.800187606697967,12.0218505859375,6.233240127563477,7.527536392211914,13.808837890625,3.8991940680314174,5.788610458374023,0.3831447735764128,1.0,1.0,1.0,stable_sign_across_seeds
surface_cover,pair,20260718,False,grass_low_vegetation,vegetation_tree,770,10000.0,10.699381674729384,3.202616785478592,12.0218505859375,2.72442626953125,7.527536392211914,13.808837890625,7.496764889250793,9.29742431640625,0.7948038961038961,1.0,1.0,1.0,stable_sign_across_seeds
surface_cover,pair,20260718,False,roof,vegetation_tree,9406,10000.0,6.800187606697967,3.202616785478592,6.233240127563477,2.72442626953125,1.5302619934082031,11.513843536376951,3.597570821219375,3.5088138580322266,0.3219117265575164,1.0,1.0,1.0,stable_sign_across_seeds
surface_cover,group,20260719,False,bare_soil,,221,,11.68118373301234,,13.629693984985352,,7.733392715454102,15.763641357421877,,,,,,,group_distribution_record
surface_cover,group,20260719,False,concrete_pavement,,6677,,6.906871570268933,,5.481836318969727,,2.965930938720703,10.394214630126951,,,,,,,group_distribution_record
surface_cover,group,20260719,False,grass_low_vegetation,,770,,10.759211901875286,,12.097076416015623,,7.519867420196533,13.883056640625,,,,,,,group_distribution_record
surface_cover,group,20260719,False,roof,,9406,,6.815744234555938,,6.308496475219727,,1.5606327056884766,11.662708282470703,,,,,,,group_distribution_record
surface_cover,group,20260719,False,vegetation_tree,,10000,,3.212037650346756,,2.72442626953125,,1.681537628173828,4.127374649047852,,,,,,,group_distribution_record
surface_cover,pair,20260719,False,bare_soil,concrete_pavement,221,6677.0,11.68118373301234,6.906871570268933,13.629693984985352,5.481836318969727,7.733392715454102,15.763641357421877,4.774312162743408,8.147857666015625,0.4431237916071717,1.0,1.0,1.0,stable_sign_across_seeds
surface_cover,pair,20260719,False,bare_soil,grass_low_vegetation,221,770.0,11.68118373301234,10.759211901875286,13.629693984985352,12.097076416015623,7.733392715454102,15.763641357421877,0.9219718311370552,1.5326175689697266,0.1745195980490097,1.0,1.0,1.0,stable_sign_across_seeds
surface_cover,pair,20260719,False,bare_soil,roof,221,9406.0,11.68118373301234,6.815744234555938,13.629693984985352,6.308496475219727,7.733392715454102,15.763641357421877,4.865439498456404,7.321197509765625,0.4332687424893902,1.0,1.0,1.0,stable_sign_across_seeds
surface_cover,pair,20260719,False,bare_soil,vegetation_tree,221,10000.0,11.68118373301234,3.212037650346756,13.629693984985352,2.72442626953125,7.733392715454102,15.763641357421877,8.469146082665585,10.905267715454102,0.7310294117647058,1.0,1.0,1.0,stable_sign_across_seeds
surface_cover,pair,20260719,False,concrete_pavement,grass_low_vegetation,6677,770.0,6.906871570268933,10.759211901875286,5.481836318969727,12.097076416015623,2.965930938720703,10.394214630126951,-3.852340331606353,-6.615240097045898,-0.4220265730974133,1.0,1.0,1.0,stable_sign_across_seeds
surface_cover,pair,20260719,False,concrete_pavement,roof,6677,9406.0,6.906871570268933,6.815744234555938,5.481836318969727,6.308496475219727,2.965930938720703,10.394214630126951,0.0911273357129953,-0.82666015625,0.0212617816401163,0.5,1.0,1.0,seed_sensitive_sign
surface_cover,pair,20260719,False,concrete_pavement,vegetation_tree,6677,10000.0,6.906871570268933,3.212037650346756,5.481836318969727,2.72442626953125,2.965930938720703,10.394214630126951,3.694833919922177,2.757410049438477,0.4633506814437622,1.0,1.0,1.0,stable_sign_across_seeds
surface_cover,pair,20260719,False,grass_low_vegetation,roof,770,9406.0,10.759211901875286,6.815744234555938,12.097076416015623,6.308496475219727,7.519867420196533,13.883056640625,3.943467667319348,5.788579940795898,0.3835436623763224,1.0,1.0,1.0,stable_sign_across_seeds
surface_cover,pair,20260719,False,grass_low_vegetation,vegetation_tree,770,10000.0,10.759211901875286,3.212037650346756,12.097076416015623,2.72442626953125,7.519867420196533,13.883056640625,7.54717425152853,9.372650146484377,0.7939812987012986,1.0,1.0,1.0,stable_sign_across_seeds
surface_cover,pair,20260719,False,roof,vegetation_tree,9406,10000.0,6.815744234555938,3.212037650346756,6.308496475219727,2.72442626953125,1.5606327056884766,11.662708282470703,3.6037065842091818,3.584070205688477,0.3257277163512651,1.0,1.0,1.0,stable_sign_across_seeds
surface_cover,group,20260720,False,bare_soil,,221,,11.790527524991273,,13.779077529907228,,7.5386962890625,15.83880615234375,,,,,,,group_distribution_record
surface_cover,group,20260720,False,concrete_pavement,,6677,,6.886245986989324,,5.451343536376953,,2.965930938720703,10.351221084594728,,,,,,,group_distribution_record
surface_cover,group,20260720,False,grass_low_vegetation,,770,,10.632117801517635,,12.066431045532228,,7.111196041107178,13.808837890625,,,,,,,group_distribution_record
surface_cover,group,20260720,False,roof,,9406,,6.914013930034212,,6.3382568359375,,1.6362857818603516,11.662708282470703,,,,,,,group_distribution_record
surface_cover,group,20260720,False,vegetation_tree,,10000,,3.201835031557083,,2.694421768188477,,1.681537628173828,4.127374649047852,,,,,,,group_distribution_record
surface_cover,pair,20260720,False,bare_soil,concrete_pavement,221,6677.0,11.790527524991273,6.886245986989324,13.779077529907228,5.451343536376953,7.5386962890625,15.83880615234375,4.904281538001949,8.327733993530273,0.4520448056643424,1.0,1.0,1.0,stable_sign_across_seeds
surface_cover,pair,20260720,False,bare_soil,grass_low_vegetation,221,770.0,11.790527524991273,10.632117801517635,13.779077529907228,12.066431045532228,7.5386962890625,15.83880615234375,1.1584097234736372,1.712646484375,0.1997531879884821,1.0,1.0,1.0,stable_sign_across_seeds
surface_cover,pair,20260720,False,bare_soil,roof,221,9406.0,11.790527524991273,6.914013930034212,13.779077529907228,6.3382568359375,7.5386962890625,15.83880615234375,4.876513594957061,7.440820693969727,0.4351294975865025,1.0,1.0,1.0,stable_sign_across_seeds
surface_cover,pair,20260720,False,bare_soil,vegetation_tree,221,10000.0,11.790527524991273,3.201835031557083,13.779077529907228,2.694421768188477,7.5386962890625,15.83880615234375,8.58869249343419,11.08465576171875,0.7346710407239818,1.0,1.0,1.0,stable_sign_across_seeds
surface_cover,pair,20260720,False,concrete_pavement,grass_low_vegetation,6677,770.0,6.886245986989324,10.632117801517635,5.451343536376953,12.066431045532228,2.965930938720703,10.351221084594728,-3.745871814528312,-6.615087509155273,-0.415445734436299,1.0,1.0,1.0,stable_sign_across_seeds
surface_cover,pair,20260720,False,concrete_pavement,roof,6677,9406.0,6.886245986989324,6.914013930034212,5.451343536376953,6.3382568359375,2.965930938720703,10.351221084594728,-0.0277679430448882,-0.8869132995605469,0.0135074973574076,0.5,1.0,1.0,seed_sensitive_sign
surface_cover,pair,20260720,False,concrete_pavement,vegetation_tree,6677,10000.0,6.886245986989324,3.201835031557083,5.451343536376953,2.694421768188477,2.965930938720703,10.351221084594728,3.6844109554322406,2.756921768188477,0.4601165193949379,1.0,1.0,1.0,stable_sign_across_seeds
surface_cover,pair,20260720,False,grass_low_vegetation,roof,770,9406.0,10.632117801517635,6.914013930034212,12.066431045532228,6.3382568359375,7.111196041107178,13.808837890625,3.718103871483424,5.728174209594727,0.3691940209482203,1.0,1.0,1.0,stable_sign_across_seeds
surface_cover,pair,20260720,False,grass_low_vegetation,vegetation_tree,770,10000.0,10.632117801517635,3.201835031557083,12.066431045532228,2.694421768188477,7.111196041107178,13.808837890625,7.430282769960552,9.37200927734375,0.7960061038961039,1.0,1.0,1.0,stable_sign_across_seeds
surface_cover,pair,20260720,False,roof,vegetation_tree,9406,10000.0,6.914013930034212,3.201835031557083,6.3382568359375,2.694421768188477,1.6362857818603516,11.662708282470703,3.712178898477129,3.643835067749024,0.332899298320221,1.0,1.0,1.0,stable_sign_across_seeds
surface_cover,group,20260721,False,bare_soil,,221,,11.787125574517574,,13.510986328125,,7.733392715454102,15.83880615234375,,,,,,,group_distribution_record
surface_cover,group,20260721,False,concrete_pavement,,6677,,6.880862392707197,,5.526844024658203,,2.965930938720703,10.351221084594728,,,,,,,group_distribution_record
surface_cover,group,20260721,False,grass_low_vegetation,,770,,10.590059030210815,,11.9466552734375,,7.111196041107178,13.703943252563477,,,,,,,group_distribution_record
surface_cover,group,20260721,False,roof,,9406,,6.886449730550891,,6.352771759033203,,1.605915069580078,11.662708282470703,,,,,,,group_distribution_record
surface_cover,group,20260721,False,vegetation_tree,,10000,,3.1913859416007995,,2.694421768188477,,1.681537628173828,4.096942901611328,,,,,,,group_distribution_record
surface_cover,pair,20260721,False,bare_soil,concrete_pavement,221,6677.0,11.787125574517574,6.880862392707197,13.510986328125,5.526844024658203,7.733392715454102,15.83880615234375,4.9062631818103775,7.984142303466797,0.4504075244457064,1.0,1.0,1.0,stable_sign_across_seeds
surface_cover,pair,20260721,False,bare_soil,grass_low_vegetation,221,770.0,11.787125574517574,10.590059030210815,13.510986328125,11.9466552734375,7.733392715454102,15.83880615234375,1.1970665443067574,1.5643310546875,0.2018393371334548,1.0,1.0,1.0,stable_sign_across_seeds
surface_cover,pair,20260721,False,bare_soil,roof,221,9406.0,11.787125574517574,6.886449730550891,13.510986328125,6.352771759033203,7.733392715454102,15.83880615234375,4.900675843966684,7.158214569091797,0.4379374674680549,1.0,1.0,1.0,stable_sign_across_seeds
surface_cover,pair,20260721,False,bare_soil,vegetation_tree,221,10000.0,11.787125574517574,3.1913859416007995,13.510986328125,2.694421768188477,7.733392715454102,15.83880615234375,8.595739632916775,10.816564559936523,0.7420257918552036,1.0,1.0,1.0,stable_sign_across_seeds
surface_cover,pair,20260721,False,concrete_pavement,grass_low_vegetation,6677,770.0,6.880862392707197,10.590059030210815,5.526844024658203,11.9466552734375,2.965930938720703,10.351221084594728,-3.70919663750362,-6.419811248779297,-0.4104090607610152,1.0,1.0,1.0,stable_sign_across_seeds
surface_cover,pair,20260721,False,concrete_pavement,roof,6677,9406.0,6.880862392707197,6.886449730550891,5.526844024658203,6.352771759033203,2.965930938720703,10.351221084594728,-0.0055873378436936,-0.825927734375,0.0165610993795253,0.5,1.0,1.0,seed_sensitive_sign
surface_cover,pair,20260721,False,concrete_pavement,vegetation_tree,6677,10000.0,6.880862392707197,3.1913859416007995,5.526844024658203,2.694421768188477,2.965930938720703,10.351221084594728,3.6894764511063975,2.8324222564697266,0.4639158903699265,1.0,1.0,1.0,stable_sign_across_seeds
surface_cover,pair,20260721,False,grass_low_vegetation,roof,770,9406.0,10.590059030210815,6.886449730550891,11.9466552734375,6.352771759033203,7.111196041107178,13.703943252563477,3.7036092996599264,5.593883514404297,0.3687655848297992,1.0,1.0,1.0,stable_sign_across_seeds
surface_cover,pair,20260721,False,grass_low_vegetation,vegetation_tree,770,10000.0,10.590059030210815,3.1913859416007995,11.9466552734375,2.694421768188477,7.111196041107178,13.703943252563477,7.398673088610018,9.252233505249023,0.7993692207792207,1.0,1.0,1.0,stable_sign_across_seeds
surface_cover,pair,20260721,False,roof,vegetation_tree,9406,10000.0,6.886449730550891,3.1913859416007995,6.352771759033203,2.694421768188477,1.605915069580078,11.662708282470703,3.6950637889500912,3.658349990844727,0.3311863597703592,1.0,1.0,1.0,stable_sign_across_seeds
surface_cover,group,20260722,False,bare_soil,,221,,11.672623345215396,,13.436737060546877,,7.238525390625,15.763641357421877,,,,,,,group_distribution_record
surface_cover,group,20260722,False,concrete_pavement,,6677,,6.857472878436548,,5.526844024658203,,2.965930938720703,10.30633544921875,,,,,,,group_distribution_record
surface_cover,group,20260722,False,grass_low_vegetation,,770,,10.594248023590485,,11.932293891906738,,6.991611003875732,13.779474258422852,,,,,,,group_distribution_record
surface_cover,group,20260722,False,roof,,9406,,6.896411630819889,,6.308252334594727,,1.666534423828125,11.619928359985352,,,,,,,group_distribution_record
surface_cover,group,20260722,False,vegetation_tree,,10000,,3.1917834993839262,,2.694421768188477,,1.6777868270874023,4.096942901611328,,,,,,,group_distribution_record
surface_cover,pair,20260722,False,bare_soil,concrete_pavement,221,6677.0,11.672623345215396,6.857472878436548,13.436737060546877,5.526844024658203,7.238525390625,15.763641357421877,4.815150466778848,7.909893035888672,0.4408074723996809,1.0,1.0,1.0,stable_sign_across_seeds
surface_cover,pair,20260722,False,bare_soil,grass_low_vegetation,221,770.0,11.672623345215396,10.594248023590485,13.436737060546877,11.932293891906738,7.238525390625,15.763641357421877,1.078375321624911,1.5044431686401367,0.1867896809073279,1.0,1.0,1.0,stable_sign_across_seeds
surface_cover,pair,20260722,False,bare_soil,roof,221,9406.0,11.672623345215396,6.896411630819889,13.436737060546877,6.308252334594727,7.238525390625,15.763641357421877,4.776211714395506,7.128484725952148,0.4266425685732511,1.0,1.0,1.0,stable_sign_across_seeds
surface_cover,pair,20260722,False,bare_soil,vegetation_tree,221,10000.0,11.672623345215396,3.1917834993839262,13.436737060546877,2.694421768188477,7.238525390625,15.763641357421877,8.480839845831468,10.742315292358398,0.7268022624434389,1.0,1.0,1.0,stable_sign_across_seeds
surface_cover,pair,20260722,False,concrete_pavement,grass_low_vegetation,6677,770.0,6.857472878436548,10.594248023590485,5.526844024658203,11.932293891906738,2.965930938720703,10.30633544921875,-3.7367751451539366,-6.405449867248535,-0.4142586782694615,1.0,1.0,1.0,stable_sign_across_seeds
surface_cover,pair,20260722,False,concrete_pavement,roof,6677,9406.0,6.857472878436548,6.896411630819889,5.526844024658203,6.308252334594727,2.965930938720703,10.30633544921875,-0.0389387523833413,-0.7814083099365234,0.0137766209345533,0.5,1.0,1.0,seed_sensitive_sign
surface_cover,pair,20260722,False,concrete_pavement,vegetation_tree,6677,10000.0,6.857472878436548,3.1917834993839262,5.526844024658203,2.694421768188477,2.965930938720703,10.30633544921875,3.6656893790526217,2.8324222564697266,0.4629307623184064,1.0,1.0,1.0,stable_sign_across_seeds
surface_cover,pair,20260722,False,grass_low_vegetation,roof,770,9406.0,10.594248023590485,6.896411630819889,11.932293891906738,6.308252334594727,6.991611003875732,13.779474258422852,3.6978363927705953,5.624041557312012,0.3686950302514835,1.0,1.0,1.0,stable_sign_across_seeds
surface_cover,pair,20260722,False,grass_low_vegetation,vegetation_tree,770,10000.0,10.594248023590485,3.1917834993839262,11.932293891906738,2.694421768188477,6.991611003875732,13.779474258422852,7.402464524206558,9.237872123718262,0.7991514285714285,1.0,1.0,1.0,stable_sign_across_seeds
surface_cover,pair,20260722,False,roof,vegetation_tree,9406,10000.0,6.896411630819889,3.1917834993839262,6.308252334594727,2.694421768188477,1.666534423828125,11.619928359985352,3.704628131435963,3.61383056640625,0.3346805124388687,1.0,1.0,1.0,stable_sign_across_seeds
surface_cover,group,20260723,False,bare_soil,,221,,11.86497122130243,,13.585235595703123,,7.733392715454102,15.915008544921877,,,,,,,group_distribution_record
surface_cover,group,20260723,False,concrete_pavement,,6677,,6.8646495178357485,,5.526844024658203,,2.950836181640625,10.320362091064451,,,,,,,group_distribution_record
surface_cover,group,20260723,False,grass_low_vegetation,,770,,10.610697671964571,,11.9466552734375,,7.284051895141602,13.65948486328125,,,,,,,group_distribution_record
surface_cover,group,20260723,False,roof,,9406,,6.8793708520723404,,6.308252334594727,,1.605915069580078,11.619104385375977,,,,,,,group_distribution_record
surface_cover,group,20260723,False,vegetation_tree,,10000,,3.1905340732574463,,2.694421768188477,,1.681537628173828,4.127374649047852,,,,,,,group_distribution_record
surface_cover,pair,20260723,False,bare_soil,concrete_pavement,221,6677.0,11.86497122130243,6.8646495178357485,13.585235595703123,5.526844024658203,7.733392715454102,15.915008544921877,5.000321703466681,8.058391571044922,0.45705423561805,1.0,1.0,1.0,stable_sign_across_seeds
surface_cover,pair,20260723,False,bare_soil,grass_low_vegetation,221,770.0,11.86497122130243,10.610697671964571,13.585235595703123,11.9466552734375,7.733392715454102,15.915008544921877,1.2542735493378585,1.638580322265625,0.2078039607451371,1.0,1.0,1.0,stable_sign_across_seeds
surface_cover,pair,20260723,False,bare_soil,roof,221,9406.0,11.86497122130243,6.8793708520723404,13.585235595703123,6.308252334594727,7.733392715454102,15.915008544921877,4.985600369230089,7.276983261108398,0.4407800739491401,1.0,1.0,1.0,stable_sign_across_seeds
surface_cover,pair,20260723,False,bare_soil,vegetation_tree,221,10000.0,11.86497122130243,3.1905340732574463,13.585235595703123,2.694421768188477,7.733392715454102,15.915008544921877,8.674437148044984,10.890813827514648,0.7375113122171946,1.0,1.0,1.0,stable_sign_across_seeds
surface_cover,pair,20260723,False,concrete_pavement,grass_low_vegetation,6677,770.0,6.8646495178357485,10.610697671964571,5.526844024658203,11.9466552734375,2.950836181640625,10.320362091064451,-3.746048154128823,-6.419811248779297,-0.4146815293438028,1.0,1.0,1.0,stable_sign_across_seeds
surface_cover,pair,20260723,False,concrete_pavement,roof,6677,9406.0,6.8646495178357485,6.8793708520723404,5.526844024658203,6.308252334594727,2.950836181640625,10.320362091064451,-0.0147213342365919,-0.7814083099365234,0.0160090951094695,0.5,1.0,1.0,seed_sensitive_sign
surface_cover,pair,20260723,False,concrete_pavement,vegetation_tree,6677,10000.0,6.8646495178357485,3.1905340732574463,5.526844024658203,2.694421768188477,2.950836181640625,10.320362091064451,3.674115444578302,2.8324222564697266,0.4632134192002397,1.0,1.0,1.0,stable_sign_across_seeds
surface_cover,pair,20260723,False,grass_low_vegetation,roof,770,9406.0,10.610697671964571,6.8793708520723404,11.9466552734375,6.308252334594727,7.284051895141602,13.65948486328125,3.731326819892231,5.638402938842773,0.36901149031704,1.0,1.0,1.0,stable_sign_across_seeds
surface_cover,pair,20260723,False,grass_low_vegetation,vegetation_tree,770,10000.0,10.610697671964571,3.1905340732574463,11.9466552734375,2.694421768188477,7.284051895141602,13.65948486328125,7.420163598707125,9.252233505249023,0.7949092207792208,1.0,1.0,1.0,stable_sign_across_seeds
surface_cover,pair,20260723,False,roof,vegetation_tree,9406,10000.0,6.8793708520723404,3.1905340732574463,6.308252334594727,2.694421768188477,1.605915069580078,11.619104385375977,3.688836778814894,3.61383056640625,0.329934127152881,1.0,1.0,1.0,stable_sign_across_seeds
surface_cover,group,20260724,False,bare_soil,,221,,11.879146843474375,,13.510986328125,,7.583612442016602,16.065338134765625,,,,,,,group_distribution_record
surface_cover,group,20260724,False,concrete_pavement,,6677,,6.9041909965119785,,5.5870361328125,,2.9961185455322266,10.394214630126951,,,,,,,group_distribution_record
surface_cover,group,20260724,False,grass_low_vegetation,,770,,10.56557648150952,,11.992593765258787,,7.010348796844482,13.703943252563477,,,,,,,group_distribution_record
surface_cover,group,20260724,False,roof,,9406,,6.818886758265737,,6.202686309814453,,1.5302619934082031,11.611206531524658,,,,,,,group_distribution_record
surface_cover,group,20260724,False,vegetation_tree,,10000,,3.2025340674877167,,2.72442626953125,,1.681537628173828,4.127374649047852,,,,,,,group_distribution_record
surface_cover,pair,20260724,False,bare_soil,concrete_pavement,221,6677.0,11.879146843474375,6.9041909965119785,13.510986328125,5.5870361328125,7.583612442016602,16.065338134765625,4.974955846962397,7.9239501953125,0.4577583478639782,1.0,1.0,1.0,stable_sign_across_seeds
surface_cover,pair,20260724,False,bare_soil,grass_low_vegetation,221,770.0,11.879146843474375,10.56557648150952,13.510986328125,11.992593765258787,7.583612442016602,16.065338134765625,1.3135703619648569,1.518392562866211,0.2164247517188693,1.0,1.0,1.0,stable_sign_across_seeds
surface_cover,pair,20260724,False,bare_soil,roof,221,9406.0,11.879146843474375,6.818886758265737,13.510986328125,6.202686309814453,7.583612442016602,16.065338134765625,5.060260085208638,7.308300018310547,0.4460265566505639,1.0,1.0,1.0,stable_sign_across_seeds
surface_cover,pair,20260724,False,bare_soil,vegetation_tree,221,10000.0,11.879146843474375,3.2025340674877167,13.510986328125,2.72442626953125,7.583612442016602,16.065338134765625,8.676612775986658,10.78656005859375,0.7444552036199095,1.0,1.0,1.0,stable_sign_across_seeds
surface_cover,pair,20260724,False,concrete_pavement,grass_low_vegetation,6677,770.0,6.9041909965119785,10.56557648150952,5.5870361328125,11.992593765258787,2.9961185455322266,10.394214630126951,-3.66138548499754,-6.405557632446289,-0.4110608427067914,1.0,1.0,1.0,stable_sign_across_seeds
surface_cover,pair,20260724,False,concrete_pavement,roof,6677,9406.0,6.9041909965119785,6.818886758265737,5.5870361328125,6.202686309814453,2.9961185455322266,10.394214630126951,0.0853042382462412,-0.6156501770019531,0.0256647592786571,0.5,1.0,1.0,seed_sensitive_sign
surface_cover,pair,20260724,False,concrete_pavement,vegetation_tree,6677,10000.0,6.9041909965119785,3.2025340674877167,5.5870361328125,2.72442626953125,2.9961185455322266,10.394214630126951,3.701656929024262,2.86260986328125,0.4675917328141381,1.0,1.0,1.0,stable_sign_across_seeds
surface_cover,pair,20260724,False,grass_low_vegetation,roof,770,9406.0,10.56557648150952,6.818886758265737,11.992593765258787,6.202686309814453,7.010348796844482,13.703943252563477,3.746689723243781,5.789907455444336,0.3712889810593405,1.0,1.0,1.0,stable_sign_across_seeds
surface_cover,pair,20260724,False,grass_low_vegetation,vegetation_tree,770,10000.0,10.56557648150952,3.2025340674877167,11.992593765258787,2.72442626953125,7.010348796844482,13.703943252563477,7.363042414021802,9.26816749572754,0.7933020779220779,1.0,1.0,1.0,stable_sign_across_seeds
surface_cover,pair,20260724,False,roof,vegetation_tree,9406,10000.0,6.818886758265737,3.2025340674877167,6.202686309814453,2.72442626953125,1.5302619934082031,11.611206531524658,3.616352690778021,3.478260040283203,0.3211750372102913,1.0,1.0,1.0,stable_sign_across_seeds
surface_cover,group,20260725,False,bare_soil,,221,,11.758738565229184,,13.108087539672852,,7.6884765625,15.83880615234375,,,,,,,group_distribution_record
surface_cover,group,20260725,False,concrete_pavement,,6677,,6.874699155959752,,5.526844024658203,,2.890460968017578,10.320362091064451,,,,,,,group_distribution_record
surface_cover,group,20260725,False,grass_low_vegetation,,770,,10.580413890194585,,11.917932510375977,,7.291408061981201,13.73370361328125,,,,,,,group_distribution_record
surface_cover,group,20260725,False,roof,,9406,,6.825367817036172,,6.202686309814453,,1.5605106353759766,11.587512969970703,,,,,,,group_distribution_record
surface_cover,group,20260725,False,vegetation_tree,,10000,,3.1972878581047057,,2.72442626953125,,1.681537628173828,4.157501220703125,,,,,,,group_distribution_record
surface_cover,pair,20260725,False,bare_soil,concrete_pavement,221,6677.0,11.758738565229184,6.874699155959752,13.108087539672852,5.526844024658203,7.6884765625,15.83880615234375,4.884039409269432,7.581243515014648,0.4514613209254163,1.0,1.0,1.0,stable_sign_across_seeds
surface_cover,pair,20260725,False,bare_soil,grass_low_vegetation,221,770.0,11.758738565229184,10.580413890194585,13.108087539672852,11.917932510375977,7.6884765625,15.83880615234375,1.1783246750346006,1.190155029296875,0.1957278016101544,1.0,1.0,1.0,stable_sign_across_seeds
surface_cover,pair,20260725,False,bare_soil,roof,221,9406.0,11.758738565229184,6.825367817036172,13.108087539672852,6.202686309814453,7.6884765625,15.83880615234375,4.933370748193012,6.905401229858398,0.4368646950103092,1.0,1.0,1.0,stable_sign_across_seeds
surface_cover,pair,20260725,False,bare_soil,vegetation_tree,221,10000.0,11.758738565229184,3.1972878581047057,13.108087539672852,2.72442626953125,7.6884765625,15.83880615234375,8.561450707124479,10.383661270141602,0.7322628959276019,1.0,1.0,1.0,stable_sign_across_seeds
surface_cover,pair,20260725,False,concrete_pavement,grass_low_vegetation,6677,770.0,6.874699155959752,10.580413890194585,5.526844024658203,11.917932510375977,2.890460968017578,10.320362091064451,-3.705714734234832,-6.391088485717773,-0.4156577434846118,1.0,1.0,1.0,stable_sign_across_seeds
surface_cover,pair,20260725,False,concrete_pavement,roof,6677,9406.0,6.874699155959752,6.825367817036172,5.526844024658203,6.202686309814453,2.890460968017578,10.320362091064451,0.0493313389235794,-0.67584228515625,0.0223042812239795,0.5,1.0,1.0,seed_sensitive_sign
surface_cover,pair,20260725,False,concrete_pavement,vegetation_tree,6677,10000.0,6.874699155959752,3.1972878581047057,5.526844024658203,2.72442626953125,2.890460968017578,10.320362091064451,3.6774112978550457,2.802417755126953,0.4639151864609854,1.0,1.0,1.0,stable_sign_across_seeds
surface_cover,pair,20260725,False,grass_low_vegetation,roof,770,9406.0,10.580413890194585,6.825367817036172,11.917932510375977,6.202686309814453,7.291408061981201,13.73370361328125,3.755046073158411,5.715246200561523,0.3733745523028959,1.0,1.0,1.0,stable_sign_across_seeds
surface_cover,pair,20260725,False,grass_low_vegetation,vegetation_tree,770,10000.0,10.580413890194585,3.1972878581047057,11.917932510375977,2.72442626953125,7.291408061981201,13.73370361328125,7.383126032089877,9.193506240844728,0.7973127272727272,1.0,1.0,1.0,stable_sign_across_seeds
surface_cover,pair,20260725,False,roof,vegetation_tree,9406,10000.0,6.825367817036172,3.1972878581047057,6.202686309814453,2.72442626953125,1.5605106353759766,11.587512969970703,3.6280799589314654,3.478260040283203,0.3232496491601107,1.0,1.0,1.0,stable_sign_across_seeds
surface_cover,group,20260726,False,bare_soil,,221,,11.73124084645267,,13.629693984985352,,7.208551406860352,15.83880615234375,,,,,,,group_distribution_record
surface_cover,group,20260726,False,concrete_pavement,,6677,,6.883303534650724,,5.51190185546875,,2.965930938720703,10.30633544921875,,,,,,,group_distribution_record
surface_cover,group,20260726,False,grass_low_vegetation,,770,,10.550849768403287,,11.9466552734375,,7.133745193481445,13.65948486328125,,,,,,,group_distribution_record
surface_cover,group,20260726,False,roof,,9406,,6.823150337692932,,6.233240127563477,,1.5605411529541016,11.513843536376951,,,,,,,group_distribution_record
surface_cover,group,20260726,False,vegetation_tree,,10000,,3.190873538684845,,2.694421768188477,,1.681537628173828,4.127374649047852,,,,,,,group_distribution_record
surface_cover,pair,20260726,False,bare_soil,concrete_pavement,221,6677.0,11.73124084645267,6.883303534650724,13.629693984985352,5.51190185546875,7.208551406860352,15.83880615234375,4.847937311801945,8.117792129516602,0.4410256862044825,1.0,1.0,1.0,stable_sign_across_seeds
surface_cover,pair,20260726,False,bare_soil,grass_low_vegetation,221,770.0,11.73124084645267,10.550849768403287,13.629693984985352,11.9466552734375,7.208551406860352,15.83880615234375,1.1803910780493805,1.6830387115478516,0.2034847505435741,1.0,1.0,1.0,stable_sign_across_seeds
surface_cover,pair,20260726,False,bare_soil,roof,221,9406.0,11.73124084645267,6.823150337692932,13.629693984985352,6.233240127563477,7.208551406860352,15.83880615234375,4.908090508759737,7.396453857421875,0.4353387603753453,1.0,1.0,1.0,stable_sign_across_seeds
surface_cover,pair,20260726,False,bare_soil,vegetation_tree,221,10000.0,11.73124084645267,3.190873538684845,13.629693984985352,2.694421768188477,7.208551406860352,15.83880615234375,8.540367307767823,10.935272216796877,0.7259325791855205,1.0,1.0,1.0,stable_sign_across_seeds
surface_cover,pair,20260726,False,concrete_pavement,grass_low_vegetation,6677,770.0,6.883303534650724,10.550849768403287,5.51190185546875,11.9466552734375,2.965930938720703,10.30633544921875,-3.6675462337525646,-6.43475341796875,-0.4107152096069274,1.0,1.0,1.0,stable_sign_across_seeds
surface_cover,pair,20260726,False,concrete_pavement,roof,6677,9406.0,6.883303534650724,6.823150337692932,5.51190185546875,6.233240127563477,2.965930938720703,10.30633544921875,0.0601531969577919,-0.7213382720947266,0.0224536669416921,0.5,1.0,1.0,seed_sensitive_sign
surface_cover,pair,20260726,False,concrete_pavement,vegetation_tree,6677,10000.0,6.883303534650724,3.190873538684845,5.51190185546875,2.694421768188477,2.965930938720703,10.30633544921875,3.6924299959658793,2.817480087280273,0.4636001647446457,1.0,1.0,1.0,stable_sign_across_seeds
surface_cover,pair,20260726,False,grass_low_vegetation,roof,770,9406.0,10.550849768403287,6.823150337692932,11.9466552734375,6.233240127563477,7.133745193481445,13.65948486328125,3.7276994307103566,5.713415145874023,0.3722687370040123,1.0,1.0,1.0,stable_sign_across_seeds
surface_cover,pair,20260726,False,grass_low_vegetation,vegetation_tree,770,10000.0,10.550849768403287,3.190873538684845,11.9466552734375,2.694421768188477,7.133745193481445,13.65948486328125,7.359976229718444,9.252233505249023,0.7945997402597402,1.0,1.0,1.0,stable_sign_across_seeds
surface_cover,pair,20260726,False,roof,vegetation_tree,9406,10000.0,6.823150337692932,3.190873538684845,6.233240127563477,2.694421768188477,1.5605411529541016,11.513843536376951,3.6322767990080873,3.538818359375,0.323248554114395,1.0,1.0,1.0,stable_sign_across_seeds
surface_cover,group,20260727,False,bare_soil,,221,,11.760871205394624,,13.73370361328125,,7.46380615234375,15.9912109375,,,,,,,group_distribution_record
surface_cover,group,20260727,False,concrete_pavement,,6677,,6.894239993835971,,5.482233047485352,,2.950836181640625,10.38092041015625,,,,,,,group_distribution_record
surface_cover,group,20260727,False,grass_low_vegetation,,770,,10.579402371196004,,11.932293891906738,,7.141536235809326,13.65948486328125,,,,,,,group_distribution_record
surface_cover,group,20260727,False,roof,,9406,,6.871499015654804,,6.292990684509277,,1.590789794921875,11.65927028656006,,,,,,,group_distribution_record
surface_cover,group,20260727,False,vegetation_tree,,10000,,3.210974882173538,,2.72442626953125,,1.7117862701416016,4.157501220703125,,,,,,,group_distribution_record
surface_cover,pair,20260727,False,bare_soil,concrete_pavement,221,6677.0,11.760871205394624,6.894239993835971,13.73370361328125,5.482233047485352,7.46380615234375,15.9912109375,4.866631211558653,8.251470565795898,0.4375810254286851,1.0,1.0,1.0,stable_sign_across_seeds
surface_cover,pair,20260727,False,bare_soil,grass_low_vegetation,221,770.0,11.760871205394624,10.579402371196004,13.73370361328125,11.932293891906738,7.46380615234375,15.9912109375,1.18146883419862,1.8014097213745115,0.2066815537403772,1.0,1.0,1.0,stable_sign_across_seeds
surface_cover,pair,20260727,False,bare_soil,roof,221,9406.0,11.760871205394624,6.871499015654804,13.73370361328125,6.292990684509277,7.46380615234375,15.9912109375,4.88937218973982,7.440712928771973,0.4297839157253047,1.0,1.0,1.0,stable_sign_across_seeds
surface_cover,pair,20260727,False,bare_soil,vegetation_tree,221,10000.0,11.760871205394624,3.210974882173538,13.73370361328125,2.72442626953125,7.46380615234375,15.9912109375,8.549896323221086,11.00927734375,0.7149954751131222,1.0,1.0,1.0,stable_sign_across_seeds
surface_cover,pair,20260727,False,concrete_pavement,grass_low_vegetation,6677,770.0,6.894239993835971,10.579402371196004,5.482233047485352,11.932293891906738,2.950836181640625,10.38092041015625,-3.685162377360033,-6.450060844421387,-0.4108653664741728,1.0,1.0,1.0,stable_sign_across_seeds
surface_cover,pair,20260727,False,concrete_pavement,roof,6677,9406.0,6.894239993835971,6.871499015654804,5.482233047485352,6.292990684509277,2.950836181640625,10.38092041015625,0.0227409781811669,-0.8107576370239258,0.0194066409482907,0.5,1.0,1.0,seed_sensitive_sign
surface_cover,pair,20260727,False,concrete_pavement,vegetation_tree,6677,10000.0,6.894239993835971,3.210974882173538,5.482233047485352,2.72442626953125,2.950836181640625,10.38092041015625,3.6832651116624326,2.7578067779541016,0.4586887823872996,1.0,1.0,1.0,stable_sign_across_seeds
surface_cover,pair,20260727,False,grass_low_vegetation,roof,770,9406.0,10.579402371196004,6.871499015654804,11.932293891906738,6.292990684509277,7.141536235809326,13.65948486328125,3.7079033555412,5.639303207397461,0.3662696648450423,1.0,1.0,1.0,stable_sign_across_seeds
surface_cover,pair,20260727,False,grass_low_vegetation,vegetation_tree,770,10000.0,10.579402371196004,3.210974882173538,11.932293891906738,2.72442626953125,7.141536235809326,13.65948486328125,7.368427489022466,9.207867622375488,0.7947236363636363,1.0,1.0,1.0,stable_sign_across_seeds
surface_cover,pair,20260727,False,roof,vegetation_tree,9406,10000.0,6.871499015654804,3.210974882173538,6.292990684509277,2.72442626953125,1.590789794921875,11.65927028656006,3.6605241334812657,3.568564414978028,0.3243486391664893,1.0,1.0,1.0,stable_sign_across_seeds
surface_cover,group,20260728,False,bare_soil,,221,,11.828515695770404,,13.510986328125,,7.807703018188477,16.217803955078125,,,,,,,group_distribution_record
surface_cover,group,20260728,False,concrete_pavement,,6677,,6.879708604111328,,5.482233047485352,,2.9961185455322266,10.30633544921875,,,,,,,group_distribution_record
surface_cover,group,20260728,False,grass_low_vegetation,,770,,10.595069778739632,,11.969342231750488,,7.088653564453125,13.65948486328125,,,,,,,group_distribution_record
surface_cover,group,20260728,False,roof,,9406,,6.9245722818040045,,6.502796173095703,,1.6362857818603516,11.695428848266602,,,,,,,group_distribution_record
surface_cover,group,20260728,False,vegetation_tree,,10000,,3.205916208791733,,2.72442626953125,,1.681537628173828,4.157501220703125,,,,,,,group_distribution_record
surface_cover,pair,20260728,False,bare_soil,concrete_pavement,221,6677.0,11.828515695770404,6.879708604111328,13.510986328125,5.482233047485352,7.807703018188477,16.217803955078125,4.9488070916590745,8.028753280639648,0.451482329086748,1.0,1.0,1.0,stable_sign_across_seeds
surface_cover,pair,20260728,False,bare_soil,grass_low_vegetation,221,770.0,11.828515695770404,10.595069778739632,13.510986328125,11.969342231750488,7.807703018188477,16.217803955078125,1.233445917030771,1.5416440963745115,0.2116060410178057,1.0,1.0,1.0,stable_sign_across_seeds
surface_cover,pair,20260728,False,bare_soil,roof,221,9406.0,11.828515695770404,6.9245722818040045,13.510986328125,6.502796173095703,7.807703018188477,16.217803955078125,4.903943413966398,7.008190155029297,0.4337502874356698,1.0,1.0,1.0,stable_sign_across_seeds
surface_cover,pair,20260728,False,bare_soil,vegetation_tree,221,10000.0,11.828515695770404,3.205916208791733,13.510986328125,2.72442626953125,7.807703018188477,16.217803955078125,8.62259948697867,10.78656005859375,0.7300325791855204,1.0,1.0,1.0,stable_sign_across_seeds
surface_cover,pair,20260728,False,concrete_pavement,grass_low_vegetation,6677,770.0,6.879708604111328,10.595069778739632,5.482233047485352,11.969342231750488,2.9961185455322266,10.30633544921875,-3.715361174628304,-6.487109184265137,-0.4188734733889744,1.0,1.0,1.0,stable_sign_across_seeds
surface_cover,pair,20260728,False,concrete_pavement,roof,6677,9406.0,6.879708604111328,6.9245722818040045,5.482233047485352,6.502796173095703,2.9961185455322266,10.30633544921875,-0.0448636776926765,-1.0205631256103516,0.0096214146830651,0.5,1.0,1.0,seed_sensitive_sign
surface_cover,pair,20260728,False,concrete_pavement,vegetation_tree,6677,10000.0,6.879708604111328,3.205916208791733,5.482233047485352,2.72442626953125,2.9961185455322266,10.30633544921875,3.673792395319595,2.7578067779541016,0.4621212071289502,1.0,1.0,1.0,stable_sign_across_seeds
surface_cover,pair,20260728,False,grass_low_vegetation,roof,770,9406.0,10.595069778739632,6.9245722818040045,11.969342231750488,6.502796173095703,7.088653564453125,13.65948486328125,3.670497496935627,5.466546058654785,0.3658484084488762,1.0,1.0,1.0,stable_sign_across_seeds
surface_cover,pair,20260728,False,grass_low_vegetation,vegetation_tree,770,10000.0,10.595069778739632,3.205916208791733,11.969342231750488,2.72442626953125,7.088653564453125,13.65948486328125,7.389153569947899,9.244915962219238,0.8013848051948051,1.0,1.0,1.0,stable_sign_across_seeds
surface_cover,pair,20260728,False,roof,vegetation_tree,9406,10000.0,6.9245722818040045,3.205916208791733,6.502796173095703,2.72442626953125,1.6362857818603516,11.695428848266602,3.718656073012272,3.778369903564453,0.3349467573889007,1.0,1.0,1.0,stable_sign_across_seeds
surface_cover,group,20260729,False,bare_soil,,221,,11.754616758942063,,13.361572265625,,7.763336181640625,16.292999267578125,,,,,,,group_distribution_record
surface_cover,group,20260729,False,concrete_pavement,,6677,,6.905043735964062,,5.481836318969727,,2.9961185455322266,10.394214630126951,,,,,,,group_distribution_record
surface_cover,group,20260729,False,grass_low_vegetation,,770,,10.62777530868332,,11.9466552734375,,6.860057353973389,13.779474258422852,,,,,,,group_distribution_record
surface_cover,group,20260729,False,roof,,9406,,6.925447434636854,,6.352771759033203,,1.6362857818603516,11.693536758422852,,,,,,,group_distribution_record
surface_cover,group,20260729,False,vegetation_tree,,10000,,3.2098816595077517,,2.72442626953125,,1.666534423828125,4.127405166625977,,,,,,,group_distribution_record
surface_cover,pair,20260729,False,bare_soil,concrete_pavement,221,6677.0,11.754616758942063,6.905043735964062,13.361572265625,5.481836318969727,7.763336181640625,16.292999267578125,4.849573022978003,7.879735946655273,0.4440786464238349,1.0,1.0,1.0,stable_sign_across_seeds
surface_cover,pair,20260729,False,bare_soil,grass_low_vegetation,221,770.0,11.754616758942063,10.62777530868332,13.361572265625,11.9466552734375,7.763336181640625,16.292999267578125,1.1268414502587447,1.4149169921875,0.1914967385555621,1.0,1.0,1.0,stable_sign_across_seeds
surface_cover,pair,20260729,False,bare_soil,roof,221,9406.0,11.754616758942063,6.925447434636854,13.361572265625,6.352771759033203,7.763336181640625,16.292999267578125,4.829169324305211,7.008800506591797,0.4281372340558591,1.0,1.0,1.0,stable_sign_across_seeds
surface_cover,pair,20260729,False,bare_soil,vegetation_tree,221,10000.0,11.754616758942063,3.2098816595077517,13.361572265625,2.72442626953125,7.763336181640625,16.292999267578125,8.544735099434314,10.63714599609375,0.7305927601809954,1.0,1.0,1.0,stable_sign_across_seeds
surface_cover,pair,20260729,False,concrete_pavement,grass_low_vegetation,6677,770.0,6.905043735964062,10.62777530868332,5.481836318969727,11.9466552734375,2.9961185455322266,10.394214630126951,-3.722731572719258,-6.464818954467773,-0.4150824014984566,1.0,1.0,1.0,stable_sign_across_seeds
surface_cover,pair,20260729,False,concrete_pavement,roof,6677,9406.0,6.905043735964062,6.925447434636854,5.481836318969727,6.352771759033203,2.9961185455322266,10.394214630126951,-0.0204036986727915,-0.8709354400634766,0.0132117830588189,0.5,1.0,1.0,seed_sensitive_sign
surface_cover,pair,20260729,False,concrete_pavement,vegetation_tree,6677,10000.0,6.905043735964062,3.2098816595077517,5.481836318969727,2.72442626953125,2.9961185455322266,10.394214630126951,3.695162076456311,2.757410049438477,0.4631405721132244,1.0,1.0,1.0,stable_sign_across_seeds
surface_cover,pair,20260729,False,grass_low_vegetation,roof,770,9406.0,10.62777530868332,6.925447434636854,11.9466552734375,6.352771759033203,6.860057353973389,13.779474258422852,3.7023278740464662,5.593883514404297,0.367486351624136,1.0,1.0,1.0,stable_sign_across_seeds
surface_cover,pair,20260729,False,grass_low_vegetation,vegetation_tree,770,10000.0,10.62777530868332,3.2098816595077517,11.9466552734375,2.72442626953125,6.860057353973389,13.779474258422852,7.41789364917557,9.22222900390625,0.7980068831168832,1.0,1.0,1.0,stable_sign_across_seeds
surface_cover,pair,20260729,False,roof,vegetation_tree,9406,10000.0,6.925447434636854,3.2098816595077517,6.352771759033203,2.72442626953125,1.6362857818603516,11.693536758422852,3.7155657751291034,3.628345489501953,0.3337662130554966,1.0,1.0,1.0,stable_sign_across_seeds
surface_cover,group,20260730,False,bare_soil,,221,,11.742181467254778,,13.406946182250977,,7.3134765625,15.9912109375,,,,,,,group_distribution_record
surface_cover,group,20260730,False,concrete_pavement,,6677,,6.882936525009199,,5.556970596313477,,2.9961185455322266,10.277338027954102,,,,,,,group_distribution_record
surface_cover,group,20260730,False,grass_low_vegetation,,770,,10.681501386072728,,11.9466552734375,,7.29097318649292,13.801496982574465,,,,,,,group_distribution_record
surface_cover,group,20260730,False,roof,,9406,,6.9229501000926925,,6.413726806640625,,1.666534423828125,11.662708282470703,,,,,,,group_distribution_record
surface_cover,group,20260730,False,vegetation_tree,,10000,,3.212561911582947,,2.72442626953125,,1.681537628173828,4.157501220703125,,,,,,,group_distribution_record
surface_cover,pair,20260730,False,bare_soil,concrete_pavement,221,6677.0,11.742181467254778,6.882936525009199,13.406946182250977,5.556970596313477,7.3134765625,15.9912109375,4.859244942245579,7.8499755859375,0.4447868247655049,1.0,1.0,1.0,stable_sign_across_seeds
surface_cover,pair,20260730,False,bare_soil,grass_low_vegetation,221,770.0,11.742181467254778,10.681501386072728,13.406946182250977,11.9466552734375,7.3134765625,15.9912109375,1.0606800811820492,1.4602909088134766,0.1857730504789327,1.0,1.0,1.0,stable_sign_across_seeds
surface_cover,pair,20260730,False,bare_soil,roof,221,9406.0,11.742181467254778,6.9229501000926925,13.406946182250977,6.413726806640625,7.3134765625,15.9912109375,4.819231367162085,6.993219375610352,0.4274113086573219,1.0,1.0,1.0,stable_sign_across_seeds
surface_cover,pair,20260730,False,bare_soil,vegetation_tree,221,10000.0,11.742181467254778,3.212561911582947,13.406946182250977,2.72442626953125,7.3134765625,15.9912109375,8.52961955567183,10.682519912719728,0.7306574660633485,1.0,1.0,1.0,stable_sign_across_seeds
surface_cover,pair,20260730,False,concrete_pavement,grass_low_vegetation,6677,770.0,6.882936525009199,10.681501386072728,5.556970596313477,11.9466552734375,2.9961185455322266,10.277338027954102,-3.7985648610635296,-6.389684677124023,-0.4204166658562345,1.0,1.0,1.0,stable_sign_across_seeds
surface_cover,pair,20260730,False,concrete_pavement,roof,6677,9406.0,6.882936525009199,6.9229501000926925,5.556970596313477,6.413726806640625,2.9961185455322266,10.277338027954102,-0.0400135750834937,-0.8567562103271484,0.0118653371985308,0.5,1.0,1.0,seed_sensitive_sign
surface_cover,pair,20260730,False,concrete_pavement,vegetation_tree,6677,10000.0,6.882936525009199,3.212561911582947,5.556970596313477,2.72442626953125,2.9961185455322266,10.277338027954102,3.670374613426252,2.8325443267822266,0.4631213119664519,1.0,1.0,1.0,stable_sign_across_seeds
surface_cover,pair,20260730,False,grass_low_vegetation,roof,770,9406.0,10.681501386072728,6.9229501000926925,11.9466552734375,6.413726806640625,7.29097318649292,13.801496982574465,3.758551285980036,5.532928466796875,0.3712900856319949,1.0,1.0,1.0,stable_sign_across_seeds
surface_cover,pair,20260730,False,grass_low_vegetation,vegetation_tree,770,10000.0,10.681501386072728,3.212561911582947,11.9466552734375,2.72442626953125,7.29097318649292,13.801496982574465,7.468939474489781,9.22222900390625,0.7973922077922078,1.0,1.0,1.0,stable_sign_across_seeds
surface_cover,pair,20260730,False,roof,vegetation_tree,9406,10000.0,6.9229501000926925,3.212561911582947,6.413726806640625,2.72442626953125,1.666534423828125,11.662708282470703,3.7103881885097456,3.689300537109375,0.3337273867743993,1.0,1.0,1.0,stable_sign_across_seeds
surface_cover,group,20260731,False,bare_soil,,221,,11.817249876341668,,13.288177490234377,,7.763336181640625,16.065338134765625,,,,,,,group_distribution_record
surface_cover,group,20260731,False,concrete_pavement,,6677,,6.8633689217641,,5.526844024658203,,2.9961185455322266,10.320362091064451,,,,,,,group_distribution_record
surface_cover,group,20260731,False,grass_low_vegetation,,770,,10.690014720272709,,12.0218505859375,,7.260922908782959,13.801496982574465,,,,,,,group_distribution_record
surface_cover,group,20260731,False,roof,,9406,,6.88573028304692,,6.277729034423828,,1.590789794921875,11.693536758422852,,,,,,,group_distribution_record
surface_cover,group,20260731,False,vegetation_tree,,10000,,3.188222229909897,,2.72442626953125,,1.681537628173828,4.127374649047852,,,,,,,group_distribution_record
surface_cover,pair,20260731,False,bare_soil,concrete_pavement,221,6677.0,11.817249876341668,6.8633689217641,13.288177490234377,5.526844024658203,7.763336181640625,16.065338134765625,4.953880954577568,7.761333465576172,0.4500124354761432,1.0,1.0,1.0,stable_sign_across_seeds
surface_cover,pair,20260731,False,bare_soil,grass_low_vegetation,221,770.0,11.817249876341668,10.690014720272709,13.288177490234377,12.0218505859375,7.763336181640625,16.065338134765625,1.1272351560689593,1.266326904296875,0.1922841864018334,1.0,1.0,1.0,stable_sign_across_seeds
surface_cover,pair,20260731,False,bare_soil,roof,221,9406.0,11.817249876341668,6.88573028304692,13.288177490234377,6.277729034423828,7.763336181640625,16.065338134765625,4.931519593294748,7.010448455810547,0.436762709467241,1.0,1.0,1.0,stable_sign_across_seeds
surface_cover,pair,20260731,False,bare_soil,vegetation_tree,221,10000.0,11.817249876341668,3.188222229909897,13.288177490234377,2.72442626953125,7.763336181640625,16.065338134765625,8.629027646431771,10.563751220703123,0.7307452488687782,1.0,1.0,1.0,stable_sign_across_seeds
surface_cover,pair,20260731,False,concrete_pavement,grass_low_vegetation,6677,770.0,6.8633689217641,10.690014720272709,5.526844024658203,12.0218505859375,2.9961185455322266,10.320362091064451,-3.8266457985086086,-6.495006561279297,-0.4198988969694376,1.0,1.0,1.0,stable_sign_across_seeds
surface_cover,pair,20260731,False,concrete_pavement,roof,6677,9406.0,6.8633689217641,6.88573028304692,5.526844024658203,6.277729034423828,2.9961185455322266,10.320362091064451,-0.0223613612828197,-0.750885009765625,0.0168393465994176,0.5,1.0,1.0,seed_sensitive_sign
surface_cover,pair,20260731,False,concrete_pavement,vegetation_tree,6677,10000.0,6.8633689217641,3.188222229909897,5.526844024658203,2.72442626953125,2.9961185455322266,10.320362091064451,3.675146691854203,2.802417755126953,0.4649808746443014,1.0,1.0,1.0,stable_sign_across_seeds
surface_cover,pair,20260731,False,grass_low_vegetation,roof,770,9406.0,10.690014720272709,6.88573028304692,12.0218505859375,6.277729034423828,7.260922908782959,13.801496982574465,3.804284437225789,5.744121551513672,0.3758570793442153,1.0,1.0,1.0,stable_sign_across_seeds
surface_cover,pair,20260731,False,grass_low_vegetation,vegetation_tree,770,10000.0,10.690014720272709,3.188222229909897,12.0218505859375,2.72442626953125,7.260922908782959,13.801496982574465,7.501792490362812,9.29742431640625,0.7974572727272726,1.0,1.0,1.0,stable_sign_across_seeds
surface_cover,pair,20260731,False,roof,vegetation_tree,9406,10000.0,6.88573028304692,3.188222229909897,6.277729034423828,2.72442626953125,1.590789794921875,11.693536758422852,3.697508053137023,3.553302764892578,0.3295751754199447,1.0,1.0,1.0,stable_sign_across_seeds
surface_cover,group,20260732,False,bare_soil,,221,,11.799961737378151,,13.510986328125,,7.913055419921875,15.9912109375,,,,,,,group_distribution_record
surface_cover,group,20260732,False,concrete_pavement,,6677,,6.91345074813452,,5.51190185546875,,2.965930938720703,10.38092041015625,,,,,,,group_distribution_record
surface_cover,group,20260732,False,grass_low_vegetation,,770,,10.629058671926524,,12.067560195922852,,6.984247207641602,13.73370361328125,,,,,,,group_distribution_record
surface_cover,group,20260732,False,roof,,9406,,6.844764908450526,,6.233240127563477,,1.5302619934082031,11.65927028656006,,,,,,,group_distribution_record
surface_cover,group,20260732,False,vegetation_tree,,10000,,3.2115998999118807,,2.72442626953125,,1.681537628173828,4.127405166625977,,,,,,,group_distribution_record
surface_cover,pair,20260732,False,bare_soil,concrete_pavement,221,6677.0,11.799961737378151,6.91345074813452,13.510986328125,5.51190185546875,7.913055419921875,15.9912109375,4.886510989243631,7.99908447265625,0.4488427552677965,1.0,1.0,1.0,stable_sign_across_seeds
surface_cover,pair,20260732,False,bare_soil,grass_low_vegetation,221,770.0,11.799961737378151,10.629058671926524,13.510986328125,12.067560195922852,7.913055419921875,15.9912109375,1.1709030654516273,1.4434261322021484,0.1959099723805606,1.0,1.0,1.0,stable_sign_across_seeds
surface_cover,pair,20260732,False,bare_soil,roof,221,9406.0,11.799961737378151,6.844764908450526,13.510986328125,6.233240127563477,7.913055419921875,15.9912109375,4.955196828927625,7.277746200561523,0.4406737588311302,1.0,1.0,1.0,stable_sign_across_seeds
surface_cover,pair,20260732,False,bare_soil,vegetation_tree,221,10000.0,11.799961737378151,3.2115998999118807,13.510986328125,2.72442626953125,7.913055419921875,15.9912109375,8.58836183746627,10.78656005859375,0.7307868778280544,1.0,1.0,1.0,stable_sign_across_seeds
surface_cover,pair,20260732,False,concrete_pavement,grass_low_vegetation,6677,770.0,6.91345074813452,10.629058671926524,5.51190185546875,12.067560195922852,2.965930938720703,10.38092041015625,-3.715607923792004,-6.555658340454102,-0.4109762335911804,1.0,1.0,1.0,stable_sign_across_seeds
surface_cover,pair,20260732,False,concrete_pavement,roof,6677,9406.0,6.91345074813452,6.844764908450526,5.51190185546875,6.233240127563477,2.965930938720703,10.38092041015625,0.0686858396839937,-0.7213382720947266,0.0225187266349957,0.5,1.0,1.0,seed_sensitive_sign
surface_cover,pair,20260732,False,concrete_pavement,vegetation_tree,6677,10000.0,6.91345074813452,3.2115998999118807,5.51190185546875,2.72442626953125,2.965930938720703,10.38092041015625,3.701850848222639,2.7874755859375,0.4628320353452149,1.0,1.0,1.0,stable_sign_across_seeds
surface_cover,pair,20260732,False,grass_low_vegetation,roof,770,9406.0,10.629058671926524,6.844764908450526,12.067560195922852,6.233240127563477,6.984247207641602,13.73370361328125,3.784293763475998,5.834320068359375,0.374143472942112,1.0,1.0,1.0,stable_sign_across_seeds
surface_cover,pair,20260732,False,grass_low_vegetation,vegetation_tree,770,10000.0,10.629058671926524,3.2115998999118807,12.067560195922852,2.72442626953125,6.984247207641602,13.73370361328125,7.417458772014643,9.343133926391602,0.789531038961039,1.0,1.0,1.0,stable_sign_across_seeds
surface_cover,pair,20260732,False,roof,vegetation_tree,9406,10000.0,6.844764908450526,3.2115998999118807,6.233240127563477,2.72442626953125,1.5302619934082031,11.65927028656006,3.633165008538645,3.5088138580322266,0.3228606634063364,1.0,1.0,1.0,stable_sign_across_seeds
surface_cover,group,20260733,False,bare_soil,,221,,11.688588043143849,,13.213043212890623,,7.46380615234375,15.763641357421877,,,,,,,group_distribution_record
surface_cover,group,20260733,False,concrete_pavement,,6677,,6.921905946852973,,5.51190185546875,,2.9961185455322266,10.30633544921875,,,,,,,group_distribution_record
surface_cover,group,20260733,False,grass_low_vegetation,,770,,10.60191606050962,,11.9466552734375,,7.24990701675415,13.779474258422852,,,,,,,group_distribution_record
surface_cover,group,20260733,False,roof,,9406,,6.843235217685931,,6.352771759033203,,1.5302619934082031,11.587512969970703,,,,,,,group_distribution_record
surface_cover,group,20260733,False,vegetation_tree,,10000,,3.229326377105713,,2.72442626953125,,1.7117862701416016,4.157501220703125,,,,,,,group_distribution_record
surface_cover,pair,20260733,False,bare_soil,concrete_pavement,221,6677.0,11.688588043143849,6.921905946852973,13.213043212890623,5.51190185546875,7.46380615234375,15.763641357421877,4.766682096290874,7.701141357421875,0.4418931199627003,1.0,1.0,1.0,stable_sign_across_seeds
surface_cover,pair,20260733,False,bare_soil,grass_low_vegetation,221,770.0,11.688588043143849,10.60191606050962,13.213043212890623,11.9466552734375,7.46380615234375,15.763641357421877,1.0866719826342273,1.266387939453125,0.1847740494799319,1.0,1.0,1.0,stable_sign_across_seeds
surface_cover,pair,20260733,False,bare_soil,roof,221,9406.0,11.688588043143849,6.843235217685931,13.213043212890623,6.352771759033203,7.46380615234375,15.763641357421877,4.845352825457916,6.860271453857422,0.4334727135755265,1.0,1.0,1.0,stable_sign_across_seeds
surface_cover,pair,20260733,False,bare_soil,vegetation_tree,221,10000.0,11.688588043143849,3.229326377105713,13.213043212890623,2.72442626953125,7.46380615234375,15.763641357421877,8.459261666038135,10.488616943359377,0.7294443438914027,1.0,1.0,1.0,stable_sign_across_seeds
surface_cover,pair,20260733,False,concrete_pavement,grass_low_vegetation,6677,770.0,6.921905946852973,10.60191606050962,5.51190185546875,11.9466552734375,2.9961185455322266,10.30633544921875,-3.680010113656647,-6.43475341796875,-0.4120500885964417,1.0,1.0,1.0,stable_sign_across_seeds
surface_cover,pair,20260733,False,concrete_pavement,roof,6677,9406.0,6.921905946852973,6.843235217685931,5.51190185546875,6.352771759033203,2.9961185455322266,10.30633544921875,0.0786707291670421,-0.8408699035644531,0.0210715544849773,0.5,1.0,1.0,seed_sensitive_sign
surface_cover,pair,20260733,False,concrete_pavement,vegetation_tree,6677,10000.0,6.921905946852973,3.229326377105713,5.51190185546875,2.72442626953125,2.9961185455322266,10.30633544921875,3.69257956974726,2.7874755859375,0.4599411711846637,1.0,1.0,1.0,stable_sign_across_seeds
surface_cover,pair,20260733,False,grass_low_vegetation,roof,770,9406.0,10.60191606050962,6.843235217685931,11.9466552734375,6.352771759033203,7.24990701675415,13.779474258422852,3.758680842823689,5.593883514404297,0.3732522208813937,1.0,1.0,1.0,stable_sign_across_seeds
surface_cover,pair,20260733,False,grass_low_vegetation,vegetation_tree,770,10000.0,10.60191606050962,3.229326377105713,11.9466552734375,2.72442626953125,7.24990701675415,13.779474258422852,7.372589683403907,9.22222900390625,0.7937741558441558,1.0,1.0,1.0,stable_sign_across_seeds
surface_cover,pair,20260733,False,roof,vegetation_tree,9406,10000.0,6.843235217685931,3.229326377105713,6.352771759033203,2.72442626953125,1.5302619934082031,11.587512969970703,3.6139088405802178,3.628345489501953,0.3226293004465235,1.0,1.0,1.0,stable_sign_across_seeds
surface_cover,group,20260734,False,bare_soil,,221,,11.668711571671844,,13.436737060546877,,7.46380615234375,15.763641357421877,,,,,,,group_distribution_record
surface_cover,group,20260734,False,concrete_pavement,,6677,,6.8919069755928986,,5.51190185546875,,2.9961185455322266,10.320362091064451,,,,,,,group_distribution_record
surface_cover,group,20260734,False,grass_low_vegetation,,770,,10.5922854262513,,11.932293891906738,,7.3134765625,13.65948486328125,,,,,,,group_distribution_record
surface_cover,group,20260734,False,roof,,9406,,6.843625256540216,,6.352771759033203,,1.5302619934082031,11.65927028656006,,,,,,,group_distribution_record
surface_cover,group,20260734,False,vegetation_tree,,10000,,3.212693799877167,,2.72442626953125,,1.681537628173828,4.127374649047852,,,,,,,group_distribution_record
surface_cover,pair,20260734,False,bare_soil,concrete_pavement,221,6677.0,11.668711571671844,6.8919069755928986,13.436737060546877,5.51190185546875,7.46380615234375,15.763641357421877,4.776804596078946,7.924835205078125,0.439501577983989,1.0,1.0,1.0,stable_sign_across_seeds
surface_cover,pair,20260734,False,bare_soil,grass_low_vegetation,221,770.0,11.668711571671844,10.5922854262513,13.436737060546877,11.932293891906738,7.46380615234375,15.763641357421877,1.0764261454205446,1.5044431686401367,0.1908620790973731,1.0,1.0,1.0,stable_sign_across_seeds
surface_cover,pair,20260734,False,bare_soil,roof,221,9406.0,11.668711571671844,6.843625256540216,13.436737060546877,6.352771759033203,7.46380615234375,15.763641357421877,4.825086315131628,7.083965301513672,0.4326876173194542,1.0,1.0,1.0,stable_sign_across_seeds
surface_cover,pair,20260734,False,bare_soil,vegetation_tree,221,10000.0,11.668711571671844,3.212693799877167,13.436737060546877,2.72442626953125,7.46380615234375,15.763641357421877,8.456017771794677,10.712310791015623,0.7280497737556562,1.0,1.0,1.0,stable_sign_across_seeds
surface_cover,pair,20260734,False,concrete_pavement,grass_low_vegetation,6677,770.0,6.8919069755928986,10.5922854262513,5.51190185546875,11.932293891906738,2.9961185455322266,10.320362091064451,-3.700378450658401,-6.420392036437988,-0.412882564492569,1.0,1.0,1.0,stable_sign_across_seeds
surface_cover,pair,20260734,False,concrete_pavement,roof,6677,9406.0,6.8919069755928986,6.843625256540216,5.51190185546875,6.352771759033203,2.9961185455322266,10.320362091064451,0.0482817190526825,-0.8408699035644531,0.0199566867400606,0.5,1.0,1.0,seed_sensitive_sign
surface_cover,pair,20260734,False,concrete_pavement,vegetation_tree,6677,10000.0,6.8919069755928986,3.212693799877167,5.51190185546875,2.72442626953125,2.9961185455322266,10.320362091064451,3.679213175715732,2.7874755859375,0.4630353452149169,1.0,1.0,1.0,stable_sign_across_seeds
surface_cover,pair,20260734,False,grass_low_vegetation,roof,770,9406.0,10.5922854262513,6.843625256540216,11.932293891906738,6.352771759033203,7.3134765625,13.65948486328125,3.748660169711084,5.579522132873535,0.3714202871336616,1.0,1.0,1.0,stable_sign_across_seeds
surface_cover,pair,20260734,False,grass_low_vegetation,vegetation_tree,770,10000.0,10.5922854262513,3.212693799877167,11.932293891906738,2.72442626953125,7.3134765625,13.65948486328125,7.379591626374133,9.207867622375488,0.7955463636363636,1.0,1.0,1.0,stable_sign_across_seeds
surface_cover,pair,20260734,False,roof,vegetation_tree,9406,10000.0,6.843625256540216,3.212693799877167,6.352771759033203,2.72442626953125,1.5302619934082031,11.65927028656006,3.630931456663049,3.628345489501953,0.3224891452264511,1.0,1.0,1.0,stable_sign_across_seeds
surface_cover,group,20260735,False,bare_soil,,221,,11.717128745031571,,13.510986328125,,8.332056045532227,15.83880615234375,,,,,,,group_distribution_record
surface_cover,group,20260735,False,concrete_pavement,,6677,,6.842969492843306,,5.526844024658203,,2.965930938720703,10.320362091064451,,,,,,,group_distribution_record
surface_cover,group,20260735,False,grass_low_vegetation,,770,,10.60886934949206,,11.9466552734375,,7.126121520996094,13.65236520767212,,,,,,,group_distribution_record
surface_cover,group,20260735,False,roof,,9406,,6.854995401722306,,6.323254585266113,,1.5302619934082031,11.662708282470703,,,,,,,group_distribution_record
surface_cover,group,20260735,False,vegetation_tree,,10000,,3.2200393097400664,,2.694421768188477,,1.681537628173828,4.157501220703125,,,,,,,group_distribution_record
surface_cover,pair,20260735,False,bare_soil,concrete_pavement,221,6677.0,11.717128745031571,6.842969492843306,13.510986328125,5.526844024658203,8.332056045532227,15.83880615234375,4.874159252188267,7.984142303466797,0.446544733491143,1.0,1.0,1.0,stable_sign_across_seeds
surface_cover,pair,20260735,False,bare_soil,grass_low_vegetation,221,770.0,11.717128745031571,10.60886934949206,13.510986328125,11.9466552734375,8.332056045532227,15.83880615234375,1.1082593955395126,1.5643310546875,0.1914085914085914,1.0,1.0,1.0,stable_sign_across_seeds
surface_cover,pair,20260735,False,bare_soil,roof,221,9406.0,11.717128745031571,6.854995401722306,13.510986328125,6.323254585266113,8.332056045532227,15.83880615234375,4.862133343309267,7.187731742858887,0.4351670205693294,1.0,1.0,1.0,stable_sign_across_seeds
surface_cover,pair,20260735,False,bare_soil,vegetation_tree,221,10000.0,11.717128745031571,3.2200393097400664,13.510986328125,2.694421768188477,8.332056045532227,15.83880615234375,8.497089435291507,10.816564559936523,0.7271303167420815,1.0,1.0,1.0,stable_sign_across_seeds
surface_cover,pair,20260735,False,concrete_pavement,grass_low_vegetation,6677,770.0,6.842969492843306,10.60886934949206,5.526844024658203,11.9466552734375,2.965930938720703,10.320362091064451,-3.7658998566487543,-6.419811248779297,-0.414529427439417,1.0,1.0,1.0,stable_sign_across_seeds
surface_cover,pair,20260735,False,concrete_pavement,roof,6677,9406.0,6.842969492843306,6.854995401722306,5.526844024658203,6.323254585266113,2.965930938720703,10.320362091064451,-0.012025908879,-0.7964105606079102,0.0182986039934933,0.5,1.0,1.0,seed_sensitive_sign
surface_cover,pair,20260735,False,concrete_pavement,vegetation_tree,6677,10000.0,6.842969492843306,3.2200393097400664,5.526844024658203,2.694421768188477,2.965930938720703,10.320362091064451,3.62293018310324,2.8324222564697266,0.4573672757226299,1.0,1.0,1.0,stable_sign_across_seeds
surface_cover,pair,20260735,False,grass_low_vegetation,roof,770,9406.0,10.60886934949206,6.854995401722306,11.9466552734375,6.323254585266113,7.126121520996094,13.65236520767212,3.7538739477697542,5.623400688171387,0.3725222364282539,1.0,1.0,1.0,stable_sign_across_seeds
surface_cover,pair,20260735,False,grass_low_vegetation,vegetation_tree,770,10000.0,10.60886934949206,3.2200393097400664,11.9466552734375,2.694421768188477,7.126121520996094,13.65236520767212,7.388830039751994,9.252233505249023,0.7945177922077922,1.0,1.0,1.0,stable_sign_across_seeds
surface_cover,pair,20260735,False,roof,vegetation_tree,9406,10000.0,6.854995401722306,3.2200393097400664,6.323254585266113,2.694421768188477,1.5302619934082031,11.662708282470703,3.63495609198224,3.6288328170776367,0.3200645120136083,1.0,1.0,1.0,stable_sign_across_seeds
