candidate_priority,existing_pilot_grid_output,contains_sample_0016,pair_id,image_id,sample_number,site_group,capture_date,dataset_folder,session_folder,v_path,t_path,match_method,timestamp_difference_seconds,visible_capture_datetime,thermal_capture_datetime,thermal_gps_latitude,thermal_gps_longitude,thermal_relative_altitude,visible_image_width,visible_image_height,thermal_image_width,thermal_image_height,visible_footprint_status,thermal_footprint_status,qa_status,notes
high,yes,no,20260107_Thermal_HKUST/DCIM/DJI_202601071424_001::DJI_20260107143259_0005,DJI_20260107143259_0005,0005,HKUST,2026-01-07,20260107_Thermal_HKUST,DJI_202601071424_001,data/raw/HKUST/20260107_Thermal_HKUST/DCIM/DJI_202601071424_001/DJI_20260107143259_0005_V.JPG,data/raw/HKUST/20260107_Thermal_HKUST/DCIM/DJI_202601071424_001/DJI_20260107143259_0005_T.JPG,exact_base_name,0,2026-01-07 14:32:59,2026-01-07 14:32:59,22.340113888888887,114.263325,399.28,4032.0,3024.0,640.0,512.0,ok,ok,candidate_only_no_visual_QA,Prioritized from existing inventory/metadata only; final pilot selection requires visual QA and Part B alignment review.
high,yes,no,20260107_Thermal_HKUST/DCIM/DJI_202601071424_001::DJI_20260107143320_0007,DJI_20260107143320_0007,0007,HKUST,2026-01-07,20260107_Thermal_HKUST,DJI_202601071424_001,data/raw/HKUST/20260107_Thermal_HKUST/DCIM/DJI_202601071424_001/DJI_20260107143320_0007_V.JPG,data/raw/HKUST/20260107_Thermal_HKUST/DCIM/DJI_202601071424_001/DJI_20260107143320_0007_T.JPG,exact_base_name,0,2026-01-07 14:33:20,2026-01-07 14:33:20,22.338783333333332,114.26330555555556,400.098,4032.0,3024.0,640.0,512.0,ok,ok,candidate_only_no_visual_QA,Prioritized from existing inventory/metadata only; final pilot selection requires visual QA and Part B alignment review.
high,yes,no,20260107_Thermal_HKUST/DCIM/DJI_202601071424_001::DJI_20260107143328_0008,DJI_20260107143328_0008,0008,HKUST,2026-01-07,20260107_Thermal_HKUST,DJI_202601071424_001,data/raw/HKUST/20260107_Thermal_HKUST/DCIM/DJI_202601071424_001/DJI_20260107143328_0008_V.JPG,data/raw/HKUST/20260107_Thermal_HKUST/DCIM/DJI_202601071424_001/DJI_20260107143328_0008_T.JPG,exact_base_name,0,2026-01-07 14:33:28,2026-01-07 14:33:28,22.338366666666666,114.2633,400.275,4032.0,3024.0,640.0,512.0,ok,ok,candidate_only_no_visual_QA,Prioritized from existing inventory/metadata only; final pilot selection requires visual QA and Part B alignment review.
high,yes,no,20260107_Thermal_HKUST/DCIM/DJI_202601071424_001::DJI_20260107143344_0009,DJI_20260107143344_0009,0009,HKUST,2026-01-07,20260107_Thermal_HKUST,DJI_202601071424_001,data/raw/HKUST/20260107_Thermal_HKUST/DCIM/DJI_202601071424_001/DJI_20260107143344_0009_V.JPG,data/raw/HKUST/20260107_Thermal_HKUST/DCIM/DJI_202601071424_001/DJI_20260107143344_0009_T.JPG,exact_base_name,0,2026-01-07 14:33:44,2026-01-07 14:33:44,22.337699999999998,114.2632888888889,400.667,4032.0,3024.0,640.0,512.0,ok,ok,candidate_only_no_visual_QA,Prioritized from existing inventory/metadata only; final pilot selection requires visual QA and Part B alignment review.
high,yes,no,20260107_Thermal_HKUST/DCIM/DJI_202601071424_001::DJI_20260107143401_0011,DJI_20260107143401_0011,0011,HKUST,2026-01-07,20260107_Thermal_HKUST,DJI_202601071424_001,data/raw/HKUST/20260107_Thermal_HKUST/DCIM/DJI_202601071424_001/DJI_20260107143401_0011_V.JPG,data/raw/HKUST/20260107_Thermal_HKUST/DCIM/DJI_202601071424_001/DJI_20260107143401_0011_T.JPG,exact_base_name,0,2026-01-07 14:34:01,2026-01-07 14:34:01,22.336647222222222,114.26327222222223,400.791,4032.0,3024.0,640.0,512.0,ok,ok,candidate_only_no_visual_QA,Prioritized from existing inventory/metadata only; final pilot selection requires visual QA and Part B alignment review.
high,no,yes,20260107_Thermal_HKUST/DCIM/DJI_202601071424_001::DJI_20260107143435_0016,DJI_20260107143435_0016,0016,HKUST,2026-01-07,20260107_Thermal_HKUST,DJI_202601071424_001,data/raw/HKUST/20260107_Thermal_HKUST/DCIM/DJI_202601071424_001/DJI_20260107143435_0016_V.JPG,data/raw/HKUST/20260107_Thermal_HKUST/DCIM/DJI_202601071424_001/DJI_20260107143435_0016_T.JPG,exact_base_name,0,2026-01-07 14:34:35,2026-01-07 14:34:35,22.334391666666665,114.26324166666667,401.675,4032.0,3024.0,640.0,512.0,ok,ok,candidate_only_no_visual_QA,Prioritized from existing inventory/metadata only; final pilot selection requires visual QA and Part B alignment review.
high,no,yes,20260107_Thermal_HKUST/DCIM/DJI_202601071453_002::DJI_20260107150654_0016,DJI_20260107150654_0016,0016,HKUST,2026-01-07,20260107_Thermal_HKUST,DJI_202601071453_002,data/raw/HKUST/20260107_Thermal_HKUST/DCIM/DJI_202601071453_002/DJI_20260107150654_0016_V.JPG,data/raw/HKUST/20260107_Thermal_HKUST/DCIM/DJI_202601071453_002/DJI_20260107150654_0016_T.JPG,exact_base_name,0,2026-01-07 15:06:54,2026-01-07 15:06:54,22.337533333333333,114.26295833333333,296.053,4096.0,3072.0,640.0,512.0,ok,ok,candidate_only_no_visual_QA,Prioritized from existing inventory/metadata only; final pilot selection requires visual QA and Part B alignment review.
high,no,yes,20260109_Thermal_HKUST/DCIM/DJI_202601091403_001::DJI_20260109141356_0016,DJI_20260109141356_0016,0016,HKUST,2026-01-09,20260109_Thermal_HKUST,DJI_202601091403_001,data/raw/HKUST/20260109_Thermal_HKUST/DCIM/DJI_202601091403_001/DJI_20260109141356_0016_V.JPG,data/raw/HKUST/20260109_Thermal_HKUST/DCIM/DJI_202601091403_001/DJI_20260109141356_0016_T.JPG,exact_base_name,0,2026-01-09 14:13:56,2026-01-09 14:13:56,22.333969444444442,114.26345833333333,449.878,4032.0,3024.0,640.0,512.0,ok,ok,candidate_only_no_visual_QA,Prioritized from existing inventory/metadata only; final pilot selection requires visual QA and Part B alignment review.
high,no,yes,20260202_Thermal_HKUST/DCIM/DJI_202602020853_001::DJI_20260202090442_0016,DJI_20260202090442_0016,0016,HKUST,2026-02-02,20260202_Thermal_HKUST,DJI_202602020853_001,data/raw/HKUST/20260202_Thermal_HKUST/DCIM/DJI_202602020853_001/DJI_20260202090442_0016_V.JPG,data/raw/HKUST/20260202_Thermal_HKUST/DCIM/DJI_202602020853_001/DJI_20260202090442_0016_T.JPG,exact_base_name,0,2026-02-02 09:04:42,2026-02-02 09:04:42,22.33615,114.263925,497.221,4096.0,3072.0,640.0,512.0,ok,ok,candidate_only_no_visual_QA,Prioritized from existing inventory/metadata only; final pilot selection requires visual QA and Part B alignment review.
high,no,yes,20260202_Thermal_HKUST/DCIM/DJI_202602020954_002::DJI_20260202100135_0016,DJI_20260202100135_0016,0016,HKUST,2026-02-02,20260202_Thermal_HKUST,DJI_202602020954_002,data/raw/HKUST/20260202_Thermal_HKUST/DCIM/DJI_202602020954_002/DJI_20260202100135_0016_V.JPG,data/raw/HKUST/20260202_Thermal_HKUST/DCIM/DJI_202602020954_002/DJI_20260202100135_0016_T.JPG,exact_base_name,0,2026-02-02 10:01:35,2026-02-02 10:01:35,22.332925,114.26289444444444,499.929,4032.0,3024.0,640.0,512.0,ok,ok,candidate_only_no_visual_QA,Prioritized from existing inventory/metadata only; final pilot selection requires visual QA and Part B alignment review.
high,no,yes,20260202_Thermal_HKUST/DCIM/DJI_202602021145_004::DJI_20260202115409_0016,DJI_20260202115409_0016,0016,HKUST,2026-02-02,20260202_Thermal_HKUST,DJI_202602021145_004,data/raw/HKUST/20260202_Thermal_HKUST/DCIM/DJI_202602021145_004/DJI_20260202115409_0016_V.JPG,data/raw/HKUST/20260202_Thermal_HKUST/DCIM/DJI_202602021145_004/DJI_20260202115409_0016_T.JPG,exact_base_name,0,2026-02-02 11:54:09,2026-02-02 11:54:09,22.331430555555556,114.26105833333334,499.022,4096.0,3072.0,640.0,512.0,ok,ok,candidate_only_no_visual_QA,Prioritized from existing inventory/metadata only; final pilot selection requires visual QA and Part B alignment review.
high,no,yes,20260202_Thermal_HKUST/DCIM/DJI_202602021352_006::DJI_20260202135942_0016,DJI_20260202135942_0016,0016,HKUST,2026-02-02,20260202_Thermal_HKUST,DJI_202602021352_006,data/raw/HKUST/20260202_Thermal_HKUST/DCIM/DJI_202602021352_006/DJI_20260202135942_0016_V.JPG,data/raw/HKUST/20260202_Thermal_HKUST/DCIM/DJI_202602021352_006/DJI_20260202135942_0016_T.JPG,exact_base_name,0,2026-02-02 13:59:42,2026-02-02 13:59:42,22.334633333333333,114.26196666666667,496.423,4096.0,3072.0,640.0,512.0,ok,ok,candidate_only_no_visual_QA,Prioritized from existing inventory/metadata only; final pilot selection requires visual QA and Part B alignment review.
high,no,yes,20260202_Thermal_HKUST/DCIM/DJI_202602021452_007::DJI_20260202150201_0016,DJI_20260202150201_0016,0016,HKUST,2026-02-02,20260202_Thermal_HKUST,DJI_202602021452_007,data/raw/HKUST/20260202_Thermal_HKUST/DCIM/DJI_202602021452_007/DJI_20260202150201_0016_V.JPG,data/raw/HKUST/20260202_Thermal_HKUST/DCIM/DJI_202602021452_007/DJI_20260202150201_0016_T.JPG,exact_base_name,0,2026-02-02 15:02:01,2026-02-02 15:02:01,22.329777777777778,114.26156666666667,498.363,4096.0,3072.0,640.0,512.0,ok,ok,candidate_only_no_visual_QA,Prioritized from existing inventory/metadata only; final pilot selection requires visual QA and Part B alignment review.
high,no,yes,20260202_Thermal_HKUST/DCIM/DJI_202602021556_008::DJI_20260202160636_0016,DJI_20260202160636_0016,0016,HKUST,2026-02-02,20260202_Thermal_HKUST,DJI_202602021556_008,data/raw/HKUST/20260202_Thermal_HKUST/DCIM/DJI_202602021556_008/DJI_20260202160636_0016_V.JPG,data/raw/HKUST/20260202_Thermal_HKUST/DCIM/DJI_202602021556_008/DJI_20260202160636_0016_T.JPG,exact_base_name,0,2026-02-02 16:06:36,2026-02-02 16:06:36,22.333691666666667,114.26810555555555,498.743,4096.0,3072.0,640.0,512.0,ok,ok,candidate_only_no_visual_QA,Prioritized from existing inventory/metadata only; final pilot selection requires visual QA and Part B alignment review.
high,no,yes,20260202_Thermal_HKUST/DCIM/DJI_202602021650_009::DJI_20260202165829_0016,DJI_20260202165829_0016,0016,HKUST,2026-02-02,20260202_Thermal_HKUST,DJI_202602021650_009,data/raw/HKUST/20260202_Thermal_HKUST/DCIM/DJI_202602021650_009/DJI_20260202165829_0016_V.JPG,data/raw/HKUST/20260202_Thermal_HKUST/DCIM/DJI_202602021650_009/DJI_20260202165829_0016_T.JPG,exact_base_name,0,2026-02-02 16:58:29,2026-02-02 16:58:29,22.332166666666666,114.26864444444445,500.005,4032.0,3024.0,640.0,512.0,ok,ok,candidate_only_no_visual_QA,Prioritized from existing inventory/metadata only; final pilot selection requires visual QA and Part B alignment review.
high,no,no,20260107_Thermal_HKUST/DCIM/DJI_202601071424_001::DJI_20260107143409_0012,DJI_20260107143409_0012,0012,HKUST,2026-01-07,20260107_Thermal_HKUST,DJI_202601071424_001,data/raw/HKUST/20260107_Thermal_HKUST/DCIM/DJI_202601071424_001/DJI_20260107143409_0012_V.JPG,data/raw/HKUST/20260107_Thermal_HKUST/DCIM/DJI_202601071424_001/DJI_20260107143409_0012_T.JPG,exact_base_name,0,2026-01-07 14:34:09,2026-01-07 14:34:09,22.336194444444445,114.26326666666667,400.909,4032.0,3024.0,640.0,512.0,ok,ok,candidate_only_no_visual_QA,Prioritized from existing inventory/metadata only; final pilot selection requires visual QA and Part B alignment review.
high,no,no,20260107_Thermal_HKUST/DCIM/DJI_202601071424_001::DJI_20260107143416_0013,DJI_20260107143416_0013,0013,HKUST,2026-01-07,20260107_Thermal_HKUST,DJI_202601071424_001,data/raw/HKUST/20260107_Thermal_HKUST/DCIM/DJI_202601071424_001/DJI_20260107143416_0013_V.JPG,data/raw/HKUST/20260107_Thermal_HKUST/DCIM/DJI_202601071424_001/DJI_20260107143416_0013_T.JPG,exact_base_name,0,2026-01-07 14:34:16,2026-01-07 14:34:16,22.33565833333333,114.26325833333334,401.131,4032.0,3024.0,640.0,512.0,ok,ok,candidate_only_no_visual_QA,Prioritized from existing inventory/metadata only; final pilot selection requires visual QA and Part B alignment review.
high,no,no,20260107_Thermal_HKUST/DCIM/DJI_202601071424_001::DJI_20260107143418_0014,DJI_20260107143418_0014,0014,HKUST,2026-01-07,20260107_Thermal_HKUST,DJI_202601071424_001,data/raw/HKUST/20260107_Thermal_HKUST/DCIM/DJI_202601071424_001/DJI_20260107143418_0014_V.JPG,data/raw/HKUST/20260107_Thermal_HKUST/DCIM/DJI_202601071424_001/DJI_20260107143418_0014_T.JPG,exact_base_name,0,2026-01-07 14:34:18,2026-01-07 14:34:18,22.335641666666664,114.26325833333334,401.168,4032.0,3024.0,640.0,512.0,ok,ok,candidate_only_no_visual_QA,Prioritized from existing inventory/metadata only; final pilot selection requires visual QA and Part B alignment review.
high,no,no,20260107_Thermal_HKUST/DCIM/DJI_202601071424_001::DJI_20260107143426_0015,DJI_20260107143426_0015,0015,HKUST,2026-01-07,20260107_Thermal_HKUST,DJI_202601071424_001,data/raw/HKUST/20260107_Thermal_HKUST/DCIM/DJI_202601071424_001/DJI_20260107143426_0015_V.JPG,data/raw/HKUST/20260107_Thermal_HKUST/DCIM/DJI_202601071424_001/DJI_20260107143426_0015_T.JPG,exact_base_name,0,2026-01-07 14:34:26,2026-01-07 14:34:26,22.335066666666666,114.26325277777778,401.474,4032.0,3024.0,640.0,512.0,ok,ok,candidate_only_no_visual_QA,Prioritized from existing inventory/metadata only; final pilot selection requires visual QA and Part B alignment review.
high,no,no,20260107_Thermal_HKUST/DCIM/DJI_202601071424_001::DJI_20260107143443_0017,DJI_20260107143443_0017,0017,HKUST,2026-01-07,20260107_Thermal_HKUST,DJI_202601071424_001,data/raw/HKUST/20260107_Thermal_HKUST/DCIM/DJI_202601071424_001/DJI_20260107143443_0017_V.JPG,data/raw/HKUST/20260107_Thermal_HKUST/DCIM/DJI_202601071424_001/DJI_20260107143443_0017_T.JPG,exact_base_name,0,2026-01-07 14:34:43,2026-01-07 14:34:43,22.333869444444442,114.26323333333333,401.731,4032.0,3024.0,640.0,512.0,ok,ok,candidate_only_no_visual_QA,Prioritized from existing inventory/metadata only; final pilot selection requires visual QA and Part B alignment review.
high,no,no,20260107_Thermal_HKUST/DCIM/DJI_202601071424_001::DJI_20260107143452_0018,DJI_20260107143452_0018,0018,HKUST,2026-01-07,20260107_Thermal_HKUST,DJI_202601071424_001,data/raw/HKUST/20260107_Thermal_HKUST/DCIM/DJI_202601071424_001/DJI_20260107143452_0018_V.JPG,data/raw/HKUST/20260107_Thermal_HKUST/DCIM/DJI_202601071424_001/DJI_20260107143452_0018_T.JPG,exact_base_name,0,2026-01-07 14:34:52,2026-01-07 14:34:52,22.333216666666665,114.263225,401.724,4032.0,3024.0,640.0,512.0,ok,ok,candidate_only_no_visual_QA,Prioritized from existing inventory/metadata only; final pilot selection requires visual QA and Part B alignment review.
high,no,no,20260107_Thermal_HKUST/DCIM/DJI_202601071424_001::DJI_20260107143503_0020,DJI_20260107143503_0020,0020,HKUST,2026-01-07,20260107_Thermal_HKUST,DJI_202601071424_001,data/raw/HKUST/20260107_Thermal_HKUST/DCIM/DJI_202601071424_001/DJI_20260107143503_0020_V.JPG,data/raw/HKUST/20260107_Thermal_HKUST/DCIM/DJI_202601071424_001/DJI_20260107143503_0020_T.JPG,exact_base_name,0,2026-01-07 14:35:03,2026-01-07 14:35:03,22.333205555555555,114.26392777777778,401.673,4032.0,3024.0,640.0,512.0,ok,ok,candidate_only_no_visual_QA,Prioritized from existing inventory/metadata only; final pilot selection requires visual QA and Part B alignment review.
high,no,no,20260107_Thermal_HKUST/DCIM/DJI_202601071424_001::DJI_20260107143513_0021,DJI_20260107143513_0021,0021,HKUST,2026-01-07,20260107_Thermal_HKUST,DJI_202601071424_001,data/raw/HKUST/20260107_Thermal_HKUST/DCIM/DJI_202601071424_001/DJI_20260107143513_0021_V.JPG,data/raw/HKUST/20260107_Thermal_HKUST/DCIM/DJI_202601071424_001/DJI_20260107143513_0021_T.JPG,exact_base_name,0,2026-01-07 14:35:13,2026-01-07 14:35:13,22.33393611111111,114.26395277777777,401.259,4032.0,3024.0,640.0,512.0,ok,ok,candidate_only_no_visual_QA,Prioritized from existing inventory/metadata only; final pilot selection requires visual QA and Part B alignment review.
high,no,no,20260107_Thermal_HKUST/DCIM/DJI_202601071424_001::DJI_20260107143535_0023,DJI_20260107143535_0023,0023,HKUST,2026-01-07,20260107_Thermal_HKUST,DJI_202601071424_001,data/raw/HKUST/20260107_Thermal_HKUST/DCIM/DJI_202601071424_001/DJI_20260107143535_0023_V.JPG,data/raw/HKUST/20260107_Thermal_HKUST/DCIM/DJI_202601071424_001/DJI_20260107143535_0023_T.JPG,exact_base_name,0,2026-01-07 14:35:35,2026-01-07 14:35:35,22.335366666666665,114.26395833333333,400.391,4032.0,3024.0,640.0,512.0,ok,ok,candidate_only_no_visual_QA,Prioritized from existing inventory/metadata only; final pilot selection requires visual QA and Part B alignment review.
high,no,no,20260107_Thermal_HKUST/DCIM/DJI_202601071424_001::DJI_20260107143545_0024,DJI_20260107143545_0024,0024,HKUST,2026-01-07,20260107_Thermal_HKUST,DJI_202601071424_001,data/raw/HKUST/20260107_Thermal_HKUST/DCIM/DJI_202601071424_001/DJI_20260107143545_0024_V.JPG,data/raw/HKUST/20260107_Thermal_HKUST/DCIM/DJI_202601071424_001/DJI_20260107143545_0024_T.JPG,exact_base_name,0,2026-01-07 14:35:45,2026-01-07 14:35:45,22.335980555555555,114.26396666666666,400.164,4032.0,3024.0,640.0,512.0,ok,ok,candidate_only_no_visual_QA,Prioritized from existing inventory/metadata only; final pilot selection requires visual QA and Part B alignment review.
high,no,no,20260107_Thermal_HKUST/DCIM/DJI_202601071424_001::DJI_20260107143601_0026,DJI_20260107143601_0026,0026,HKUST,2026-01-07,20260107_Thermal_HKUST,DJI_202601071424_001,data/raw/HKUST/20260107_Thermal_HKUST/DCIM/DJI_202601071424_001/DJI_20260107143601_0026_V.JPG,data/raw/HKUST/20260107_Thermal_HKUST/DCIM/DJI_202601071424_001/DJI_20260107143601_0026_T.JPG,exact_base_name,0,2026-01-07 14:36:01,2026-01-07 14:36:01,22.337013888888887,114.263975,400.297,4032.0,3024.0,640.0,512.0,ok,ok,candidate_only_no_visual_QA,Prioritized from existing inventory/metadata only; final pilot selection requires visual QA and Part B alignment review.
high,no,no,20260107_Thermal_HKUST/DCIM/DJI_202601071424_001::DJI_20260107143623_0027,DJI_20260107143623_0027,0027,HKUST,2026-01-07,20260107_Thermal_HKUST,DJI_202601071424_001,data/raw/HKUST/20260107_Thermal_HKUST/DCIM/DJI_202601071424_001/DJI_20260107143623_0027_V.JPG,data/raw/HKUST/20260107_Thermal_HKUST/DCIM/DJI_202601071424_001/DJI_20260107143623_0027_T.JPG,exact_base_name,0,2026-01-07 14:36:23,2026-01-07 14:36:23,22.33788611111111,114.26398333333333,400.808,4032.0,3024.0,640.0,512.0,ok,ok,candidate_only_no_visual_QA,Prioritized from existing inventory/metadata only; final pilot selection requires visual QA and Part B alignment review.
high,no,no,20260107_Thermal_HKUST/DCIM/DJI_202601071424_001::DJI_20260107143631_0028,DJI_20260107143631_0028,0028,HKUST,2026-01-07,20260107_Thermal_HKUST,DJI_202601071424_001,data/raw/HKUST/20260107_Thermal_HKUST/DCIM/DJI_202601071424_001/DJI_20260107143631_0028_V.JPG,data/raw/HKUST/20260107_Thermal_HKUST/DCIM/DJI_202601071424_001/DJI_20260107143631_0028_T.JPG,exact_base_name,0,2026-01-07 14:36:31,2026-01-07 14:36:31,22.33845833333333,114.26398888888889,400.859,4032.0,3024.0,640.0,512.0,ok,ok,candidate_only_no_visual_QA,Prioritized from existing inventory/metadata only; final pilot selection requires visual QA and Part B alignment review.
high,no,no,20260107_Thermal_HKUST/DCIM/DJI_202601071424_001::DJI_20260107143639_0029,DJI_20260107143639_0029,0029,HKUST,2026-01-07,20260107_Thermal_HKUST,DJI_202601071424_001,data/raw/HKUST/20260107_Thermal_HKUST/DCIM/DJI_202601071424_001/DJI_20260107143639_0029_V.JPG,data/raw/HKUST/20260107_Thermal_HKUST/DCIM/DJI_202601071424_001/DJI_20260107143639_0029_T.JPG,exact_base_name,0,2026-01-07 14:36:39,2026-01-07 14:36:39,22.33888611111111,114.26399166666667,401.024,4032.0,3024.0,640.0,512.0,ok,ok,candidate_only_no_visual_QA,Prioritized from existing inventory/metadata only; final pilot selection requires visual QA and Part B alignment review.
high,no,no,20260107_Thermal_HKUST/DCIM/DJI_202601071424_001::DJI_20260107143645_0030,DJI_20260107143645_0030,0030,HKUST,2026-01-07,20260107_Thermal_HKUST,DJI_202601071424_001,data/raw/HKUST/20260107_Thermal_HKUST/DCIM/DJI_202601071424_001/DJI_20260107143645_0030_V.JPG,data/raw/HKUST/20260107_Thermal_HKUST/DCIM/DJI_202601071424_001/DJI_20260107143645_0030_T.JPG,exact_base_name,0,2026-01-07 14:36:45,2026-01-07 14:36:45,22.339208333333332,114.26399444444445,401.103,4032.0,3024.0,640.0,512.0,ok,ok,candidate_only_no_visual_QA,Prioritized from existing inventory/metadata only; final pilot selection requires visual QA and Part B alignment review.
high,no,no,20260107_Thermal_HKUST/DCIM/DJI_202601071424_001::DJI_20260107143653_0031,DJI_20260107143653_0031,0031,HKUST,2026-01-07,20260107_Thermal_HKUST,DJI_202601071424_001,data/raw/HKUST/20260107_Thermal_HKUST/DCIM/DJI_202601071424_001/DJI_20260107143653_0031_V.JPG,data/raw/HKUST/20260107_Thermal_HKUST/DCIM/DJI_202601071424_001/DJI_20260107143653_0031_T.JPG,exact_base_name,0,2026-01-07 14:36:53,2026-01-07 14:36:53,22.339791666666667,114.264,401.295,4032.0,3024.0,640.0,512.0,ok,ok,candidate_only_no_visual_QA,Prioritized from existing inventory/metadata only; final pilot selection requires visual QA and Part B alignment review.
high,no,no,20260107_Thermal_HKUST/DCIM/DJI_202601071424_001::DJI_20260107143654_0032,DJI_20260107143654_0032,0032,HKUST,2026-01-07,20260107_Thermal_HKUST,DJI_202601071424_001,data/raw/HKUST/20260107_Thermal_HKUST/DCIM/DJI_202601071424_001/DJI_20260107143654_0032_V.JPG,data/raw/HKUST/20260107_Thermal_HKUST/DCIM/DJI_202601071424_001/DJI_20260107143654_0032_T.JPG,exact_base_name,0,2026-01-07 14:36:54,2026-01-07 14:36:54,22.3398,114.264,401.051,4032.0,3024.0,640.0,512.0,ok,ok,candidate_only_no_visual_QA,Prioritized from existing inventory/metadata only; final pilot selection requires visual QA and Part B alignment review.
high,no,no,20260107_Thermal_HKUST/DCIM/DJI_202601071424_001::DJI_20260107143701_0033,DJI_20260107143701_0033,0033,HKUST,2026-01-07,20260107_Thermal_HKUST,DJI_202601071424_001,data/raw/HKUST/20260107_Thermal_HKUST/DCIM/DJI_202601071424_001/DJI_20260107143701_0033_V.JPG,data/raw/HKUST/20260107_Thermal_HKUST/DCIM/DJI_202601071424_001/DJI_20260107143701_0033_T.JPG,exact_base_name,0,2026-01-07 14:37:01,2026-01-07 14:37:01,22.340180555555555,114.26400277777778,400.825,4032.0,3024.0,640.0,512.0,ok,ok,candidate_only_no_visual_QA,Prioritized from existing inventory/metadata only; final pilot selection requires visual QA and Part B alignment review.
high,no,no,20260107_Thermal_HKUST/DCIM/DJI_202601071424_001::DJI_20260107143718_0035,DJI_20260107143718_0035,0035,HKUST,2026-01-07,20260107_Thermal_HKUST,DJI_202601071424_001,data/raw/HKUST/20260107_Thermal_HKUST/DCIM/DJI_202601071424_001/DJI_20260107143718_0035_V.JPG,data/raw/HKUST/20260107_Thermal_HKUST/DCIM/DJI_202601071424_001/DJI_20260107143718_0035_T.JPG,exact_base_name,0,2026-01-07 14:37:18,2026-01-07 14:37:18,22.33974444444444,114.26454722222222,400.884,4032.0,3024.0,640.0,512.0,ok,ok,candidate_only_no_visual_QA,Prioritized from existing inventory/metadata only; final pilot selection requires visual QA and Part B alignment review.
high,no,no,20260107_Thermal_HKUST/DCIM/DJI_202601071424_001::DJI_20260107143727_0036,DJI_20260107143727_0036,0036,HKUST,2026-01-07,20260107_Thermal_HKUST,DJI_202601071424_001,data/raw/HKUST/20260107_Thermal_HKUST/DCIM/DJI_202601071424_001/DJI_20260107143727_0036_V.JPG,data/raw/HKUST/20260107_Thermal_HKUST/DCIM/DJI_202601071424_001/DJI_20260107143727_0036_T.JPG,exact_base_name,0,2026-01-07 14:37:27,2026-01-07 14:37:27,22.339141666666666,114.2645388888889,401.318,4032.0,3024.0,640.0,512.0,ok,ok,candidate_only_no_visual_QA,Prioritized from existing inventory/metadata only; final pilot selection requires visual QA and Part B alignment review.
high,no,no,20260107_Thermal_HKUST/DCIM/DJI_202601071424_001::DJI_20260107143735_0037,DJI_20260107143735_0037,0037,HKUST,2026-01-07,20260107_Thermal_HKUST,DJI_202601071424_001,data/raw/HKUST/20260107_Thermal_HKUST/DCIM/DJI_202601071424_001/DJI_20260107143735_0037_V.JPG,data/raw/HKUST/20260107_Thermal_HKUST/DCIM/DJI_202601071424_001/DJI_20260107143735_0037_T.JPG,exact_base_name,0,2026-01-07 14:37:35,2026-01-07 14:37:35,22.338641666666664,114.26453055555555,401.543,4032.0,3024.0,640.0,512.0,ok,ok,candidate_only_no_visual_QA,Prioritized from existing inventory/metadata only; final pilot selection requires visual QA and Part B alignment review.
high,no,no,20260107_Thermal_HKUST/DCIM/DJI_202601071424_001::DJI_20260107143743_0038,DJI_20260107143743_0038,0038,HKUST,2026-01-07,20260107_Thermal_HKUST,DJI_202601071424_001,data/raw/HKUST/20260107_Thermal_HKUST/DCIM/DJI_202601071424_001/DJI_20260107143743_0038_V.JPG,data/raw/HKUST/20260107_Thermal_HKUST/DCIM/DJI_202601071424_001/DJI_20260107143743_0038_T.JPG,exact_base_name,0,2026-01-07 14:37:43,2026-01-07 14:37:43,22.3382,114.26452777777777,401.727,4032.0,3024.0,640.0,512.0,ok,ok,candidate_only_no_visual_QA,Prioritized from existing inventory/metadata only; final pilot selection requires visual QA and Part B alignment review.
high,no,no,20260107_Thermal_HKUST/DCIM/DJI_202601071424_001::DJI_20260107143750_0039,DJI_20260107143750_0039,0039,HKUST,2026-01-07,20260107_Thermal_HKUST,DJI_202601071424_001,data/raw/HKUST/20260107_Thermal_HKUST/DCIM/DJI_202601071424_001/DJI_20260107143750_0039_V.JPG,data/raw/HKUST/20260107_Thermal_HKUST/DCIM/DJI_202601071424_001/DJI_20260107143750_0039_T.JPG,exact_base_name,0,2026-01-07 14:37:50,2026-01-07 14:37:50,22.337816666666665,114.26452222222223,401.954,4032.0,3024.0,640.0,512.0,ok,ok,candidate_only_no_visual_QA,Prioritized from existing inventory/metadata only; final pilot selection requires visual QA and Part B alignment review.
high,no,no,20260107_Thermal_HKUST/DCIM/DJI_202601071424_001::DJI_20260107143759_0040,DJI_20260107143759_0040,0040,HKUST,2026-01-07,20260107_Thermal_HKUST,DJI_202601071424_001,data/raw/HKUST/20260107_Thermal_HKUST/DCIM/DJI_202601071424_001/DJI_20260107143759_0040_V.JPG,data/raw/HKUST/20260107_Thermal_HKUST/DCIM/DJI_202601071424_001/DJI_20260107143759_0040_T.JPG,exact_base_name,0,2026-01-07 14:37:59,2026-01-07 14:37:59,22.337305555555556,114.26451666666667,402.188,4032.0,3024.0,640.0,512.0,ok,ok,candidate_only_no_visual_QA,Prioritized from existing inventory/metadata only; final pilot selection requires visual QA and Part B alignment review.
high,no,no,20260107_Thermal_HKUST/DCIM/DJI_202601071424_001::DJI_20260107143806_0041,DJI_20260107143806_0041,0041,HKUST,2026-01-07,20260107_Thermal_HKUST,DJI_202601071424_001,data/raw/HKUST/20260107_Thermal_HKUST/DCIM/DJI_202601071424_001/DJI_20260107143806_0041_V.JPG,data/raw/HKUST/20260107_Thermal_HKUST/DCIM/DJI_202601071424_001/DJI_20260107143806_0041_T.JPG,exact_base_name,0,2026-01-07 14:38:06,2026-01-07 14:38:06,22.337005555555553,114.2645111111111,402.371,4032.0,3024.0,640.0,512.0,ok,ok,candidate_only_no_visual_QA,Prioritized from existing inventory/metadata only; final pilot selection requires visual QA and Part B alignment review.
high,no,no,20260107_Thermal_HKUST/DCIM/DJI_202601071424_001::DJI_20260107143814_0042,DJI_20260107143814_0042,0042,HKUST,2026-01-07,20260107_Thermal_HKUST,DJI_202601071424_001,data/raw/HKUST/20260107_Thermal_HKUST/DCIM/DJI_202601071424_001/DJI_20260107143814_0042_V.JPG,data/raw/HKUST/20260107_Thermal_HKUST/DCIM/DJI_202601071424_001/DJI_20260107143814_0042_T.JPG,exact_base_name,0,2026-01-07 14:38:14,2026-01-07 14:38:14,22.33651111111111,114.26450277777778,402.482,4032.0,3024.0,640.0,512.0,ok,ok,candidate_only_no_visual_QA,Prioritized from existing inventory/metadata only; final pilot selection requires visual QA and Part B alignment review.
high,no,no,20260107_Thermal_HKUST/DCIM/DJI_202601071424_001::DJI_20260107143821_0043,DJI_20260107143821_0043,0043,HKUST,2026-01-07,20260107_Thermal_HKUST,DJI_202601071424_001,data/raw/HKUST/20260107_Thermal_HKUST/DCIM/DJI_202601071424_001/DJI_20260107143821_0043_V.JPG,data/raw/HKUST/20260107_Thermal_HKUST/DCIM/DJI_202601071424_001/DJI_20260107143821_0043_T.JPG,exact_base_name,0,2026-01-07 14:38:21,2026-01-07 14:38:21,22.336138888888886,114.26449444444444,402.484,4032.0,3024.0,640.0,512.0,ok,ok,candidate_only_no_visual_QA,Prioritized from existing inventory/metadata only; final pilot selection requires visual QA and Part B alignment review.
high,no,no,20260107_Thermal_HKUST/DCIM/DJI_202601071424_001::DJI_20260107143829_0044,DJI_20260107143829_0044,0044,HKUST,2026-01-07,20260107_Thermal_HKUST,DJI_202601071424_001,data/raw/HKUST/20260107_Thermal_HKUST/DCIM/DJI_202601071424_001/DJI_20260107143829_0044_V.JPG,data/raw/HKUST/20260107_Thermal_HKUST/DCIM/DJI_202601071424_001/DJI_20260107143829_0044_T.JPG,exact_base_name,0,2026-01-07 14:38:29,2026-01-07 14:38:29,22.33574722222222,114.26449166666667,402.514,4032.0,3024.0,640.0,512.0,ok,ok,candidate_only_no_visual_QA,Prioritized from existing inventory/metadata only; final pilot selection requires visual QA and Part B alignment review.
high,no,no,20260107_Thermal_HKUST/DCIM/DJI_202601071424_001::DJI_20260107143835_0045,DJI_20260107143835_0045,0045,HKUST,2026-01-07,20260107_Thermal_HKUST,DJI_202601071424_001,data/raw/HKUST/20260107_Thermal_HKUST/DCIM/DJI_202601071424_001/DJI_20260107143835_0045_V.JPG,data/raw/HKUST/20260107_Thermal_HKUST/DCIM/DJI_202601071424_001/DJI_20260107143835_0045_T.JPG,exact_base_name,0,2026-01-07 14:38:35,2026-01-07 14:38:35,22.335444444444445,114.26448611111111,402.584,4032.0,3024.0,640.0,512.0,ok,ok,candidate_only_no_visual_QA,Prioritized from existing inventory/metadata only; final pilot selection requires visual QA and Part B alignment review.
high,no,no,20260107_Thermal_HKUST/DCIM/DJI_202601071424_001::DJI_20260107143844_0046,DJI_20260107143844_0046,0046,HKUST,2026-01-07,20260107_Thermal_HKUST,DJI_202601071424_001,data/raw/HKUST/20260107_Thermal_HKUST/DCIM/DJI_202601071424_001/DJI_20260107143844_0046_V.JPG,data/raw/HKUST/20260107_Thermal_HKUST/DCIM/DJI_202601071424_001/DJI_20260107143844_0046_T.JPG,exact_base_name,0,2026-01-07 14:38:44,2026-01-07 14:38:44,22.33503333333333,114.26447777777778,402.682,4032.0,3024.0,640.0,512.0,ok,ok,candidate_only_no_visual_QA,Prioritized from existing inventory/metadata only; final pilot selection requires visual QA and Part B alignment review.
high,no,no,20260107_Thermal_HKUST/DCIM/DJI_202601071424_001::DJI_20260107143852_0047,DJI_20260107143852_0047,0047,HKUST,2026-01-07,20260107_Thermal_HKUST,DJI_202601071424_001,data/raw/HKUST/20260107_Thermal_HKUST/DCIM/DJI_202601071424_001/DJI_20260107143852_0047_V.JPG,data/raw/HKUST/20260107_Thermal_HKUST/DCIM/DJI_202601071424_001/DJI_20260107143852_0047_T.JPG,exact_base_name,0,2026-01-07 14:38:52,2026-01-07 14:38:52,22.334527777777776,114.26446944444444,402.628,4032.0,3024.0,640.0,512.0,ok,ok,candidate_only_no_visual_QA,Prioritized from existing inventory/metadata only; final pilot selection requires visual QA and Part B alignment review.
high,no,no,20260107_Thermal_HKUST/DCIM/DJI_202601071424_001::DJI_20260107143906_0049,DJI_20260107143906_0049,0049,HKUST,2026-01-07,20260107_Thermal_HKUST,DJI_202601071424_001,data/raw/HKUST/20260107_Thermal_HKUST/DCIM/DJI_202601071424_001/DJI_20260107143906_0049_V.JPG,data/raw/HKUST/20260107_Thermal_HKUST/DCIM/DJI_202601071424_001/DJI_20260107143906_0049_T.JPG,exact_base_name,0,2026-01-07 14:39:06,2026-01-07 14:39:06,22.333780555555553,114.26446111111112,402.537,4032.0,3024.0,640.0,512.0,ok,ok,candidate_only_no_visual_QA,Prioritized from existing inventory/metadata only; final pilot selection requires visual QA and Part B alignment review.
high,no,no,20260107_Thermal_HKUST/DCIM/DJI_202601071424_001::DJI_20260107143914_0050,DJI_20260107143914_0050,0050,HKUST,2026-01-07,20260107_Thermal_HKUST,DJI_202601071424_001,data/raw/HKUST/20260107_Thermal_HKUST/DCIM/DJI_202601071424_001/DJI_20260107143914_0050_V.JPG,data/raw/HKUST/20260107_Thermal_HKUST/DCIM/DJI_202601071424_001/DJI_20260107143914_0050_T.JPG,exact_base_name,0,2026-01-07 14:39:14,2026-01-07 14:39:14,22.333330555555555,114.26445277777778,402.507,4032.0,3024.0,640.0,512.0,ok,ok,candidate_only_no_visual_QA,Prioritized from existing inventory/metadata only; final pilot selection requires visual QA and Part B alignment review.
high,no,no,20260107_Thermal_HKUST/DCIM/DJI_202601071424_001::DJI_20260107143920_0051,DJI_20260107143920_0051,0051,HKUST,2026-01-07,20260107_Thermal_HKUST,DJI_202601071424_001,data/raw/HKUST/20260107_Thermal_HKUST/DCIM/DJI_202601071424_001/DJI_20260107143920_0051_V.JPG,data/raw/HKUST/20260107_Thermal_HKUST/DCIM/DJI_202601071424_001/DJI_20260107143920_0051_T.JPG,exact_base_name,0,2026-01-07 14:39:20,2026-01-07 14:39:20,22.333099999999998,114.26444722222222,402.496,4032.0,3024.0,640.0,512.0,ok,ok,candidate_only_no_visual_QA,Prioritized from existing inventory/metadata only; final pilot selection requires visual QA and Part B alignment review.
high,no,no,20260107_Thermal_HKUST/DCIM/DJI_202601071424_001::DJI_20260107143929_0052,DJI_20260107143929_0052,0052,HKUST,2026-01-07,20260107_Thermal_HKUST,DJI_202601071424_001,data/raw/HKUST/20260107_Thermal_HKUST/DCIM/DJI_202601071424_001/DJI_20260107143929_0052_V.JPG,data/raw/HKUST/20260107_Thermal_HKUST/DCIM/DJI_202601071424_001/DJI_20260107143929_0052_T.JPG,exact_base_name,0,2026-01-07 14:39:29,2026-01-07 14:39:29,22.333091666666668,114.26485555555556,402.571,4032.0,3024.0,640.0,512.0,ok,ok,candidate_only_no_visual_QA,Prioritized from existing inventory/metadata only; final pilot selection requires visual QA and Part B alignment review.
high,no,no,20260107_Thermal_HKUST/DCIM/DJI_202601071424_001::DJI_20260107143937_0053,DJI_20260107143937_0053,0053,HKUST,2026-01-07,20260107_Thermal_HKUST,DJI_202601071424_001,data/raw/HKUST/20260107_Thermal_HKUST/DCIM/DJI_202601071424_001/DJI_20260107143937_0053_V.JPG,data/raw/HKUST/20260107_Thermal_HKUST/DCIM/DJI_202601071424_001/DJI_20260107143937_0053_T.JPG,exact_base_name,0,2026-01-07 14:39:37,2026-01-07 14:39:37,22.33357222222222,114.26486111111112,402.365,4032.0,3024.0,640.0,512.0,ok,ok,candidate_only_no_visual_QA,Prioritized from existing inventory/metadata only; final pilot selection requires visual QA and Part B alignment review.
high,no,no,20260107_Thermal_HKUST/DCIM/DJI_202601071424_001::DJI_20260107143943_0054,DJI_20260107143943_0054,0054,HKUST,2026-01-07,20260107_Thermal_HKUST,DJI_202601071424_001,data/raw/HKUST/20260107_Thermal_HKUST/DCIM/DJI_202601071424_001/DJI_20260107143943_0054_V.JPG,data/raw/HKUST/20260107_Thermal_HKUST/DCIM/DJI_202601071424_001/DJI_20260107143943_0054_T.JPG,exact_base_name,0,2026-01-07 14:39:43,2026-01-07 14:39:43,22.33382222222222,114.26486666666666,402.107,4032.0,3024.0,640.0,512.0,ok,ok,candidate_only_no_visual_QA,Prioritized from existing inventory/metadata only; final pilot selection requires visual QA and Part B alignment review.
high,no,no,20260107_Thermal_HKUST/DCIM/DJI_202601071424_001::DJI_20260107143952_0055,DJI_20260107143952_0055,0055,HKUST,2026-01-07,20260107_Thermal_HKUST,DJI_202601071424_001,data/raw/HKUST/20260107_Thermal_HKUST/DCIM/DJI_202601071424_001/DJI_20260107143952_0055_V.JPG,data/raw/HKUST/20260107_Thermal_HKUST/DCIM/DJI_202601071424_001/DJI_20260107143952_0055_T.JPG,exact_base_name,0,2026-01-07 14:39:52,2026-01-07 14:39:52,22.334488888888888,114.26487222222222,401.896,4032.0,3024.0,640.0,512.0,ok,ok,candidate_only_no_visual_QA,Prioritized from existing inventory/metadata only; final pilot selection requires visual QA and Part B alignment review.
high,no,no,20260107_Thermal_HKUST/DCIM/DJI_202601071424_001::DJI_20260107144009_0057,DJI_20260107144009_0057,0057,HKUST,2026-01-07,20260107_Thermal_HKUST,DJI_202601071424_001,data/raw/HKUST/20260107_Thermal_HKUST/DCIM/DJI_202601071424_001/DJI_20260107144009_0057_V.JPG,data/raw/HKUST/20260107_Thermal_HKUST/DCIM/DJI_202601071424_001/DJI_20260107144009_0057_T.JPG,exact_base_name,0,2026-01-07 14:40:09,2026-01-07 14:40:09,22.335424999999997,114.264875,401.729,4032.0,3024.0,640.0,512.0,ok,ok,candidate_only_no_visual_QA,Prioritized from existing inventory/metadata only; final pilot selection requires visual QA and Part B alignment review.
high,no,no,20260107_Thermal_HKUST/DCIM/DJI_202601071424_001::DJI_20260107144016_0058,DJI_20260107144016_0058,0058,HKUST,2026-01-07,20260107_Thermal_HKUST,DJI_202601071424_001,data/raw/HKUST/20260107_Thermal_HKUST/DCIM/DJI_202601071424_001/DJI_20260107144016_0058_V.JPG,data/raw/HKUST/20260107_Thermal_HKUST/DCIM/DJI_202601071424_001/DJI_20260107144016_0058_T.JPG,exact_base_name,0,2026-01-07 14:40:16,2026-01-07 14:40:16,22.33578611111111,114.26487777777778,401.764,4032.0,3024.0,640.0,512.0,ok,ok,candidate_only_no_visual_QA,Prioritized from existing inventory/metadata only; final pilot selection requires visual QA and Part B alignment review.
high,no,no,20260107_Thermal_HKUST/DCIM/DJI_202601071424_001::DJI_20260107144023_0059,DJI_20260107144023_0059,0059,HKUST,2026-01-07,20260107_Thermal_HKUST,DJI_202601071424_001,data/raw/HKUST/20260107_Thermal_HKUST/DCIM/DJI_202601071424_001/DJI_20260107144023_0059_V.JPG,data/raw/HKUST/20260107_Thermal_HKUST/DCIM/DJI_202601071424_001/DJI_20260107144023_0059_T.JPG,exact_base_name,0,2026-01-07 14:40:23,2026-01-07 14:40:23,22.336174999999997,114.26488333333333,401.854,4032.0,3024.0,640.0,512.0,ok,ok,candidate_only_no_visual_QA,Prioritized from existing inventory/metadata only; final pilot selection requires visual QA and Part B alignment review.
high,no,no,20260107_Thermal_HKUST/DCIM/DJI_202601071424_001::DJI_20260107144024_0060,DJI_20260107144024_0060,0060,HKUST,2026-01-07,20260107_Thermal_HKUST,DJI_202601071424_001,data/raw/HKUST/20260107_Thermal_HKUST/DCIM/DJI_202601071424_001/DJI_20260107144024_0060_V.JPG,data/raw/HKUST/20260107_Thermal_HKUST/DCIM/DJI_202601071424_001/DJI_20260107144024_0060_T.JPG,exact_base_name,0,2026-01-07 14:40:24,2026-01-07 14:40:24,22.336174999999997,114.26488333333333,401.802,4032.0,3024.0,640.0,512.0,ok,ok,candidate_only_no_visual_QA,Prioritized from existing inventory/metadata only; final pilot selection requires visual QA and Part B alignment review.
high,no,no,20260107_Thermal_HKUST/DCIM/DJI_202601071424_001::DJI_20260107144025_0061,DJI_20260107144025_0061,0061,HKUST,2026-01-07,20260107_Thermal_HKUST,DJI_202601071424_001,data/raw/HKUST/20260107_Thermal_HKUST/DCIM/DJI_202601071424_001/DJI_20260107144025_0061_V.JPG,data/raw/HKUST/20260107_Thermal_HKUST/DCIM/DJI_202601071424_001/DJI_20260107144025_0061_T.JPG,exact_base_name,0,2026-01-07 14:40:25,2026-01-07 14:40:25,22.336174999999997,114.26488333333333,401.824,4032.0,3024.0,640.0,512.0,ok,ok,candidate_only_no_visual_QA,Prioritized from existing inventory/metadata only; final pilot selection requires visual QA and Part B alignment review.
high,no,no,20260107_Thermal_HKUST/DCIM/DJI_202601071424_001::DJI_20260107144034_0062,DJI_20260107144034_0062,0062,HKUST,2026-01-07,20260107_Thermal_HKUST,DJI_202601071424_001,data/raw/HKUST/20260107_Thermal_HKUST/DCIM/DJI_202601071424_001/DJI_20260107144034_0062_V.JPG,data/raw/HKUST/20260107_Thermal_HKUST/DCIM/DJI_202601071424_001/DJI_20260107144034_0062_T.JPG,exact_base_name,0,2026-01-07 14:40:34,2026-01-07 14:40:34,22.33686111111111,114.26488888888889,402.026,4032.0,3024.0,640.0,512.0,ok,ok,candidate_only_no_visual_QA,Prioritized from existing inventory/metadata only; final pilot selection requires visual QA and Part B alignment review.
high,no,no,20260107_Thermal_HKUST/DCIM/DJI_202601071424_001::DJI_20260107144041_0063,DJI_20260107144041_0063,0063,HKUST,2026-01-07,20260107_Thermal_HKUST,DJI_202601071424_001,data/raw/HKUST/20260107_Thermal_HKUST/DCIM/DJI_202601071424_001/DJI_20260107144041_0063_V.JPG,data/raw/HKUST/20260107_Thermal_HKUST/DCIM/DJI_202601071424_001/DJI_20260107144041_0063_T.JPG,exact_base_name,0,2026-01-07 14:40:41,2026-01-07 14:40:41,22.337252777777778,114.26489722222222,401.922,4032.0,3024.0,640.0,512.0,ok,ok,candidate_only_no_visual_QA,Prioritized from existing inventory/metadata only; final pilot selection requires visual QA and Part B alignment review.
high,no,no,20260107_Thermal_HKUST/DCIM/DJI_202601071424_001::DJI_20260107144051_0065,DJI_20260107144051_0065,0065,HKUST,2026-01-07,20260107_Thermal_HKUST,DJI_202601071424_001,data/raw/HKUST/20260107_Thermal_HKUST/DCIM/DJI_202601071424_001/DJI_20260107144051_0065_V.JPG,data/raw/HKUST/20260107_Thermal_HKUST/DCIM/DJI_202601071424_001/DJI_20260107144051_0065_T.JPG,exact_base_name,0,2026-01-07 14:40:51,2026-01-07 14:40:51,22.337844444444443,114.26490277777778,401.929,4032.0,3024.0,640.0,512.0,ok,ok,candidate_only_no_visual_QA,Prioritized from existing inventory/metadata only; final pilot selection requires visual QA and Part B alignment review.
high,no,no,20260107_Thermal_HKUST/DCIM/DJI_202601071424_001::DJI_20260107144100_0066,DJI_20260107144100_0066,0066,HKUST,2026-01-07,20260107_Thermal_HKUST,DJI_202601071424_001,data/raw/HKUST/20260107_Thermal_HKUST/DCIM/DJI_202601071424_001/DJI_20260107144100_0066_V.JPG,data/raw/HKUST/20260107_Thermal_HKUST/DCIM/DJI_202601071424_001/DJI_20260107144100_0066_T.JPG,exact_base_name,0,2026-01-07 14:41:00,2026-01-07 14:41:00,22.33852222222222,114.26490833333334,402.074,4032.0,3024.0,640.0,512.0,ok,ok,candidate_only_no_visual_QA,Prioritized from existing inventory/metadata only; final pilot selection requires visual QA and Part B alignment review.
high,no,no,20260107_Thermal_HKUST/DCIM/DJI_202601071424_001::DJI_20260107144108_0067,DJI_20260107144108_0067,0067,HKUST,2026-01-07,20260107_Thermal_HKUST,DJI_202601071424_001,data/raw/HKUST/20260107_Thermal_HKUST/DCIM/DJI_202601071424_001/DJI_20260107144108_0067_V.JPG,data/raw/HKUST/20260107_Thermal_HKUST/DCIM/DJI_202601071424_001/DJI_20260107144108_0067_T.JPG,exact_base_name,0,2026-01-07 14:41:08,2026-01-07 14:41:08,22.339016666666666,114.26491666666666,402.044,4032.0,3024.0,640.0,512.0,ok,ok,candidate_only_no_visual_QA,Prioritized from existing inventory/metadata only; final pilot selection requires visual QA and Part B alignment review.
high,no,no,20260107_Thermal_HKUST/DCIM/DJI_202601071424_001::DJI_20260107144116_0068,DJI_20260107144116_0068,0068,HKUST,2026-01-07,20260107_Thermal_HKUST,DJI_202601071424_001,data/raw/HKUST/20260107_Thermal_HKUST/DCIM/DJI_202601071424_001/DJI_20260107144116_0068_V.JPG,data/raw/HKUST/20260107_Thermal_HKUST/DCIM/DJI_202601071424_001/DJI_20260107144116_0068_T.JPG,exact_base_name,0,2026-01-07 14:41:16,2026-01-07 14:41:16,22.339466666666667,114.26491944444444,401.826,4032.0,3024.0,640.0,512.0,ok,ok,candidate_only_no_visual_QA,Prioritized from existing inventory/metadata only; final pilot selection requires visual QA and Part B alignment review.
high,no,no,20260107_Thermal_HKUST/DCIM/DJI_202601071424_001::DJI_20260107144133_0069,DJI_20260107144133_0069,0069,HKUST,2026-01-07,20260107_Thermal_HKUST,DJI_202601071424_001,data/raw/HKUST/20260107_Thermal_HKUST/DCIM/DJI_202601071424_001/DJI_20260107144133_0069_V.JPG,data/raw/HKUST/20260107_Thermal_HKUST/DCIM/DJI_202601071424_001/DJI_20260107144133_0069_T.JPG,exact_base_name,0,2026-01-07 14:41:33,2026-01-07 14:41:33,22.339463888888886,114.26566666666666,402.294,4032.0,3024.0,640.0,512.0,ok,ok,candidate_only_no_visual_QA,Prioritized from existing inventory/metadata only; final pilot selection requires visual QA and Part B alignment review.
high,no,no,20260107_Thermal_HKUST/DCIM/DJI_202601071424_001::DJI_20260107144142_0070,DJI_20260107144142_0070,0070,HKUST,2026-01-07,20260107_Thermal_HKUST,DJI_202601071424_001,data/raw/HKUST/20260107_Thermal_HKUST/DCIM/DJI_202601071424_001/DJI_20260107144142_0070_V.JPG,data/raw/HKUST/20260107_Thermal_HKUST/DCIM/DJI_202601071424_001/DJI_20260107144142_0070_T.JPG,exact_base_name,0,2026-01-07 14:41:42,2026-01-07 14:41:42,22.338783333333332,114.26565555555555,402.462,4032.0,3024.0,640.0,512.0,ok,ok,candidate_only_no_visual_QA,Prioritized from existing inventory/metadata only; final pilot selection requires visual QA and Part B alignment review.
high,no,no,20260107_Thermal_HKUST/DCIM/DJI_202601071424_001::DJI_20260107144150_0071,DJI_20260107144150_0071,0071,HKUST,2026-01-07,20260107_Thermal_HKUST,DJI_202601071424_001,data/raw/HKUST/20260107_Thermal_HKUST/DCIM/DJI_202601071424_001/DJI_20260107144150_0071_V.JPG,data/raw/HKUST/20260107_Thermal_HKUST/DCIM/DJI_202601071424_001/DJI_20260107144150_0071_T.JPG,exact_base_name,0,2026-01-07 14:41:50,2026-01-07 14:41:50,22.338216666666664,114.26564444444445,402.818,4032.0,3024.0,640.0,512.0,ok,ok,candidate_only_no_visual_QA,Prioritized from existing inventory/metadata only; final pilot selection requires visual QA and Part B alignment review.
high,no,no,20260107_Thermal_HKUST/DCIM/DJI_202601071424_001::DJI_20260107144158_0072,DJI_20260107144158_0072,0072,HKUST,2026-01-07,20260107_Thermal_HKUST,DJI_202601071424_001,data/raw/HKUST/20260107_Thermal_HKUST/DCIM/DJI_202601071424_001/DJI_20260107144158_0072_V.JPG,data/raw/HKUST/20260107_Thermal_HKUST/DCIM/DJI_202601071424_001/DJI_20260107144158_0072_T.JPG,exact_base_name,0,2026-01-07 14:41:58,2026-01-07 14:41:58,22.337777777777777,114.26563888888889,403.347,4032.0,3024.0,640.0,512.0,ok,ok,candidate_only_no_visual_QA,Prioritized from existing inventory/metadata only; final pilot selection requires visual QA and Part B alignment review.
high,no,no,20260107_Thermal_HKUST/DCIM/DJI_202601071424_001::DJI_20260107144213_0074,DJI_20260107144213_0074,0074,HKUST,2026-01-07,20260107_Thermal_HKUST,DJI_202601071424_001,data/raw/HKUST/20260107_Thermal_HKUST/DCIM/DJI_202601071424_001/DJI_20260107144213_0074_V.JPG,data/raw/HKUST/20260107_Thermal_HKUST/DCIM/DJI_202601071424_001/DJI_20260107144213_0074_T.JPG,exact_base_name,0,2026-01-07 14:42:13,2026-01-07 14:42:13,22.336752777777775,114.265625,403.874,4032.0,3024.0,640.0,512.0,ok,ok,candidate_only_no_visual_QA,Prioritized from existing inventory/metadata only; final pilot selection requires visual QA and Part B alignment review.
high,no,no,20260107_Thermal_HKUST/DCIM/DJI_202601071424_001::DJI_20260107144226_0075,DJI_20260107144226_0075,0075,HKUST,2026-01-07,20260107_Thermal_HKUST,DJI_202601071424_001,data/raw/HKUST/20260107_Thermal_HKUST/DCIM/DJI_202601071424_001/DJI_20260107144226_0075_V.JPG,data/raw/HKUST/20260107_Thermal_HKUST/DCIM/DJI_202601071424_001/DJI_20260107144226_0075_T.JPG,exact_base_name,0,2026-01-07 14:42:26,2026-01-07 14:42:26,22.33660833333333,114.26641944444444,404.154,4032.0,3024.0,640.0,512.0,ok,ok,candidate_only_no_visual_QA,Prioritized from existing inventory/metadata only; final pilot selection requires visual QA and Part B alignment review.
high,no,no,20260107_Thermal_HKUST/DCIM/DJI_202601071424_001::DJI_20260107144242_0077,DJI_20260107144242_0077,0077,HKUST,2026-01-07,20260107_Thermal_HKUST,DJI_202601071424_001,data/raw/HKUST/20260107_Thermal_HKUST/DCIM/DJI_202601071424_001/DJI_20260107144242_0077_V.JPG,data/raw/HKUST/20260107_Thermal_HKUST/DCIM/DJI_202601071424_001/DJI_20260107144242_0077_T.JPG,exact_base_name,0,2026-01-07 14:42:42,2026-01-07 14:42:42,22.337594444444445,114.266425,403.579,4032.0,3024.0,640.0,512.0,ok,ok,candidate_only_no_visual_QA,Prioritized from existing inventory/metadata only; final pilot selection requires visual QA and Part B alignment review.
high,no,no,20260107_Thermal_HKUST/DCIM/DJI_202601071424_001::DJI_20260107144251_0078,DJI_20260107144251_0078,0078,HKUST,2026-01-07,20260107_Thermal_HKUST,DJI_202601071424_001,data/raw/HKUST/20260107_Thermal_HKUST/DCIM/DJI_202601071424_001/DJI_20260107144251_0078_V.JPG,data/raw/HKUST/20260107_Thermal_HKUST/DCIM/DJI_202601071424_001/DJI_20260107144251_0078_T.JPG,exact_base_name,0,2026-01-07 14:42:51,2026-01-07 14:42:51,22.33816388888889,114.26642777777778,403.349,4032.0,3024.0,640.0,512.0,ok,ok,candidate_only_no_visual_QA,Prioritized from existing inventory/metadata only; final pilot selection requires visual QA and Part B alignment review.
high,no,no,20260107_Thermal_HKUST/DCIM/DJI_202601071424_001::DJI_20260107144259_0079,DJI_20260107144259_0079,0079,HKUST,2026-01-07,20260107_Thermal_HKUST,DJI_202601071424_001,data/raw/HKUST/20260107_Thermal_HKUST/DCIM/DJI_202601071424_001/DJI_20260107144259_0079_V.JPG,data/raw/HKUST/20260107_Thermal_HKUST/DCIM/DJI_202601071424_001/DJI_20260107144259_0079_T.JPG,exact_base_name,0,2026-01-07 14:42:59,2026-01-07 14:42:59,22.338644444444444,114.26643333333334,403.26,4032.0,3024.0,640.0,512.0,ok,ok,candidate_only_no_visual_QA,Prioritized from existing inventory/metadata only; final pilot selection requires visual QA and Part B alignment review.
high,no,no,20260107_Thermal_HKUST/DCIM/DJI_202601071424_001::DJI_20260107144306_0080,DJI_20260107144306_0080,0080,HKUST,2026-01-07,20260107_Thermal_HKUST,DJI_202601071424_001,data/raw/HKUST/20260107_Thermal_HKUST/DCIM/DJI_202601071424_001/DJI_20260107144306_0080_V.JPG,data/raw/HKUST/20260107_Thermal_HKUST/DCIM/DJI_202601071424_001/DJI_20260107144306_0080_T.JPG,exact_base_name,0,2026-01-07 14:43:06,2026-01-07 14:43:06,22.339125,114.2664361111111,403.174,4032.0,3024.0,640.0,512.0,ok,ok,candidate_only_no_visual_QA,Prioritized from existing inventory/metadata only; final pilot selection requires visual QA and Part B alignment review.
high,no,no,20260107_Thermal_HKUST/DCIM/DJI_202601071424_001::DJI_20260107144312_0081,DJI_20260107144312_0081,0081,HKUST,2026-01-07,20260107_Thermal_HKUST,DJI_202601071424_001,data/raw/HKUST/20260107_Thermal_HKUST/DCIM/DJI_202601071424_001/DJI_20260107144312_0081_V.JPG,data/raw/HKUST/20260107_Thermal_HKUST/DCIM/DJI_202601071424_001/DJI_20260107144312_0081_T.JPG,exact_base_name,0,2026-01-07 14:43:12,2026-01-07 14:43:12,22.33938333333333,114.26643888888889,403.109,4032.0,3024.0,640.0,512.0,ok,ok,candidate_only_no_visual_QA,Prioritized from existing inventory/metadata only; final pilot selection requires visual QA and Part B alignment review.
high,no,no,20260107_Thermal_HKUST/DCIM/DJI_202601071424_001::DJI_20260107144323_0083,DJI_20260107144323_0083,0083,HKUST,2026-01-07,20260107_Thermal_HKUST,DJI_202601071424_001,data/raw/HKUST/20260107_Thermal_HKUST/DCIM/DJI_202601071424_001/DJI_20260107144323_0083_V.JPG,data/raw/HKUST/20260107_Thermal_HKUST/DCIM/DJI_202601071424_001/DJI_20260107144323_0083_T.JPG,exact_base_name,0,2026-01-07 14:43:23,2026-01-07 14:43:23,22.339375,114.267275,403.355,4032.0,3024.0,640.0,512.0,ok,ok,candidate_only_no_visual_QA,Prioritized from existing inventory/metadata only; final pilot selection requires visual QA and Part B alignment review.
high,no,no,20260107_Thermal_HKUST/DCIM/DJI_202601071424_001::DJI_20260107144333_0084,DJI_20260107144333_0084,0084,HKUST,2026-01-07,20260107_Thermal_HKUST,DJI_202601071424_001,data/raw/HKUST/20260107_Thermal_HKUST/DCIM/DJI_202601071424_001/DJI_20260107144333_0084_V.JPG,data/raw/HKUST/20260107_Thermal_HKUST/DCIM/DJI_202601071424_001/DJI_20260107144333_0084_T.JPG,exact_base_name,0,2026-01-07 14:43:33,2026-01-07 14:43:33,22.33873611111111,114.26726944444444,403.214,4032.0,3024.0,640.0,512.0,ok,ok,candidate_only_no_visual_QA,Prioritized from existing inventory/metadata only; final pilot selection requires visual QA and Part B alignment review.
high,no,no,20260107_Thermal_HKUST/DCIM/DJI_202601071424_001::DJI_20260107144352_0086,DJI_20260107144352_0086,0086,HKUST,2026-01-07,20260107_Thermal_HKUST,DJI_202601071424_001,data/raw/HKUST/20260107_Thermal_HKUST/DCIM/DJI_202601071424_001/DJI_20260107144352_0086_V.JPG,data/raw/HKUST/20260107_Thermal_HKUST/DCIM/DJI_202601071424_001/DJI_20260107144352_0086_T.JPG,exact_base_name,0,2026-01-07 14:43:52,2026-01-07 14:43:52,22.337277777777775,114.26725277777777,404.213,4032.0,3024.0,640.0,512.0,ok,ok,candidate_only_no_visual_QA,Prioritized from existing inventory/metadata only; final pilot selection requires visual QA and Part B alignment review.
high,no,no,20260107_Thermal_HKUST/DCIM/DJI_202601071424_001::DJI_20260107144359_0087,DJI_20260107144359_0087,0087,HKUST,2026-01-07,20260107_Thermal_HKUST,DJI_202601071424_001,data/raw/HKUST/20260107_Thermal_HKUST/DCIM/DJI_202601071424_001/DJI_20260107144359_0087_V.JPG,data/raw/HKUST/20260107_Thermal_HKUST/DCIM/DJI_202601071424_001/DJI_20260107144359_0087_T.JPG,exact_base_name,0,2026-01-07 14:43:59,2026-01-07 14:43:59,22.33679722222222,114.26724444444444,404.416,4032.0,3024.0,640.0,512.0,ok,ok,candidate_only_no_visual_QA,Prioritized from existing inventory/metadata only; final pilot selection requires visual QA and Part B alignment review.
high,no,no,20260107_Thermal_HKUST/DCIM/DJI_202601071424_001::DJI_20260107144415_0089,DJI_20260107144415_0089,0089,HKUST,2026-01-07,20260107_Thermal_HKUST,DJI_202601071424_001,data/raw/HKUST/20260107_Thermal_HKUST/DCIM/DJI_202601071424_001/DJI_20260107144415_0089_V.JPG,data/raw/HKUST/20260107_Thermal_HKUST/DCIM/DJI_202601071424_001/DJI_20260107144415_0089_T.JPG,exact_base_name,0,2026-01-07 14:44:15,2026-01-07 14:44:15,22.336391666666664,114.26811111111111,404.948,4032.0,3024.0,640.0,512.0,ok,ok,candidate_only_no_visual_QA,Prioritized from existing inventory/metadata only; final pilot selection requires visual QA and Part B alignment review.
high,no,no,20260107_Thermal_HKUST/DCIM/DJI_202601071424_001::DJI_20260107144432_0092,DJI_20260107144432_0092,0092,HKUST,2026-01-07,20260107_Thermal_HKUST,DJI_202601071424_001,data/raw/HKUST/20260107_Thermal_HKUST/DCIM/DJI_202601071424_001/DJI_20260107144432_0092_V.JPG,data/raw/HKUST/20260107_Thermal_HKUST/DCIM/DJI_202601071424_001/DJI_20260107144432_0092_T.JPG,exact_base_name,0,2026-01-07 14:44:32,2026-01-07 14:44:32,22.337455555555554,114.26813333333334,404.506,4032.0,3024.0,640.0,512.0,ok,ok,candidate_only_no_visual_QA,Prioritized from existing inventory/metadata only; final pilot selection requires visual QA and Part B alignment review.
high,no,no,20260107_Thermal_HKUST/DCIM/DJI_202601071424_001::DJI_20260107144448_0094,DJI_20260107144448_0094,0094,HKUST,2026-01-07,20260107_Thermal_HKUST,DJI_202601071424_001,data/raw/HKUST/20260107_Thermal_HKUST/DCIM/DJI_202601071424_001/DJI_20260107144448_0094_V.JPG,data/raw/HKUST/20260107_Thermal_HKUST/DCIM/DJI_202601071424_001/DJI_20260107144448_0094_T.JPG,exact_base_name,0,2026-01-07 14:44:48,2026-01-07 14:44:48,22.337933333333332,114.26873055555555,404.248,4032.0,3024.0,640.0,512.0,ok,ok,candidate_only_no_visual_QA,Prioritized from existing inventory/metadata only; final pilot selection requires visual QA and Part B alignment review.
high,no,no,20260107_Thermal_HKUST/DCIM/DJI_202601071424_001::DJI_20260107144454_0095,DJI_20260107144454_0095,0095,HKUST,2026-01-07,20260107_Thermal_HKUST,DJI_202601071424_001,data/raw/HKUST/20260107_Thermal_HKUST/DCIM/DJI_202601071424_001/DJI_20260107144454_0095_V.JPG,data/raw/HKUST/20260107_Thermal_HKUST/DCIM/DJI_202601071424_001/DJI_20260107144454_0095_T.JPG,exact_base_name,0,2026-01-07 14:44:54,2026-01-07 14:44:54,22.337558333333334,114.26872777777778,404.035,4032.0,3024.0,640.0,512.0,ok,ok,candidate_only_no_visual_QA,Prioritized from existing inventory/metadata only; final pilot selection requires visual QA and Part B alignment review.
high,no,no,20260107_Thermal_HKUST/DCIM/DJI_202601071424_001::DJI_20260107144501_0096,DJI_20260107144501_0096,0096,HKUST,2026-01-07,20260107_Thermal_HKUST,DJI_202601071424_001,data/raw/HKUST/20260107_Thermal_HKUST/DCIM/DJI_202601071424_001/DJI_20260107144501_0096_V.JPG,data/raw/HKUST/20260107_Thermal_HKUST/DCIM/DJI_202601071424_001/DJI_20260107144501_0096_T.JPG,exact_base_name,0,2026-01-07 14:45:01,2026-01-07 14:45:01,22.33713333333333,114.26871944444444,404.137,4032.0,3024.0,640.0,512.0,ok,ok,candidate_only_no_visual_QA,Prioritized from existing inventory/metadata only; final pilot selection requires visual QA and Part B alignment review.
high,no,no,20260107_Thermal_HKUST/DCIM/DJI_202601071424_001::DJI_20260107144509_0097,DJI_20260107144509_0097,0097,HKUST,2026-01-07,20260107_Thermal_HKUST,DJI_202601071424_001,data/raw/HKUST/20260107_Thermal_HKUST/DCIM/DJI_202601071424_001/DJI_20260107144509_0097_V.JPG,data/raw/HKUST/20260107_Thermal_HKUST/DCIM/DJI_202601071424_001/DJI_20260107144509_0097_T.JPG,exact_base_name,0,2026-01-07 14:45:09,2026-01-07 14:45:09,22.336583333333333,114.26871388888888,404.454,4032.0,3024.0,640.0,512.0,ok,ok,candidate_only_no_visual_QA,Prioritized from existing inventory/metadata only; final pilot selection requires visual QA and Part B alignment review.
high,no,no,20260107_Thermal_HKUST/DCIM/DJI_202601071424_001::DJI_20260107144516_0098,DJI_20260107144516_0098,0098,HKUST,2026-01-07,20260107_Thermal_HKUST,DJI_202601071424_001,data/raw/HKUST/20260107_Thermal_HKUST/DCIM/DJI_202601071424_001/DJI_20260107144516_0098_V.JPG,data/raw/HKUST/20260107_Thermal_HKUST/DCIM/DJI_202601071424_001/DJI_20260107144516_0098_T.JPG,exact_base_name,0,2026-01-07 14:45:16,2026-01-07 14:45:16,22.336144444444443,114.26870833333334,404.663,4032.0,3024.0,640.0,512.0,ok,ok,candidate_only_no_visual_QA,Prioritized from existing inventory/metadata only; final pilot selection requires visual QA and Part B alignment review.
high,no,no,20260107_Thermal_HKUST/DCIM/DJI_202601071424_001::DJI_20260107144521_0099,DJI_20260107144521_0099,0099,HKUST,2026-01-07,20260107_Thermal_HKUST,DJI_202601071424_001,data/raw/HKUST/20260107_Thermal_HKUST/DCIM/DJI_202601071424_001/DJI_20260107144521_0099_V.JPG,data/raw/HKUST/20260107_Thermal_HKUST/DCIM/DJI_202601071424_001/DJI_20260107144521_0099_T.JPG,exact_base_name,0,2026-01-07 14:45:21,2026-01-07 14:45:21,22.3359,114.26870555555556,404.812,4032.0,3024.0,640.0,512.0,ok,ok,candidate_only_no_visual_QA,Prioritized from existing inventory/metadata only; final pilot selection requires visual QA and Part B alignment review.
high,no,no,20260107_Thermal_HKUST/DCIM/DJI_202601071424_001::DJI_20260107144530_0100,DJI_20260107144530_0100,0100,HKUST,2026-01-07,20260107_Thermal_HKUST,DJI_202601071424_001,data/raw/HKUST/20260107_Thermal_HKUST/DCIM/DJI_202601071424_001/DJI_20260107144530_0100_V.JPG,data/raw/HKUST/20260107_Thermal_HKUST/DCIM/DJI_202601071424_001/DJI_20260107144530_0100_T.JPG,exact_base_name,0,2026-01-07 14:45:30,2026-01-07 14:45:30,22.33588888888889,114.26938333333334,405.097,4032.0,3024.0,640.0,512.0,ok,ok,candidate_only_no_visual_QA,Prioritized from existing inventory/metadata only; final pilot selection requires visual QA and Part B alignment review.
high,no,no,20260107_Thermal_HKUST/DCIM/DJI_202601071424_001::DJI_20260107144549_0102,DJI_20260107144549_0102,0102,HKUST,2026-01-07,20260107_Thermal_HKUST,DJI_202601071424_001,data/raw/HKUST/20260107_Thermal_HKUST/DCIM/DJI_202601071424_001/DJI_20260107144549_0102_V.JPG,data/raw/HKUST/20260107_Thermal_HKUST/DCIM/DJI_202601071424_001/DJI_20260107144549_0102_T.JPG,exact_base_name,0,2026-01-07 14:45:49,2026-01-07 14:45:49,22.337205555555553,114.26940277777777,404.734,4032.0,3024.0,640.0,512.0,ok,ok,candidate_only_no_visual_QA,Prioritized from existing inventory/metadata only; final pilot selection requires visual QA and Part B alignment review.
high,no,no,20260107_Thermal_HKUST/DCIM/DJI_202601071424_001::DJI_20260107144558_0103,DJI_20260107144558_0103,0103,HKUST,2026-01-07,20260107_Thermal_HKUST,DJI_202601071424_001,data/raw/HKUST/20260107_Thermal_HKUST/DCIM/DJI_202601071424_001/DJI_20260107144558_0103_V.JPG,data/raw/HKUST/20260107_Thermal_HKUST/DCIM/DJI_202601071424_001/DJI_20260107144558_0103_T.JPG,exact_base_name,0,2026-01-07 14:45:58,2026-01-07 14:45:58,22.337922222222222,114.26940555555555,405.022,4032.0,3024.0,640.0,512.0,ok,ok,candidate_only_no_visual_QA,Prioritized from existing inventory/metadata only; final pilot selection requires visual QA and Part B alignment review.
high,no,no,20260107_Thermal_HKUST/DCIM/DJI_202601071424_001::DJI_20260107144559_0104,DJI_20260107144559_0104,0104,HKUST,2026-01-07,20260107_Thermal_HKUST,DJI_202601071424_001,data/raw/HKUST/20260107_Thermal_HKUST/DCIM/DJI_202601071424_001/DJI_20260107144559_0104_V.JPG,data/raw/HKUST/20260107_Thermal_HKUST/DCIM/DJI_202601071424_001/DJI_20260107144559_0104_T.JPG,exact_base_name,0,2026-01-07 14:45:59,2026-01-07 14:45:59,22.337922222222222,114.26940555555555,404.764,4032.0,3024.0,640.0,512.0,ok,ok,candidate_only_no_visual_QA,Prioritized from existing inventory/metadata only; final pilot selection requires visual QA and Part B alignment review.
high,no,no,20260107_Thermal_HKUST/DCIM/DJI_202601071424_001::DJI_20260107144610_0105,DJI_20260107144610_0105,0105,HKUST,2026-01-07,20260107_Thermal_HKUST,DJI_202601071424_001,data/raw/HKUST/20260107_Thermal_HKUST/DCIM/DJI_202601071424_001/DJI_20260107144610_0105_V.JPG,data/raw/HKUST/20260107_Thermal_HKUST/DCIM/DJI_202601071424_001/DJI_20260107144610_0105_T.JPG,exact_base_name,0,2026-01-07 14:46:10,2026-01-07 14:46:10,22.337963888888886,114.27023333333334,404.76,4032.0,3024.0,640.0,512.0,ok,ok,candidate_only_no_visual_QA,Prioritized from existing inventory/metadata only; final pilot selection requires visual QA and Part B alignment review.
high,no,no,20260107_Thermal_HKUST/DCIM/DJI_202601071424_001::DJI_20260107144631_0107,DJI_20260107144631_0107,0107,HKUST,2026-01-07,20260107_Thermal_HKUST,DJI_202601071424_001,data/raw/HKUST/20260107_Thermal_HKUST/DCIM/DJI_202601071424_001/DJI_20260107144631_0107_V.JPG,data/raw/HKUST/20260107_Thermal_HKUST/DCIM/DJI_202601071424_001/DJI_20260107144631_0107_T.JPG,exact_base_name,0,2026-01-07 14:46:31,2026-01-07 14:46:31,22.33618333333333,114.27021388888889,404.515,4032.0,3024.0,640.0,512.0,ok,ok,candidate_only_no_visual_QA,Prioritized from existing inventory/metadata only; final pilot selection requires visual QA and Part B alignment review.
high,no,no,20260107_Thermal_HKUST/DCIM/DJI_202601071424_001::DJI_20260107144704_0108,DJI_20260107144704_0108,0108,HKUST,2026-01-07,20260107_Thermal_HKUST,DJI_202601071424_001,data/raw/HKUST/20260107_Thermal_HKUST/DCIM/DJI_202601071424_001/DJI_20260107144704_0108_V.JPG,data/raw/HKUST/20260107_Thermal_HKUST/DCIM/DJI_202601071424_001/DJI_20260107144704_0108_T.JPG,exact_base_name,0,2026-01-07 14:47:04,2026-01-07 14:47:04,22.335691666666666,114.27021111111111,405.041,4032.0,3024.0,640.0,512.0,ok,ok,candidate_only_no_visual_QA,Prioritized from existing inventory/metadata only; final pilot selection requires visual QA and Part B alignment review.
high,no,no,20260107_Thermal_HKUST/DCIM/DJI_202601071424_001::DJI_20260107144706_0109,DJI_20260107144706_0109,0109,HKUST,2026-01-07,20260107_Thermal_HKUST,DJI_202601071424_001,data/raw/HKUST/20260107_Thermal_HKUST/DCIM/DJI_202601071424_001/DJI_20260107144706_0109_V.JPG,data/raw/HKUST/20260107_Thermal_HKUST/DCIM/DJI_202601071424_001/DJI_20260107144706_0109_T.JPG,exact_base_name,0,2026-01-07 14:47:06,2026-01-07 14:47:06,22.335694444444442,114.27021111111111,405.035,4032.0,3024.0,640.0,512.0,ok,ok,candidate_only_no_visual_QA,Prioritized from existing inventory/metadata only; final pilot selection requires visual QA and Part B alignment review.
high,no,no,20260107_Thermal_HKUST/DCIM/DJI_202601071424_001::DJI_20260107144708_0110,DJI_20260107144708_0110,0110,HKUST,2026-01-07,20260107_Thermal_HKUST,DJI_202601071424_001,data/raw/HKUST/20260107_Thermal_HKUST/DCIM/DJI_202601071424_001/DJI_20260107144708_0110_V.JPG,data/raw/HKUST/20260107_Thermal_HKUST/DCIM/DJI_202601071424_001/DJI_20260107144708_0110_T.JPG,exact_base_name,0,2026-01-07 14:47:08,2026-01-07 14:47:08,22.335694444444442,114.27021111111111,405.032,4032.0,3024.0,640.0,512.0,ok,ok,candidate_only_no_visual_QA,Prioritized from existing inventory/metadata only; final pilot selection requires visual QA and Part B alignment review.
high,no,no,20260107_Thermal_HKUST/DCIM/DJI_202601071424_001::DJI_20260107144710_0111,DJI_20260107144710_0111,0111,HKUST,2026-01-07,20260107_Thermal_HKUST,DJI_202601071424_001,data/raw/HKUST/20260107_Thermal_HKUST/DCIM/DJI_202601071424_001/DJI_20260107144710_0111_V.JPG,data/raw/HKUST/20260107_Thermal_HKUST/DCIM/DJI_202601071424_001/DJI_20260107144710_0111_T.JPG,exact_base_name,0,2026-01-07 14:47:10,2026-01-07 14:47:10,22.335694444444442,114.27019722222222,405.023,4032.0,3024.0,640.0,512.0,ok,ok,candidate_only_no_visual_QA,Prioritized from existing inventory/metadata only; final pilot selection requires visual QA and Part B alignment review.
high,no,no,20260107_Thermal_HKUST/DCIM/DJI_202601071424_001::DJI_20260107144712_0112,DJI_20260107144712_0112,0112,HKUST,2026-01-07,20260107_Thermal_HKUST,DJI_202601071424_001,data/raw/HKUST/20260107_Thermal_HKUST/DCIM/DJI_202601071424_001/DJI_20260107144712_0112_V.JPG,data/raw/HKUST/20260107_Thermal_HKUST/DCIM/DJI_202601071424_001/DJI_20260107144712_0112_T.JPG,exact_base_name,0,2026-01-07 14:47:12,2026-01-07 14:47:12,22.335694444444442,114.27005833333334,405.035,4032.0,3024.0,640.0,512.0,ok,ok,candidate_only_no_visual_QA,Prioritized from existing inventory/metadata only; final pilot selection requires visual QA and Part B alignment review.
high,no,no,20260107_Thermal_HKUST/DCIM/DJI_202601071424_001::DJI_20260107144714_0113,DJI_20260107144714_0113,0113,HKUST,2026-01-07,20260107_Thermal_HKUST,DJI_202601071424_001,data/raw/HKUST/20260107_Thermal_HKUST/DCIM/DJI_202601071424_001/DJI_20260107144714_0113_V.JPG,data/raw/HKUST/20260107_Thermal_HKUST/DCIM/DJI_202601071424_001/DJI_20260107144714_0113_T.JPG,exact_base_name,0,2026-01-07 14:47:14,2026-01-07 14:47:14,22.335697222222223,114.26981944444444,405.134,4032.0,3024.0,640.0,512.0,ok,ok,candidate_only_no_visual_QA,Prioritized from existing inventory/metadata only; final pilot selection requires visual QA and Part B alignment review.
high,no,no,20260107_Thermal_HKUST/DCIM/DJI_202601071424_001::DJI_20260107144716_0114,DJI_20260107144716_0114,0114,HKUST,2026-01-07,20260107_Thermal_HKUST,DJI_202601071424_001,data/raw/HKUST/20260107_Thermal_HKUST/DCIM/DJI_202601071424_001/DJI_20260107144716_0114_V.JPG,data/raw/HKUST/20260107_Thermal_HKUST/DCIM/DJI_202601071424_001/DJI_20260107144716_0114_T.JPG,exact_base_name,0,2026-01-07 14:47:16,2026-01-07 14:47:16,22.335697222222223,114.26960555555556,405.171,4032.0,3024.0,640.0,512.0,ok,ok,candidate_only_no_visual_QA,Prioritized from existing inventory/metadata only; final pilot selection requires visual QA and Part B alignment review.
high,no,no,20260107_Thermal_HKUST/DCIM/DJI_202601071424_001::DJI_20260107144718_0115,DJI_20260107144718_0115,0115,HKUST,2026-01-07,20260107_Thermal_HKUST,DJI_202601071424_001,data/raw/HKUST/20260107_Thermal_HKUST/DCIM/DJI_202601071424_001/DJI_20260107144718_0115_V.JPG,data/raw/HKUST/20260107_Thermal_HKUST/DCIM/DJI_202601071424_001/DJI_20260107144718_0115_T.JPG,exact_base_name,0,2026-01-07 14:47:18,2026-01-07 14:47:18,22.3357,114.26949166666667,405.225,4032.0,3024.0,640.0,512.0,ok,ok,candidate_only_no_visual_QA,Prioritized from existing inventory/metadata only; final pilot selection requires visual QA and Part B alignment review.
high,no,no,20260107_Thermal_HKUST/DCIM/DJI_202601071424_001::DJI_20260107144725_0116,DJI_20260107144725_0116,0116,HKUST,2026-01-07,20260107_Thermal_HKUST,DJI_202601071424_001,data/raw/HKUST/20260107_Thermal_HKUST/DCIM/DJI_202601071424_001/DJI_20260107144725_0116_V.JPG,data/raw/HKUST/20260107_Thermal_HKUST/DCIM/DJI_202601071424_001/DJI_20260107144725_0116_T.JPG,exact_base_name,0,2026-01-07 14:47:25,2026-01-07 14:47:25,22.3357,114.26932777777778,404.879,4032.0,3024.0,640.0,512.0,ok,ok,candidate_only_no_visual_QA,Prioritized from existing inventory/metadata only; final pilot selection requires visual QA and Part B alignment review.
high,no,no,20260107_Thermal_HKUST/DCIM/DJI_202601071424_001::DJI_20260107144730_0117,DJI_20260107144730_0117,0117,HKUST,2026-01-07,20260107_Thermal_HKUST,DJI_202601071424_001,data/raw/HKUST/20260107_Thermal_HKUST/DCIM/DJI_202601071424_001/DJI_20260107144730_0117_V.JPG,data/raw/HKUST/20260107_Thermal_HKUST/DCIM/DJI_202601071424_001/DJI_20260107144730_0117_T.JPG,exact_base_name,0,2026-01-07 14:47:30,2026-01-07 14:47:30,22.336019444444442,114.26933055555556,404.785,4032.0,3024.0,640.0,512.0,ok,ok,candidate_only_no_visual_QA,Prioritized from existing inventory/metadata only; final pilot selection requires visual QA and Part B alignment review.
high,no,no,20260107_Thermal_HKUST/DCIM/DJI_202601071424_001::DJI_20260107144735_0118,DJI_20260107144735_0118,0118,HKUST,2026-01-07,20260107_Thermal_HKUST,DJI_202601071424_001,data/raw/HKUST/20260107_Thermal_HKUST/DCIM/DJI_202601071424_001/DJI_20260107144735_0118_V.JPG,data/raw/HKUST/20260107_Thermal_HKUST/DCIM/DJI_202601071424_001/DJI_20260107144735_0118_T.JPG,exact_base_name,0,2026-01-07 14:47:35,2026-01-07 14:47:35,22.33666111111111,114.26934166666666,404.769,4032.0,3024.0,640.0,512.0,ok,ok,candidate_only_no_visual_QA,Prioritized from existing inventory/metadata only; final pilot selection requires visual QA and Part B alignment review.
high,no,no,20260107_Thermal_HKUST/DCIM/DJI_202601071424_001::DJI_20260107144740_0119,DJI_20260107144740_0119,0119,HKUST,2026-01-07,20260107_Thermal_HKUST,DJI_202601071424_001,data/raw/HKUST/20260107_Thermal_HKUST/DCIM/DJI_202601071424_001/DJI_20260107144740_0119_V.JPG,data/raw/HKUST/20260107_Thermal_HKUST/DCIM/DJI_202601071424_001/DJI_20260107144740_0119_T.JPG,exact_base_name,0,2026-01-07 14:47:40,2026-01-07 14:47:40,22.337333333333333,114.26935,404.632,4032.0,3024.0,640.0,512.0,ok,ok,candidate_only_no_visual_QA,Prioritized from existing inventory/metadata only; final pilot selection requires visual QA and Part B alignment review.
high,no,no,20260107_Thermal_HKUST/DCIM/DJI_202601071424_001::DJI_20260107144745_0120,DJI_20260107144745_0120,0120,HKUST,2026-01-07,20260107_Thermal_HKUST,DJI_202601071424_001,data/raw/HKUST/20260107_Thermal_HKUST/DCIM/DJI_202601071424_001/DJI_20260107144745_0120_V.JPG,data/raw/HKUST/20260107_Thermal_HKUST/DCIM/DJI_202601071424_001/DJI_20260107144745_0120_T.JPG,exact_base_name,0,2026-01-07 14:47:45,2026-01-07 14:47:45,22.338005555555554,114.26935833333333,404.62,4032.0,3024.0,640.0,512.0,ok,ok,candidate_only_no_visual_QA,Prioritized from existing inventory/metadata only; final pilot selection requires visual QA and Part B alignment review.
high,no,no,20260107_Thermal_HKUST/DCIM/DJI_202601071424_001::DJI_20260107144750_0121,DJI_20260107144750_0121,0121,HKUST,2026-01-07,20260107_Thermal_HKUST,DJI_202601071424_001,data/raw/HKUST/20260107_Thermal_HKUST/DCIM/DJI_202601071424_001/DJI_20260107144750_0121_V.JPG,data/raw/HKUST/20260107_Thermal_HKUST/DCIM/DJI_202601071424_001/DJI_20260107144750_0121_T.JPG,exact_base_name,0,2026-01-07 14:47:50,2026-01-07 14:47:50,22.338291666666667,114.26924444444444,404.58,4032.0,3024.0,640.0,512.0,ok,ok,candidate_only_no_visual_QA,Prioritized from existing inventory/metadata only; final pilot selection requires visual QA and Part B alignment review.
high,no,no,20260107_Thermal_HKUST/DCIM/DJI_202601071424_001::DJI_20260107144755_0122,DJI_20260107144755_0122,0122,HKUST,2026-01-07,20260107_Thermal_HKUST,DJI_202601071424_001,data/raw/HKUST/20260107_Thermal_HKUST/DCIM/DJI_202601071424_001/DJI_20260107144755_0122_V.JPG,data/raw/HKUST/20260107_Thermal_HKUST/DCIM/DJI_202601071424_001/DJI_20260107144755_0122_T.JPG,exact_base_name,0,2026-01-07 14:47:55,2026-01-07 14:47:55,22.3383,114.26860555555555,404.403,4032.0,3024.0,640.0,512.0,ok,ok,candidate_only_no_visual_QA,Prioritized from existing inventory/metadata only; final pilot selection requires visual QA and Part B alignment review.
high,no,no,20260107_Thermal_HKUST/DCIM/DJI_202601071424_001::DJI_20260107144800_0123,DJI_20260107144800_0123,0123,HKUST,2026-01-07,20260107_Thermal_HKUST,DJI_202601071424_001,data/raw/HKUST/20260107_Thermal_HKUST/DCIM/DJI_202601071424_001/DJI_20260107144800_0123_V.JPG,data/raw/HKUST/20260107_Thermal_HKUST/DCIM/DJI_202601071424_001/DJI_20260107144800_0123_T.JPG,exact_base_name,0,2026-01-07 14:48:00,2026-01-07 14:48:00,22.338305555555554,114.26788055555555,404.144,4032.0,3024.0,640.0,512.0,ok,ok,candidate_only_no_visual_QA,Prioritized from existing inventory/metadata only; final pilot selection requires visual QA and Part B alignment review.
high,no,no,20260107_Thermal_HKUST/DCIM/DJI_202601071424_001::DJI_20260107144805_0124,DJI_20260107144805_0124,0124,HKUST,2026-01-07,20260107_Thermal_HKUST,DJI_202601071424_001,data/raw/HKUST/20260107_Thermal_HKUST/DCIM/DJI_202601071424_001/DJI_20260107144805_0124_V.JPG,data/raw/HKUST/20260107_Thermal_HKUST/DCIM/DJI_202601071424_001/DJI_20260107144805_0124_T.JPG,exact_base_name,0,2026-01-07 14:48:05,2026-01-07 14:48:05,22.33831111111111,114.2672861111111,403.588,4032.0,3024.0,640.0,512.0,ok,ok,candidate_only_no_visual_QA,Prioritized from existing inventory/metadata only; final pilot selection requires visual QA and Part B alignment review.
high,no,no,20260107_Thermal_HKUST/DCIM/DJI_202601071424_001::DJI_20260107144810_0125,DJI_20260107144810_0125,0125,HKUST,2026-01-07,20260107_Thermal_HKUST,DJI_202601071424_001,data/raw/HKUST/20260107_Thermal_HKUST/DCIM/DJI_202601071424_001/DJI_20260107144810_0125_V.JPG,data/raw/HKUST/20260107_Thermal_HKUST/DCIM/DJI_202601071424_001/DJI_20260107144810_0125_T.JPG,exact_base_name,0,2026-01-07 14:48:10,2026-01-07 14:48:10,22.33801111111111,114.26727222222222,403.471,4032.0,3024.0,640.0,512.0,ok,ok,candidate_only_no_visual_QA,Prioritized from existing inventory/metadata only; final pilot selection requires visual QA and Part B alignment review.
high,no,no,20260107_Thermal_HKUST/DCIM/DJI_202601071424_001::DJI_20260107144815_0126,DJI_20260107144815_0126,0126,HKUST,2026-01-07,20260107_Thermal_HKUST,DJI_202601071424_001,data/raw/HKUST/20260107_Thermal_HKUST/DCIM/DJI_202601071424_001/DJI_20260107144815_0126_V.JPG,data/raw/HKUST/20260107_Thermal_HKUST/DCIM/DJI_202601071424_001/DJI_20260107144815_0126_T.JPG,exact_base_name,0,2026-01-07 14:48:15,2026-01-07 14:48:15,22.337363888888888,114.26725555555555,403.418,4032.0,3024.0,640.0,512.0,ok,ok,candidate_only_no_visual_QA,Prioritized from existing inventory/metadata only; final pilot selection requires visual QA and Part B alignment review.
high,no,no,20260107_Thermal_HKUST/DCIM/DJI_202601071424_001::DJI_20260107144820_0127,DJI_20260107144820_0127,0127,HKUST,2026-01-07,20260107_Thermal_HKUST,DJI_202601071424_001,data/raw/HKUST/20260107_Thermal_HKUST/DCIM/DJI_202601071424_001/DJI_20260107144820_0127_V.JPG,data/raw/HKUST/20260107_Thermal_HKUST/DCIM/DJI_202601071424_001/DJI_20260107144820_0127_T.JPG,exact_base_name,0,2026-01-07 14:48:20,2026-01-07 14:48:20,22.336688888888887,114.26723611111112,403.531,4032.0,3024.0,640.0,512.0,ok,ok,candidate_only_no_visual_QA,Prioritized from existing inventory/metadata only; final pilot selection requires visual QA and Part B alignment review.
high,no,no,20260107_Thermal_HKUST/DCIM/DJI_202601071424_001::DJI_20260107144825_0128,DJI_20260107144825_0128,0128,HKUST,2026-01-07,20260107_Thermal_HKUST,DJI_202601071424_001,data/raw/HKUST/20260107_Thermal_HKUST/DCIM/DJI_202601071424_001/DJI_20260107144825_0128_V.JPG,data/raw/HKUST/20260107_Thermal_HKUST/DCIM/DJI_202601071424_001/DJI_20260107144825_0128_T.JPG,exact_base_name,0,2026-01-07 14:48:25,2026-01-07 14:48:25,22.33601111111111,114.26721666666667,403.665,4032.0,3024.0,640.0,512.0,ok,ok,candidate_only_no_visual_QA,Prioritized from existing inventory/metadata only; final pilot selection requires visual QA and Part B alignment review.
high,no,no,20260107_Thermal_HKUST/DCIM/DJI_202601071424_001::DJI_20260107144830_0129,DJI_20260107144830_0129,0129,HKUST,2026-01-07,20260107_Thermal_HKUST,DJI_202601071424_001,data/raw/HKUST/20260107_Thermal_HKUST/DCIM/DJI_202601071424_001/DJI_20260107144830_0129_V.JPG,data/raw/HKUST/20260107_Thermal_HKUST/DCIM/DJI_202601071424_001/DJI_20260107144830_0129_T.JPG,exact_base_name,0,2026-01-07 14:48:30,2026-01-07 14:48:30,22.335330555555554,114.2672,403.788,4032.0,3024.0,640.0,512.0,ok,ok,candidate_only_no_visual_QA,Prioritized from existing inventory/metadata only; final pilot selection requires visual QA and Part B alignment review.
high,no,no,20260107_Thermal_HKUST/DCIM/DJI_202601071424_001::DJI_20260107144835_0130,DJI_20260107144835_0130,0130,HKUST,2026-01-07,20260107_Thermal_HKUST,DJI_202601071424_001,data/raw/HKUST/20260107_Thermal_HKUST/DCIM/DJI_202601071424_001/DJI_20260107144835_0130_V.JPG,data/raw/HKUST/20260107_Thermal_HKUST/DCIM/DJI_202601071424_001/DJI_20260107144835_0130_T.JPG,exact_base_name,0,2026-01-07 14:48:35,2026-01-07 14:48:35,22.33467222222222,114.26718055555556,403.891,4032.0,3024.0,640.0,512.0,ok,ok,candidate_only_no_visual_QA,Prioritized from existing inventory/metadata only; final pilot selection requires visual QA and Part B alignment review.
high,no,no,20260107_Thermal_HKUST/DCIM/DJI_202601071424_001::DJI_20260107144840_0131,DJI_20260107144840_0131,0131,HKUST,2026-01-07,20260107_Thermal_HKUST,DJI_202601071424_001,data/raw/HKUST/20260107_Thermal_HKUST/DCIM/DJI_202601071424_001/DJI_20260107144840_0131_V.JPG,data/raw/HKUST/20260107_Thermal_HKUST/DCIM/DJI_202601071424_001/DJI_20260107144840_0131_T.JPG,exact_base_name,0,2026-01-07 14:48:40,2026-01-07 14:48:40,22.334602777777775,114.26694166666667,404.091,4032.0,3024.0,640.0,512.0,ok,ok,candidate_only_no_visual_QA,Prioritized from existing inventory/metadata only; final pilot selection requires visual QA and Part B alignment review.
high,no,no,20260107_Thermal_HKUST/DCIM/DJI_202601071424_001::DJI_20260107144845_0132,DJI_20260107144845_0132,0132,HKUST,2026-01-07,20260107_Thermal_HKUST,DJI_202601071424_001,data/raw/HKUST/20260107_Thermal_HKUST/DCIM/DJI_202601071424_001/DJI_20260107144845_0132_V.JPG,data/raw/HKUST/20260107_Thermal_HKUST/DCIM/DJI_202601071424_001/DJI_20260107144845_0132_T.JPG,exact_base_name,0,2026-01-07 14:48:45,2026-01-07 14:48:45,22.334608333333332,114.26626666666667,404.16,4032.0,3024.0,640.0,512.0,ok,ok,candidate_only_no_visual_QA,Prioritized from existing inventory/metadata only; final pilot selection requires visual QA and Part B alignment review.
high,no,no,20260107_Thermal_HKUST/DCIM/DJI_202601071424_001::DJI_20260107144850_0133,DJI_20260107144850_0133,0133,HKUST,2026-01-07,20260107_Thermal_HKUST,DJI_202601071424_001,data/raw/HKUST/20260107_Thermal_HKUST/DCIM/DJI_202601071424_001/DJI_20260107144850_0133_V.JPG,data/raw/HKUST/20260107_Thermal_HKUST/DCIM/DJI_202601071424_001/DJI_20260107144850_0133_T.JPG,exact_base_name,0,2026-01-07 14:48:50,2026-01-07 14:48:50,22.334794444444444,114.26599444444444,404.163,4032.0,3024.0,640.0,512.0,ok,ok,candidate_only_no_visual_QA,Prioritized from existing inventory/metadata only; final pilot selection requires visual QA and Part B alignment review.
high,no,no,20260107_Thermal_HKUST/DCIM/DJI_202601071424_001::DJI_20260107144855_0134,DJI_20260107144855_0134,0134,HKUST,2026-01-07,20260107_Thermal_HKUST,DJI_202601071424_001,data/raw/HKUST/20260107_Thermal_HKUST/DCIM/DJI_202601071424_001/DJI_20260107144855_0134_V.JPG,data/raw/HKUST/20260107_Thermal_HKUST/DCIM/DJI_202601071424_001/DJI_20260107144855_0134_T.JPG,exact_base_name,0,2026-01-07 14:48:55,2026-01-07 14:48:55,22.33542222222222,114.266,404.229,4032.0,3024.0,640.0,512.0,ok,ok,candidate_only_no_visual_QA,Prioritized from existing inventory/metadata only; final pilot selection requires visual QA and Part B alignment review.
high,no,no,20260107_Thermal_HKUST/DCIM/DJI_202601071424_001::DJI_20260107144900_0135,DJI_20260107144900_0135,0135,HKUST,2026-01-07,20260107_Thermal_HKUST,DJI_202601071424_001,data/raw/HKUST/20260107_Thermal_HKUST/DCIM/DJI_202601071424_001/DJI_20260107144900_0135_V.JPG,data/raw/HKUST/20260107_Thermal_HKUST/DCIM/DJI_202601071424_001/DJI_20260107144900_0135_T.JPG,exact_base_name,0,2026-01-07 14:49:00,2026-01-07 14:49:00,22.336094444444445,114.26600555555555,404.434,4032.0,3024.0,640.0,512.0,ok,ok,candidate_only_no_visual_QA,Prioritized from existing inventory/metadata only; final pilot selection requires visual QA and Part B alignment review.
high,no,no,20260107_Thermal_HKUST/DCIM/DJI_202601071424_001::DJI_20260107144905_0136,DJI_20260107144905_0136,0136,HKUST,2026-01-07,20260107_Thermal_HKUST,DJI_202601071424_001,data/raw/HKUST/20260107_Thermal_HKUST/DCIM/DJI_202601071424_001/DJI_20260107144905_0136_V.JPG,data/raw/HKUST/20260107_Thermal_HKUST/DCIM/DJI_202601071424_001/DJI_20260107144905_0136_T.JPG,exact_base_name,0,2026-01-07 14:49:05,2026-01-07 14:49:05,22.336769444444442,114.26601388888889,404.688,4032.0,3024.0,640.0,512.0,ok,ok,candidate_only_no_visual_QA,Prioritized from existing inventory/metadata only; final pilot selection requires visual QA and Part B alignment review.
high,no,no,20260107_Thermal_HKUST/DCIM/DJI_202601071424_001::DJI_20260107144910_0137,DJI_20260107144910_0137,0137,HKUST,2026-01-07,20260107_Thermal_HKUST,DJI_202601071424_001,data/raw/HKUST/20260107_Thermal_HKUST/DCIM/DJI_202601071424_001/DJI_20260107144910_0137_V.JPG,data/raw/HKUST/20260107_Thermal_HKUST/DCIM/DJI_202601071424_001/DJI_20260107144910_0137_T.JPG,exact_base_name,0,2026-01-07 14:49:10,2026-01-07 14:49:10,22.337444444444444,114.26601944444444,404.954,4032.0,3024.0,640.0,512.0,ok,ok,candidate_only_no_visual_QA,Prioritized from existing inventory/metadata only; final pilot selection requires visual QA and Part B alignment review.
high,no,no,20260107_Thermal_HKUST/DCIM/DJI_202601071424_001::DJI_20260107144915_0138,DJI_20260107144915_0138,0138,HKUST,2026-01-07,20260107_Thermal_HKUST,DJI_202601071424_001,data/raw/HKUST/20260107_Thermal_HKUST/DCIM/DJI_202601071424_001/DJI_20260107144915_0138_V.JPG,data/raw/HKUST/20260107_Thermal_HKUST/DCIM/DJI_202601071424_001/DJI_20260107144915_0138_T.JPG,exact_base_name,0,2026-01-07 14:49:15,2026-01-07 14:49:15,22.33812222222222,114.266025,405.222,4032.0,3024.0,640.0,512.0,ok,ok,candidate_only_no_visual_QA,Prioritized from existing inventory/metadata only; final pilot selection requires visual QA and Part B alignment review.
high,no,no,20260107_Thermal_HKUST/DCIM/DJI_202601071424_001::DJI_20260107144920_0139,DJI_20260107144920_0139,0139,HKUST,2026-01-07,20260107_Thermal_HKUST,DJI_202601071424_001,data/raw/HKUST/20260107_Thermal_HKUST/DCIM/DJI_202601071424_001/DJI_20260107144920_0139_V.JPG,data/raw/HKUST/20260107_Thermal_HKUST/DCIM/DJI_202601071424_001/DJI_20260107144920_0139_T.JPG,exact_base_name,0,2026-01-07 14:49:20,2026-01-07 14:49:20,22.33878888888889,114.26603055555556,405.374,4032.0,3024.0,640.0,512.0,ok,ok,candidate_only_no_visual_QA,Prioritized from existing inventory/metadata only; final pilot selection requires visual QA and Part B alignment review.
high,no,no,20260107_Thermal_HKUST/DCIM/DJI_202601071424_001::DJI_20260107144925_0140,DJI_20260107144925_0140,0140,HKUST,2026-01-07,20260107_Thermal_HKUST,DJI_202601071424_001,data/raw/HKUST/20260107_Thermal_HKUST/DCIM/DJI_202601071424_001/DJI_20260107144925_0140_V.JPG,data/raw/HKUST/20260107_Thermal_HKUST/DCIM/DJI_202601071424_001/DJI_20260107144925_0140_T.JPG,exact_base_name,0,2026-01-07 14:49:25,2026-01-07 14:49:25,22.339102777777775,114.26595833333333,405.656,4032.0,3024.0,640.0,512.0,ok,ok,candidate_only_no_visual_QA,Prioritized from existing inventory/metadata only; final pilot selection requires visual QA and Part B alignment review.
high,no,no,20260107_Thermal_HKUST/DCIM/DJI_202601071424_001::DJI_20260107144930_0141,DJI_20260107144930_0141,0141,HKUST,2026-01-07,20260107_Thermal_HKUST,DJI_202601071424_001,data/raw/HKUST/20260107_Thermal_HKUST/DCIM/DJI_202601071424_001/DJI_20260107144930_0141_V.JPG,data/raw/HKUST/20260107_Thermal_HKUST/DCIM/DJI_202601071424_001/DJI_20260107144930_0141_T.JPG,exact_base_name,0,2026-01-07 14:49:30,2026-01-07 14:49:30,22.339108333333332,114.26533888888889,405.463,4032.0,3024.0,640.0,512.0,ok,ok,candidate_only_no_visual_QA,Prioritized from existing inventory/metadata only; final pilot selection requires visual QA and Part B alignment review.
high,no,no,20260107_Thermal_HKUST/DCIM/DJI_202601071424_001::DJI_20260107144935_0142,DJI_20260107144935_0142,0142,HKUST,2026-01-07,20260107_Thermal_HKUST,DJI_202601071424_001,data/raw/HKUST/20260107_Thermal_HKUST/DCIM/DJI_202601071424_001/DJI_20260107144935_0142_V.JPG,data/raw/HKUST/20260107_Thermal_HKUST/DCIM/DJI_202601071424_001/DJI_20260107144935_0142_T.JPG,exact_base_name,0,2026-01-07 14:49:35,2026-01-07 14:49:35,22.33911388888889,114.26461666666667,405.188,4032.0,3024.0,640.0,512.0,ok,ok,candidate_only_no_visual_QA,Prioritized from existing inventory/metadata only; final pilot selection requires visual QA and Part B alignment review.
high,no,no,20260107_Thermal_HKUST/DCIM/DJI_202601071424_001::DJI_20260107144940_0143,DJI_20260107144940_0143,0143,HKUST,2026-01-07,20260107_Thermal_HKUST,DJI_202601071424_001,data/raw/HKUST/20260107_Thermal_HKUST/DCIM/DJI_202601071424_001/DJI_20260107144940_0143_V.JPG,data/raw/HKUST/20260107_Thermal_HKUST/DCIM/DJI_202601071424_001/DJI_20260107144940_0143_T.JPG,exact_base_name,0,2026-01-07 14:49:40,2026-01-07 14:49:40,22.339122222222223,114.26388888888889,404.876,4032.0,3024.0,640.0,512.0,ok,ok,candidate_only_no_visual_QA,Prioritized from existing inventory/metadata only; final pilot selection requires visual QA and Part B alignment review.
high,no,no,20260107_Thermal_HKUST/DCIM/DJI_202601071424_001::DJI_20260107144945_0144,DJI_20260107144945_0144,0144,HKUST,2026-01-07,20260107_Thermal_HKUST,DJI_202601071424_001,data/raw/HKUST/20260107_Thermal_HKUST/DCIM/DJI_202601071424_001/DJI_20260107144945_0144_V.JPG,data/raw/HKUST/20260107_Thermal_HKUST/DCIM/DJI_202601071424_001/DJI_20260107144945_0144_T.JPG,exact_base_name,0,2026-01-07 14:49:45,2026-01-07 14:49:45,22.338941666666667,114.2637111111111,404.509,4032.0,3024.0,640.0,512.0,ok,ok,candidate_only_no_visual_QA,Prioritized from existing inventory/metadata only; final pilot selection requires visual QA and Part B alignment review.
high,no,no,20260107_Thermal_HKUST/DCIM/DJI_202601071424_001::DJI_20260107144950_0145,DJI_20260107144950_0145,0145,HKUST,2026-01-07,20260107_Thermal_HKUST,DJI_202601071424_001,data/raw/HKUST/20260107_Thermal_HKUST/DCIM/DJI_202601071424_001/DJI_20260107144950_0145_V.JPG,data/raw/HKUST/20260107_Thermal_HKUST/DCIM/DJI_202601071424_001/DJI_20260107144950_0145_T.JPG,exact_base_name,0,2026-01-07 14:49:50,2026-01-07 14:49:50,22.339169444444444,114.2637111111111,404.747,4032.0,3024.0,640.0,512.0,ok,ok,candidate_only_no_visual_QA,Prioritized from existing inventory/metadata only; final pilot selection requires visual QA and Part B alignment review.
high,no,no,20260107_Thermal_HKUST/DCIM/DJI_202601071424_001::DJI_20260107144955_0146,DJI_20260107144955_0146,0146,HKUST,2026-01-07,20260107_Thermal_HKUST,DJI_202601071424_001,data/raw/HKUST/20260107_Thermal_HKUST/DCIM/DJI_202601071424_001/DJI_20260107144955_0146_V.JPG,data/raw/HKUST/20260107_Thermal_HKUST/DCIM/DJI_202601071424_001/DJI_20260107144955_0146_T.JPG,exact_base_name,0,2026-01-07 14:49:55,2026-01-07 14:49:55,22.339163888888887,114.26396666666666,396.512,4032.0,3024.0,640.0,512.0,ok,ok,candidate_only_no_visual_QA,Prioritized from existing inventory/metadata only; final pilot selection requires visual QA and Part B alignment review.
high,no,no,20260107_Thermal_HKUST/DCIM/DJI_202601071453_002::DJI_20260107150631_0008,DJI_20260107150631_0008,0008,HKUST,2026-01-07,20260107_Thermal_HKUST,DJI_202601071453_002,data/raw/HKUST/20260107_Thermal_HKUST/DCIM/DJI_202601071453_002/DJI_20260107150631_0008_V.JPG,data/raw/HKUST/20260107_Thermal_HKUST/DCIM/DJI_202601071453_002/DJI_20260107150631_0008_T.JPG,exact_base_name,0,2026-01-07 15:06:31,2026-01-07 15:06:31,22.337530555555553,114.26295555555555,296.038,4032.0,3024.0,640.0,512.0,ok,ok,candidate_only_no_visual_QA,Prioritized from existing inventory/metadata only; final pilot selection requires visual QA and Part B alignment review.
high,no,no,20260107_Thermal_HKUST/DCIM/DJI_202601071453_002::DJI_20260107150634_0009,DJI_20260107150634_0009,0009,HKUST,2026-01-07,20260107_Thermal_HKUST,DJI_202601071453_002,data/raw/HKUST/20260107_Thermal_HKUST/DCIM/DJI_202601071453_002/DJI_20260107150634_0009_V.JPG,data/raw/HKUST/20260107_Thermal_HKUST/DCIM/DJI_202601071453_002/DJI_20260107150634_0009_T.JPG,exact_base_name,0,2026-01-07 15:06:34,2026-01-07 15:06:34,22.337530555555553,114.26295555555555,296.032,4032.0,3024.0,640.0,512.0,ok,ok,candidate_only_no_visual_QA,Prioritized from existing inventory/metadata only; final pilot selection requires visual QA and Part B alignment review.
high,no,no,20260107_Thermal_HKUST/DCIM/DJI_202601071453_002::DJI_20260107150636_0010,DJI_20260107150636_0010,0010,HKUST,2026-01-07,20260107_Thermal_HKUST,DJI_202601071453_002,data/raw/HKUST/20260107_Thermal_HKUST/DCIM/DJI_202601071453_002/DJI_20260107150636_0010_V.JPG,data/raw/HKUST/20260107_Thermal_HKUST/DCIM/DJI_202601071453_002/DJI_20260107150636_0010_T.JPG,exact_base_name,0,2026-01-07 15:06:36,2026-01-07 15:06:36,22.337530555555553,114.26295555555555,296.037,4032.0,3024.0,640.0,512.0,ok,ok,candidate_only_no_visual_QA,Prioritized from existing inventory/metadata only; final pilot selection requires visual QA and Part B alignment review.
high,no,no,20260107_Thermal_HKUST/DCIM/DJI_202601071453_002::DJI_20260107150641_0011,DJI_20260107150641_0011,0011,HKUST,2026-01-07,20260107_Thermal_HKUST,DJI_202601071453_002,data/raw/HKUST/20260107_Thermal_HKUST/DCIM/DJI_202601071453_002/DJI_20260107150641_0011_V.JPG,data/raw/HKUST/20260107_Thermal_HKUST/DCIM/DJI_202601071453_002/DJI_20260107150641_0011_T.JPG,exact_base_name,0,2026-01-07 15:06:41,2026-01-07 15:06:41,22.337530555555553,114.26295833333333,296.041,4096.0,3072.0,640.0,512.0,ok,ok,candidate_only_no_visual_QA,Prioritized from existing inventory/metadata only; final pilot selection requires visual QA and Part B alignment review.
high,no,no,20260107_Thermal_HKUST/DCIM/DJI_202601071453_002::DJI_20260107150646_0013,DJI_20260107150646_0013,0013,HKUST,2026-01-07,20260107_Thermal_HKUST,DJI_202601071453_002,data/raw/HKUST/20260107_Thermal_HKUST/DCIM/DJI_202601071453_002/DJI_20260107150646_0013_V.JPG,data/raw/HKUST/20260107_Thermal_HKUST/DCIM/DJI_202601071453_002/DJI_20260107150646_0013_T.JPG,exact_base_name,0,2026-01-07 15:06:46,2026-01-07 15:06:46,22.337530555555553,114.26295833333333,296.046,4096.0,3072.0,640.0,512.0,ok,ok,candidate_only_no_visual_QA,Prioritized from existing inventory/metadata only; final pilot selection requires visual QA and Part B alignment review.
high,no,no,20260107_Thermal_HKUST/DCIM/DJI_202601071453_002::DJI_20260107150649_0014,DJI_20260107150649_0014,0014,HKUST,2026-01-07,20260107_Thermal_HKUST,DJI_202601071453_002,data/raw/HKUST/20260107_Thermal_HKUST/DCIM/DJI_202601071453_002/DJI_20260107150649_0014_V.JPG,data/raw/HKUST/20260107_Thermal_HKUST/DCIM/DJI_202601071453_002/DJI_20260107150649_0014_T.JPG,exact_base_name,0,2026-01-07 15:06:49,2026-01-07 15:06:49,22.337533333333333,114.26295833333333,296.05,4096.0,3072.0,640.0,512.0,ok,ok,candidate_only_no_visual_QA,Prioritized from existing inventory/metadata only; final pilot selection requires visual QA and Part B alignment review.
high,no,no,20260107_Thermal_HKUST/DCIM/DJI_202601071453_002::DJI_20260107150658_0017,DJI_20260107150658_0017,0017,HKUST,2026-01-07,20260107_Thermal_HKUST,DJI_202601071453_002,data/raw/HKUST/20260107_Thermal_HKUST/DCIM/DJI_202601071453_002/DJI_20260107150658_0017_V.JPG,data/raw/HKUST/20260107_Thermal_HKUST/DCIM/DJI_202601071453_002/DJI_20260107150658_0017_T.JPG,exact_base_name,0,2026-01-07 15:06:58,2026-01-07 15:06:58,22.337533333333333,114.26295833333333,296.041,4032.0,3024.0,640.0,512.0,ok,ok,candidate_only_no_visual_QA,Prioritized from existing inventory/metadata only; final pilot selection requires visual QA and Part B alignment review.
high,no,no,20260107_Thermal_HKUST/DCIM/DJI_202601071453_002::DJI_20260107150702_0018,DJI_20260107150702_0018,0018,HKUST,2026-01-07,20260107_Thermal_HKUST,DJI_202601071453_002,data/raw/HKUST/20260107_Thermal_HKUST/DCIM/DJI_202601071453_002/DJI_20260107150702_0018_V.JPG,data/raw/HKUST/20260107_Thermal_HKUST/DCIM/DJI_202601071453_002/DJI_20260107150702_0018_T.JPG,exact_base_name,0,2026-01-07 15:07:02,2026-01-07 15:07:02,22.337533333333333,114.26295833333333,296.021,4032.0,3024.0,640.0,512.0,ok,ok,candidate_only_no_visual_QA,Prioritized from existing inventory/metadata only; final pilot selection requires visual QA and Part B alignment review.
high,no,no,20260107_Thermal_HKUST/DCIM/DJI_202601071453_002::DJI_20260107151107_0022,DJI_20260107151107_0022,0022,HKUST,2026-01-07,20260107_Thermal_HKUST,DJI_202601071453_002,data/raw/HKUST/20260107_Thermal_HKUST/DCIM/DJI_202601071453_002/DJI_20260107151107_0022_V.JPG,data/raw/HKUST/20260107_Thermal_HKUST/DCIM/DJI_202601071453_002/DJI_20260107151107_0022_T.JPG,exact_base_name,0,2026-01-07 15:11:07,2026-01-07 15:11:07,22.33754722222222,114.26355,492.008,4032.0,3024.0,640.0,512.0,ok,ok,candidate_only_no_visual_QA,Prioritized from existing inventory/metadata only; final pilot selection requires visual QA and Part B alignment review.
high,no,no,20260107_Thermal_HKUST/DCIM/DJI_202601071453_002::DJI_20260107151109_0023,DJI_20260107151109_0023,0023,HKUST,2026-01-07,20260107_Thermal_HKUST,DJI_202601071453_002,data/raw/HKUST/20260107_Thermal_HKUST/DCIM/DJI_202601071453_002/DJI_20260107151109_0023_V.JPG,data/raw/HKUST/20260107_Thermal_HKUST/DCIM/DJI_202601071453_002/DJI_20260107151109_0023_T.JPG,exact_base_name,0,2026-01-07 15:11:09,2026-01-07 15:11:09,22.33754722222222,114.26355,492.001,4032.0,3024.0,640.0,512.0,ok,ok,candidate_only_no_visual_QA,Prioritized from existing inventory/metadata only; final pilot selection requires visual QA and Part B alignment review.
high,no,no,20260107_Thermal_HKUST/DCIM/DJI_202601071453_002::DJI_20260107151118_0024,DJI_20260107151118_0024,0024,HKUST,2026-01-07,20260107_Thermal_HKUST,DJI_202601071453_002,data/raw/HKUST/20260107_Thermal_HKUST/DCIM/DJI_202601071453_002/DJI_20260107151118_0024_V.JPG,data/raw/HKUST/20260107_Thermal_HKUST/DCIM/DJI_202601071453_002/DJI_20260107151118_0024_T.JPG,exact_base_name,0,2026-01-07 15:11:18,2026-01-07 15:11:18,22.33754722222222,114.26355,491.995,4032.0,3024.0,640.0,512.0,ok,ok,candidate_only_no_visual_QA,Prioritized from existing inventory/metadata only; final pilot selection requires visual QA and Part B alignment review.
high,no,no,20260107_Thermal_HKUST/DCIM/DJI_202601071453_002::DJI_20260107151131_0026,DJI_20260107151131_0026,0026,HKUST,2026-01-07,20260107_Thermal_HKUST,DJI_202601071453_002,data/raw/HKUST/20260107_Thermal_HKUST/DCIM/DJI_202601071453_002/DJI_20260107151131_0026_V.JPG,data/raw/HKUST/20260107_Thermal_HKUST/DCIM/DJI_202601071453_002/DJI_20260107151131_0026_T.JPG,exact_base_name,0,2026-01-07 15:11:31,2026-01-07 15:11:31,22.336605555555554,114.26361666666666,491.992,4032.0,3024.0,640.0,512.0,ok,ok,candidate_only_no_visual_QA,Prioritized from existing inventory/metadata only; final pilot selection requires visual QA and Part B alignment review.
high,no,no,20260109_Thermal_HKUST/DCIM/DJI_202601091403_001::DJI_20260109141023_0001,DJI_20260109141023_0001,0001,HKUST,2026-01-09,20260109_Thermal_HKUST,DJI_202601091403_001,data/raw/HKUST/20260109_Thermal_HKUST/DCIM/DJI_202601091403_001/DJI_20260109141023_0001_V.JPG,data/raw/HKUST/20260109_Thermal_HKUST/DCIM/DJI_202601091403_001/DJI_20260109141023_0001_T.JPG,exact_base_name,0,2026-01-09 14:10:23,2026-01-09 14:10:23,22.337255555555554,114.26665,450.401,4032.0,3024.0,640.0,512.0,ok,ok,candidate_only_no_visual_QA,Prioritized from existing inventory/metadata only; final pilot selection requires visual QA and Part B alignment review.
high,no,no,20260109_Thermal_HKUST/DCIM/DJI_202601091403_001::DJI_20260109141028_0003,DJI_20260109141028_0003,0003,HKUST,2026-01-09,20260109_Thermal_HKUST,DJI_202601091403_001,data/raw/HKUST/20260109_Thermal_HKUST/DCIM/DJI_202601091403_001/DJI_20260109141028_0003_V.JPG,data/raw/HKUST/20260109_Thermal_HKUST/DCIM/DJI_202601091403_001/DJI_20260109141028_0003_T.JPG,exact_base_name,0,2026-01-09 14:10:28,2026-01-09 14:10:28,22.337255555555554,114.26665,450.596,4032.0,3024.0,640.0,512.0,ok,ok,candidate_only_no_visual_QA,Prioritized from existing inventory/metadata only; final pilot selection requires visual QA and Part B alignment review.
high,no,no,20260109_Thermal_HKUST/DCIM/DJI_202601091403_001::DJI_20260109141039_0004,DJI_20260109141039_0004,0004,HKUST,2026-01-09,20260109_Thermal_HKUST,DJI_202601091403_001,data/raw/HKUST/20260109_Thermal_HKUST/DCIM/DJI_202601091403_001/DJI_20260109141039_0004_V.JPG,data/raw/HKUST/20260109_Thermal_HKUST/DCIM/DJI_202601091403_001/DJI_20260109141039_0004_T.JPG,exact_base_name,0,2026-01-09 14:10:39,2026-01-09 14:10:39,22.337252777777778,114.26665,450.915,4032.0,3024.0,640.0,512.0,ok,ok,candidate_only_no_visual_QA,Prioritized from existing inventory/metadata only; final pilot selection requires visual QA and Part B alignment review.
high,no,no,20260109_Thermal_HKUST/DCIM/DJI_202601091403_001::DJI_20260109141129_0005,DJI_20260109141129_0005,0005,HKUST,2026-01-09,20260109_Thermal_HKUST,DJI_202601091403_001,data/raw/HKUST/20260109_Thermal_HKUST/DCIM/DJI_202601091403_001/DJI_20260109141129_0005_V.JPG,data/raw/HKUST/20260109_Thermal_HKUST/DCIM/DJI_202601091403_001/DJI_20260109141129_0005_T.JPG,exact_base_name,0,2026-01-09 14:11:29,2026-01-09 14:11:29,22.337249999999997,114.26665,450.08,4032.0,3024.0,640.0,512.0,ok,ok,candidate_only_no_visual_QA,Prioritized from existing inventory/metadata only; final pilot selection requires visual QA and Part B alignment review.
high,no,no,20260109_Thermal_HKUST/DCIM/DJI_202601091403_001::DJI_20260109141132_0006,DJI_20260109141132_0006,0006,HKUST,2026-01-09,20260109_Thermal_HKUST,DJI_202601091403_001,data/raw/HKUST/20260109_Thermal_HKUST/DCIM/DJI_202601091403_001/DJI_20260109141132_0006_V.JPG,data/raw/HKUST/20260109_Thermal_HKUST/DCIM/DJI_202601091403_001/DJI_20260109141132_0006_T.JPG,exact_base_name,0,2026-01-09 14:11:32,2026-01-09 14:11:32,22.337249999999997,114.26665,450.085,4032.0,3024.0,640.0,512.0,ok,ok,candidate_only_no_visual_QA,Prioritized from existing inventory/metadata only; final pilot selection requires visual QA and Part B alignment review.
high,no,no,20260109_Thermal_HKUST/DCIM/DJI_202601091403_001::DJI_20260109141135_0007,DJI_20260109141135_0007,0007,HKUST,2026-01-09,20260109_Thermal_HKUST,DJI_202601091403_001,data/raw/HKUST/20260109_Thermal_HKUST/DCIM/DJI_202601091403_001/DJI_20260109141135_0007_V.JPG,data/raw/HKUST/20260109_Thermal_HKUST/DCIM/DJI_202601091403_001/DJI_20260109141135_0007_T.JPG,exact_base_name,0,2026-01-09 14:11:35,2026-01-09 14:11:35,22.337249999999997,114.26665,450.085,4032.0,3024.0,640.0,512.0,ok,ok,candidate_only_no_visual_QA,Prioritized from existing inventory/metadata only; final pilot selection requires visual QA and Part B alignment review.
high,no,no,20260109_Thermal_HKUST/DCIM/DJI_202601091403_001::DJI_20260109141150_0008,DJI_20260109141150_0008,0008,HKUST,2026-01-09,20260109_Thermal_HKUST,DJI_202601091403_001,data/raw/HKUST/20260109_Thermal_HKUST/DCIM/DJI_202601091403_001/DJI_20260109141150_0008_V.JPG,data/raw/HKUST/20260109_Thermal_HKUST/DCIM/DJI_202601091403_001/DJI_20260109141150_0008_T.JPG,exact_base_name,0,2026-01-09 14:11:50,2026-01-09 14:11:50,22.337249999999997,114.26665,450.088,4032.0,3024.0,640.0,512.0,ok,ok,candidate_only_no_visual_QA,Prioritized from existing inventory/metadata only; final pilot selection requires visual QA and Part B alignment review.
high,no,no,20260109_Thermal_HKUST/DCIM/DJI_202601091403_001::DJI_20260109141235_0011,DJI_20260109141235_0011,0011,HKUST,2026-01-09,20260109_Thermal_HKUST,DJI_202601091403_001,data/raw/HKUST/20260109_Thermal_HKUST/DCIM/DJI_202601091403_001/DJI_20260109141235_0011_V.JPG,data/raw/HKUST/20260109_Thermal_HKUST/DCIM/DJI_202601091403_001/DJI_20260109141235_0011_T.JPG,exact_base_name,0,2026-01-09 14:12:35,2026-01-09 14:12:35,22.337252777777778,114.26345,450.024,4032.0,3024.0,640.0,512.0,ok,ok,candidate_only_no_visual_QA,Prioritized from existing inventory/metadata only; final pilot selection requires visual QA and Part B alignment review.
high,no,no,20260109_Thermal_HKUST/DCIM/DJI_202601091403_001::DJI_20260109141238_0012,DJI_20260109141238_0012,0012,HKUST,2026-01-09,20260109_Thermal_HKUST,DJI_202601091403_001,data/raw/HKUST/20260109_Thermal_HKUST/DCIM/DJI_202601091403_001/DJI_20260109141238_0012_V.JPG,data/raw/HKUST/20260109_Thermal_HKUST/DCIM/DJI_202601091403_001/DJI_20260109141238_0012_T.JPG,exact_base_name,0,2026-01-09 14:12:38,2026-01-09 14:12:38,22.337252777777778,114.26345,450.086,4032.0,3024.0,640.0,512.0,ok,ok,candidate_only_no_visual_QA,Prioritized from existing inventory/metadata only; final pilot selection requires visual QA and Part B alignment review.
high,no,no,20260109_Thermal_HKUST/DCIM/DJI_202601091403_001::DJI_20260109141313_0013,DJI_20260109141313_0013,0013,HKUST,2026-01-09,20260109_Thermal_HKUST,DJI_202601091403_001,data/raw/HKUST/20260109_Thermal_HKUST/DCIM/DJI_202601091403_001/DJI_20260109141313_0013_V.JPG,data/raw/HKUST/20260109_Thermal_HKUST/DCIM/DJI_202601091403_001/DJI_20260109141313_0013_T.JPG,exact_base_name,0,2026-01-09 14:13:13,2026-01-09 14:13:13,22.33577222222222,114.26345833333333,449.536,4032.0,3024.0,640.0,512.0,ok,ok,candidate_only_no_visual_QA,Prioritized from existing inventory/metadata only; final pilot selection requires visual QA and Part B alignment review.
high,no,no,20260109_Thermal_HKUST/DCIM/DJI_202601091403_001::DJI_20260109141317_0014,DJI_20260109141317_0014,0014,HKUST,2026-01-09,20260109_Thermal_HKUST,DJI_202601091403_001,data/raw/HKUST/20260109_Thermal_HKUST/DCIM/DJI_202601091403_001/DJI_20260109141317_0014_V.JPG,data/raw/HKUST/20260109_Thermal_HKUST/DCIM/DJI_202601091403_001/DJI_20260109141317_0014_T.JPG,exact_base_name,0,2026-01-09 14:13:17,2026-01-09 14:13:17,22.33577222222222,114.26345833333333,449.614,4032.0,3024.0,640.0,512.0,ok,ok,candidate_only_no_visual_QA,Prioritized from existing inventory/metadata only; final pilot selection requires visual QA and Part B alignment review.
high,no,no,20260109_Thermal_HKUST/DCIM/DJI_202601091403_001::DJI_20260109141319_0015,DJI_20260109141319_0015,0015,HKUST,2026-01-09,20260109_Thermal_HKUST,DJI_202601091403_001,data/raw/HKUST/20260109_Thermal_HKUST/DCIM/DJI_202601091403_001/DJI_20260109141319_0015_V.JPG,data/raw/HKUST/20260109_Thermal_HKUST/DCIM/DJI_202601091403_001/DJI_20260109141319_0015_T.JPG,exact_base_name,0,2026-01-09 14:13:19,2026-01-09 14:13:19,22.33577222222222,114.26345555555555,449.679,4032.0,3024.0,640.0,512.0,ok,ok,candidate_only_no_visual_QA,Prioritized from existing inventory/metadata only; final pilot selection requires visual QA and Part B alignment review.
high,no,no,20260109_Thermal_HKUST/DCIM/DJI_202601091403_001::DJI_20260109141421_0018,DJI_20260109141421_0018,0018,HKUST,2026-01-09,20260109_Thermal_HKUST,DJI_202601091403_001,data/raw/HKUST/20260109_Thermal_HKUST/DCIM/DJI_202601091403_001/DJI_20260109141421_0018_V.JPG,data/raw/HKUST/20260109_Thermal_HKUST/DCIM/DJI_202601091403_001/DJI_20260109141421_0018_T.JPG,exact_base_name,0,2026-01-09 14:14:21,2026-01-09 14:14:21,22.334166666666665,114.26346944444444,450.308,4032.0,3024.0,640.0,512.0,ok,ok,candidate_only_no_visual_QA,Prioritized from existing inventory/metadata only; final pilot selection requires visual QA and Part B alignment review.
high,no,no,20260109_Thermal_HKUST/DCIM/DJI_202601091403_001::DJI_20260109141424_0019,DJI_20260109141424_0019,0019,HKUST,2026-01-09,20260109_Thermal_HKUST,DJI_202601091403_001,data/raw/HKUST/20260109_Thermal_HKUST/DCIM/DJI_202601091403_001/DJI_20260109141424_0019_V.JPG,data/raw/HKUST/20260109_Thermal_HKUST/DCIM/DJI_202601091403_001/DJI_20260109141424_0019_T.JPG,exact_base_name,0,2026-01-09 14:14:24,2026-01-09 14:14:24,22.334163888888888,114.26346944444444,450.329,4032.0,3024.0,640.0,512.0,ok,ok,candidate_only_no_visual_QA,Prioritized from existing inventory/metadata only; final pilot selection requires visual QA and Part B alignment review.
high,no,no,20260109_Thermal_HKUST/DCIM/DJI_202601091403_001::DJI_20260109141426_0020,DJI_20260109141426_0020,0020,HKUST,2026-01-09,20260109_Thermal_HKUST,DJI_202601091403_001,data/raw/HKUST/20260109_Thermal_HKUST/DCIM/DJI_202601091403_001/DJI_20260109141426_0020_V.JPG,data/raw/HKUST/20260109_Thermal_HKUST/DCIM/DJI_202601091403_001/DJI_20260109141426_0020_T.JPG,exact_base_name,0,2026-01-09 14:14:26,2026-01-09 14:14:26,22.334163888888888,114.26346944444444,450.341,4032.0,3024.0,640.0,512.0,ok,ok,candidate_only_no_visual_QA,Prioritized from existing inventory/metadata only; final pilot selection requires visual QA and Part B alignment review.
high,no,no,20260109_Thermal_HKUST/DCIM/DJI_202601091403_001::DJI_20260109141512_0022,DJI_20260109141512_0022,0022,HKUST,2026-01-09,20260109_Thermal_HKUST,DJI_202601091403_001,data/raw/HKUST/20260109_Thermal_HKUST/DCIM/DJI_202601091403_001/DJI_20260109141512_0022_V.JPG,data/raw/HKUST/20260109_Thermal_HKUST/DCIM/DJI_202601091403_001/DJI_20260109141512_0022_T.JPG,exact_base_name,0,2026-01-09 14:15:12,2026-01-09 14:15:12,22.333447222222222,114.26346944444444,450.461,4032.0,3024.0,640.0,512.0,ok,ok,candidate_only_no_visual_QA,Prioritized from existing inventory/metadata only; final pilot selection requires visual QA and Part B alignment review.
high,no,no,20260109_Thermal_HKUST/DCIM/DJI_202601091403_001::DJI_20260109142020_0024,DJI_20260109142020_0024,0024,HKUST,2026-01-09,20260109_Thermal_HKUST,DJI_202601091403_001,data/raw/HKUST/20260109_Thermal_HKUST/DCIM/DJI_202601091403_001/DJI_20260109142020_0024_V.JPG,data/raw/HKUST/20260109_Thermal_HKUST/DCIM/DJI_202601091403_001/DJI_20260109142020_0024_T.JPG,exact_base_name,0,2026-01-09 14:20:20,2026-01-09 14:20:20,22.337466666666664,114.2688388888889,452.459,4032.0,3024.0,640.0,512.0,ok,ok,candidate_only_no_visual_QA,Prioritized from existing inventory/metadata only; final pilot selection requires visual QA and Part B alignment review.
high,no,no,20260202_Thermal_HKUST/DCIM/DJI_202602020853_001::DJI_20260202085709_0003,DJI_20260202085709_0003,0003,HKUST,2026-02-02,20260202_Thermal_HKUST,DJI_202602020853_001,data/raw/HKUST/20260202_Thermal_HKUST/DCIM/DJI_202602020853_001/DJI_20260202085709_0003_V.JPG,data/raw/HKUST/20260202_Thermal_HKUST/DCIM/DJI_202602020853_001/DJI_20260202085709_0003_T.JPG,exact_base_name,0,2026-02-02 08:57:09,2026-02-02 08:57:09,22.338955555555554,114.264,499.997,3840.0,2160.0,640.0,512.0,ok,ok,candidate_only_no_visual_QA,Prioritized from existing inventory/metadata only; final pilot selection requires visual QA and Part B alignment review.
high,no,no,20260202_Thermal_HKUST/DCIM/DJI_202602020853_001::DJI_20260202085721_0004,DJI_20260202085721_0004,0004,HKUST,2026-02-02,20260202_Thermal_HKUST,DJI_202602020853_001,data/raw/HKUST/20260202_Thermal_HKUST/DCIM/DJI_202602020853_001/DJI_20260202085721_0004_V.JPG,data/raw/HKUST/20260202_Thermal_HKUST/DCIM/DJI_202602020853_001/DJI_20260202085721_0004_T.JPG,exact_base_name,0,2026-02-02 08:57:21,2026-02-02 08:57:21,22.338955555555554,114.26400277777778,500.066,3840.0,2160.0,640.0,512.0,ok,ok,candidate_only_no_visual_QA,Prioritized from existing inventory/metadata only; final pilot selection requires visual QA and Part B alignment review.
high,no,no,20260202_Thermal_HKUST/DCIM/DJI_202602020853_001::DJI_20260202090230_0007,DJI_20260202090230_0007,0007,HKUST,2026-02-02,20260202_Thermal_HKUST,DJI_202602020853_001,data/raw/HKUST/20260202_Thermal_HKUST/DCIM/DJI_202602020853_001/DJI_20260202090230_0007_V.JPG,data/raw/HKUST/20260202_Thermal_HKUST/DCIM/DJI_202602020853_001/DJI_20260202090230_0007_T.JPG,exact_base_name,0,2026-02-02 09:02:30,2026-02-02 09:02:30,22.338255555555556,114.26297222222222,499.857,4096.0,3072.0,640.0,512.0,ok,ok,candidate_only_no_visual_QA,Prioritized from existing inventory/metadata only; final pilot selection requires visual QA and Part B alignment review.
high,no,no,20260202_Thermal_HKUST/DCIM/DJI_202602020853_001::DJI_20260202090241_0008,DJI_20260202090241_0008,0008,HKUST,2026-02-02,20260202_Thermal_HKUST,DJI_202602020853_001,data/raw/HKUST/20260202_Thermal_HKUST/DCIM/DJI_202602020853_001/DJI_20260202090241_0008_V.JPG,data/raw/HKUST/20260202_Thermal_HKUST/DCIM/DJI_202602020853_001/DJI_20260202090241_0008_T.JPG,exact_base_name,0,2026-02-02 09:02:41,2026-02-02 09:02:41,22.337544444444443,114.26296944444445,499.825,4096.0,3072.0,640.0,512.0,ok,ok,candidate_only_no_visual_QA,Prioritized from existing inventory/metadata only; final pilot selection requires visual QA and Part B alignment review.
high,no,no,20260202_Thermal_HKUST/DCIM/DJI_202602020853_001::DJI_20260202090258_0009,DJI_20260202090258_0009,0009,HKUST,2026-02-02,20260202_Thermal_HKUST,DJI_202602020853_001,data/raw/HKUST/20260202_Thermal_HKUST/DCIM/DJI_202602020853_001/DJI_20260202090258_0009_V.JPG,data/raw/HKUST/20260202_Thermal_HKUST/DCIM/DJI_202602020853_001/DJI_20260202090258_0009_T.JPG,exact_base_name,0,2026-02-02 09:02:58,2026-02-02 09:02:58,22.33636111111111,114.26290833333333,499.855,4096.0,3072.0,640.0,512.0,ok,ok,candidate_only_no_visual_QA,Prioritized from existing inventory/metadata only; final pilot selection requires visual QA and Part B alignment review.
high,no,no,20260202_Thermal_HKUST/DCIM/DJI_202602020853_001::DJI_20260202090313_0010,DJI_20260202090313_0010,0010,HKUST,2026-02-02,20260202_Thermal_HKUST,DJI_202602020853_001,data/raw/HKUST/20260202_Thermal_HKUST/DCIM/DJI_202602020853_001/DJI_20260202090313_0010_V.JPG,data/raw/HKUST/20260202_Thermal_HKUST/DCIM/DJI_202602020853_001/DJI_20260202090313_0010_T.JPG,exact_base_name,0,2026-02-02 09:03:13,2026-02-02 09:03:13,22.335213888888887,114.26286388888889,499.761,4096.0,3072.0,640.0,512.0,ok,ok,candidate_only_no_visual_QA,Prioritized from existing inventory/metadata only; final pilot selection requires visual QA and Part B alignment review.
high,no,no,20260202_Thermal_HKUST/DCIM/DJI_202602020853_001::DJI_20260202090327_0011,DJI_20260202090327_0011,0011,HKUST,2026-02-02,20260202_Thermal_HKUST,DJI_202602020853_001,data/raw/HKUST/20260202_Thermal_HKUST/DCIM/DJI_202602020853_001/DJI_20260202090327_0011_V.JPG,data/raw/HKUST/20260202_Thermal_HKUST/DCIM/DJI_202602020853_001/DJI_20260202090327_0011_T.JPG,exact_base_name,0,2026-02-02 09:03:27,2026-02-02 09:03:27,22.334125,114.26283055555555,499.797,4096.0,3072.0,640.0,512.0,ok,ok,candidate_only_no_visual_QA,Prioritized from existing inventory/metadata only; final pilot selection requires visual QA and Part B alignment review.
high,no,no,20260202_Thermal_HKUST/DCIM/DJI_202602020853_001::DJI_20260202090347_0012,DJI_20260202090347_0012,0012,HKUST,2026-02-02,20260202_Thermal_HKUST,DJI_202602020853_001,data/raw/HKUST/20260202_Thermal_HKUST/DCIM/DJI_202602020853_001/DJI_20260202090347_0012_V.JPG,data/raw/HKUST/20260202_Thermal_HKUST/DCIM/DJI_202602020853_001/DJI_20260202090347_0012_T.JPG,exact_base_name,0,2026-02-02 09:03:47,2026-02-02 09:03:47,22.33321388888889,114.26282777777777,499.506,4096.0,3072.0,640.0,512.0,ok,ok,candidate_only_no_visual_QA,Prioritized from existing inventory/metadata only; final pilot selection requires visual QA and Part B alignment review.
high,no,no,20260202_Thermal_HKUST/DCIM/DJI_202602020853_001::DJI_20260202090406_0013,DJI_20260202090406_0013,0013,HKUST,2026-02-02,20260202_Thermal_HKUST,DJI_202602020853_001,data/raw/HKUST/20260202_Thermal_HKUST/DCIM/DJI_202602020853_001/DJI_20260202090406_0013_V.JPG,data/raw/HKUST/20260202_Thermal_HKUST/DCIM/DJI_202602020853_001/DJI_20260202090406_0013_T.JPG,exact_base_name,0,2026-02-02 09:04:06,2026-02-02 09:04:06,22.333277777777777,114.26409444444444,498.888,4096.0,3072.0,640.0,512.0,ok,ok,candidate_only_no_visual_QA,Prioritized from existing inventory/metadata only; final pilot selection requires visual QA and Part B alignment review.
high,no,no,20260202_Thermal_HKUST/DCIM/DJI_202602020853_001::DJI_20260202090418_0014,DJI_20260202090418_0014,0014,HKUST,2026-02-02,20260202_Thermal_HKUST,DJI_202602020853_001,data/raw/HKUST/20260202_Thermal_HKUST/DCIM/DJI_202602020853_001/DJI_20260202090418_0014_V.JPG,data/raw/HKUST/20260202_Thermal_HKUST/DCIM/DJI_202602020853_001/DJI_20260202090418_0014_T.JPG,exact_base_name,0,2026-02-02 09:04:18,2026-02-02 09:04:18,22.334266666666664,114.26403888888889,498.401,4096.0,3072.0,640.0,512.0,ok,ok,candidate_only_no_visual_QA,Prioritized from existing inventory/metadata only; final pilot selection requires visual QA and Part B alignment review.
high,no,no,20260202_Thermal_HKUST/DCIM/DJI_202602020853_001::DJI_20260202090430_0015,DJI_20260202090430_0015,0015,HKUST,2026-02-02,20260202_Thermal_HKUST,DJI_202602020853_001,data/raw/HKUST/20260202_Thermal_HKUST/DCIM/DJI_202602020853_001/DJI_20260202090430_0015_V.JPG,data/raw/HKUST/20260202_Thermal_HKUST/DCIM/DJI_202602020853_001/DJI_20260202090430_0015_T.JPG,exact_base_name,0,2026-02-02 09:04:30,2026-02-02 09:04:30,22.335180555555553,114.26398611111111,497.527,4096.0,3072.0,640.0,512.0,ok,ok,candidate_only_no_visual_QA,Prioritized from existing inventory/metadata only; final pilot selection requires visual QA and Part B alignment review.
high,no,no,20260202_Thermal_HKUST/DCIM/DJI_202602020853_001::DJI_20260202090451_0017,DJI_20260202090451_0017,0017,HKUST,2026-02-02,20260202_Thermal_HKUST,DJI_202602020853_001,data/raw/HKUST/20260202_Thermal_HKUST/DCIM/DJI_202602020853_001/DJI_20260202090451_0017_V.JPG,data/raw/HKUST/20260202_Thermal_HKUST/DCIM/DJI_202602020853_001/DJI_20260202090451_0017_T.JPG,exact_base_name,0,2026-02-02 09:04:51,2026-02-02 09:04:51,22.336791666666667,114.26388888888889,497.025,4096.0,3072.0,640.0,512.0,ok,ok,candidate_only_no_visual_QA,Prioritized from existing inventory/metadata only; final pilot selection requires visual QA and Part B alignment review.
high,no,no,20260202_Thermal_HKUST/DCIM/DJI_202602020853_001::DJI_20260202090501_0018,DJI_20260202090501_0018,0018,HKUST,2026-02-02,20260202_Thermal_HKUST,DJI_202602020853_001,data/raw/HKUST/20260202_Thermal_HKUST/DCIM/DJI_202602020853_001/DJI_20260202090501_0018_V.JPG,data/raw/HKUST/20260202_Thermal_HKUST/DCIM/DJI_202602020853_001/DJI_20260202090501_0018_T.JPG,exact_base_name,0,2026-02-02 09:05:01,2026-02-02 09:05:01,22.33754722222222,114.26384166666666,496.946,4096.0,3072.0,640.0,512.0,ok,ok,candidate_only_no_visual_QA,Prioritized from existing inventory/metadata only; final pilot selection requires visual QA and Part B alignment review.
high,no,no,20260202_Thermal_HKUST/DCIM/DJI_202602020853_001::DJI_20260202090502_0019,DJI_20260202090502_0019,0019,HKUST,2026-02-02,20260202_Thermal_HKUST,DJI_202602020853_001,data/raw/HKUST/20260202_Thermal_HKUST/DCIM/DJI_202602020853_001/DJI_20260202090502_0019_V.JPG,data/raw/HKUST/20260202_Thermal_HKUST/DCIM/DJI_202602020853_001/DJI_20260202090502_0019_T.JPG,exact_base_name,0,2026-02-02 09:05:02,2026-02-02 09:05:02,22.33755,114.26384166666666,496.865,4096.0,3072.0,640.0,512.0,ok,ok,candidate_only_no_visual_QA,Prioritized from existing inventory/metadata only; final pilot selection requires visual QA and Part B alignment review.
high,no,no,20260202_Thermal_HKUST/DCIM/DJI_202602020853_001::DJI_20260202090514_0020,DJI_20260202090514_0020,0020,HKUST,2026-02-02,20260202_Thermal_HKUST,DJI_202602020853_001,data/raw/HKUST/20260202_Thermal_HKUST/DCIM/DJI_202602020853_001/DJI_20260202090514_0020_V.JPG,data/raw/HKUST/20260202_Thermal_HKUST/DCIM/DJI_202602020853_001/DJI_20260202090514_0020_T.JPG,exact_base_name,0,2026-02-02 09:05:14,2026-02-02 09:05:14,22.33844722222222,114.26378888888888,496.93,4096.0,3072.0,640.0,512.0,ok,ok,candidate_only_no_visual_QA,Prioritized from existing inventory/metadata only; final pilot selection requires visual QA and Part B alignment review.
high,no,no,20260202_Thermal_HKUST/DCIM/DJI_202602020853_001::DJI_20260202090523_0021,DJI_20260202090523_0021,0021,HKUST,2026-02-02,20260202_Thermal_HKUST,DJI_202602020853_001,data/raw/HKUST/20260202_Thermal_HKUST/DCIM/DJI_202602020853_001/DJI_20260202090523_0021_V.JPG,data/raw/HKUST/20260202_Thermal_HKUST/DCIM/DJI_202602020853_001/DJI_20260202090523_0021_T.JPG,exact_base_name,0,2026-02-02 09:05:23,2026-02-02 09:05:23,22.339166666666664,114.26372222222223,496.907,4096.0,3072.0,640.0,512.0,ok,ok,candidate_only_no_visual_QA,Prioritized from existing inventory/metadata only; final pilot selection requires visual QA and Part B alignment review.
high,no,no,20260202_Thermal_HKUST/DCIM/DJI_202602020853_001::DJI_20260202090532_0022,DJI_20260202090532_0022,0022,HKUST,2026-02-02,20260202_Thermal_HKUST,DJI_202602020853_001,data/raw/HKUST/20260202_Thermal_HKUST/DCIM/DJI_202602020853_001/DJI_20260202090532_0022_V.JPG,data/raw/HKUST/20260202_Thermal_HKUST/DCIM/DJI_202602020853_001/DJI_20260202090532_0022_T.JPG,exact_base_name,0,2026-02-02 09:05:32,2026-02-02 09:05:32,22.339827777777778,114.26363333333333,496.782,4096.0,3072.0,640.0,512.0,ok,ok,candidate_only_no_visual_QA,Prioritized from existing inventory/metadata only; final pilot selection requires visual QA and Part B alignment review.
high,no,no,20260202_Thermal_HKUST/DCIM/DJI_202602020853_001::DJI_20260202090556_0024,DJI_20260202090556_0024,0024,HKUST,2026-02-02,20260202_Thermal_HKUST,DJI_202602020853_001,data/raw/HKUST/20260202_Thermal_HKUST/DCIM/DJI_202602020853_001/DJI_20260202090556_0024_V.JPG,data/raw/HKUST/20260202_Thermal_HKUST/DCIM/DJI_202602020853_001/DJI_20260202090556_0024_T.JPG,exact_base_name,0,2026-02-02 09:05:56,2026-02-02 09:05:56,22.339080555555554,114.26457777777777,497.333,4096.0,3072.0,640.0,512.0,ok,ok,candidate_only_no_visual_QA,Prioritized from existing inventory/metadata only; final pilot selection requires visual QA and Part B alignment review.
high,no,no,20260202_Thermal_HKUST/DCIM/DJI_202602020853_001::DJI_20260202090606_0025,DJI_20260202090606_0025,0025,HKUST,2026-02-02,20260202_Thermal_HKUST,DJI_202602020853_001,data/raw/HKUST/20260202_Thermal_HKUST/DCIM/DJI_202602020853_001/DJI_20260202090606_0025_V.JPG,data/raw/HKUST/20260202_Thermal_HKUST/DCIM/DJI_202602020853_001/DJI_20260202090606_0025_T.JPG,exact_base_name,0,2026-02-02 09:06:06,2026-02-02 09:06:06,22.338255555555556,114.26461944444445,497.926,4096.0,3072.0,640.0,512.0,ok,ok,candidate_only_no_visual_QA,Prioritized from existing inventory/metadata only; final pilot selection requires visual QA and Part B alignment review.
high,no,no,20260202_Thermal_HKUST/DCIM/DJI_202602020853_001::DJI_20260202090619_0027,DJI_20260202090619_0027,0027,HKUST,2026-02-02,20260202_Thermal_HKUST,DJI_202602020853_001,data/raw/HKUST/20260202_Thermal_HKUST/DCIM/DJI_202602020853_001/DJI_20260202090619_0027_V.JPG,data/raw/HKUST/20260202_Thermal_HKUST/DCIM/DJI_202602020853_001/DJI_20260202090619_0027_T.JPG,exact_base_name,0,2026-02-02 09:06:19,2026-02-02 09:06:19,22.337241666666664,114.26459166666666,498.517,4096.0,3072.0,640.0,512.0,ok,ok,candidate_only_no_visual_QA,Prioritized from existing inventory/metadata only; final pilot selection requires visual QA and Part B alignment review.
high,no,no,20260202_Thermal_HKUST/DCIM/DJI_202602020853_001::DJI_20260202090647_0029,DJI_20260202090647_0029,0029,HKUST,2026-02-02,20260202_Thermal_HKUST,DJI_202602020853_001,data/raw/HKUST/20260202_Thermal_HKUST/DCIM/DJI_202602020853_001/DJI_20260202090647_0029_V.JPG,data/raw/HKUST/20260202_Thermal_HKUST/DCIM/DJI_202602020853_001/DJI_20260202090647_0029_T.JPG,exact_base_name,0,2026-02-02 09:06:47,2026-02-02 09:06:47,22.335069444444443,114.26469722222222,498.708,4096.0,3072.0,640.0,512.0,ok,ok,candidate_only_no_visual_QA,Prioritized from existing inventory/metadata only; final pilot selection requires visual QA and Part B alignment review.
high,no,no,20260202_Thermal_HKUST/DCIM/DJI_202602020853_001::DJI_20260202090648_0030,DJI_20260202090648_0030,0030,HKUST,2026-02-02,20260202_Thermal_HKUST,DJI_202602020853_001,data/raw/HKUST/20260202_Thermal_HKUST/DCIM/DJI_202602020853_001/DJI_20260202090648_0030_V.JPG,data/raw/HKUST/20260202_Thermal_HKUST/DCIM/DJI_202602020853_001/DJI_20260202090648_0030_T.JPG,exact_base_name,0,2026-02-02 09:06:48,2026-02-02 09:06:48,22.335066666666666,114.26469444444444,498.701,4096.0,3072.0,640.0,512.0,ok,ok,candidate_only_no_visual_QA,Prioritized from existing inventory/metadata only; final pilot selection requires visual QA and Part B alignment review.
high,no,no,20260202_Thermal_HKUST/DCIM/DJI_202602020853_001::DJI_20260202090701_0031,DJI_20260202090701_0031,0031,HKUST,2026-02-02,20260202_Thermal_HKUST,DJI_202602020853_001,data/raw/HKUST/20260202_Thermal_HKUST/DCIM/DJI_202602020853_001/DJI_20260202090701_0031_V.JPG,data/raw/HKUST/20260202_Thermal_HKUST/DCIM/DJI_202602020853_001/DJI_20260202090701_0031_T.JPG,exact_base_name,0,2026-02-02 09:07:01,2026-02-02 09:07:01,22.33402222222222,114.26467222222222,498.834,4096.0,3072.0,640.0,512.0,ok,ok,candidate_only_no_visual_QA,Prioritized from existing inventory/metadata only; final pilot selection requires visual QA and Part B alignment review.
high,no,no,20260202_Thermal_HKUST/DCIM/DJI_202602020853_001::DJI_20260202090713_0033,DJI_20260202090713_0033,0033,HKUST,2026-02-02,20260202_Thermal_HKUST,DJI_202602020853_001,data/raw/HKUST/20260202_Thermal_HKUST/DCIM/DJI_202602020853_001/DJI_20260202090713_0033_V.JPG,data/raw/HKUST/20260202_Thermal_HKUST/DCIM/DJI_202602020853_001/DJI_20260202090713_0033_T.JPG,exact_base_name,0,2026-02-02 09:07:13,2026-02-02 09:07:13,22.333211111111112,114.26468611111112,498.902,4096.0,3072.0,640.0,512.0,ok,ok,candidate_only_no_visual_QA,Prioritized from existing inventory/metadata only; final pilot selection requires visual QA and Part B alignment review.
high,no,no,20260202_Thermal_HKUST/DCIM/DJI_202602020853_001::DJI_20260202090723_0034,DJI_20260202090723_0034,0034,HKUST,2026-02-02,20260202_Thermal_HKUST,DJI_202602020853_001,data/raw/HKUST/20260202_Thermal_HKUST/DCIM/DJI_202602020853_001/DJI_20260202090723_0034_V.JPG,data/raw/HKUST/20260202_Thermal_HKUST/DCIM/DJI_202602020853_001/DJI_20260202090723_0034_T.JPG,exact_base_name,0,2026-02-02 09:07:23,2026-02-02 09:07:23,22.33246111111111,114.26469166666666,498.996,4096.0,3072.0,640.0,512.0,ok,ok,candidate_only_no_visual_QA,Prioritized from existing inventory/metadata only; final pilot selection requires visual QA and Part B alignment review.
high,no,no,20260202_Thermal_HKUST/DCIM/DJI_202602020853_001::DJI_20260202090740_0035,DJI_20260202090740_0035,0035,HKUST,2026-02-02,20260202_Thermal_HKUST,DJI_202602020853_001,data/raw/HKUST/20260202_Thermal_HKUST/DCIM/DJI_202602020853_001/DJI_20260202090740_0035_V.JPG,data/raw/HKUST/20260202_Thermal_HKUST/DCIM/DJI_202602020853_001/DJI_20260202090740_0035_T.JPG,exact_base_name,0,2026-02-02 09:07:40,2026-02-02 09:07:40,22.332505555555556,114.26584444444444,498.636,4096.0,3072.0,640.0,512.0,ok,ok,candidate_only_no_visual_QA,Prioritized from existing inventory/metadata only; final pilot selection requires visual QA and Part B alignment review.
high,no,no,20260202_Thermal_HKUST/DCIM/DJI_202602020853_001::DJI_20260202090751_0036,DJI_20260202090751_0036,0036,HKUST,2026-02-02,20260202_Thermal_HKUST,DJI_202602020853_001,data/raw/HKUST/20260202_Thermal_HKUST/DCIM/DJI_202602020853_001/DJI_20260202090751_0036_V.JPG,data/raw/HKUST/20260202_Thermal_HKUST/DCIM/DJI_202602020853_001/DJI_20260202090751_0036_T.JPG,exact_base_name,0,2026-02-02 09:07:51,2026-02-02 09:07:51,22.333191666666668,114.26580277777778,498.062,4096.0,3072.0,640.0,512.0,ok,ok,candidate_only_no_visual_QA,Prioritized from existing inventory/metadata only; final pilot selection requires visual QA and Part B alignment review.
high,no,no,20260202_Thermal_HKUST/DCIM/DJI_202602020853_001::DJI_20260202090802_0037,DJI_20260202090802_0037,0037,HKUST,2026-02-02,20260202_Thermal_HKUST,DJI_202602020853_001,data/raw/HKUST/20260202_Thermal_HKUST/DCIM/DJI_202602020853_001/DJI_20260202090802_0037_V.JPG,data/raw/HKUST/20260202_Thermal_HKUST/DCIM/DJI_202602020853_001/DJI_20260202090802_0037_T.JPG,exact_base_name,0,2026-02-02 09:08:02,2026-02-02 09:08:02,22.334002777777776,114.26575,497.522,4096.0,3072.0,640.0,512.0,ok,ok,candidate_only_no_visual_QA,Prioritized from existing inventory/metadata only; final pilot selection requires visual QA and Part B alignment review.
high,no,no,20260202_Thermal_HKUST/DCIM/DJI_202602020853_001::DJI_20260202090812_0038,DJI_20260202090812_0038,0038,HKUST,2026-02-02,20260202_Thermal_HKUST,DJI_202602020853_001,data/raw/HKUST/20260202_Thermal_HKUST/DCIM/DJI_202602020853_001/DJI_20260202090812_0038_V.JPG,data/raw/HKUST/20260202_Thermal_HKUST/DCIM/DJI_202602020853_001/DJI_20260202090812_0038_T.JPG,exact_base_name,0,2026-02-02 09:08:12,2026-02-02 09:08:12,22.334802777777778,114.2657,497.196,4096.0,3072.0,640.0,512.0,ok,ok,candidate_only_no_visual_QA,Prioritized from existing inventory/metadata only; final pilot selection requires visual QA and Part B alignment review.
high,no,no,20260202_Thermal_HKUST/DCIM/DJI_202602020853_001::DJI_20260202090825_0039,DJI_20260202090825_0039,0039,HKUST,2026-02-02,20260202_Thermal_HKUST,DJI_202602020853_001,data/raw/HKUST/20260202_Thermal_HKUST/DCIM/DJI_202602020853_001/DJI_20260202090825_0039_V.JPG,data/raw/HKUST/20260202_Thermal_HKUST/DCIM/DJI_202602020853_001/DJI_20260202090825_0039_T.JPG,exact_base_name,0,2026-02-02 09:08:25,2026-02-02 09:08:25,22.335852777777777,114.26563888888889,496.846,4096.0,3072.0,640.0,512.0,ok,ok,candidate_only_no_visual_QA,Prioritized from existing inventory/metadata only; final pilot selection requires visual QA and Part B alignment review.
high,no,no,20260202_Thermal_HKUST/DCIM/DJI_202602020853_001::DJI_20260202090838_0040,DJI_20260202090838_0040,0040,HKUST,2026-02-02,20260202_Thermal_HKUST,DJI_202602020853_001,data/raw/HKUST/20260202_Thermal_HKUST/DCIM/DJI_202602020853_001/DJI_20260202090838_0040_V.JPG,data/raw/HKUST/20260202_Thermal_HKUST/DCIM/DJI_202602020853_001/DJI_20260202090838_0040_T.JPG,exact_base_name,0,2026-02-02 09:08:38,2026-02-02 09:08:38,22.336919444444444,114.265575,496.956,4096.0,3072.0,640.0,512.0,ok,ok,candidate_only_no_visual_QA,Prioritized from existing inventory/metadata only; final pilot selection requires visual QA and Part B alignment review.
high,no,no,20260202_Thermal_HKUST/DCIM/DJI_202602020853_001::DJI_20260202090840_0041,DJI_20260202090840_0041,0041,HKUST,2026-02-02,20260202_Thermal_HKUST,DJI_202602020853_001,data/raw/HKUST/20260202_Thermal_HKUST/DCIM/DJI_202602020853_001/DJI_20260202090840_0041_V.JPG,data/raw/HKUST/20260202_Thermal_HKUST/DCIM/DJI_202602020853_001/DJI_20260202090840_0041_T.JPG,exact_base_name,0,2026-02-02 09:08:40,2026-02-02 09:08:40,22.336919444444444,114.265575,496.944,4096.0,3072.0,640.0,512.0,ok,ok,candidate_only_no_visual_QA,Prioritized from existing inventory/metadata only; final pilot selection requires visual QA and Part B alignment review.
high,no,no,20260202_Thermal_HKUST/DCIM/DJI_202602020853_001::DJI_20260202090853_0042,DJI_20260202090853_0042,0042,HKUST,2026-02-02,20260202_Thermal_HKUST,DJI_202602020853_001,data/raw/HKUST/20260202_Thermal_HKUST/DCIM/DJI_202602020853_001/DJI_20260202090853_0042_V.JPG,data/raw/HKUST/20260202_Thermal_HKUST/DCIM/DJI_202602020853_001/DJI_20260202090853_0042_T.JPG,exact_base_name,0,2026-02-02 09:08:53,2026-02-02 09:08:53,22.338205555555554,114.26550277777778,497.037,4096.0,3072.0,640.0,512.0,ok,ok,candidate_only_no_visual_QA,Prioritized from existing inventory/metadata only; final pilot selection requires visual QA and Part B alignment review.
high,no,no,20260202_Thermal_HKUST/DCIM/DJI_202602020853_001::DJI_20260202090904_0043,DJI_20260202090904_0043,0043,HKUST,2026-02-02,20260202_Thermal_HKUST,DJI_202602020853_001,data/raw/HKUST/20260202_Thermal_HKUST/DCIM/DJI_202602020853_001/DJI_20260202090904_0043_V.JPG,data/raw/HKUST/20260202_Thermal_HKUST/DCIM/DJI_202602020853_001/DJI_20260202090904_0043_T.JPG,exact_base_name,0,2026-02-02 09:09:04,2026-02-02 09:09:04,22.33908611111111,114.26544444444444,497.071,4096.0,3072.0,640.0,512.0,ok,ok,candidate_only_no_visual_QA,Prioritized from existing inventory/metadata only; final pilot selection requires visual QA and Part B alignment review.
high,no,no,20260202_Thermal_HKUST/DCIM/DJI_202602020853_001::DJI_20260202090914_0044,DJI_20260202090914_0044,0044,HKUST,2026-02-02,20260202_Thermal_HKUST,DJI_202602020853_001,data/raw/HKUST/20260202_Thermal_HKUST/DCIM/DJI_202602020853_001/DJI_20260202090914_0044_V.JPG,data/raw/HKUST/20260202_Thermal_HKUST/DCIM/DJI_202602020853_001/DJI_20260202090914_0044_T.JPG,exact_base_name,0,2026-02-02 09:09:14,2026-02-02 09:09:14,22.339949999999998,114.26538611111111,497.074,4096.0,3072.0,640.0,512.0,ok,ok,candidate_only_no_visual_QA,Prioritized from existing inventory/metadata only; final pilot selection requires visual QA and Part B alignment review.
high,no,no,20260202_Thermal_HKUST/DCIM/DJI_202602020853_001::DJI_20260202090915_0045,DJI_20260202090915_0045,0045,HKUST,2026-02-02,20260202_Thermal_HKUST,DJI_202602020853_001,data/raw/HKUST/20260202_Thermal_HKUST/DCIM/DJI_202602020853_001/DJI_20260202090915_0045_V.JPG,data/raw/HKUST/20260202_Thermal_HKUST/DCIM/DJI_202602020853_001/DJI_20260202090915_0045_T.JPG,exact_base_name,0,2026-02-02 09:09:15,2026-02-02 09:09:15,22.339952777777775,114.26538611111111,496.94,4096.0,3072.0,640.0,512.0,ok,ok,candidate_only_no_visual_QA,Prioritized from existing inventory/metadata only; final pilot selection requires visual QA and Part B alignment review.
high,no,no,20260202_Thermal_HKUST/DCIM/DJI_202602020853_001::DJI_20260202090929_0046,DJI_20260202090929_0046,0046,HKUST,2026-02-02,20260202_Thermal_HKUST,DJI_202602020853_001,data/raw/HKUST/20260202_Thermal_HKUST/DCIM/DJI_202602020853_001/DJI_20260202090929_0046_V.JPG,data/raw/HKUST/20260202_Thermal_HKUST/DCIM/DJI_202602020853_001/DJI_20260202090929_0046_T.JPG,exact_base_name,0,2026-02-02 09:09:29,2026-02-02 09:09:29,22.340980555555554,114.26525833333334,497.055,4096.0,3072.0,640.0,512.0,ok,ok,candidate_only_no_visual_QA,Prioritized from existing inventory/metadata only; final pilot selection requires visual QA and Part B alignment review.
high,no,no,20260202_Thermal_HKUST/DCIM/DJI_202602020853_001::DJI_20260202090941_0047,DJI_20260202090941_0047,0047,HKUST,2026-02-02,20260202_Thermal_HKUST,DJI_202602020853_001,data/raw/HKUST/20260202_Thermal_HKUST/DCIM/DJI_202602020853_001/DJI_20260202090941_0047_V.JPG,data/raw/HKUST/20260202_Thermal_HKUST/DCIM/DJI_202602020853_001/DJI_20260202090941_0047_T.JPG,exact_base_name,0,2026-02-02 09:09:41,2026-02-02 09:09:41,22.341025,114.2661138888889,499.386,4096.0,3072.0,640.0,512.0,ok,ok,candidate_only_no_visual_QA,Prioritized from existing inventory/metadata only; final pilot selection requires visual QA and Part B alignment review.
high,no,no,20260202_Thermal_HKUST/DCIM/DJI_202602020853_001::DJI_20260202090948_0048,DJI_20260202090948_0048,0048,HKUST,2026-02-02,20260202_Thermal_HKUST,DJI_202602020853_001,data/raw/HKUST/20260202_Thermal_HKUST/DCIM/DJI_202602020853_001/DJI_20260202090948_0048_V.JPG,data/raw/HKUST/20260202_Thermal_HKUST/DCIM/DJI_202602020853_001/DJI_20260202090948_0048_T.JPG,exact_base_name,0,2026-02-02 09:09:48,2026-02-02 09:09:48,22.34103888888889,114.26635,499.298,4096.0,3072.0,640.0,512.0,ok,ok,candidate_only_no_visual_QA,Prioritized from existing inventory/metadata only; final pilot selection requires visual QA and Part B alignment review.
high,no,no,20260202_Thermal_HKUST/DCIM/DJI_202602020853_001::DJI_20260202090956_0049,DJI_20260202090956_0049,0049,HKUST,2026-02-02,20260202_Thermal_HKUST,DJI_202602020853_001,data/raw/HKUST/20260202_Thermal_HKUST/DCIM/DJI_202602020853_001/DJI_20260202090956_0049_V.JPG,data/raw/HKUST/20260202_Thermal_HKUST/DCIM/DJI_202602020853_001/DJI_20260202090956_0049_T.JPG,exact_base_name,0,2026-02-02 09:09:56,2026-02-02 09:09:56,22.34045,114.266375,499.201,4096.0,3072.0,640.0,512.0,ok,ok,candidate_only_no_visual_QA,Prioritized from existing inventory/metadata only; final pilot selection requires visual QA and Part B alignment review.
high,no,no,20260202_Thermal_HKUST/DCIM/DJI_202602020853_001::DJI_20260202090958_0050,DJI_20260202090958_0050,0050,HKUST,2026-02-02,20260202_Thermal_HKUST,DJI_202602020853_001,data/raw/HKUST/20260202_Thermal_HKUST/DCIM/DJI_202602020853_001/DJI_20260202090958_0050_V.JPG,data/raw/HKUST/20260202_Thermal_HKUST/DCIM/DJI_202602020853_001/DJI_20260202090958_0050_T.JPG,exact_base_name,0,2026-02-02 09:09:58,2026-02-02 09:09:58,22.34044722222222,114.26637222222222,499.234,4096.0,3072.0,640.0,512.0,ok,ok,candidate_only_no_visual_QA,Prioritized from existing inventory/metadata only; final pilot selection requires visual QA and Part B alignment review.
high,no,no,20260202_Thermal_HKUST/DCIM/DJI_202602020853_001::DJI_20260202091007_0051,DJI_20260202091007_0051,0051,HKUST,2026-02-02,20260202_Thermal_HKUST,DJI_202602020853_001,data/raw/HKUST/20260202_Thermal_HKUST/DCIM/DJI_202602020853_001/DJI_20260202091007_0051_V.JPG,data/raw/HKUST/20260202_Thermal_HKUST/DCIM/DJI_202602020853_001/DJI_20260202091007_0051_T.JPG,exact_base_name,0,2026-02-02 09:10:07,2026-02-02 09:10:07,22.339949999999998,114.26639444444444,499.526,4096.0,3072.0,640.0,512.0,ok,ok,candidate_only_no_visual_QA,Prioritized from existing inventory/metadata only; final pilot selection requires visual QA and Part B alignment review.
high,no,no,20260202_Thermal_HKUST/DCIM/DJI_202602020853_001::DJI_20260202091018_0052,DJI_20260202091018_0052,0052,HKUST,2026-02-02,20260202_Thermal_HKUST,DJI_202602020853_001,data/raw/HKUST/20260202_Thermal_HKUST/DCIM/DJI_202602020853_001/DJI_20260202091018_0052_V.JPG,data/raw/HKUST/20260202_Thermal_HKUST/DCIM/DJI_202602020853_001/DJI_20260202091018_0052_T.JPG,exact_base_name,0,2026-02-02 09:10:18,2026-02-02 09:10:18,22.339063888888887,114.26644166666667,499.909,4096.0,3072.0,640.0,512.0,ok,ok,candidate_only_no_visual_QA,Prioritized from existing inventory/metadata only; final pilot selection requires visual QA and Part B alignment review.
high,no,no,20260202_Thermal_HKUST/DCIM/DJI_202602020853_001::DJI_20260202091030_0053,DJI_20260202091030_0053,0053,HKUST,2026-02-02,20260202_Thermal_HKUST,DJI_202602020853_001,data/raw/HKUST/20260202_Thermal_HKUST/DCIM/DJI_202602020853_001/DJI_20260202091030_0053_V.JPG,data/raw/HKUST/20260202_Thermal_HKUST/DCIM/DJI_202602020853_001/DJI_20260202091030_0053_T.JPG,exact_base_name,0,2026-02-02 09:10:30,2026-02-02 09:10:30,22.337975,114.26648888888889,499.942,4096.0,3072.0,640.0,512.0,ok,ok,candidate_only_no_visual_QA,Prioritized from existing inventory/metadata only; final pilot selection requires visual QA and Part B alignment review.
high,no,no,20260202_Thermal_HKUST/DCIM/DJI_202602020853_001::DJI_20260202091040_0054,DJI_20260202091040_0054,0054,HKUST,2026-02-02,20260202_Thermal_HKUST,DJI_202602020853_001,data/raw/HKUST/20260202_Thermal_HKUST/DCIM/DJI_202602020853_001/DJI_20260202091040_0054_V.JPG,data/raw/HKUST/20260202_Thermal_HKUST/DCIM/DJI_202602020853_001/DJI_20260202091040_0054_T.JPG,exact_base_name,0,2026-02-02 09:10:40,2026-02-02 09:10:40,22.337208333333333,114.266525,499.926,4096.0,3072.0,640.0,512.0,ok,ok,candidate_only_no_visual_QA,Prioritized from existing inventory/metadata only; final pilot selection requires visual QA and Part B alignment review.
high,no,no,20260202_Thermal_HKUST/DCIM/DJI_202602020853_001::DJI_20260202091050_0055,DJI_20260202091050_0055,0055,HKUST,2026-02-02,20260202_Thermal_HKUST,DJI_202602020853_001,data/raw/HKUST/20260202_Thermal_HKUST/DCIM/DJI_202602020853_001/DJI_20260202091050_0055_V.JPG,data/raw/HKUST/20260202_Thermal_HKUST/DCIM/DJI_202602020853_001/DJI_20260202091050_0055_T.JPG,exact_base_name,0,2026-02-02 09:10:50,2026-02-02 09:10:50,22.336388888888887,114.26656388888888,499.854,4096.0,3072.0,640.0,512.0,ok,ok,candidate_only_no_visual_QA,Prioritized from existing inventory/metadata only; final pilot selection requires visual QA and Part B alignment review.
high,no,no,20260202_Thermal_HKUST/DCIM/DJI_202602020853_001::DJI_20260202091116_0057,DJI_20260202091116_0057,0057,HKUST,2026-02-02,20260202_Thermal_HKUST,DJI_202602020853_001,data/raw/HKUST/20260202_Thermal_HKUST/DCIM/DJI_202602020853_001/DJI_20260202091116_0057_V.JPG,data/raw/HKUST/20260202_Thermal_HKUST/DCIM/DJI_202602020853_001/DJI_20260202091116_0057_T.JPG,exact_base_name,0,2026-02-02 09:11:16,2026-02-02 09:11:16,22.336177777777777,114.26845,499.828,4096.0,3072.0,640.0,512.0,ok,ok,candidate_only_no_visual_QA,Prioritized from existing inventory/metadata only; final pilot selection requires visual QA and Part B alignment review.
high,no,no,20260202_Thermal_HKUST/DCIM/DJI_202602020853_001::DJI_20260202091142_0060,DJI_20260202091142_0060,0060,HKUST,2026-02-02,20260202_Thermal_HKUST,DJI_202602020853_001,data/raw/HKUST/20260202_Thermal_HKUST/DCIM/DJI_202602020853_001/DJI_20260202091142_0060_V.JPG,data/raw/HKUST/20260202_Thermal_HKUST/DCIM/DJI_202602020853_001/DJI_20260202091142_0060_T.JPG,exact_base_name,0,2026-02-02 09:11:42,2026-02-02 09:11:42,22.338430555555554,114.2683111111111,500.248,4096.0,3072.0,640.0,512.0,ok,ok,candidate_only_no_visual_QA,Prioritized from existing inventory/metadata only; final pilot selection requires visual QA and Part B alignment review.
high,no,no,20260202_Thermal_HKUST/DCIM/DJI_202602020853_001::DJI_20260202091152_0061,DJI_20260202091152_0061,0061,HKUST,2026-02-02,20260202_Thermal_HKUST,DJI_202602020853_001,data/raw/HKUST/20260202_Thermal_HKUST/DCIM/DJI_202602020853_001/DJI_20260202091152_0061_V.JPG,data/raw/HKUST/20260202_Thermal_HKUST/DCIM/DJI_202602020853_001/DJI_20260202091152_0061_T.JPG,exact_base_name,0,2026-02-02 09:11:52,2026-02-02 09:11:52,22.339252777777777,114.26826388888888,500.186,4096.0,3072.0,640.0,512.0,ok,ok,candidate_only_no_visual_QA,Prioritized from existing inventory/metadata only; final pilot selection requires visual QA and Part B alignment review.
high,no,no,20260202_Thermal_HKUST/DCIM/DJI_202602020954_002::DJI_20260202095854_0001,DJI_20260202095854_0001,0001,HKUST,2026-02-02,20260202_Thermal_HKUST,DJI_202602020954_002,data/raw/HKUST/20260202_Thermal_HKUST/DCIM/DJI_202602020954_002/DJI_20260202095854_0001_V.JPG,data/raw/HKUST/20260202_Thermal_HKUST/DCIM/DJI_202602020954_002/DJI_20260202095854_0001_T.JPG,exact_base_name,0,2026-02-02 09:58:54,2026-02-02 09:58:54,22.337474999999998,114.26291944444445,499.98,4096.0,3072.0,640.0,512.0,ok,ok,candidate_only_no_visual_QA,Prioritized from existing inventory/metadata only; final pilot selection requires visual QA and Part B alignment review.
high,no,no,20260202_Thermal_HKUST/DCIM/DJI_202602020954_002::DJI_20260202095922_0003,DJI_20260202095922_0003,0003,HKUST,2026-02-02,20260202_Thermal_HKUST,DJI_202602020954_002,data/raw/HKUST/20260202_Thermal_HKUST/DCIM/DJI_202602020954_002/DJI_20260202095922_0003_V.JPG,data/raw/HKUST/20260202_Thermal_HKUST/DCIM/DJI_202602020954_002/DJI_20260202095922_0003_T.JPG,exact_base_name,0,2026-02-02 09:59:22,2026-02-02 09:59:22,22.338455555555555,114.26289166666666,500.239,4032.0,3024.0,640.0,512.0,ok,ok,candidate_only_no_visual_QA,Prioritized from existing inventory/metadata only; final pilot selection requires visual QA and Part B alignment review.
high,no,no,20260202_Thermal_HKUST/DCIM/DJI_202602020954_002::DJI_20260202095937_0004,DJI_20260202095937_0004,0004,HKUST,2026-02-02,20260202_Thermal_HKUST,DJI_202602020954_002,data/raw/HKUST/20260202_Thermal_HKUST/DCIM/DJI_202602020954_002/DJI_20260202095937_0004_V.JPG,data/raw/HKUST/20260202_Thermal_HKUST/DCIM/DJI_202602020954_002/DJI_20260202095937_0004_T.JPG,exact_base_name,0,2026-02-02 09:59:37,2026-02-02 09:59:37,22.339527777777775,114.26287222222223,500.177,4032.0,3024.0,640.0,512.0,ok,ok,candidate_only_no_visual_QA,Prioritized from existing inventory/metadata only; final pilot selection requires visual QA and Part B alignment review.
high,no,no,20260202_Thermal_HKUST/DCIM/DJI_202602020954_002::DJI_20260202095943_0005,DJI_20260202095943_0005,0005,HKUST,2026-02-02,20260202_Thermal_HKUST,DJI_202602020954_002,data/raw/HKUST/20260202_Thermal_HKUST/DCIM/DJI_202602020954_002/DJI_20260202095943_0005_V.JPG,data/raw/HKUST/20260202_Thermal_HKUST/DCIM/DJI_202602020954_002/DJI_20260202095943_0005_T.JPG,exact_base_name,0,2026-02-02 09:59:43,2026-02-02 09:59:43,22.339819444444444,114.26286666666667,500.07,4032.0,3024.0,640.0,512.0,ok,ok,candidate_only_no_visual_QA,Prioritized from existing inventory/metadata only; final pilot selection requires visual QA and Part B alignment review.
high,no,no,20260202_Thermal_HKUST/DCIM/DJI_202602020954_002::DJI_20260202095959_0006,DJI_20260202095959_0006,0006,HKUST,2026-02-02,20260202_Thermal_HKUST,DJI_202602020954_002,data/raw/HKUST/20260202_Thermal_HKUST/DCIM/DJI_202602020954_002/DJI_20260202095959_0006_V.JPG,data/raw/HKUST/20260202_Thermal_HKUST/DCIM/DJI_202602020954_002/DJI_20260202095959_0006_T.JPG,exact_base_name,0,2026-02-02 09:59:59,2026-02-02 09:59:59,22.338183333333333,114.26285277777778,500.004,4032.0,3024.0,640.0,512.0,ok,ok,candidate_only_no_visual_QA,Prioritized from existing inventory/metadata only; final pilot selection requires visual QA and Part B alignment review.
high,no,no,20260202_Thermal_HKUST/DCIM/DJI_202602020954_002::DJI_20260202100017_0007,DJI_20260202100017_0007,0007,HKUST,2026-02-02,20260202_Thermal_HKUST,DJI_202602020954_002,data/raw/HKUST/20260202_Thermal_HKUST/DCIM/DJI_202602020954_002/DJI_20260202100017_0007_V.JPG,data/raw/HKUST/20260202_Thermal_HKUST/DCIM/DJI_202602020954_002/DJI_20260202100017_0007_T.JPG,exact_base_name,0,2026-02-02 10:00:17,2026-02-02 10:00:17,22.337469444444444,114.26285833333333,499.889,4032.0,3024.0,640.0,512.0,ok,ok,candidate_only_no_visual_QA,Prioritized from existing inventory/metadata only; final pilot selection requires visual QA and Part B alignment review.
high,no,no,20260202_Thermal_HKUST/DCIM/DJI_202602020954_002::DJI_20260202100035_0009,DJI_20260202100035_0009,0009,HKUST,2026-02-02,20260202_Thermal_HKUST,DJI_202602020954_002,data/raw/HKUST/20260202_Thermal_HKUST/DCIM/DJI_202602020954_002/DJI_20260202100035_0009_V.JPG,data/raw/HKUST/20260202_Thermal_HKUST/DCIM/DJI_202602020954_002/DJI_20260202100035_0009_T.JPG,exact_base_name,0,2026-02-02 10:00:35,2026-02-02 10:00:35,22.33723611111111,114.2628611111111,499.833,4032.0,3024.0,640.0,512.0,ok,ok,candidate_only_no_visual_QA,Prioritized from existing inventory/metadata only; final pilot selection requires visual QA and Part B alignment review.
high,no,no,20260202_Thermal_HKUST/DCIM/DJI_202602020954_002::DJI_20260202100052_0011,DJI_20260202100052_0011,0011,HKUST,2026-02-02,20260202_Thermal_HKUST,DJI_202602020954_002,data/raw/HKUST/20260202_Thermal_HKUST/DCIM/DJI_202602020954_002/DJI_20260202100052_0011_V.JPG,data/raw/HKUST/20260202_Thermal_HKUST/DCIM/DJI_202602020954_002/DJI_20260202100052_0011_T.JPG,exact_base_name,0,2026-02-02 10:00:52,2026-02-02 10:00:52,22.335925,114.262875,499.585,4032.0,3024.0,640.0,512.0,ok,ok,candidate_only_no_visual_QA,Prioritized from existing inventory/metadata only; final pilot selection requires visual QA and Part B alignment review.
high,no,no,20260202_Thermal_HKUST/DCIM/DJI_202602020954_002::DJI_20260202100053_0012,DJI_20260202100053_0012,0012,HKUST,2026-02-02,20260202_Thermal_HKUST,DJI_202602020954_002,data/raw/HKUST/20260202_Thermal_HKUST/DCIM/DJI_202602020954_002/DJI_20260202100053_0012_V.JPG,data/raw/HKUST/20260202_Thermal_HKUST/DCIM/DJI_202602020954_002/DJI_20260202100053_0012_T.JPG,exact_base_name,0,2026-02-02 10:00:53,2026-02-02 10:00:53,22.33592222222222,114.262875,499.61,4032.0,3024.0,640.0,512.0,ok,ok,candidate_only_no_visual_QA,Prioritized from existing inventory/metadata only; final pilot selection requires visual QA and Part B alignment review.
high,no,no,20260202_Thermal_HKUST/DCIM/DJI_202602020954_002::DJI_20260202100104_0013,DJI_20260202100104_0013,0013,HKUST,2026-02-02,20260202_Thermal_HKUST,DJI_202602020954_002,data/raw/HKUST/20260202_Thermal_HKUST/DCIM/DJI_202602020954_002/DJI_20260202100104_0013_V.JPG,data/raw/HKUST/20260202_Thermal_HKUST/DCIM/DJI_202602020954_002/DJI_20260202100104_0013_T.JPG,exact_base_name,0,2026-02-02 10:01:04,2026-02-02 10:01:04,22.335119444444445,114.26288055555555,499.716,4032.0,3024.0,640.0,512.0,ok,ok,candidate_only_no_visual_QA,Prioritized from existing inventory/metadata only; final pilot selection requires visual QA and Part B alignment review.
high,no,no,20260202_Thermal_HKUST/DCIM/DJI_202602020954_002::DJI_20260202100124_0015,DJI_20260202100124_0015,0015,HKUST,2026-02-02,20260202_Thermal_HKUST,DJI_202602020954_002,data/raw/HKUST/20260202_Thermal_HKUST/DCIM/DJI_202602020954_002/DJI_20260202100124_0015_V.JPG,data/raw/HKUST/20260202_Thermal_HKUST/DCIM/DJI_202602020954_002/DJI_20260202100124_0015_T.JPG,exact_base_name,0,2026-02-02 10:01:24,2026-02-02 10:01:24,22.3338,114.2628888888889,499.952,4032.0,3024.0,640.0,512.0,ok,ok,candidate_only_no_visual_QA,Prioritized from existing inventory/metadata only; final pilot selection requires visual QA and Part B alignment review.
high,no,no,20260202_Thermal_HKUST/DCIM/DJI_202602020954_002::DJI_20260202100148_0017,DJI_20260202100148_0017,0017,HKUST,2026-02-02,20260202_Thermal_HKUST,DJI_202602020954_002,data/raw/HKUST/20260202_Thermal_HKUST/DCIM/DJI_202602020954_002/DJI_20260202100148_0017_V.JPG,data/raw/HKUST/20260202_Thermal_HKUST/DCIM/DJI_202602020954_002/DJI_20260202100148_0017_T.JPG,exact_base_name,0,2026-02-02 10:01:48,2026-02-02 10:01:48,22.331877777777777,114.26290277777778,499.946,4032.0,3024.0,640.0,512.0,ok,ok,candidate_only_no_visual_QA,Prioritized from existing inventory/metadata only; final pilot selection requires visual QA and Part B alignment review.
high,no,no,20260202_Thermal_HKUST/DCIM/DJI_202602020954_002::DJI_20260202100158_0018,DJI_20260202100158_0018,0018,HKUST,2026-02-02,20260202_Thermal_HKUST,DJI_202602020954_002,data/raw/HKUST/20260202_Thermal_HKUST/DCIM/DJI_202602020954_002/DJI_20260202100158_0018_V.JPG,data/raw/HKUST/20260202_Thermal_HKUST/DCIM/DJI_202602020954_002/DJI_20260202100158_0018_T.JPG,exact_base_name,0,2026-02-02 10:01:58,2026-02-02 10:01:58,22.331063888888888,114.26291111111111,499.944,4032.0,3024.0,640.0,512.0,ok,ok,candidate_only_no_visual_QA,Prioritized from existing inventory/metadata only; final pilot selection requires visual QA and Part B alignment review.
high,no,no,20260202_Thermal_HKUST/DCIM/DJI_202602020954_002::DJI_20260202100209_0019,DJI_20260202100209_0019,0019,HKUST,2026-02-02,20260202_Thermal_HKUST,DJI_202602020954_002,data/raw/HKUST/20260202_Thermal_HKUST/DCIM/DJI_202602020954_002/DJI_20260202100209_0019_V.JPG,data/raw/HKUST/20260202_Thermal_HKUST/DCIM/DJI_202602020954_002/DJI_20260202100209_0019_T.JPG,exact_base_name,0,2026-02-02 10:02:09,2026-02-02 10:02:09,22.33012777777778,114.26291944444445,499.937,4032.0,3024.0,640.0,512.0,ok,ok,candidate_only_no_visual_QA,Prioritized from existing inventory/metadata only; final pilot selection requires visual QA and Part B alignment review.
high,no,no,20260202_Thermal_HKUST/DCIM/DJI_202602020954_002::DJI_20260202100238_0021,DJI_20260202100238_0021,0021,HKUST,2026-02-02,20260202_Thermal_HKUST,DJI_202602020954_002,data/raw/HKUST/20260202_Thermal_HKUST/DCIM/DJI_202602020954_002/DJI_20260202100238_0021_V.JPG,data/raw/HKUST/20260202_Thermal_HKUST/DCIM/DJI_202602020954_002/DJI_20260202100238_0021_T.JPG,exact_base_name,0,2026-02-02 10:02:38,2026-02-02 10:02:38,22.328994444444444,114.2641111111111,500.043,4032.0,3024.0,640.0,512.0,ok,ok,candidate_only_no_visual_QA,Prioritized from existing inventory/metadata only; final pilot selection requires visual QA and Part B alignment review.
high,no,no,20260202_Thermal_HKUST/DCIM/DJI_202602020954_002::DJI_20260202100252_0022,DJI_20260202100252_0022,0022,HKUST,2026-02-02,20260202_Thermal_HKUST,DJI_202602020954_002,data/raw/HKUST/20260202_Thermal_HKUST/DCIM/DJI_202602020954_002/DJI_20260202100252_0022_V.JPG,data/raw/HKUST/20260202_Thermal_HKUST/DCIM/DJI_202602020954_002/DJI_20260202100252_0022_T.JPG,exact_base_name,0,2026-02-02 10:02:52,2026-02-02 10:02:52,22.330105555555555,114.26409444444444,500.017,4032.0,3024.0,640.0,512.0,ok,ok,candidate_only_no_visual_QA,Prioritized from existing inventory/metadata only; final pilot selection requires visual QA and Part B alignment review.
high,no,no,20260202_Thermal_HKUST/DCIM/DJI_202602020954_002::DJI_20260202100309_0023,DJI_20260202100309_0023,0023,HKUST,2026-02-02,20260202_Thermal_HKUST,DJI_202602020954_002,data/raw/HKUST/20260202_Thermal_HKUST/DCIM/DJI_202602020954_002/DJI_20260202100309_0023_V.JPG,data/raw/HKUST/20260202_Thermal_HKUST/DCIM/DJI_202602020954_002/DJI_20260202100309_0023_T.JPG,exact_base_name,0,2026-02-02 10:03:09,2026-02-02 10:03:09,22.33128888888889,114.264075,500.085,4032.0,3024.0,640.0,512.0,ok,ok,candidate_only_no_visual_QA,Prioritized from existing inventory/metadata only; final pilot selection requires visual QA and Part B alignment review.
high,no,no,20260202_Thermal_HKUST/DCIM/DJI_202602020954_002::DJI_20260202100321_0024,DJI_20260202100321_0024,0024,HKUST,2026-02-02,20260202_Thermal_HKUST,DJI_202602020954_002,data/raw/HKUST/20260202_Thermal_HKUST/DCIM/DJI_202602020954_002/DJI_20260202100321_0024_V.JPG,data/raw/HKUST/20260202_Thermal_HKUST/DCIM/DJI_202602020954_002/DJI_20260202100321_0024_T.JPG,exact_base_name,0,2026-02-02 10:03:21,2026-02-02 10:03:21,22.3323,114.26405555555556,500.11,4032.0,3024.0,640.0,512.0,ok,ok,candidate_only_no_visual_QA,Prioritized from existing inventory/metadata only; final pilot selection requires visual QA and Part B alignment review.
high,no,no,20260202_Thermal_HKUST/DCIM/DJI_202602020954_002::DJI_20260202100335_0025,DJI_20260202100335_0025,0025,HKUST,2026-02-02,20260202_Thermal_HKUST,DJI_202602020954_002,data/raw/HKUST/20260202_Thermal_HKUST/DCIM/DJI_202602020954_002/DJI_20260202100335_0025_V.JPG,data/raw/HKUST/20260202_Thermal_HKUST/DCIM/DJI_202602020954_002/DJI_20260202100335_0025_T.JPG,exact_base_name,0,2026-02-02 10:03:35,2026-02-02 10:03:35,22.333399999999997,114.26403611111111,500.092,4032.0,3024.0,640.0,512.0,ok,ok,candidate_only_no_visual_QA,Prioritized from existing inventory/metadata only; final pilot selection requires visual QA and Part B alignment review.
high,no,no,20260202_Thermal_HKUST/DCIM/DJI_202602020954_002::DJI_20260202100348_0027,DJI_20260202100348_0027,0027,HKUST,2026-02-02,20260202_Thermal_HKUST,DJI_202602020954_002,data/raw/HKUST/20260202_Thermal_HKUST/DCIM/DJI_202602020954_002/DJI_20260202100348_0027_V.JPG,data/raw/HKUST/20260202_Thermal_HKUST/DCIM/DJI_202602020954_002/DJI_20260202100348_0027_T.JPG,exact_base_name,0,2026-02-02 10:03:48,2026-02-02 10:03:48,22.3344,114.26401666666666,500.102,4032.0,3024.0,640.0,512.0,ok,ok,candidate_only_no_visual_QA,Prioritized from existing inventory/metadata only; final pilot selection requires visual QA and Part B alignment review.
high,no,no,20260202_Thermal_HKUST/DCIM/DJI_202602020954_002::DJI_20260202100400_0028,DJI_20260202100400_0028,0028,HKUST,2026-02-02,20260202_Thermal_HKUST,DJI_202602020954_002,data/raw/HKUST/20260202_Thermal_HKUST/DCIM/DJI_202602020954_002/DJI_20260202100400_0028_V.JPG,data/raw/HKUST/20260202_Thermal_HKUST/DCIM/DJI_202602020954_002/DJI_20260202100400_0028_T.JPG,exact_base_name,0,2026-02-02 10:04:00,2026-02-02 10:04:00,22.33533333333333,114.264,500.06,4032.0,3024.0,640.0,512.0,ok,ok,candidate_only_no_visual_QA,Prioritized from existing inventory/metadata only; final pilot selection requires visual QA and Part B alignment review.
high,no,no,20260202_Thermal_HKUST/DCIM/DJI_202602020954_002::DJI_20260202100411_0029,DJI_20260202100411_0029,0029,HKUST,2026-02-02,20260202_Thermal_HKUST,DJI_202602020954_002,data/raw/HKUST/20260202_Thermal_HKUST/DCIM/DJI_202602020954_002/DJI_20260202100411_0029_V.JPG,data/raw/HKUST/20260202_Thermal_HKUST/DCIM/DJI_202602020954_002/DJI_20260202100411_0029_T.JPG,exact_base_name,0,2026-02-02 10:04:11,2026-02-02 10:04:11,22.336116666666666,114.26398611111111,500.068,4032.0,3024.0,640.0,512.0,ok,ok,candidate_only_no_visual_QA,Prioritized from existing inventory/metadata only; final pilot selection requires visual QA and Part B alignment review.
high,no,no,20260202_Thermal_HKUST/DCIM/DJI_202602020954_002::DJI_20260202100433_0031,DJI_20260202100433_0031,0031,HKUST,2026-02-02,20260202_Thermal_HKUST,DJI_202602020954_002,data/raw/HKUST/20260202_Thermal_HKUST/DCIM/DJI_202602020954_002/DJI_20260202100433_0031_V.JPG,data/raw/HKUST/20260202_Thermal_HKUST/DCIM/DJI_202602020954_002/DJI_20260202100433_0031_T.JPG,exact_base_name,0,2026-02-02 10:04:33,2026-02-02 10:04:33,22.33786111111111,114.26395,500.001,4032.0,3024.0,640.0,512.0,ok,ok,candidate_only_no_visual_QA,Prioritized from existing inventory/metadata only; final pilot selection requires visual QA and Part B alignment review.
high,no,no,20260202_Thermal_HKUST/DCIM/DJI_202602020954_002::DJI_20260202100456_0033,DJI_20260202100456_0033,0033,HKUST,2026-02-02,20260202_Thermal_HKUST,DJI_202602020954_002,data/raw/HKUST/20260202_Thermal_HKUST/DCIM/DJI_202602020954_002/DJI_20260202100456_0033_V.JPG,data/raw/HKUST/20260202_Thermal_HKUST/DCIM/DJI_202602020954_002/DJI_20260202100456_0033_T.JPG,exact_base_name,0,2026-02-02 10:04:56,2026-02-02 10:04:56,22.339705555555554,114.26391944444444,500.038,4032.0,3024.0,640.0,512.0,ok,ok,candidate_only_no_visual_QA,Prioritized from existing inventory/metadata only; final pilot selection requires visual QA and Part B alignment review.
high,no,no,20260202_Thermal_HKUST/DCIM/DJI_202602020954_002::DJI_20260202100531_0036,DJI_20260202100531_0036,0036,HKUST,2026-02-02,20260202_Thermal_HKUST,DJI_202602020954_002,data/raw/HKUST/20260202_Thermal_HKUST/DCIM/DJI_202602020954_002/DJI_20260202100531_0036_V.JPG,data/raw/HKUST/20260202_Thermal_HKUST/DCIM/DJI_202602020954_002/DJI_20260202100531_0036_T.JPG,exact_base_name,0,2026-02-02 10:05:31,2026-02-02 10:05:31,22.337827777777775,114.26478055555556,499.958,4032.0,3024.0,640.0,512.0,ok,ok,candidate_only_no_visual_QA,Prioritized from existing inventory/metadata only; final pilot selection requires visual QA and Part B alignment review.
high,no,no,20260202_Thermal_HKUST/DCIM/DJI_202602020954_002::DJI_20260202100539_0037,DJI_20260202100539_0037,0037,HKUST,2026-02-02,20260202_Thermal_HKUST,DJI_202602020954_002,data/raw/HKUST/20260202_Thermal_HKUST/DCIM/DJI_202602020954_002/DJI_20260202100539_0037_V.JPG,data/raw/HKUST/20260202_Thermal_HKUST/DCIM/DJI_202602020954_002/DJI_20260202100539_0037_T.JPG,exact_base_name,0,2026-02-02 10:05:39,2026-02-02 10:05:39,22.337344444444444,114.2647861111111,499.906,4032.0,3024.0,640.0,512.0,ok,ok,candidate_only_no_visual_QA,Prioritized from existing inventory/metadata only; final pilot selection requires visual QA and Part B alignment review.
high,no,no,20260202_Thermal_HKUST/DCIM/DJI_202602020954_002::DJI_20260202100549_0038,DJI_20260202100549_0038,0038,HKUST,2026-02-02,20260202_Thermal_HKUST,DJI_202602020954_002,data/raw/HKUST/20260202_Thermal_HKUST/DCIM/DJI_202602020954_002/DJI_20260202100549_0038_V.JPG,data/raw/HKUST/20260202_Thermal_HKUST/DCIM/DJI_202602020954_002/DJI_20260202100549_0038_T.JPG,exact_base_name,0,2026-02-02 10:05:49,2026-02-02 10:05:49,22.33656111111111,114.26479166666667,499.877,4032.0,3024.0,640.0,512.0,ok,ok,candidate_only_no_visual_QA,Prioritized from existing inventory/metadata only; final pilot selection requires visual QA and Part B alignment review.
high,no,no,20260202_Thermal_HKUST/DCIM/DJI_202602020954_002::DJI_20260202100558_0039,DJI_20260202100558_0039,0039,HKUST,2026-02-02,20260202_Thermal_HKUST,DJI_202602020954_002,data/raw/HKUST/20260202_Thermal_HKUST/DCIM/DJI_202602020954_002/DJI_20260202100558_0039_V.JPG,data/raw/HKUST/20260202_Thermal_HKUST/DCIM/DJI_202602020954_002/DJI_20260202100558_0039_T.JPG,exact_base_name,0,2026-02-02 10:05:58,2026-02-02 10:05:58,22.335902777777775,114.26479722222223,499.91,4032.0,3024.0,640.0,512.0,ok,ok,candidate_only_no_visual_QA,Prioritized from existing inventory/metadata only; final pilot selection requires visual QA and Part B alignment review.
high,no,no,20260202_Thermal_HKUST/DCIM/DJI_202602020954_002::DJI_20260202100608_0040,DJI_20260202100608_0040,0040,HKUST,2026-02-02,20260202_Thermal_HKUST,DJI_202602020954_002,data/raw/HKUST/20260202_Thermal_HKUST/DCIM/DJI_202602020954_002/DJI_20260202100608_0040_V.JPG,data/raw/HKUST/20260202_Thermal_HKUST/DCIM/DJI_202602020954_002/DJI_20260202100608_0040_T.JPG,exact_base_name,0,2026-02-02 10:06:08,2026-02-02 10:06:08,22.335063888888886,114.26480555555555,499.843,4032.0,3024.0,640.0,512.0,ok,ok,candidate_only_no_visual_QA,Prioritized from existing inventory/metadata only; final pilot selection requires visual QA and Part B alignment review.
high,no,no,20260202_Thermal_HKUST/DCIM/DJI_202602020954_002::DJI_20260202100609_0041,DJI_20260202100609_0041,0041,HKUST,2026-02-02,20260202_Thermal_HKUST,DJI_202602020954_002,data/raw/HKUST/20260202_Thermal_HKUST/DCIM/DJI_202602020954_002/DJI_20260202100609_0041_V.JPG,data/raw/HKUST/20260202_Thermal_HKUST/DCIM/DJI_202602020954_002/DJI_20260202100609_0041_T.JPG,exact_base_name,0,2026-02-02 10:06:09,2026-02-02 10:06:09,22.33506111111111,114.26480555555555,499.838,4032.0,3024.0,640.0,512.0,ok,ok,candidate_only_no_visual_QA,Prioritized from existing inventory/metadata only; final pilot selection requires visual QA and Part B alignment review.
high,no,no,20260202_Thermal_HKUST/DCIM/DJI_202602020954_002::DJI_20260202100618_0042,DJI_20260202100618_0042,0042,HKUST,2026-02-02,20260202_Thermal_HKUST,DJI_202602020954_002,data/raw/HKUST/20260202_Thermal_HKUST/DCIM/DJI_202602020954_002/DJI_20260202100618_0042_V.JPG,data/raw/HKUST/20260202_Thermal_HKUST/DCIM/DJI_202602020954_002/DJI_20260202100618_0042_T.JPG,exact_base_name,0,2026-02-02 10:06:18,2026-02-02 10:06:18,22.334455555555554,114.2648,499.848,4032.0,3024.0,640.0,512.0,ok,ok,candidate_only_no_visual_QA,Prioritized from existing inventory/metadata only; final pilot selection requires visual QA and Part B alignment review.
high,no,no,20260202_Thermal_HKUST/DCIM/DJI_202602020954_002::DJI_20260202100627_0043,DJI_20260202100627_0043,0043,HKUST,2026-02-02,20260202_Thermal_HKUST,DJI_202602020954_002,data/raw/HKUST/20260202_Thermal_HKUST/DCIM/DJI_202602020954_002/DJI_20260202100627_0043_V.JPG,data/raw/HKUST/20260202_Thermal_HKUST/DCIM/DJI_202602020954_002/DJI_20260202100627_0043_T.JPG,exact_base_name,0,2026-02-02 10:06:27,2026-02-02 10:06:27,22.333813888888887,114.26480277777777,499.872,4032.0,3024.0,640.0,512.0,ok,ok,candidate_only_no_visual_QA,Prioritized from existing inventory/metadata only; final pilot selection requires visual QA and Part B alignment review.
high,no,no,20260202_Thermal_HKUST/DCIM/DJI_202602020954_002::DJI_20260202100641_0044,DJI_20260202100641_0044,0044,HKUST,2026-02-02,20260202_Thermal_HKUST,DJI_202602020954_002,data/raw/HKUST/20260202_Thermal_HKUST/DCIM/DJI_202602020954_002/DJI_20260202100641_0044_V.JPG,data/raw/HKUST/20260202_Thermal_HKUST/DCIM/DJI_202602020954_002/DJI_20260202100641_0044_T.JPG,exact_base_name,0,2026-02-02 10:06:41,2026-02-02 10:06:41,22.332744444444444,114.264775,499.903,4032.0,3024.0,640.0,512.0,ok,ok,candidate_only_no_visual_QA,Prioritized from existing inventory/metadata only; final pilot selection requires visual QA and Part B alignment review.
high,no,no,20260202_Thermal_HKUST/DCIM/DJI_202602020954_002::DJI_20260202100653_0045,DJI_20260202100653_0045,0045,HKUST,2026-02-02,20260202_Thermal_HKUST,DJI_202602020954_002,data/raw/HKUST/20260202_Thermal_HKUST/DCIM/DJI_202602020954_002/DJI_20260202100653_0045_V.JPG,data/raw/HKUST/20260202_Thermal_HKUST/DCIM/DJI_202602020954_002/DJI_20260202100653_0045_T.JPG,exact_base_name,0,2026-02-02 10:06:53,2026-02-02 10:06:53,22.331805555555555,114.26475277777777,499.908,4032.0,3024.0,640.0,512.0,ok,ok,candidate_only_no_visual_QA,Prioritized from existing inventory/metadata only; final pilot selection requires visual QA and Part B alignment review.
high,no,no,20260202_Thermal_HKUST/DCIM/DJI_202602020954_002::DJI_20260202100706_0046,DJI_20260202100706_0046,0046,HKUST,2026-02-02,20260202_Thermal_HKUST,DJI_202602020954_002,data/raw/HKUST/20260202_Thermal_HKUST/DCIM/DJI_202602020954_002/DJI_20260202100706_0046_V.JPG,data/raw/HKUST/20260202_Thermal_HKUST/DCIM/DJI_202602020954_002/DJI_20260202100706_0046_T.JPG,exact_base_name,0,2026-02-02 10:07:06,2026-02-02 10:07:06,22.331794444444444,114.26567777777778,500.104,4032.0,3024.0,640.0,512.0,ok,ok,candidate_only_no_visual_QA,Prioritized from existing inventory/metadata only; final pilot selection requires visual QA and Part B alignment review.
high,no,no,20260202_Thermal_HKUST/DCIM/DJI_202602020954_002::DJI_20260202100717_0047,DJI_20260202100717_0047,0047,HKUST,2026-02-02,20260202_Thermal_HKUST,DJI_202602020954_002,data/raw/HKUST/20260202_Thermal_HKUST/DCIM/DJI_202602020954_002/DJI_20260202100717_0047_V.JPG,data/raw/HKUST/20260202_Thermal_HKUST/DCIM/DJI_202602020954_002/DJI_20260202100717_0047_T.JPG,exact_base_name,0,2026-02-02 10:07:17,2026-02-02 10:07:17,22.332697222222222,114.26566111111111,499.964,4032.0,3024.0,640.0,512.0,ok,ok,candidate_only_no_visual_QA,Prioritized from existing inventory/metadata only; final pilot selection requires visual QA and Part B alignment review.
high,no,no,20260202_Thermal_HKUST/DCIM/DJI_202602020954_002::DJI_20260202100728_0048,DJI_20260202100728_0048,0048,HKUST,2026-02-02,20260202_Thermal_HKUST,DJI_202602020954_002,data/raw/HKUST/20260202_Thermal_HKUST/DCIM/DJI_202602020954_002/DJI_20260202100728_0048_V.JPG,data/raw/HKUST/20260202_Thermal_HKUST/DCIM/DJI_202602020954_002/DJI_20260202100728_0048_T.JPG,exact_base_name,0,2026-02-02 10:07:28,2026-02-02 10:07:28,22.33358611111111,114.26564444444445,500.094,4032.0,3024.0,640.0,512.0,ok,ok,candidate_only_no_visual_QA,Prioritized from existing inventory/metadata only; final pilot selection requires visual QA and Part B alignment review.
high,no,no,20260202_Thermal_HKUST/DCIM/DJI_202602020954_002::DJI_20260202100739_0049,DJI_20260202100739_0049,0049,HKUST,2026-02-02,20260202_Thermal_HKUST,DJI_202602020954_002,data/raw/HKUST/20260202_Thermal_HKUST/DCIM/DJI_202602020954_002/DJI_20260202100739_0049_V.JPG,data/raw/HKUST/20260202_Thermal_HKUST/DCIM/DJI_202602020954_002/DJI_20260202100739_0049_T.JPG,exact_base_name,0,2026-02-02 10:07:39,2026-02-02 10:07:39,22.334444444444443,114.26563055555556,500.093,4032.0,3024.0,640.0,512.0,ok,ok,candidate_only_no_visual_QA,Prioritized from existing inventory/metadata only; final pilot selection requires visual QA and Part B alignment review.
high,no,no,20260202_Thermal_HKUST/DCIM/DJI_202602020954_002::DJI_20260202100750_0050,DJI_20260202100750_0050,0050,HKUST,2026-02-02,20260202_Thermal_HKUST,DJI_202602020954_002,data/raw/HKUST/20260202_Thermal_HKUST/DCIM/DJI_202602020954_002/DJI_20260202100750_0050_V.JPG,data/raw/HKUST/20260202_Thermal_HKUST/DCIM/DJI_202602020954_002/DJI_20260202100750_0050_T.JPG,exact_base_name,0,2026-02-02 10:07:50,2026-02-02 10:07:50,22.335238888888888,114.26561666666667,500.125,4032.0,3024.0,640.0,512.0,ok,ok,candidate_only_no_visual_QA,Prioritized from existing inventory/metadata only; final pilot selection requires visual QA and Part B alignment review.
high,no,no,20260202_Thermal_HKUST/DCIM/DJI_202602020954_002::DJI_20260202100802_0052,DJI_20260202100802_0052,0052,HKUST,2026-02-02,20260202_Thermal_HKUST,DJI_202602020954_002,data/raw/HKUST/20260202_Thermal_HKUST/DCIM/DJI_202602020954_002/DJI_20260202100802_0052_V.JPG,data/raw/HKUST/20260202_Thermal_HKUST/DCIM/DJI_202602020954_002/DJI_20260202100802_0052_T.JPG,exact_base_name,0,2026-02-02 10:08:02,2026-02-02 10:08:02,22.33620277777778,114.26559722222223,500.061,4032.0,3024.0,640.0,512.0,ok,ok,candidate_only_no_visual_QA,Prioritized from existing inventory/metadata only; final pilot selection requires visual QA and Part B alignment review.
high,no,no,20260202_Thermal_HKUST/DCIM/DJI_202602020954_002::DJI_20260202100803_0053,DJI_20260202100803_0053,0053,HKUST,2026-02-02,20260202_Thermal_HKUST,DJI_202602020954_002,data/raw/HKUST/20260202_Thermal_HKUST/DCIM/DJI_202602020954_002/DJI_20260202100803_0053_V.JPG,data/raw/HKUST/20260202_Thermal_HKUST/DCIM/DJI_202602020954_002/DJI_20260202100803_0053_T.JPG,exact_base_name,0,2026-02-02 10:08:03,2026-02-02 10:08:03,22.33620277777778,114.26559722222223,500.003,4032.0,3024.0,640.0,512.0,ok,ok,candidate_only_no_visual_QA,Prioritized from existing inventory/metadata only; final pilot selection requires visual QA and Part B alignment review.
high,no,no,20260202_Thermal_HKUST/DCIM/DJI_202602020954_002::DJI_20260202100816_0054,DJI_20260202100816_0054,0054,HKUST,2026-02-02,20260202_Thermal_HKUST,DJI_202602020954_002,data/raw/HKUST/20260202_Thermal_HKUST/DCIM/DJI_202602020954_002/DJI_20260202100816_0054_V.JPG,data/raw/HKUST/20260202_Thermal_HKUST/DCIM/DJI_202602020954_002/DJI_20260202100816_0054_T.JPG,exact_base_name,0,2026-02-02 10:08:16,2026-02-02 10:08:16,22.337266666666665,114.26557777777778,500.056,4032.0,3024.0,640.0,512.0,ok,ok,candidate_only_no_visual_QA,Prioritized from existing inventory/metadata only; final pilot selection requires visual QA and Part B alignment review.
high,no,no,20260202_Thermal_HKUST/DCIM/DJI_202602020954_002::DJI_20260202100828_0055,DJI_20260202100828_0055,0055,HKUST,2026-02-02,20260202_Thermal_HKUST,DJI_202602020954_002,data/raw/HKUST/20260202_Thermal_HKUST/DCIM/DJI_202602020954_002/DJI_20260202100828_0055_V.JPG,data/raw/HKUST/20260202_Thermal_HKUST/DCIM/DJI_202602020954_002/DJI_20260202100828_0055_T.JPG,exact_base_name,0,2026-02-02 10:08:28,2026-02-02 10:08:28,22.338344444444445,114.26556111111111,500.292,4032.0,3024.0,640.0,512.0,ok,ok,candidate_only_no_visual_QA,Prioritized from existing inventory/metadata only; final pilot selection requires visual QA and Part B alignment review.
high,no,no,20260202_Thermal_HKUST/DCIM/DJI_202602020954_002::DJI_20260202100840_0056,DJI_20260202100840_0056,0056,HKUST,2026-02-02,20260202_Thermal_HKUST,DJI_202602020954_002,data/raw/HKUST/20260202_Thermal_HKUST/DCIM/DJI_202602020954_002/DJI_20260202100840_0056_V.JPG,data/raw/HKUST/20260202_Thermal_HKUST/DCIM/DJI_202602020954_002/DJI_20260202100840_0056_T.JPG,exact_base_name,0,2026-02-02 10:08:40,2026-02-02 10:08:40,22.33941111111111,114.26554444444444,500.294,4032.0,3024.0,640.0,512.0,ok,ok,candidate_only_no_visual_QA,Prioritized from existing inventory/metadata only; final pilot selection requires visual QA and Part B alignment review.
high,no,no,20260202_Thermal_HKUST/DCIM/DJI_202602020954_002::DJI_20260202100853_0057,DJI_20260202100853_0057,0057,HKUST,2026-02-02,20260202_Thermal_HKUST,DJI_202602020954_002,data/raw/HKUST/20260202_Thermal_HKUST/DCIM/DJI_202602020954_002/DJI_20260202100853_0057_V.JPG,data/raw/HKUST/20260202_Thermal_HKUST/DCIM/DJI_202602020954_002/DJI_20260202100853_0057_T.JPG,exact_base_name,0,2026-02-02 10:08:53,2026-02-02 10:08:53,22.339427777777775,114.266625,500.219,4032.0,3024.0,640.0,512.0,ok,ok,candidate_only_no_visual_QA,Prioritized from existing inventory/metadata only; final pilot selection requires visual QA and Part B alignment review.
high,no,no,20260202_Thermal_HKUST/DCIM/DJI_202602020954_002::DJI_20260202100902_0058,DJI_20260202100902_0058,0058,HKUST,2026-02-02,20260202_Thermal_HKUST,DJI_202602020954_002,data/raw/HKUST/20260202_Thermal_HKUST/DCIM/DJI_202602020954_002/DJI_20260202100902_0058_V.JPG,data/raw/HKUST/20260202_Thermal_HKUST/DCIM/DJI_202602020954_002/DJI_20260202100902_0058_T.JPG,exact_base_name,0,2026-02-02 10:09:02,2026-02-02 10:09:02,22.33877222222222,114.26662777777777,499.975,4032.0,3024.0,640.0,512.0,ok,ok,candidate_only_no_visual_QA,Prioritized from existing inventory/metadata only; final pilot selection requires visual QA and Part B alignment review.
high,no,no,20260202_Thermal_HKUST/DCIM/DJI_202602020954_002::DJI_20260202100912_0059,DJI_20260202100912_0059,0059,HKUST,2026-02-02,20260202_Thermal_HKUST,DJI_202602020954_002,data/raw/HKUST/20260202_Thermal_HKUST/DCIM/DJI_202602020954_002/DJI_20260202100912_0059_V.JPG,data/raw/HKUST/20260202_Thermal_HKUST/DCIM/DJI_202602020954_002/DJI_20260202100912_0059_T.JPG,exact_base_name,0,2026-02-02 10:09:12,2026-02-02 10:09:12,22.338030555555555,114.26663333333333,499.922,4032.0,3024.0,640.0,512.0,ok,ok,candidate_only_no_visual_QA,Prioritized from existing inventory/metadata only; final pilot selection requires visual QA and Part B alignment review.
high,no,no,20260202_Thermal_HKUST/DCIM/DJI_202602020954_002::DJI_20260202100918_0060,DJI_20260202100918_0060,0060,HKUST,2026-02-02,20260202_Thermal_HKUST,DJI_202602020954_002,data/raw/HKUST/20260202_Thermal_HKUST/DCIM/DJI_202602020954_002/DJI_20260202100918_0060_V.JPG,data/raw/HKUST/20260202_Thermal_HKUST/DCIM/DJI_202602020954_002/DJI_20260202100918_0060_T.JPG,exact_base_name,0,2026-02-02 10:09:18,2026-02-02 10:09:18,22.338030555555555,114.26689444444445,500.043,4032.0,3024.0,640.0,512.0,ok,ok,candidate_only_no_visual_QA,Prioritized from existing inventory/metadata only; final pilot selection requires visual QA and Part B alignment review.
high,no,no,20260202_Thermal_HKUST/DCIM/DJI_202602020954_002::DJI_20260202100924_0061,DJI_20260202100924_0061,0061,HKUST,2026-02-02,20260202_Thermal_HKUST,DJI_202602020954_002,data/raw/HKUST/20260202_Thermal_HKUST/DCIM/DJI_202602020954_002/DJI_20260202100924_0061_V.JPG,data/raw/HKUST/20260202_Thermal_HKUST/DCIM/DJI_202602020954_002/DJI_20260202100924_0061_T.JPG,exact_base_name,0,2026-02-02 10:09:24,2026-02-02 10:09:24,22.33803611111111,114.26711944444445,500.036,4032.0,3024.0,640.0,512.0,ok,ok,candidate_only_no_visual_QA,Prioritized from existing inventory/metadata only; final pilot selection requires visual QA and Part B alignment review.
high,no,no,20260202_Thermal_HKUST/DCIM/DJI_202602020954_002::DJI_20260202100935_0062,DJI_20260202100935_0062,0062,HKUST,2026-02-02,20260202_Thermal_HKUST,DJI_202602020954_002,data/raw/HKUST/20260202_Thermal_HKUST/DCIM/DJI_202602020954_002/DJI_20260202100935_0062_V.JPG,data/raw/HKUST/20260202_Thermal_HKUST/DCIM/DJI_202602020954_002/DJI_20260202100935_0062_T.JPG,exact_base_name,0,2026-02-02 10:09:35,2026-02-02 10:09:35,22.33717222222222,114.267125,499.993,4032.0,3024.0,640.0,512.0,ok,ok,candidate_only_no_visual_QA,Prioritized from existing inventory/metadata only; final pilot selection requires visual QA and Part B alignment review.
high,no,no,20260202_Thermal_HKUST/DCIM/DJI_202602020954_002::DJI_20260202100945_0063,DJI_20260202100945_0063,0063,HKUST,2026-02-02,20260202_Thermal_HKUST,DJI_202602020954_002,data/raw/HKUST/20260202_Thermal_HKUST/DCIM/DJI_202602020954_002/DJI_20260202100945_0063_V.JPG,data/raw/HKUST/20260202_Thermal_HKUST/DCIM/DJI_202602020954_002/DJI_20260202100945_0063_T.JPG,exact_base_name,0,2026-02-02 10:09:45,2026-02-02 10:09:45,22.336380555555554,114.26713333333333,499.939,4032.0,3024.0,640.0,512.0,ok,ok,candidate_only_no_visual_QA,Prioritized from existing inventory/metadata only; final pilot selection requires visual QA and Part B alignment review.
high,no,no,20260202_Thermal_HKUST/DCIM/DJI_202602020954_002::DJI_20260202100957_0064,DJI_20260202100957_0064,0064,HKUST,2026-02-02,20260202_Thermal_HKUST,DJI_202602020954_002,data/raw/HKUST/20260202_Thermal_HKUST/DCIM/DJI_202602020954_002/DJI_20260202100957_0064_V.JPG,data/raw/HKUST/20260202_Thermal_HKUST/DCIM/DJI_202602020954_002/DJI_20260202100957_0064_T.JPG,exact_base_name,0,2026-02-02 10:09:57,2026-02-02 10:09:57,22.335508333333333,114.26714166666666,499.921,4032.0,3024.0,640.0,512.0,ok,ok,candidate_only_no_visual_QA,Prioritized from existing inventory/metadata only; final pilot selection requires visual QA and Part B alignment review.
high,no,no,20260202_Thermal_HKUST/DCIM/DJI_202602020954_002::DJI_20260202101010_0066,DJI_20260202101010_0066,0066,HKUST,2026-02-02,20260202_Thermal_HKUST,DJI_202602020954_002,data/raw/HKUST/20260202_Thermal_HKUST/DCIM/DJI_202602020954_002/DJI_20260202101010_0066_V.JPG,data/raw/HKUST/20260202_Thermal_HKUST/DCIM/DJI_202602020954_002/DJI_20260202101010_0066_T.JPG,exact_base_name,0,2026-02-02 10:10:10,2026-02-02 10:10:10,22.334402777777775,114.26715,499.874,4032.0,3024.0,640.0,512.0,ok,ok,candidate_only_no_visual_QA,Prioritized from existing inventory/metadata only; final pilot selection requires visual QA and Part B alignment review.
high,no,no,20260202_Thermal_HKUST/DCIM/DJI_202602020954_002::DJI_20260202101025_0067,DJI_20260202101025_0067,0067,HKUST,2026-02-02,20260202_Thermal_HKUST,DJI_202602020954_002,data/raw/HKUST/20260202_Thermal_HKUST/DCIM/DJI_202602020954_002/DJI_20260202101025_0067_V.JPG,data/raw/HKUST/20260202_Thermal_HKUST/DCIM/DJI_202602020954_002/DJI_20260202101025_0067_T.JPG,exact_base_name,0,2026-02-02 10:10:25,2026-02-02 10:10:25,22.333672222222223,114.26751944444445,499.942,4032.0,3024.0,640.0,512.0,ok,ok,candidate_only_no_visual_QA,Prioritized from existing inventory/metadata only; final pilot selection requires visual QA and Part B alignment review.
high,no,no,20260202_Thermal_HKUST/DCIM/DJI_202602020954_002::DJI_20260202101037_0068,DJI_20260202101037_0068,0068,HKUST,2026-02-02,20260202_Thermal_HKUST,DJI_202602020954_002,data/raw/HKUST/20260202_Thermal_HKUST/DCIM/DJI_202602020954_002/DJI_20260202101037_0068_V.JPG,data/raw/HKUST/20260202_Thermal_HKUST/DCIM/DJI_202602020954_002/DJI_20260202101037_0068_T.JPG,exact_base_name,0,2026-02-02 10:10:37,2026-02-02 10:10:37,22.333647222222222,114.26848333333334,500.155,4032.0,3024.0,640.0,512.0,ok,ok,candidate_only_no_visual_QA,Prioritized from existing inventory/metadata only; final pilot selection requires visual QA and Part B alignment review.
high,no,no,20260202_Thermal_HKUST/DCIM/DJI_202602020954_002::DJI_20260202101049_0069,DJI_20260202101049_0069,0069,HKUST,2026-02-02,20260202_Thermal_HKUST,DJI_202602020954_002,data/raw/HKUST/20260202_Thermal_HKUST/DCIM/DJI_202602020954_002/DJI_20260202101049_0069_V.JPG,data/raw/HKUST/20260202_Thermal_HKUST/DCIM/DJI_202602020954_002/DJI_20260202101049_0069_T.JPG,exact_base_name,0,2026-02-02 10:10:49,2026-02-02 10:10:49,22.33453611111111,114.26846388888889,499.999,4032.0,3024.0,640.0,512.0,ok,ok,candidate_only_no_visual_QA,Prioritized from existing inventory/metadata only; final pilot selection requires visual QA and Part B alignment review.
high,no,no,20260202_Thermal_HKUST/DCIM/DJI_202602020954_002::DJI_20260202101101_0070,DJI_20260202101101_0070,0070,HKUST,2026-02-02,20260202_Thermal_HKUST,DJI_202602020954_002,data/raw/HKUST/20260202_Thermal_HKUST/DCIM/DJI_202602020954_002/DJI_20260202101101_0070_V.JPG,data/raw/HKUST/20260202_Thermal_HKUST/DCIM/DJI_202602020954_002/DJI_20260202101101_0070_T.JPG,exact_base_name,0,2026-02-02 10:11:01,2026-02-02 10:11:01,22.335577777777775,114.26844722222222,500.025,4032.0,3024.0,640.0,512.0,ok,ok,candidate_only_no_visual_QA,Prioritized from existing inventory/metadata only; final pilot selection requires visual QA and Part B alignment review.
high,no,no,20260202_Thermal_HKUST/DCIM/DJI_202602020954_002::DJI_20260202101113_0071,DJI_20260202101113_0071,0071,HKUST,2026-02-02,20260202_Thermal_HKUST,DJI_202602020954_002,data/raw/HKUST/20260202_Thermal_HKUST/DCIM/DJI_202602020954_002/DJI_20260202101113_0071_V.JPG,data/raw/HKUST/20260202_Thermal_HKUST/DCIM/DJI_202602020954_002/DJI_20260202101113_0071_T.JPG,exact_base_name,0,2026-02-02 10:11:13,2026-02-02 10:11:13,22.336619444444445,114.26839722222222,500.049,4032.0,3024.0,640.0,512.0,ok,ok,candidate_only_no_visual_QA,Prioritized from existing inventory/metadata only; final pilot selection requires visual QA and Part B alignment review.
high,no,no,20260202_Thermal_HKUST/DCIM/DJI_202602020954_002::DJI_20260202101124_0072,DJI_20260202101124_0072,0072,HKUST,2026-02-02,20260202_Thermal_HKUST,DJI_202602020954_002,data/raw/HKUST/20260202_Thermal_HKUST/DCIM/DJI_202602020954_002/DJI_20260202101124_0072_V.JPG,data/raw/HKUST/20260202_Thermal_HKUST/DCIM/DJI_202602020954_002/DJI_20260202101124_0072_T.JPG,exact_base_name,0,2026-02-02 10:11:24,2026-02-02 10:11:24,22.337530555555553,114.26838055555555,500.009,4032.0,3024.0,640.0,512.0,ok,ok,candidate_only_no_visual_QA,Prioritized from existing inventory/metadata only; final pilot selection requires visual QA and Part B alignment review.
high,no,no,20260202_Thermal_HKUST/DCIM/DJI_202602020954_002::DJI_20260202101136_0073,DJI_20260202101136_0073,0073,HKUST,2026-02-02,20260202_Thermal_HKUST,DJI_202602020954_002,data/raw/HKUST/20260202_Thermal_HKUST/DCIM/DJI_202602020954_002/DJI_20260202101136_0073_V.JPG,data/raw/HKUST/20260202_Thermal_HKUST/DCIM/DJI_202602020954_002/DJI_20260202101136_0073_T.JPG,exact_base_name,0,2026-02-02 10:11:36,2026-02-02 10:11:36,22.33865833333333,114.2683611111111,500.275,4032.0,3024.0,640.0,512.0,ok,ok,candidate_only_no_visual_QA,Prioritized from existing inventory/metadata only; final pilot selection requires visual QA and Part B alignment review.
high,no,no,20260202_Thermal_HKUST/DCIM/DJI_202602021048_003::DJI_20260202105215_0001,DJI_20260202105215_0001,0001,HKUST,2026-02-02,20260202_Thermal_HKUST,DJI_202602021048_003,data/raw/HKUST/20260202_Thermal_HKUST/DCIM/DJI_202602021048_003/DJI_20260202105215_0001_V.JPG,data/raw/HKUST/20260202_Thermal_HKUST/DCIM/DJI_202602021048_003/DJI_20260202105215_0001_T.JPG,exact_base_name,0,2026-02-02 10:52:15,2026-02-02 10:52:15,22.33758333333333,114.26295833333333,498.744,4096.0,3072.0,640.0,512.0,ok,ok,candidate_only_no_visual_QA,Prioritized from existing inventory/metadata only; final pilot selection requires visual QA and Part B alignment review.
high,no,no,20260202_Thermal_HKUST/DCIM/DJI_202602021048_003::DJI_20260202105217_0002,DJI_20260202105217_0002,0002,HKUST,2026-02-02,20260202_Thermal_HKUST,DJI_202602021048_003,data/raw/HKUST/20260202_Thermal_HKUST/DCIM/DJI_202602021048_003/DJI_20260202105217_0002_V.JPG,data/raw/HKUST/20260202_Thermal_HKUST/DCIM/DJI_202602021048_003/DJI_20260202105217_0002_T.JPG,exact_base_name,0,2026-02-02 10:52:17,2026-02-02 10:52:17,22.33758333333333,114.26295833333333,498.73,4096.0,3072.0,640.0,512.0,ok,ok,candidate_only_no_visual_QA,Prioritized from existing inventory/metadata only; final pilot selection requires visual QA and Part B alignment review.
high,no,no,20260202_Thermal_HKUST/DCIM/DJI_202602021048_003::DJI_20260202105240_0004,DJI_20260202105240_0004,0004,HKUST,2026-02-02,20260202_Thermal_HKUST,DJI_202602021048_003,data/raw/HKUST/20260202_Thermal_HKUST/DCIM/DJI_202602021048_003/DJI_20260202105240_0004_V.JPG,data/raw/HKUST/20260202_Thermal_HKUST/DCIM/DJI_202602021048_003/DJI_20260202105240_0004_T.JPG,exact_base_name,0,2026-02-02 10:52:40,2026-02-02 10:52:40,22.33839722222222,114.26291666666667,498.491,4096.0,3072.0,640.0,512.0,ok,ok,candidate_only_no_visual_QA,Prioritized from existing inventory/metadata only; final pilot selection requires visual QA and Part B alignment review.
high,no,no,20260202_Thermal_HKUST/DCIM/DJI_202602021048_003::DJI_20260202105303_0006,DJI_20260202105303_0006,0006,HKUST,2026-02-02,20260202_Thermal_HKUST,DJI_202602021048_003,data/raw/HKUST/20260202_Thermal_HKUST/DCIM/DJI_202602021048_003/DJI_20260202105303_0006_V.JPG,data/raw/HKUST/20260202_Thermal_HKUST/DCIM/DJI_202602021048_003/DJI_20260202105303_0006_T.JPG,exact_base_name,0,2026-02-02 10:53:03,2026-02-02 10:53:03,22.340219444444443,114.26282222222223,497.428,4096.0,3072.0,640.0,512.0,ok,ok,candidate_only_no_visual_QA,Prioritized from existing inventory/metadata only; final pilot selection requires visual QA and Part B alignment review.
high,no,no,20260202_Thermal_HKUST/DCIM/DJI_202602021048_003::DJI_20260202105315_0007,DJI_20260202105315_0007,0007,HKUST,2026-02-02,20260202_Thermal_HKUST,DJI_202602021048_003,data/raw/HKUST/20260202_Thermal_HKUST/DCIM/DJI_202602021048_003/DJI_20260202105315_0007_V.JPG,data/raw/HKUST/20260202_Thermal_HKUST/DCIM/DJI_202602021048_003/DJI_20260202105315_0007_T.JPG,exact_base_name,0,2026-02-02 10:53:15,2026-02-02 10:53:15,22.340177777777775,114.26183333333333,496.994,4096.0,3072.0,640.0,512.0,ok,ok,candidate_only_no_visual_QA,Prioritized from existing inventory/metadata only; final pilot selection requires visual QA and Part B alignment review.
high,no,no,20260202_Thermal_HKUST/DCIM/DJI_202602021048_003::DJI_20260202105327_0008,DJI_20260202105327_0008,0008,HKUST,2026-02-02,20260202_Thermal_HKUST,DJI_202602021048_003,data/raw/HKUST/20260202_Thermal_HKUST/DCIM/DJI_202602021048_003/DJI_20260202105327_0008_V.JPG,data/raw/HKUST/20260202_Thermal_HKUST/DCIM/DJI_202602021048_003/DJI_20260202105327_0008_T.JPG,exact_base_name,0,2026-02-02 10:53:27,2026-02-02 10:53:27,22.33914722222222,114.26188055555555,497.164,4096.0,3072.0,640.0,512.0,ok,ok,candidate_only_no_visual_QA,Prioritized from existing inventory/metadata only; final pilot selection requires visual QA and Part B alignment review.
high,no,no,20260202_Thermal_HKUST/DCIM/DJI_202602021048_003::DJI_20260202105339_0009,DJI_20260202105339_0009,0009,HKUST,2026-02-02,20260202_Thermal_HKUST,DJI_202602021048_003,data/raw/HKUST/20260202_Thermal_HKUST/DCIM/DJI_202602021048_003/DJI_20260202105339_0009_V.JPG,data/raw/HKUST/20260202_Thermal_HKUST/DCIM/DJI_202602021048_003/DJI_20260202105339_0009_T.JPG,exact_base_name,0,2026-02-02 10:53:39,2026-02-02 10:53:39,22.33811111111111,114.26192777777777,497.843,4096.0,3072.0,640.0,512.0,ok,ok,candidate_only_no_visual_QA,Prioritized from existing inventory/metadata only; final pilot selection requires visual QA and Part B alignment review.
high,no,no,20260202_Thermal_HKUST/DCIM/DJI_202602021048_003::DJI_20260202105352_0010,DJI_20260202105352_0010,0010,HKUST,2026-02-02,20260202_Thermal_HKUST,DJI_202602021048_003,data/raw/HKUST/20260202_Thermal_HKUST/DCIM/DJI_202602021048_003/DJI_20260202105352_0010_V.JPG,data/raw/HKUST/20260202_Thermal_HKUST/DCIM/DJI_202602021048_003/DJI_20260202105352_0010_T.JPG,exact_base_name,0,2026-02-02 10:53:52,2026-02-02 10:53:52,22.337016666666667,114.26198333333333,498.283,4096.0,3072.0,640.0,512.0,ok,ok,candidate_only_no_visual_QA,Prioritized from existing inventory/metadata only; final pilot selection requires visual QA and Part B alignment review.
high,no,no,20260202_Thermal_HKUST/DCIM/DJI_202602021048_003::DJI_20260202105403_0011,DJI_20260202105403_0011,0011,HKUST,2026-02-02,20260202_Thermal_HKUST,DJI_202602021048_003,data/raw/HKUST/20260202_Thermal_HKUST/DCIM/DJI_202602021048_003/DJI_20260202105403_0011_V.JPG,data/raw/HKUST/20260202_Thermal_HKUST/DCIM/DJI_202602021048_003/DJI_20260202105403_0011_T.JPG,exact_base_name,0,2026-02-02 10:54:03,2026-02-02 10:54:03,22.33606111111111,114.262025,498.472,4096.0,3072.0,640.0,512.0,ok,ok,candidate_only_no_visual_QA,Prioritized from existing inventory/metadata only; final pilot selection requires visual QA and Part B alignment review.
high,no,no,20260202_Thermal_HKUST/DCIM/DJI_202602021048_003::DJI_20260202105415_0012,DJI_20260202105415_0012,0012,HKUST,2026-02-02,20260202_Thermal_HKUST,DJI_202602021048_003,data/raw/HKUST/20260202_Thermal_HKUST/DCIM/DJI_202602021048_003/DJI_20260202105415_0012_V.JPG,data/raw/HKUST/20260202_Thermal_HKUST/DCIM/DJI_202602021048_003/DJI_20260202105415_0012_T.JPG,exact_base_name,0,2026-02-02 10:54:15,2026-02-02 10:54:15,22.335083333333333,114.26206944444445,498.663,4096.0,3072.0,640.0,512.0,ok,ok,candidate_only_no_visual_QA,Prioritized from existing inventory/metadata only; final pilot selection requires visual QA and Part B alignment review.
high,no,no,20260202_Thermal_HKUST/DCIM/DJI_202602021048_003::DJI_20260202105423_0013,DJI_20260202105423_0013,0013,HKUST,2026-02-02,20260202_Thermal_HKUST,DJI_202602021048_003,data/raw/HKUST/20260202_Thermal_HKUST/DCIM/DJI_202602021048_003/DJI_20260202105423_0013_V.JPG,data/raw/HKUST/20260202_Thermal_HKUST/DCIM/DJI_202602021048_003/DJI_20260202105423_0013_T.JPG,exact_base_name,0,2026-02-02 10:54:23,2026-02-02 10:54:23,22.335080555555553,114.26258888888889,498.669,4096.0,3072.0,640.0,512.0,ok,ok,candidate_only_no_visual_QA,Prioritized from existing inventory/metadata only; final pilot selection requires visual QA and Part B alignment review.
high,no,no,20260202_Thermal_HKUST/DCIM/DJI_202602021048_003::DJI_20260202105433_0014,DJI_20260202105433_0014,0014,HKUST,2026-02-02,20260202_Thermal_HKUST,DJI_202602021048_003,data/raw/HKUST/20260202_Thermal_HKUST/DCIM/DJI_202602021048_003/DJI_20260202105433_0014_V.JPG,data/raw/HKUST/20260202_Thermal_HKUST/DCIM/DJI_202602021048_003/DJI_20260202105433_0014_T.JPG,exact_base_name,0,2026-02-02 10:54:33,2026-02-02 10:54:33,22.33505,114.26186666666666,498.31,4096.0,3072.0,640.0,512.0,ok,ok,candidate_only_no_visual_QA,Prioritized from existing inventory/metadata only; final pilot selection requires visual QA and Part B alignment review.
high,no,no,20260202_Thermal_HKUST/DCIM/DJI_202602021048_003::DJI_20260202105443_0015,DJI_20260202105443_0015,0015,HKUST,2026-02-02,20260202_Thermal_HKUST,DJI_202602021048_003,data/raw/HKUST/20260202_Thermal_HKUST/DCIM/DJI_202602021048_003/DJI_20260202105443_0015_V.JPG,data/raw/HKUST/20260202_Thermal_HKUST/DCIM/DJI_202602021048_003/DJI_20260202105443_0015_T.JPG,exact_base_name,0,2026-02-02 10:54:43,2026-02-02 10:54:43,22.334249999999997,114.26190277777778,498.083,4096.0,3072.0,640.0,512.0,ok,ok,candidate_only_no_visual_QA,Prioritized from existing inventory/metadata only; final pilot selection requires visual QA and Part B alignment review.
high,no,no,20260202_Thermal_HKUST/DCIM/DJI_202602021048_003::DJI_20260202105504_0017,DJI_20260202105504_0017,0017,HKUST,2026-02-02,20260202_Thermal_HKUST,DJI_202602021048_003,data/raw/HKUST/20260202_Thermal_HKUST/DCIM/DJI_202602021048_003/DJI_20260202105504_0017_V.JPG,data/raw/HKUST/20260202_Thermal_HKUST/DCIM/DJI_202602021048_003/DJI_20260202105504_0017_T.JPG,exact_base_name,0,2026-02-02 10:55:04,2026-02-02 10:55:04,22.33503611111111,114.26101666666666,497.856,4096.0,3072.0,640.0,512.0,ok,ok,candidate_only_no_visual_QA,Prioritized from existing inventory/metadata only; final pilot selection requires visual QA and Part B alignment review.
high,no,no,20260202_Thermal_HKUST/DCIM/DJI_202602021048_003::DJI_20260202105519_0018,DJI_20260202105519_0018,0018,HKUST,2026-02-02,20260202_Thermal_HKUST,DJI_202602021048_003,data/raw/HKUST/20260202_Thermal_HKUST/DCIM/DJI_202602021048_003/DJI_20260202105519_0018_V.JPG,data/raw/HKUST/20260202_Thermal_HKUST/DCIM/DJI_202602021048_003/DJI_20260202105519_0018_T.JPG,exact_base_name,0,2026-02-02 10:55:19,2026-02-02 10:55:19,22.336330555555556,114.26093055555556,497.643,4096.0,3072.0,640.0,512.0,ok,ok,candidate_only_no_visual_QA,Prioritized from existing inventory/metadata only; final pilot selection requires visual QA and Part B alignment review.
high,no,no,20260202_Thermal_HKUST/DCIM/DJI_202602021048_003::DJI_20260202105600_0021,DJI_20260202105600_0021,0021,HKUST,2026-02-02,20260202_Thermal_HKUST,DJI_202602021048_003,data/raw/HKUST/20260202_Thermal_HKUST/DCIM/DJI_202602021048_003/DJI_20260202105600_0021_V.JPG,data/raw/HKUST/20260202_Thermal_HKUST/DCIM/DJI_202602021048_003/DJI_20260202105600_0021_T.JPG,exact_base_name,0,2026-02-02 10:56:00,2026-02-02 10:56:00,22.335908333333332,114.259825,498.69,4096.0,3072.0,640.0,512.0,ok,ok,candidate_only_no_visual_QA,Prioritized from existing inventory/metadata only; final pilot selection requires visual QA and Part B alignment review.
high,no,no,20260202_Thermal_HKUST/DCIM/DJI_202602021048_003::DJI_20260202105612_0022,DJI_20260202105612_0022,0022,HKUST,2026-02-02,20260202_Thermal_HKUST,DJI_202602021048_003,data/raw/HKUST/20260202_Thermal_HKUST/DCIM/DJI_202602021048_003/DJI_20260202105612_0022_V.JPG,data/raw/HKUST/20260202_Thermal_HKUST/DCIM/DJI_202602021048_003/DJI_20260202105612_0022_T.JPG,exact_base_name,0,2026-02-02 10:56:12,2026-02-02 10:56:12,22.334888888888887,114.25986944444445,499.326,4096.0,3072.0,640.0,512.0,ok,ok,candidate_only_no_visual_QA,Prioritized from existing inventory/metadata only; final pilot selection requires visual QA and Part B alignment review.
high,no,no,20260202_Thermal_HKUST/DCIM/DJI_202602021048_003::DJI_20260202105649_0025,DJI_20260202105649_0025,0025,HKUST,2026-02-02,20260202_Thermal_HKUST,DJI_202602021048_003,data/raw/HKUST/20260202_Thermal_HKUST/DCIM/DJI_202602021048_003/DJI_20260202105649_0025_V.JPG,data/raw/HKUST/20260202_Thermal_HKUST/DCIM/DJI_202602021048_003/DJI_20260202105649_0025_T.JPG,exact_base_name,0,2026-02-02 10:56:49,2026-02-02 10:56:49,22.33501111111111,114.26085277777777,500.283,4096.0,3072.0,640.0,512.0,ok,ok,candidate_only_no_visual_QA,Prioritized from existing inventory/metadata only; final pilot selection requires visual QA and Part B alignment review.
high,no,no,20260202_Thermal_HKUST/DCIM/DJI_202602021048_003::DJI_20260202105704_0026,DJI_20260202105704_0026,0026,HKUST,2026-02-02,20260202_Thermal_HKUST,DJI_202602021048_003,data/raw/HKUST/20260202_Thermal_HKUST/DCIM/DJI_202602021048_003/DJI_20260202105704_0026_V.JPG,data/raw/HKUST/20260202_Thermal_HKUST/DCIM/DJI_202602021048_003/DJI_20260202105704_0026_T.JPG,exact_base_name,0,2026-02-02 10:57:04,2026-02-02 10:57:04,22.336502777777778,114.260775,500.206,4096.0,3072.0,640.0,512.0,ok,ok,candidate_only_no_visual_QA,Prioritized from existing inventory/metadata only; final pilot selection requires visual QA and Part B alignment review.
high,no,no,20260202_Thermal_HKUST/DCIM/DJI_202602021048_003::DJI_20260202105718_0027,DJI_20260202105718_0027,0027,HKUST,2026-02-02,20260202_Thermal_HKUST,DJI_202602021048_003,data/raw/HKUST/20260202_Thermal_HKUST/DCIM/DJI_202602021048_003/DJI_20260202105718_0027_V.JPG,data/raw/HKUST/20260202_Thermal_HKUST/DCIM/DJI_202602021048_003/DJI_20260202105718_0027_T.JPG,exact_base_name,0,2026-02-02 10:57:18,2026-02-02 10:57:18,22.337788888888888,114.26070833333333,500.132,4096.0,3072.0,640.0,512.0,ok,ok,candidate_only_no_visual_QA,Prioritized from existing inventory/metadata only; final pilot selection requires visual QA and Part B alignment review.
high,no,no,20260202_Thermal_HKUST/DCIM/DJI_202602021048_003::DJI_20260202105732_0028,DJI_20260202105732_0028,0028,HKUST,2026-02-02,20260202_Thermal_HKUST,DJI_202602021048_003,data/raw/HKUST/20260202_Thermal_HKUST/DCIM/DJI_202602021048_003/DJI_20260202105732_0028_V.JPG,data/raw/HKUST/20260202_Thermal_HKUST/DCIM/DJI_202602021048_003/DJI_20260202105732_0028_T.JPG,exact_base_name,0,2026-02-02 10:57:32,2026-02-02 10:57:32,22.339022222222223,114.26064444444444,500.219,4096.0,3072.0,640.0,512.0,ok,ok,candidate_only_no_visual_QA,Prioritized from existing inventory/metadata only; final pilot selection requires visual QA and Part B alignment review.
high,no,no,20260202_Thermal_HKUST/DCIM/DJI_202602021048_003::DJI_20260202105748_0029,DJI_20260202105748_0029,0029,HKUST,2026-02-02,20260202_Thermal_HKUST,DJI_202602021048_003,data/raw/HKUST/20260202_Thermal_HKUST/DCIM/DJI_202602021048_003/DJI_20260202105748_0029_V.JPG,data/raw/HKUST/20260202_Thermal_HKUST/DCIM/DJI_202602021048_003/DJI_20260202105748_0029_T.JPG,exact_base_name,0,2026-02-02 10:57:48,2026-02-02 10:57:48,22.339091666666665,114.26217777777778,500.2,4096.0,3072.0,640.0,512.0,ok,ok,candidate_only_no_visual_QA,Prioritized from existing inventory/metadata only; final pilot selection requires visual QA and Part B alignment review.
high,no,no,20260202_Thermal_HKUST/DCIM/DJI_202602021048_003::DJI_20260202105823_0032,DJI_20260202105823_0032,0032,HKUST,2026-02-02,20260202_Thermal_HKUST,DJI_202602021048_003,data/raw/HKUST/20260202_Thermal_HKUST/DCIM/DJI_202602021048_003/DJI_20260202105823_0032_V.JPG,data/raw/HKUST/20260202_Thermal_HKUST/DCIM/DJI_202602021048_003/DJI_20260202105823_0032_T.JPG,exact_base_name,0,2026-02-02 10:58:23,2026-02-02 10:58:23,22.338416666666667,114.26296944444445,499.956,4096.0,3072.0,640.0,512.0,ok,ok,candidate_only_no_visual_QA,Prioritized from existing inventory/metadata only; final pilot selection requires visual QA and Part B alignment review.
high,no,no,20260202_Thermal_HKUST/DCIM/DJI_202602021048_003::DJI_20260202105837_0033,DJI_20260202105837_0033,0033,HKUST,2026-02-02,20260202_Thermal_HKUST,DJI_202602021048_003,data/raw/HKUST/20260202_Thermal_HKUST/DCIM/DJI_202602021048_003/DJI_20260202105837_0033_V.JPG,data/raw/HKUST/20260202_Thermal_HKUST/DCIM/DJI_202602021048_003/DJI_20260202105837_0033_T.JPG,exact_base_name,0,2026-02-02 10:58:37,2026-02-02 10:58:37,22.33708611111111,114.26303055555556,499.918,4096.0,3072.0,640.0,512.0,ok,ok,candidate_only_no_visual_QA,Prioritized from existing inventory/metadata only; final pilot selection requires visual QA and Part B alignment review.
high,no,no,20260202_Thermal_HKUST/DCIM/DJI_202602021048_003::DJI_20260202105849_0034,DJI_20260202105849_0034,0034,HKUST,2026-02-02,20260202_Thermal_HKUST,DJI_202602021048_003,data/raw/HKUST/20260202_Thermal_HKUST/DCIM/DJI_202602021048_003/DJI_20260202105849_0034_V.JPG,data/raw/HKUST/20260202_Thermal_HKUST/DCIM/DJI_202602021048_003/DJI_20260202105849_0034_T.JPG,exact_base_name,0,2026-02-02 10:58:49,2026-02-02 10:58:49,22.336152777777777,114.26308611111111,499.894,4096.0,3072.0,640.0,512.0,ok,ok,candidate_only_no_visual_QA,Prioritized from existing inventory/metadata only; final pilot selection requires visual QA and Part B alignment review.
high,no,no,20260202_Thermal_HKUST/DCIM/DJI_202602021048_003::DJI_20260202105858_0035,DJI_20260202105858_0035,0035,HKUST,2026-02-02,20260202_Thermal_HKUST,DJI_202602021048_003,data/raw/HKUST/20260202_Thermal_HKUST/DCIM/DJI_202602021048_003/DJI_20260202105858_0035_V.JPG,data/raw/HKUST/20260202_Thermal_HKUST/DCIM/DJI_202602021048_003/DJI_20260202105858_0035_T.JPG,exact_base_name,0,2026-02-02 10:58:58,2026-02-02 10:58:58,22.335375,114.26315277777778,499.905,4096.0,3072.0,640.0,512.0,ok,ok,candidate_only_no_visual_QA,Prioritized from existing inventory/metadata only; final pilot selection requires visual QA and Part B alignment review.
high,no,no,20260202_Thermal_HKUST/DCIM/DJI_202602021048_003::DJI_20260202105927_0038,DJI_20260202105927_0038,0038,HKUST,2026-02-02,20260202_Thermal_HKUST,DJI_202602021048_003,data/raw/HKUST/20260202_Thermal_HKUST/DCIM/DJI_202602021048_003/DJI_20260202105927_0038_V.JPG,data/raw/HKUST/20260202_Thermal_HKUST/DCIM/DJI_202602021048_003/DJI_20260202105927_0038_T.JPG,exact_base_name,0,2026-02-02 10:59:27,2026-02-02 10:59:27,22.333130555555556,114.26333055555556,499.868,4096.0,3072.0,640.0,512.0,ok,ok,candidate_only_no_visual_QA,Prioritized from existing inventory/metadata only; final pilot selection requires visual QA and Part B alignment review.
high,no,no,20260202_Thermal_HKUST/DCIM/DJI_202602021048_003::DJI_20260202105938_0039,DJI_20260202105938_0039,0039,HKUST,2026-02-02,20260202_Thermal_HKUST,DJI_202602021048_003,data/raw/HKUST/20260202_Thermal_HKUST/DCIM/DJI_202602021048_003/DJI_20260202105938_0039_V.JPG,data/raw/HKUST/20260202_Thermal_HKUST/DCIM/DJI_202602021048_003/DJI_20260202105938_0039_T.JPG,exact_base_name,0,2026-02-02 10:59:38,2026-02-02 10:59:38,22.332338888888888,114.2634,499.868,4096.0,3072.0,640.0,512.0,ok,ok,candidate_only_no_visual_QA,Prioritized from existing inventory/metadata only; final pilot selection requires visual QA and Part B alignment review.
high,no,no,20260202_Thermal_HKUST/DCIM/DJI_202602021048_003::DJI_20260202105951_0040,DJI_20260202105951_0040,0040,HKUST,2026-02-02,20260202_Thermal_HKUST,DJI_202602021048_003,data/raw/HKUST/20260202_Thermal_HKUST/DCIM/DJI_202602021048_003/DJI_20260202105951_0040_V.JPG,data/raw/HKUST/20260202_Thermal_HKUST/DCIM/DJI_202602021048_003/DJI_20260202105951_0040_T.JPG,exact_base_name,0,2026-02-02 10:59:51,2026-02-02 10:59:51,22.33131111111111,114.2634861111111,499.887,4096.0,3072.0,640.0,512.0,ok,ok,candidate_only_no_visual_QA,Prioritized from existing inventory/metadata only; final pilot selection requires visual QA and Part B alignment review.
high,no,no,20260202_Thermal_HKUST/DCIM/DJI_202602021048_003::DJI_20260202110003_0041,DJI_20260202110003_0041,0041,HKUST,2026-02-02,20260202_Thermal_HKUST,DJI_202602021048_003,data/raw/HKUST/20260202_Thermal_HKUST/DCIM/DJI_202602021048_003/DJI_20260202110003_0041_V.JPG,data/raw/HKUST/20260202_Thermal_HKUST/DCIM/DJI_202602021048_003/DJI_20260202110003_0041_T.JPG,exact_base_name,0,2026-02-02 11:00:03,2026-02-02 11:00:03,22.330280555555554,114.263575,499.901,4096.0,3072.0,640.0,512.0,ok,ok,candidate_only_no_visual_QA,Prioritized from existing inventory/metadata only; final pilot selection requires visual QA and Part B alignment review.
high,no,no,20260202_Thermal_HKUST/DCIM/DJI_202602021048_003::DJI_20260202110016_0042,DJI_20260202110016_0042,0042,HKUST,2026-02-02,20260202_Thermal_HKUST,DJI_202602021048_003,data/raw/HKUST/20260202_Thermal_HKUST/DCIM/DJI_202602021048_003/DJI_20260202110016_0042_V.JPG,data/raw/HKUST/20260202_Thermal_HKUST/DCIM/DJI_202602021048_003/DJI_20260202110016_0042_T.JPG,exact_base_name,0,2026-02-02 11:00:16,2026-02-02 11:00:16,22.329144444444445,114.26366944444445,499.884,4096.0,3072.0,640.0,512.0,ok,ok,candidate_only_no_visual_QA,Prioritized from existing inventory/metadata only; final pilot selection requires visual QA and Part B alignment review.
high,no,no,20260202_Thermal_HKUST/DCIM/DJI_202602021048_003::DJI_20260202110133_0045,DJI_20260202110133_0045,0045,HKUST,2026-02-02,20260202_Thermal_HKUST,DJI_202602021048_003,data/raw/HKUST/20260202_Thermal_HKUST/DCIM/DJI_202602021048_003/DJI_20260202110133_0045_V.JPG,data/raw/HKUST/20260202_Thermal_HKUST/DCIM/DJI_202602021048_003/DJI_20260202110133_0045_T.JPG,exact_base_name,0,2026-02-02 11:01:33,2026-02-02 11:01:33,22.329266666666665,114.26553055555556,498.272,4096.0,3072.0,640.0,512.0,ok,ok,candidate_only_no_visual_QA,Prioritized from existing inventory/metadata only; final pilot selection requires visual QA and Part B alignment review.
high,no,no,20260202_Thermal_HKUST/DCIM/DJI_202602021048_003::DJI_20260202110201_0047,DJI_20260202110201_0047,0047,HKUST,2026-02-02,20260202_Thermal_HKUST,DJI_202602021048_003,data/raw/HKUST/20260202_Thermal_HKUST/DCIM/DJI_202602021048_003/DJI_20260202110201_0047_V.JPG,data/raw/HKUST/20260202_Thermal_HKUST/DCIM/DJI_202602021048_003/DJI_20260202110201_0047_T.JPG,exact_base_name,0,2026-02-02 11:02:01,2026-02-02 11:02:01,22.331530555555556,114.26531111111112,497.141,4096.0,3072.0,640.0,512.0,ok,ok,candidate_only_no_visual_QA,Prioritized from existing inventory/metadata only; final pilot selection requires visual QA and Part B alignment review.
high,no,no,20260202_Thermal_HKUST/DCIM/DJI_202602021048_003::DJI_20260202110214_0048,DJI_20260202110214_0048,0048,HKUST,2026-02-02,20260202_Thermal_HKUST,DJI_202602021048_003,data/raw/HKUST/20260202_Thermal_HKUST/DCIM/DJI_202602021048_003/DJI_20260202110214_0048_V.JPG,data/raw/HKUST/20260202_Thermal_HKUST/DCIM/DJI_202602021048_003/DJI_20260202110214_0048_T.JPG,exact_base_name,0,2026-02-02 11:02:14,2026-02-02 11:02:14,22.332755555555554,114.26518333333334,496.917,4096.0,3072.0,640.0,512.0,ok,ok,candidate_only_no_visual_QA,Prioritized from existing inventory/metadata only; final pilot selection requires visual QA and Part B alignment review.
high,no,no,20260202_Thermal_HKUST/DCIM/DJI_202602021048_003::DJI_20260202110237_0050,DJI_20260202110237_0050,0050,HKUST,2026-02-02,20260202_Thermal_HKUST,DJI_202602021048_003,data/raw/HKUST/20260202_Thermal_HKUST/DCIM/DJI_202602021048_003/DJI_20260202110237_0050_V.JPG,data/raw/HKUST/20260202_Thermal_HKUST/DCIM/DJI_202602021048_003/DJI_20260202110237_0050_T.JPG,exact_base_name,0,2026-02-02 11:02:37,2026-02-02 11:02:37,22.334577777777778,114.26489444444445,497.155,4096.0,3072.0,640.0,512.0,ok,ok,candidate_only_no_visual_QA,Prioritized from existing inventory/metadata only; final pilot selection requires visual QA and Part B alignment review.
high,no,no,20260202_Thermal_HKUST/DCIM/DJI_202602021048_003::DJI_20260202110248_0051,DJI_20260202110248_0051,0051,HKUST,2026-02-02,20260202_Thermal_HKUST,DJI_202602021048_003,data/raw/HKUST/20260202_Thermal_HKUST/DCIM/DJI_202602021048_003/DJI_20260202110248_0051_V.JPG,data/raw/HKUST/20260202_Thermal_HKUST/DCIM/DJI_202602021048_003/DJI_20260202110248_0051_T.JPG,exact_base_name,0,2026-02-02 11:02:48,2026-02-02 11:02:48,22.33552222222222,114.26480555555555,497.089,4096.0,3072.0,640.0,512.0,ok,ok,candidate_only_no_visual_QA,Prioritized from existing inventory/metadata only; final pilot selection requires visual QA and Part B alignment review.
high,no,no,20260202_Thermal_HKUST/DCIM/DJI_202602021048_003::DJI_20260202110259_0052,DJI_20260202110259_0052,0052,HKUST,2026-02-02,20260202_Thermal_HKUST,DJI_202602021048_003,data/raw/HKUST/20260202_Thermal_HKUST/DCIM/DJI_202602021048_003/DJI_20260202110259_0052_V.JPG,data/raw/HKUST/20260202_Thermal_HKUST/DCIM/DJI_202602021048_003/DJI_20260202110259_0052_T.JPG,exact_base_name,0,2026-02-02 11:02:59,2026-02-02 11:02:59,22.33640833333333,114.26471944444444,496.928,4096.0,3072.0,640.0,512.0,ok,ok,candidate_only_no_visual_QA,Prioritized from existing inventory/metadata only; final pilot selection requires visual QA and Part B alignment review.
high,no,no,20260202_Thermal_HKUST/DCIM/DJI_202602021048_003::DJI_20260202110311_0053,DJI_20260202110311_0053,0053,HKUST,2026-02-02,20260202_Thermal_HKUST,DJI_202602021048_003,data/raw/HKUST/20260202_Thermal_HKUST/DCIM/DJI_202602021048_003/DJI_20260202110311_0053_V.JPG,data/raw/HKUST/20260202_Thermal_HKUST/DCIM/DJI_202602021048_003/DJI_20260202110311_0053_T.JPG,exact_base_name,0,2026-02-02 11:03:11,2026-02-02 11:03:11,22.337394444444442,114.264625,497.061,4096.0,3072.0,640.0,512.0,ok,ok,candidate_only_no_visual_QA,Prioritized from existing inventory/metadata only; final pilot selection requires visual QA and Part B alignment review.
high,no,no,20260202_Thermal_HKUST/DCIM/DJI_202602021048_003::DJI_20260202110324_0054,DJI_20260202110324_0054,0054,HKUST,2026-02-02,20260202_Thermal_HKUST,DJI_202602021048_003,data/raw/HKUST/20260202_Thermal_HKUST/DCIM/DJI_202602021048_003/DJI_20260202110324_0054_V.JPG,data/raw/HKUST/20260202_Thermal_HKUST/DCIM/DJI_202602021048_003/DJI_20260202110324_0054_T.JPG,exact_base_name,0,2026-02-02 11:03:24,2026-02-02 11:03:24,22.338530555555554,114.26451666666667,497.255,4096.0,3072.0,640.0,512.0,ok,ok,candidate_only_no_visual_QA,Prioritized from existing inventory/metadata only; final pilot selection requires visual QA and Part B alignment review.
high,no,no,20260202_Thermal_HKUST/DCIM/DJI_202602021048_003::DJI_20260202110337_0055,DJI_20260202110337_0055,0055,HKUST,2026-02-02,20260202_Thermal_HKUST,DJI_202602021048_003,data/raw/HKUST/20260202_Thermal_HKUST/DCIM/DJI_202602021048_003/DJI_20260202110337_0055_V.JPG,data/raw/HKUST/20260202_Thermal_HKUST/DCIM/DJI_202602021048_003/DJI_20260202110337_0055_T.JPG,exact_base_name,0,2026-02-02 11:03:37,2026-02-02 11:03:37,22.339747222222222,114.26440277777778,497.37,4096.0,3072.0,640.0,512.0,ok,ok,candidate_only_no_visual_QA,Prioritized from existing inventory/metadata only; final pilot selection requires visual QA and Part B alignment review.
high,no,no,20260202_Thermal_HKUST/DCIM/DJI_202602021048_003::DJI_20260202110349_0056,DJI_20260202110349_0056,0056,HKUST,2026-02-02,20260202_Thermal_HKUST,DJI_202602021048_003,data/raw/HKUST/20260202_Thermal_HKUST/DCIM/DJI_202602021048_003/DJI_20260202110349_0056_V.JPG,data/raw/HKUST/20260202_Thermal_HKUST/DCIM/DJI_202602021048_003/DJI_20260202110349_0056_T.JPG,exact_base_name,0,2026-02-02 11:03:49,2026-02-02 11:03:49,22.340827777777776,114.26430277777777,497.392,4096.0,3072.0,640.0,512.0,ok,ok,candidate_only_no_visual_QA,Prioritized from existing inventory/metadata only; final pilot selection requires visual QA and Part B alignment review.
high,no,no,20260202_Thermal_HKUST/DCIM/DJI_202602021048_003::DJI_20260202110401_0057,DJI_20260202110401_0057,0057,HKUST,2026-02-02,20260202_Thermal_HKUST,DJI_202602021048_003,data/raw/HKUST/20260202_Thermal_HKUST/DCIM/DJI_202602021048_003/DJI_20260202110401_0057_V.JPG,data/raw/HKUST/20260202_Thermal_HKUST/DCIM/DJI_202602021048_003/DJI_20260202110401_0057_T.JPG,exact_base_name,0,2026-02-02 11:04:01,2026-02-02 11:04:01,22.34162222222222,114.264225,497.546,4096.0,3072.0,640.0,512.0,ok,ok,candidate_only_no_visual_QA,Prioritized from existing inventory/metadata only; final pilot selection requires visual QA and Part B alignment review.
high,no,no,20260202_Thermal_HKUST/DCIM/DJI_202602021048_003::DJI_20260202110416_0058,DJI_20260202110416_0058,0058,HKUST,2026-02-02,20260202_Thermal_HKUST,DJI_202602021048_003,data/raw/HKUST/20260202_Thermal_HKUST/DCIM/DJI_202602021048_003/DJI_20260202110416_0058_V.JPG,data/raw/HKUST/20260202_Thermal_HKUST/DCIM/DJI_202602021048_003/DJI_20260202110416_0058_T.JPG,exact_base_name,0,2026-02-02 11:04:16,2026-02-02 11:04:16,22.341719444444443,114.26545555555556,498.162,4096.0,3072.0,640.0,512.0,ok,ok,candidate_only_no_visual_QA,Prioritized from existing inventory/metadata only; final pilot selection requires visual QA and Part B alignment review.
high,no,no,20260202_Thermal_HKUST/DCIM/DJI_202602021048_003::DJI_20260202110426_0059,DJI_20260202110426_0059,0059,HKUST,2026-02-02,20260202_Thermal_HKUST,DJI_202602021048_003,data/raw/HKUST/20260202_Thermal_HKUST/DCIM/DJI_202602021048_003/DJI_20260202110426_0059_V.JPG,data/raw/HKUST/20260202_Thermal_HKUST/DCIM/DJI_202602021048_003/DJI_20260202110426_0059_T.JPG,exact_base_name,0,2026-02-02 11:04:26,2026-02-02 11:04:26,22.340958333333333,114.26551944444445,498.275,4096.0,3072.0,640.0,512.0,ok,ok,candidate_only_no_visual_QA,Prioritized from existing inventory/metadata only; final pilot selection requires visual QA and Part B alignment review.
high,no,no,20260202_Thermal_HKUST/DCIM/DJI_202602021048_003::DJI_20260202110437_0060,DJI_20260202110437_0060,0060,HKUST,2026-02-02,20260202_Thermal_HKUST,DJI_202602021048_003,data/raw/HKUST/20260202_Thermal_HKUST/DCIM/DJI_202602021048_003/DJI_20260202110437_0060_V.JPG,data/raw/HKUST/20260202_Thermal_HKUST/DCIM/DJI_202602021048_003/DJI_20260202110437_0060_T.JPG,exact_base_name,0,2026-02-02 11:04:37,2026-02-02 11:04:37,22.340044444444445,114.26559444444445,498.855,4096.0,3072.0,640.0,512.0,ok,ok,candidate_only_no_visual_QA,Prioritized from existing inventory/metadata only; final pilot selection requires visual QA and Part B alignment review.
high,no,no,20260202_Thermal_HKUST/DCIM/DJI_202602021048_003::DJI_20260202110504_0062,DJI_20260202110504_0062,0062,HKUST,2026-02-02,20260202_Thermal_HKUST,DJI_202602021048_003,data/raw/HKUST/20260202_Thermal_HKUST/DCIM/DJI_202602021048_003/DJI_20260202110504_0062_V.JPG,data/raw/HKUST/20260202_Thermal_HKUST/DCIM/DJI_202602021048_003/DJI_20260202110504_0062_T.JPG,exact_base_name,0,2026-02-02 11:05:04,2026-02-02 11:05:04,22.33758611111111,114.26580833333334,499.478,4096.0,3072.0,640.0,512.0,ok,ok,candidate_only_no_visual_QA,Prioritized from existing inventory/metadata only; final pilot selection requires visual QA and Part B alignment review.
high,no,no,20260202_Thermal_HKUST/DCIM/DJI_202602021048_003::DJI_20260202110516_0063,DJI_20260202110516_0063,0063,HKUST,2026-02-02,20260202_Thermal_HKUST,DJI_202602021048_003,data/raw/HKUST/20260202_Thermal_HKUST/DCIM/DJI_202602021048_003/DJI_20260202110516_0063_V.JPG,data/raw/HKUST/20260202_Thermal_HKUST/DCIM/DJI_202602021048_003/DJI_20260202110516_0063_T.JPG,exact_base_name,0,2026-02-02 11:05:16,2026-02-02 11:05:16,22.336616666666664,114.26589444444444,499.462,4096.0,3072.0,640.0,512.0,ok,ok,candidate_only_no_visual_QA,Prioritized from existing inventory/metadata only; final pilot selection requires visual QA and Part B alignment review.
high,no,no,20260202_Thermal_HKUST/DCIM/DJI_202602021048_003::DJI_20260202110600_0066,DJI_20260202110600_0066,0066,HKUST,2026-02-02,20260202_Thermal_HKUST,DJI_202602021048_003,data/raw/HKUST/20260202_Thermal_HKUST/DCIM/DJI_202602021048_003/DJI_20260202110600_0066_V.JPG,data/raw/HKUST/20260202_Thermal_HKUST/DCIM/DJI_202602021048_003/DJI_20260202110600_0066_T.JPG,exact_base_name,0,2026-02-02 11:06:00,2026-02-02 11:06:00,22.33268888888889,114.26623055555555,499.884,4096.0,3072.0,640.0,512.0,ok,ok,candidate_only_no_visual_QA,Prioritized from existing inventory/metadata only; final pilot selection requires visual QA and Part B alignment review.
high,no,no,20260202_Thermal_HKUST/DCIM/DJI_202602021048_003::DJI_20260202110612_0067,DJI_20260202110612_0067,0067,HKUST,2026-02-02,20260202_Thermal_HKUST,DJI_202602021048_003,data/raw/HKUST/20260202_Thermal_HKUST/DCIM/DJI_202602021048_003/DJI_20260202110612_0067_V.JPG,data/raw/HKUST/20260202_Thermal_HKUST/DCIM/DJI_202602021048_003/DJI_20260202110612_0067_T.JPG,exact_base_name,0,2026-02-02 11:06:12,2026-02-02 11:06:12,22.331619444444446,114.266325,499.895,4096.0,3072.0,640.0,512.0,ok,ok,candidate_only_no_visual_QA,Prioritized from existing inventory/metadata only; final pilot selection requires visual QA and Part B alignment review.
high,no,no,20260202_Thermal_HKUST/DCIM/DJI_202602021048_003::DJI_20260202110626_0068,DJI_20260202110626_0068,0068,HKUST,2026-02-02,20260202_Thermal_HKUST,DJI_202602021048_003,data/raw/HKUST/20260202_Thermal_HKUST/DCIM/DJI_202602021048_003/DJI_20260202110626_0068_V.JPG,data/raw/HKUST/20260202_Thermal_HKUST/DCIM/DJI_202602021048_003/DJI_20260202110626_0068_T.JPG,exact_base_name,0,2026-02-02 11:06:26,2026-02-02 11:06:26,22.33033888888889,114.2664361111111,499.888,4096.0,3072.0,640.0,512.0,ok,ok,candidate_only_no_visual_QA,Prioritized from existing inventory/metadata only; final pilot selection requires visual QA and Part B alignment review.
high,no,no,20260202_Thermal_HKUST/DCIM/DJI_202602021048_003::DJI_20260202110640_0069,DJI_20260202110640_0069,0069,HKUST,2026-02-02,20260202_Thermal_HKUST,DJI_202602021048_003,data/raw/HKUST/20260202_Thermal_HKUST/DCIM/DJI_202602021048_003/DJI_20260202110640_0069_V.JPG,data/raw/HKUST/20260202_Thermal_HKUST/DCIM/DJI_202602021048_003/DJI_20260202110640_0069_T.JPG,exact_base_name,0,2026-02-02 11:06:40,2026-02-02 11:06:40,22.32911111111111,114.26653611111111,499.912,4096.0,3072.0,640.0,512.0,ok,ok,candidate_only_no_visual_QA,Prioritized from existing inventory/metadata only; final pilot selection requires visual QA and Part B alignment review.
high,no,no,20260202_Thermal_HKUST/DCIM/DJI_202602021048_003::DJI_20260202110702_0070,DJI_20260202110702_0070,0070,HKUST,2026-02-02,20260202_Thermal_HKUST,DJI_202602021048_003,data/raw/HKUST/20260202_Thermal_HKUST/DCIM/DJI_202602021048_003/DJI_20260202110702_0070_V.JPG,data/raw/HKUST/20260202_Thermal_HKUST/DCIM/DJI_202602021048_003/DJI_20260202110702_0070_T.JPG,exact_base_name,0,2026-02-02 11:07:02,2026-02-02 11:07:02,22.328569444444444,114.2679111111111,499.981,4096.0,3072.0,640.0,512.0,ok,ok,candidate_only_no_visual_QA,Prioritized from existing inventory/metadata only; final pilot selection requires visual QA and Part B alignment review.
high,no,no,20260202_Thermal_HKUST/DCIM/DJI_202602021048_003::DJI_20260202110706_0071,DJI_20260202110706_0071,0071,HKUST,2026-02-02,20260202_Thermal_HKUST,DJI_202602021048_003,data/raw/HKUST/20260202_Thermal_HKUST/DCIM/DJI_202602021048_003/DJI_20260202110706_0071_V.JPG,data/raw/HKUST/20260202_Thermal_HKUST/DCIM/DJI_202602021048_003/DJI_20260202110706_0071_T.JPG,exact_base_name,0,2026-02-02 11:07:06,2026-02-02 11:07:06,22.32857222222222,114.26797777777777,499.908,4096.0,3072.0,640.0,512.0,ok,ok,candidate_only_no_visual_QA,Prioritized from existing inventory/metadata only; final pilot selection requires visual QA and Part B alignment review.
high,no,no,20260202_Thermal_HKUST/DCIM/DJI_202602021048_003::DJI_20260202110715_0072,DJI_20260202110715_0072,0072,HKUST,2026-02-02,20260202_Thermal_HKUST,DJI_202602021048_003,data/raw/HKUST/20260202_Thermal_HKUST/DCIM/DJI_202602021048_003/DJI_20260202110715_0072_V.JPG,data/raw/HKUST/20260202_Thermal_HKUST/DCIM/DJI_202602021048_003/DJI_20260202110715_0072_T.JPG,exact_base_name,0,2026-02-02 11:07:15,2026-02-02 11:07:15,22.32935277777778,114.2679,500.367,4096.0,3072.0,640.0,512.0,ok,ok,candidate_only_no_visual_QA,Prioritized from existing inventory/metadata only; final pilot selection requires visual QA and Part B alignment review.
high,no,no,20260202_Thermal_HKUST/DCIM/DJI_202602021048_003::DJI_20260202110727_0073,DJI_20260202110727_0073,0073,HKUST,2026-02-02,20260202_Thermal_HKUST,DJI_202602021048_003,data/raw/HKUST/20260202_Thermal_HKUST/DCIM/DJI_202602021048_003/DJI_20260202110727_0073_V.JPG,data/raw/HKUST/20260202_Thermal_HKUST/DCIM/DJI_202602021048_003/DJI_20260202110727_0073_T.JPG,exact_base_name,0,2026-02-02 11:07:27,2026-02-02 11:07:27,22.330313888888888,114.26781111111111,500.101,4096.0,3072.0,640.0,512.0,ok,ok,candidate_only_no_visual_QA,Prioritized from existing inventory/metadata only; final pilot selection requires visual QA and Part B alignment review.
high,no,no,20260202_Thermal_HKUST/DCIM/DJI_202602021048_003::DJI_20260202110741_0074,DJI_20260202110741_0074,0074,HKUST,2026-02-02,20260202_Thermal_HKUST,DJI_202602021048_003,data/raw/HKUST/20260202_Thermal_HKUST/DCIM/DJI_202602021048_003/DJI_20260202110741_0074_V.JPG,data/raw/HKUST/20260202_Thermal_HKUST/DCIM/DJI_202602021048_003/DJI_20260202110741_0074_T.JPG,exact_base_name,0,2026-02-02 11:07:41,2026-02-02 11:07:41,22.33156111111111,114.26769444444444,500.162,4096.0,3072.0,640.0,512.0,ok,ok,candidate_only_no_visual_QA,Prioritized from existing inventory/metadata only; final pilot selection requires visual QA and Part B alignment review.
high,no,no,20260202_Thermal_HKUST/DCIM/DJI_202602021048_003::DJI_20260202110804_0076,DJI_20260202110804_0076,0076,HKUST,2026-02-02,20260202_Thermal_HKUST,DJI_202602021048_003,data/raw/HKUST/20260202_Thermal_HKUST/DCIM/DJI_202602021048_003/DJI_20260202110804_0076_V.JPG,data/raw/HKUST/20260202_Thermal_HKUST/DCIM/DJI_202602021048_003/DJI_20260202110804_0076_T.JPG,exact_base_name,0,2026-02-02 11:08:04,2026-02-02 11:08:04,22.333519444444445,114.26749722222222,500.087,4096.0,3072.0,640.0,512.0,ok,ok,candidate_only_no_visual_QA,Prioritized from existing inventory/metadata only; final pilot selection requires visual QA and Part B alignment review.
high,no,no,20260202_Thermal_HKUST/DCIM/DJI_202602021048_003::DJI_20260202110816_0077,DJI_20260202110816_0077,0077,HKUST,2026-02-02,20260202_Thermal_HKUST,DJI_202602021048_003,data/raw/HKUST/20260202_Thermal_HKUST/DCIM/DJI_202602021048_003/DJI_20260202110816_0077_V.JPG,data/raw/HKUST/20260202_Thermal_HKUST/DCIM/DJI_202602021048_003/DJI_20260202110816_0077_T.JPG,exact_base_name,0,2026-02-02 11:08:16,2026-02-02 11:08:16,22.33465,114.26730555555555,500.19,4096.0,3072.0,640.0,512.0,ok,ok,candidate_only_no_visual_QA,Prioritized from existing inventory/metadata only; final pilot selection requires visual QA and Part B alignment review.
high,no,no,20260202_Thermal_HKUST/DCIM/DJI_202602021048_003::DJI_20260202110828_0078,DJI_20260202110828_0078,0078,HKUST,2026-02-02,20260202_Thermal_HKUST,DJI_202602021048_003,data/raw/HKUST/20260202_Thermal_HKUST/DCIM/DJI_202602021048_003/DJI_20260202110828_0078_V.JPG,data/raw/HKUST/20260202_Thermal_HKUST/DCIM/DJI_202602021048_003/DJI_20260202110828_0078_T.JPG,exact_base_name,0,2026-02-02 11:08:28,2026-02-02 11:08:28,22.335691666666666,114.26720555555555,500.045,4096.0,3072.0,640.0,512.0,ok,ok,candidate_only_no_visual_QA,Prioritized from existing inventory/metadata only; final pilot selection requires visual QA and Part B alignment review.
high,no,no,20260202_Thermal_HKUST/DCIM/DJI_202602021048_003::DJI_20260202110843_0079,DJI_20260202110843_0079,0079,HKUST,2026-02-02,20260202_Thermal_HKUST,DJI_202602021048_003,data/raw/HKUST/20260202_Thermal_HKUST/DCIM/DJI_202602021048_003/DJI_20260202110843_0079_V.JPG,data/raw/HKUST/20260202_Thermal_HKUST/DCIM/DJI_202602021048_003/DJI_20260202110843_0079_T.JPG,exact_base_name,0,2026-02-02 11:08:43,2026-02-02 11:08:43,22.33703611111111,114.26707777777777,500.152,4096.0,3072.0,640.0,512.0,ok,ok,candidate_only_no_visual_QA,Prioritized from existing inventory/metadata only; final pilot selection requires visual QA and Part B alignment review.
high,no,no,20260202_Thermal_HKUST/DCIM/DJI_202602021048_003::DJI_20260202110900_0080,DJI_20260202110900_0080,0080,HKUST,2026-02-02,20260202_Thermal_HKUST,DJI_202602021048_003,data/raw/HKUST/20260202_Thermal_HKUST/DCIM/DJI_202602021048_003/DJI_20260202110900_0080_V.JPG,data/raw/HKUST/20260202_Thermal_HKUST/DCIM/DJI_202602021048_003/DJI_20260202110900_0080_T.JPG,exact_base_name,0,2026-02-02 11:09:00,2026-02-02 11:09:00,22.338663888888888,114.26690277777777,500.152,4096.0,3072.0,640.0,512.0,ok,ok,candidate_only_no_visual_QA,Prioritized from existing inventory/metadata only; final pilot selection requires visual QA and Part B alignment review.
high,no,no,20260202_Thermal_HKUST/DCIM/DJI_202602021048_003::DJI_20260202110909_0081,DJI_20260202110909_0081,0081,HKUST,2026-02-02,20260202_Thermal_HKUST,DJI_202602021048_003,data/raw/HKUST/20260202_Thermal_HKUST/DCIM/DJI_202602021048_003/DJI_20260202110909_0081_V.JPG,data/raw/HKUST/20260202_Thermal_HKUST/DCIM/DJI_202602021048_003/DJI_20260202110909_0081_T.JPG,exact_base_name,0,2026-02-02 11:09:09,2026-02-02 11:09:09,22.339344444444443,114.26681944444444,500.104,4096.0,3072.0,640.0,512.0,ok,ok,candidate_only_no_visual_QA,Prioritized from existing inventory/metadata only; final pilot selection requires visual QA and Part B alignment review.
high,no,no,20260202_Thermal_HKUST/DCIM/DJI_202602021048_003::DJI_20260202110923_0082,DJI_20260202110923_0082,0082,HKUST,2026-02-02,20260202_Thermal_HKUST,DJI_202602021048_003,data/raw/HKUST/20260202_Thermal_HKUST/DCIM/DJI_202602021048_003/DJI_20260202110923_0082_V.JPG,data/raw/HKUST/20260202_Thermal_HKUST/DCIM/DJI_202602021048_003/DJI_20260202110923_0082_T.JPG,exact_base_name,0,2026-02-02 11:09:23,2026-02-02 11:09:23,22.340555555555554,114.26646666666667,499.971,4096.0,3072.0,640.0,512.0,ok,ok,candidate_only_no_visual_QA,Prioritized from existing inventory/metadata only; final pilot selection requires visual QA and Part B alignment review.
high,no,no,20260202_Thermal_HKUST/DCIM/DJI_202602021048_003::DJI_20260202110938_0083,DJI_20260202110938_0083,0083,HKUST,2026-02-02,20260202_Thermal_HKUST,DJI_202602021048_003,data/raw/HKUST/20260202_Thermal_HKUST/DCIM/DJI_202602021048_003/DJI_20260202110938_0083_V.JPG,data/raw/HKUST/20260202_Thermal_HKUST/DCIM/DJI_202602021048_003/DJI_20260202110938_0083_T.JPG,exact_base_name,0,2026-02-02 11:09:38,2026-02-02 11:09:38,22.34205,114.266325,500.067,4096.0,3072.0,640.0,512.0,ok,ok,candidate_only_no_visual_QA,Prioritized from existing inventory/metadata only; final pilot selection requires visual QA and Part B alignment review.
high,no,no,20260202_Thermal_HKUST/DCIM/DJI_202602021048_003::DJI_20260202110948_0084,DJI_20260202110948_0084,0084,HKUST,2026-02-02,20260202_Thermal_HKUST,DJI_202602021048_003,data/raw/HKUST/20260202_Thermal_HKUST/DCIM/DJI_202602021048_003/DJI_20260202110948_0084_V.JPG,data/raw/HKUST/20260202_Thermal_HKUST/DCIM/DJI_202602021048_003/DJI_20260202110948_0084_T.JPG,exact_base_name,0,2026-02-02 11:09:48,2026-02-02 11:09:48,22.342097222222222,114.26693055555556,500.181,4096.0,3072.0,640.0,512.0,ok,ok,candidate_only_no_visual_QA,Prioritized from existing inventory/metadata only; final pilot selection requires visual QA and Part B alignment review.
high,no,no,20260202_Thermal_HKUST/DCIM/DJI_202602021048_003::DJI_20260202111001_0085,DJI_20260202111001_0085,0085,HKUST,2026-02-02,20260202_Thermal_HKUST,DJI_202602021048_003,data/raw/HKUST/20260202_Thermal_HKUST/DCIM/DJI_202602021048_003/DJI_20260202111001_0085_V.JPG,data/raw/HKUST/20260202_Thermal_HKUST/DCIM/DJI_202602021048_003/DJI_20260202111001_0085_T.JPG,exact_base_name,0,2026-02-02 11:10:01,2026-02-02 11:10:01,22.34091944444444,114.26703333333333,499.948,4096.0,3072.0,640.0,512.0,ok,ok,candidate_only_no_visual_QA,Prioritized from existing inventory/metadata only; final pilot selection requires visual QA and Part B alignment review.
high,no,no,20260202_Thermal_HKUST/DCIM/DJI_202602021048_003::DJI_20260202111014_0086,DJI_20260202111014_0086,0086,HKUST,2026-02-02,20260202_Thermal_HKUST,DJI_202602021048_003,data/raw/HKUST/20260202_Thermal_HKUST/DCIM/DJI_202602021048_003/DJI_20260202111014_0086_V.JPG,data/raw/HKUST/20260202_Thermal_HKUST/DCIM/DJI_202602021048_003/DJI_20260202111014_0086_T.JPG,exact_base_name,0,2026-02-02 11:10:14,2026-02-02 11:10:14,22.33976388888889,114.26713333333333,499.894,4096.0,3072.0,640.0,512.0,ok,ok,candidate_only_no_visual_QA,Prioritized from existing inventory/metadata only; final pilot selection requires visual QA and Part B alignment review.
high,no,no,20260202_Thermal_HKUST/DCIM/DJI_202602021048_003::DJI_20260202111024_0087,DJI_20260202111024_0087,0087,HKUST,2026-02-02,20260202_Thermal_HKUST,DJI_202602021048_003,data/raw/HKUST/20260202_Thermal_HKUST/DCIM/DJI_202602021048_003/DJI_20260202111024_0087_V.JPG,data/raw/HKUST/20260202_Thermal_HKUST/DCIM/DJI_202602021048_003/DJI_20260202111024_0087_T.JPG,exact_base_name,0,2026-02-02 11:10:24,2026-02-02 11:10:24,22.338780555555555,114.26721944444445,499.899,4096.0,3072.0,640.0,512.0,ok,ok,candidate_only_no_visual_QA,Prioritized from existing inventory/metadata only; final pilot selection requires visual QA and Part B alignment review.
high,no,no,20260202_Thermal_HKUST/DCIM/DJI_202602021048_003::DJI_20260202111039_0088,DJI_20260202111039_0088,0088,HKUST,2026-02-02,20260202_Thermal_HKUST,DJI_202602021048_003,data/raw/HKUST/20260202_Thermal_HKUST/DCIM/DJI_202602021048_003/DJI_20260202111039_0088_V.JPG,data/raw/HKUST/20260202_Thermal_HKUST/DCIM/DJI_202602021048_003/DJI_20260202111039_0088_T.JPG,exact_base_name,0,2026-02-02 11:10:39,2026-02-02 11:10:39,22.337297222222222,114.26735,499.784,4096.0,3072.0,640.0,512.0,ok,ok,candidate_only_no_visual_QA,Prioritized from existing inventory/metadata only; final pilot selection requires visual QA and Part B alignment review.
high,no,no,20260202_Thermal_HKUST/DCIM/DJI_202602021048_003::DJI_20260202111053_0089,DJI_20260202111053_0089,0089,HKUST,2026-02-02,20260202_Thermal_HKUST,DJI_202602021048_003,data/raw/HKUST/20260202_Thermal_HKUST/DCIM/DJI_202602021048_003/DJI_20260202111053_0089_V.JPG,data/raw/HKUST/20260202_Thermal_HKUST/DCIM/DJI_202602021048_003/DJI_20260202111053_0089_T.JPG,exact_base_name,0,2026-02-02 11:10:53,2026-02-02 11:10:53,22.336116666666666,114.26745277777778,499.789,4096.0,3072.0,640.0,512.0,ok,ok,candidate_only_no_visual_QA,Prioritized from existing inventory/metadata only; final pilot selection requires visual QA and Part B alignment review.
high,no,no,20260202_Thermal_HKUST/DCIM/DJI_202602021048_003::DJI_20260202111104_0090,DJI_20260202111104_0090,0090,HKUST,2026-02-02,20260202_Thermal_HKUST,DJI_202602021048_003,data/raw/HKUST/20260202_Thermal_HKUST/DCIM/DJI_202602021048_003/DJI_20260202111104_0090_V.JPG,data/raw/HKUST/20260202_Thermal_HKUST/DCIM/DJI_202602021048_003/DJI_20260202111104_0090_T.JPG,exact_base_name,0,2026-02-02 11:11:04,2026-02-02 11:11:04,22.33536388888889,114.26752222222223,499.759,4096.0,3072.0,640.0,512.0,ok,ok,candidate_only_no_visual_QA,Prioritized from existing inventory/metadata only; final pilot selection requires visual QA and Part B alignment review.
high,no,no,20260202_Thermal_HKUST/DCIM/DJI_202602021048_003::DJI_20260202111117_0091,DJI_20260202111117_0091,0091,HKUST,2026-02-02,20260202_Thermal_HKUST,DJI_202602021048_003,data/raw/HKUST/20260202_Thermal_HKUST/DCIM/DJI_202602021048_003/DJI_20260202111117_0091_V.JPG,data/raw/HKUST/20260202_Thermal_HKUST/DCIM/DJI_202602021048_003/DJI_20260202111117_0091_T.JPG,exact_base_name,0,2026-02-02 11:11:17,2026-02-02 11:11:17,22.33418611111111,114.267625,499.791,4096.0,3072.0,640.0,512.0,ok,ok,candidate_only_no_visual_QA,Prioritized from existing inventory/metadata only; final pilot selection requires visual QA and Part B alignment review.
high,no,no,20260202_Thermal_HKUST/DCIM/DJI_202602021048_003::DJI_20260202111129_0092,DJI_20260202111129_0092,0092,HKUST,2026-02-02,20260202_Thermal_HKUST,DJI_202602021048_003,data/raw/HKUST/20260202_Thermal_HKUST/DCIM/DJI_202602021048_003/DJI_20260202111129_0092_V.JPG,data/raw/HKUST/20260202_Thermal_HKUST/DCIM/DJI_202602021048_003/DJI_20260202111129_0092_T.JPG,exact_base_name,0,2026-02-02 11:11:29,2026-02-02 11:11:29,22.33323888888889,114.26770833333333,499.821,4096.0,3072.0,640.0,512.0,ok,ok,candidate_only_no_visual_QA,Prioritized from existing inventory/metadata only; final pilot selection requires visual QA and Part B alignment review.
high,no,no,20260202_Thermal_HKUST/DCIM/DJI_202602021048_003::DJI_20260202111139_0093,DJI_20260202111139_0093,0093,HKUST,2026-02-02,20260202_Thermal_HKUST,DJI_202602021048_003,data/raw/HKUST/20260202_Thermal_HKUST/DCIM/DJI_202602021048_003/DJI_20260202111139_0093_V.JPG,data/raw/HKUST/20260202_Thermal_HKUST/DCIM/DJI_202602021048_003/DJI_20260202111139_0093_T.JPG,exact_base_name,0,2026-02-02 11:11:39,2026-02-02 11:11:39,22.33245,114.26778055555556,499.844,4096.0,3072.0,640.0,512.0,ok,ok,candidate_only_no_visual_QA,Prioritized from existing inventory/metadata only; final pilot selection requires visual QA and Part B alignment review.
high,no,no,20260202_Thermal_HKUST/DCIM/DJI_202602021048_003::DJI_20260202111203_0094,DJI_20260202111203_0094,0094,HKUST,2026-02-02,20260202_Thermal_HKUST,DJI_202602021048_003,data/raw/HKUST/20260202_Thermal_HKUST/DCIM/DJI_202602021048_003/DJI_20260202111203_0094_V.JPG,data/raw/HKUST/20260202_Thermal_HKUST/DCIM/DJI_202602021048_003/DJI_20260202111203_0094_T.JPG,exact_base_name,0,2026-02-02 11:12:03,2026-02-02 11:12:03,22.331980555555557,114.26909722222221,500.019,4096.0,3072.0,640.0,512.0,ok,ok,candidate_only_no_visual_QA,Prioritized from existing inventory/metadata only; final pilot selection requires visual QA and Part B alignment review.
high,no,no,20260202_Thermal_HKUST/DCIM/DJI_202602021048_003::DJI_20260202111213_0095,DJI_20260202111213_0095,0095,HKUST,2026-02-02,20260202_Thermal_HKUST,DJI_202602021048_003,data/raw/HKUST/20260202_Thermal_HKUST/DCIM/DJI_202602021048_003/DJI_20260202111213_0095_V.JPG,data/raw/HKUST/20260202_Thermal_HKUST/DCIM/DJI_202602021048_003/DJI_20260202111213_0095_T.JPG,exact_base_name,0,2026-02-02 11:12:13,2026-02-02 11:12:13,22.332705555555556,114.269025,499.936,4096.0,3072.0,640.0,512.0,ok,ok,candidate_only_no_visual_QA,Prioritized from existing inventory/metadata only; final pilot selection requires visual QA and Part B alignment review.
high,no,no,20260202_Thermal_HKUST/DCIM/DJI_202602021048_003::DJI_20260202111223_0096,DJI_20260202111223_0096,0096,HKUST,2026-02-02,20260202_Thermal_HKUST,DJI_202602021048_003,data/raw/HKUST/20260202_Thermal_HKUST/DCIM/DJI_202602021048_003/DJI_20260202111223_0096_V.JPG,data/raw/HKUST/20260202_Thermal_HKUST/DCIM/DJI_202602021048_003/DJI_20260202111223_0096_T.JPG,exact_base_name,0,2026-02-02 11:12:23,2026-02-02 11:12:23,22.333499999999997,114.26894722222222,499.943,4096.0,3072.0,640.0,512.0,ok,ok,candidate_only_no_visual_QA,Prioritized from existing inventory/metadata only; final pilot selection requires visual QA and Part B alignment review.
high,no,no,20260202_Thermal_HKUST/DCIM/DJI_202602021048_003::DJI_20260202111233_0097,DJI_20260202111233_0097,0097,HKUST,2026-02-02,20260202_Thermal_HKUST,DJI_202602021048_003,data/raw/HKUST/20260202_Thermal_HKUST/DCIM/DJI_202602021048_003/DJI_20260202111233_0097_V.JPG,data/raw/HKUST/20260202_Thermal_HKUST/DCIM/DJI_202602021048_003/DJI_20260202111233_0097_T.JPG,exact_base_name,0,2026-02-02 11:12:33,2026-02-02 11:12:33,22.333924999999997,114.26912222222222,500.055,4096.0,3072.0,640.0,512.0,ok,ok,candidate_only_no_visual_QA,Prioritized from existing inventory/metadata only; final pilot selection requires visual QA and Part B alignment review.
high,no,no,20260202_Thermal_HKUST/DCIM/DJI_202602021048_003::DJI_20260202111243_0098,DJI_20260202111243_0098,0098,HKUST,2026-02-02,20260202_Thermal_HKUST,DJI_202602021048_003,data/raw/HKUST/20260202_Thermal_HKUST/DCIM/DJI_202602021048_003/DJI_20260202111243_0098_V.JPG,data/raw/HKUST/20260202_Thermal_HKUST/DCIM/DJI_202602021048_003/DJI_20260202111243_0098_T.JPG,exact_base_name,0,2026-02-02 11:12:43,2026-02-02 11:12:43,22.33468333333333,114.26904722222223,500.155,4096.0,3072.0,640.0,512.0,ok,ok,candidate_only_no_visual_QA,Prioritized from existing inventory/metadata only; final pilot selection requires visual QA and Part B alignment review.
high,no,no,20260202_Thermal_HKUST/DCIM/DJI_202602021048_003::DJI_20260202111255_0099,DJI_20260202111255_0099,0099,HKUST,2026-02-02,20260202_Thermal_HKUST,DJI_202602021048_003,data/raw/HKUST/20260202_Thermal_HKUST/DCIM/DJI_202602021048_003/DJI_20260202111255_0099_V.JPG,data/raw/HKUST/20260202_Thermal_HKUST/DCIM/DJI_202602021048_003/DJI_20260202111255_0099_T.JPG,exact_base_name,0,2026-02-02 11:12:55,2026-02-02 11:12:55,22.335838888888887,114.26892222222222,500.17,4096.0,3072.0,640.0,512.0,ok,ok,candidate_only_no_visual_QA,Prioritized from existing inventory/metadata only; final pilot selection requires visual QA and Part B alignment review.
high,no,no,20260202_Thermal_HKUST/DCIM/DJI_202602021048_003::DJI_20260202111317_0101,DJI_20260202111317_0101,0101,HKUST,2026-02-02,20260202_Thermal_HKUST,DJI_202602021048_003,data/raw/HKUST/20260202_Thermal_HKUST/DCIM/DJI_202602021048_003/DJI_20260202111317_0101_V.JPG,data/raw/HKUST/20260202_Thermal_HKUST/DCIM/DJI_202602021048_003/DJI_20260202111317_0101_T.JPG,exact_base_name,0,2026-02-02 11:13:17,2026-02-02 11:13:17,22.33788333333333,114.26873333333333,500.465,4096.0,3072.0,640.0,512.0,ok,ok,candidate_only_no_visual_QA,Prioritized from existing inventory/metadata only; final pilot selection requires visual QA and Part B alignment review.
high,no,no,20260202_Thermal_HKUST/DCIM/DJI_202602021145_004::DJI_20260202114927_0001,DJI_20260202114927_0001,0001,HKUST,2026-02-02,20260202_Thermal_HKUST,DJI_202602021145_004,data/raw/HKUST/20260202_Thermal_HKUST/DCIM/DJI_202602021145_004/DJI_20260202114927_0001_V.JPG,data/raw/HKUST/20260202_Thermal_HKUST/DCIM/DJI_202602021145_004/DJI_20260202114927_0001_T.JPG,exact_base_name,0,2026-02-02 11:49:27,2026-02-02 11:49:27,22.336513888888888,114.26316388888888,499.899,4096.0,3072.0,640.0,512.0,ok,ok,candidate_only_no_visual_QA,Prioritized from existing inventory/metadata only; final pilot selection requires visual QA and Part B alignment review.
high,no,no,20260202_Thermal_HKUST/DCIM/DJI_202602021145_004::DJI_20260202115011_0003,DJI_20260202115011_0003,0003,HKUST,2026-02-02,20260202_Thermal_HKUST,DJI_202602021145_004,data/raw/HKUST/20260202_Thermal_HKUST/DCIM/DJI_202602021145_004/DJI_20260202115011_0003_V.JPG,data/raw/HKUST/20260202_Thermal_HKUST/DCIM/DJI_202602021145_004/DJI_20260202115011_0003_T.JPG,exact_base_name,0,2026-02-02 11:50:11,2026-02-02 11:50:11,22.339166666666664,114.26279166666667,500.004,4096.0,3072.0,640.0,512.0,ok,ok,candidate_only_no_visual_QA,Prioritized from existing inventory/metadata only; final pilot selection requires visual QA and Part B alignment review.
high,no,no,20260202_Thermal_HKUST/DCIM/DJI_202602021145_004::DJI_20260202115032_0004,DJI_20260202115032_0004,0004,HKUST,2026-02-02,20260202_Thermal_HKUST,DJI_202602021145_004,data/raw/HKUST/20260202_Thermal_HKUST/DCIM/DJI_202602021145_004/DJI_20260202115032_0004_V.JPG,data/raw/HKUST/20260202_Thermal_HKUST/DCIM/DJI_202602021145_004/DJI_20260202115032_0004_T.JPG,exact_base_name,0,2026-02-02 11:50:32,2026-02-02 11:50:32,22.34130833333333,114.26279166666667,500.024,4096.0,3072.0,640.0,512.0,ok,ok,candidate_only_no_visual_QA,Prioritized from existing inventory/metadata only; final pilot selection requires visual QA and Part B alignment review.
high,no,no,20260202_Thermal_HKUST/DCIM/DJI_202602021145_004::DJI_20260202115048_0005,DJI_20260202115048_0005,0005,HKUST,2026-02-02,20260202_Thermal_HKUST,DJI_202602021145_004,data/raw/HKUST/20260202_Thermal_HKUST/DCIM/DJI_202602021145_004/DJI_20260202115048_0005_V.JPG,data/raw/HKUST/20260202_Thermal_HKUST/DCIM/DJI_202602021145_004/DJI_20260202115048_0005_T.JPG,exact_base_name,0,2026-02-02 11:50:48,2026-02-02 11:50:48,22.342841666666665,114.26279166666667,500.048,4096.0,3072.0,640.0,512.0,ok,ok,candidate_only_no_visual_QA,Prioritized from existing inventory/metadata only; final pilot selection requires visual QA and Part B alignment review.
high,no,no,20260202_Thermal_HKUST/DCIM/DJI_202602021145_004::DJI_20260202115107_0006,DJI_20260202115107_0006,0006,HKUST,2026-02-02,20260202_Thermal_HKUST,DJI_202602021145_004,data/raw/HKUST/20260202_Thermal_HKUST/DCIM/DJI_202602021145_004/DJI_20260202115107_0006_V.JPG,data/raw/HKUST/20260202_Thermal_HKUST/DCIM/DJI_202602021145_004/DJI_20260202115107_0006_T.JPG,exact_base_name,0,2026-02-02 11:51:07,2026-02-02 11:51:07,22.344641666666664,114.26279444444444,499.99,4096.0,3072.0,640.0,512.0,ok,ok,candidate_only_no_visual_QA,Prioritized from existing inventory/metadata only; final pilot selection requires visual QA and Part B alignment review.
high,no,no,20260202_Thermal_HKUST/DCIM/DJI_202602021145_004::DJI_20260202115136_0007,DJI_20260202115136_0007,0007,HKUST,2026-02-02,20260202_Thermal_HKUST,DJI_202602021145_004,data/raw/HKUST/20260202_Thermal_HKUST/DCIM/DJI_202602021145_004/DJI_20260202115136_0007_V.JPG,data/raw/HKUST/20260202_Thermal_HKUST/DCIM/DJI_202602021145_004/DJI_20260202115136_0007_T.JPG,exact_base_name,0,2026-02-02 11:51:36,2026-02-02 11:51:36,22.346144444444445,114.26113611111111,500.08,4096.0,3072.0,640.0,512.0,ok,ok,candidate_only_no_visual_QA,Prioritized from existing inventory/metadata only; final pilot selection requires visual QA and Part B alignment review.
high,no,no,20260202_Thermal_HKUST/DCIM/DJI_202602021145_004::DJI_20260202115303_0012,DJI_20260202115303_0012,0012,HKUST,2026-02-02,20260202_Thermal_HKUST,DJI_202602021145_004,data/raw/HKUST/20260202_Thermal_HKUST/DCIM/DJI_202602021145_004/DJI_20260202115303_0012_V.JPG,data/raw/HKUST/20260202_Thermal_HKUST/DCIM/DJI_202602021145_004/DJI_20260202115303_0012_T.JPG,exact_base_name,0,2026-02-02 11:53:03,2026-02-02 11:53:03,22.337899999999998,114.26109722222222,499.602,4096.0,3072.0,640.0,512.0,ok,ok,candidate_only_no_visual_QA,Prioritized from existing inventory/metadata only; final pilot selection requires visual QA and Part B alignment review.
high,no,no,20260202_Thermal_HKUST/DCIM/DJI_202602021145_004::DJI_20260202115321_0013,DJI_20260202115321_0013,0013,HKUST,2026-02-02,20260202_Thermal_HKUST,DJI_202602021145_004,data/raw/HKUST/20260202_Thermal_HKUST/DCIM/DJI_202602021145_004/DJI_20260202115321_0013_V.JPG,data/raw/HKUST/20260202_Thermal_HKUST/DCIM/DJI_202602021145_004/DJI_20260202115321_0013_T.JPG,exact_base_name,0,2026-02-02 11:53:21,2026-02-02 11:53:21,22.336033333333333,114.26109166666667,499.636,4096.0,3072.0,640.0,512.0,ok,ok,candidate_only_no_visual_QA,Prioritized from existing inventory/metadata only; final pilot selection requires visual QA and Part B alignment review.
high,no,no,20260202_Thermal_HKUST/DCIM/DJI_202602021145_004::DJI_20260202115354_0015,DJI_20260202115354_0015,0015,HKUST,2026-02-02,20260202_Thermal_HKUST,DJI_202602021145_004,data/raw/HKUST/20260202_Thermal_HKUST/DCIM/DJI_202602021145_004/DJI_20260202115354_0015_V.JPG,data/raw/HKUST/20260202_Thermal_HKUST/DCIM/DJI_202602021145_004/DJI_20260202115354_0015_T.JPG,exact_base_name,0,2026-02-02 11:53:54,2026-02-02 11:53:54,22.33281388888889,114.26107777777777,499.351,4096.0,3072.0,640.0,512.0,ok,ok,candidate_only_no_visual_QA,Prioritized from existing inventory/metadata only; final pilot selection requires visual QA and Part B alignment review.
high,no,no,20260202_Thermal_HKUST/DCIM/DJI_202602021145_004::DJI_20260202115429_0017,DJI_20260202115429_0017,0017,HKUST,2026-02-02,20260202_Thermal_HKUST,DJI_202602021145_004,data/raw/HKUST/20260202_Thermal_HKUST/DCIM/DJI_202602021145_004/DJI_20260202115429_0017_V.JPG,data/raw/HKUST/20260202_Thermal_HKUST/DCIM/DJI_202602021145_004/DJI_20260202115429_0017_T.JPG,exact_base_name,0,2026-02-02 11:54:29,2026-02-02 11:54:29,22.329641666666667,114.26105,499.125,4096.0,3072.0,640.0,512.0,ok,ok,candidate_only_no_visual_QA,Prioritized from existing inventory/metadata only; final pilot selection requires visual QA and Part B alignment review.
high,no,no,20260202_Thermal_HKUST/DCIM/DJI_202602021145_004::DJI_20260202115446_0019,DJI_20260202115446_0019,0019,HKUST,2026-02-02,20260202_Thermal_HKUST,DJI_202602021145_004,data/raw/HKUST/20260202_Thermal_HKUST/DCIM/DJI_202602021145_004/DJI_20260202115446_0019_V.JPG,data/raw/HKUST/20260202_Thermal_HKUST/DCIM/DJI_202602021145_004/DJI_20260202115446_0019_T.JPG,exact_base_name,0,2026-02-02 11:54:46,2026-02-02 11:54:46,22.329619444444443,114.26248611111112,499.2,4096.0,3072.0,640.0,512.0,ok,ok,candidate_only_no_visual_QA,Prioritized from existing inventory/metadata only; final pilot selection requires visual QA and Part B alignment review.
high,no,no,20260202_Thermal_HKUST/DCIM/DJI_202602021145_004::DJI_20260202115504_0020,DJI_20260202115504_0020,0020,HKUST,2026-02-02,20260202_Thermal_HKUST,DJI_202602021145_004,data/raw/HKUST/20260202_Thermal_HKUST/DCIM/DJI_202602021145_004/DJI_20260202115504_0020_V.JPG,data/raw/HKUST/20260202_Thermal_HKUST/DCIM/DJI_202602021145_004/DJI_20260202115504_0020_T.JPG,exact_base_name,0,2026-02-02 11:55:04,2026-02-02 11:55:04,22.33115,114.26249722222222,498.64,4096.0,3072.0,640.0,512.0,ok,ok,candidate_only_no_visual_QA,Prioritized from existing inventory/metadata only; final pilot selection requires visual QA and Part B alignment review.
high,no,no,20260202_Thermal_HKUST/DCIM/DJI_202602021145_004::DJI_20260202115520_0021,DJI_20260202115520_0021,0021,HKUST,2026-02-02,20260202_Thermal_HKUST,DJI_202602021145_004,data/raw/HKUST/20260202_Thermal_HKUST/DCIM/DJI_202602021145_004/DJI_20260202115520_0021_V.JPG,data/raw/HKUST/20260202_Thermal_HKUST/DCIM/DJI_202602021145_004/DJI_20260202115520_0021_T.JPG,exact_base_name,0,2026-02-02 11:55:20,2026-02-02 11:55:20,22.332686111111112,114.2625,498.389,4096.0,3072.0,640.0,512.0,ok,ok,candidate_only_no_visual_QA,Prioritized from existing inventory/metadata only; final pilot selection requires visual QA and Part B alignment review.
high,no,no,20260202_Thermal_HKUST/DCIM/DJI_202602021145_004::DJI_20260202115532_0022,DJI_20260202115532_0022,0022,HKUST,2026-02-02,20260202_Thermal_HKUST,DJI_202602021145_004,data/raw/HKUST/20260202_Thermal_HKUST/DCIM/DJI_202602021145_004/DJI_20260202115532_0022_V.JPG,data/raw/HKUST/20260202_Thermal_HKUST/DCIM/DJI_202602021145_004/DJI_20260202115532_0022_T.JPG,exact_base_name,0,2026-02-02 11:55:32,2026-02-02 11:55:32,22.33369722222222,114.26249722222222,498.529,4096.0,3072.0,640.0,512.0,ok,ok,candidate_only_no_visual_QA,Prioritized from existing inventory/metadata only; final pilot selection requires visual QA and Part B alignment review.
high,no,no,20260202_Thermal_HKUST/DCIM/DJI_202602021145_004::DJI_20260202115546_0023,DJI_20260202115546_0023,0023,HKUST,2026-02-02,20260202_Thermal_HKUST,DJI_202602021145_004,data/raw/HKUST/20260202_Thermal_HKUST/DCIM/DJI_202602021145_004/DJI_20260202115546_0023_V.JPG,data/raw/HKUST/20260202_Thermal_HKUST/DCIM/DJI_202602021145_004/DJI_20260202115546_0023_T.JPG,exact_base_name,0,2026-02-02 11:55:46,2026-02-02 11:55:46,22.33503333333333,114.2625,498.696,4096.0,3072.0,640.0,512.0,ok,ok,candidate_only_no_visual_QA,Prioritized from existing inventory/metadata only; final pilot selection requires visual QA and Part B alignment review.
high,no,no,20260202_Thermal_HKUST/DCIM/DJI_202602021145_004::DJI_20260202115600_0024,DJI_20260202115600_0024,0024,HKUST,2026-02-02,20260202_Thermal_HKUST,DJI_202602021145_004,data/raw/HKUST/20260202_Thermal_HKUST/DCIM/DJI_202602021145_004/DJI_20260202115600_0024_V.JPG,data/raw/HKUST/20260202_Thermal_HKUST/DCIM/DJI_202602021145_004/DJI_20260202115600_0024_T.JPG,exact_base_name,0,2026-02-02 11:56:00,2026-02-02 11:56:00,22.336216666666665,114.26248055555556,498.831,4096.0,3072.0,640.0,512.0,ok,ok,candidate_only_no_visual_QA,Prioritized from existing inventory/metadata only; final pilot selection requires visual QA and Part B alignment review.
high,no,no,20260202_Thermal_HKUST/DCIM/DJI_202602021145_004::DJI_20260202115617_0025,DJI_20260202115617_0025,0025,HKUST,2026-02-02,20260202_Thermal_HKUST,DJI_202602021145_004,data/raw/HKUST/20260202_Thermal_HKUST/DCIM/DJI_202602021145_004/DJI_20260202115617_0025_V.JPG,data/raw/HKUST/20260202_Thermal_HKUST/DCIM/DJI_202602021145_004/DJI_20260202115617_0025_T.JPG,exact_base_name,0,2026-02-02 11:56:17,2026-02-02 11:56:17,22.337902777777778,114.26247777777778,499.075,4096.0,3072.0,640.0,512.0,ok,ok,candidate_only_no_visual_QA,Prioritized from existing inventory/metadata only; final pilot selection requires visual QA and Part B alignment review.
high,no,no,20260202_Thermal_HKUST/DCIM/DJI_202602021145_004::DJI_20260202115651_0027,DJI_20260202115651_0027,0027,HKUST,2026-02-02,20260202_Thermal_HKUST,DJI_202602021145_004,data/raw/HKUST/20260202_Thermal_HKUST/DCIM/DJI_202602021145_004/DJI_20260202115651_0027_V.JPG,data/raw/HKUST/20260202_Thermal_HKUST/DCIM/DJI_202602021145_004/DJI_20260202115651_0027_T.JPG,exact_base_name,0,2026-02-02 11:56:51,2026-02-02 11:56:51,22.339366666666667,114.2645,499.938,4096.0,3072.0,640.0,512.0,ok,ok,candidate_only_no_visual_QA,Prioritized from existing inventory/metadata only; final pilot selection requires visual QA and Part B alignment review.
high,no,no,20260202_Thermal_HKUST/DCIM/DJI_202602021145_004::DJI_20260202115724_0029,DJI_20260202115724_0029,0029,HKUST,2026-02-02,20260202_Thermal_HKUST,DJI_202602021145_004,data/raw/HKUST/20260202_Thermal_HKUST/DCIM/DJI_202602021145_004/DJI_20260202115724_0029_V.JPG,data/raw/HKUST/20260202_Thermal_HKUST/DCIM/DJI_202602021145_004/DJI_20260202115724_0029_T.JPG,exact_base_name,0,2026-02-02 11:57:24,2026-02-02 11:57:24,22.33620833333333,114.26448611111111,499.926,4096.0,3072.0,640.0,512.0,ok,ok,candidate_only_no_visual_QA,Prioritized from existing inventory/metadata only; final pilot selection requires visual QA and Part B alignment review.
high,no,no,20260202_Thermal_HKUST/DCIM/DJI_202602021145_004::DJI_20260202115737_0030,DJI_20260202115737_0030,0030,HKUST,2026-02-02,20260202_Thermal_HKUST,DJI_202602021145_004,data/raw/HKUST/20260202_Thermal_HKUST/DCIM/DJI_202602021145_004/DJI_20260202115737_0030_V.JPG,data/raw/HKUST/20260202_Thermal_HKUST/DCIM/DJI_202602021145_004/DJI_20260202115737_0030_T.JPG,exact_base_name,0,2026-02-02 11:57:37,2026-02-02 11:57:37,22.33503888888889,114.26448611111111,499.923,4096.0,3072.0,640.0,512.0,ok,ok,candidate_only_no_visual_QA,Prioritized from existing inventory/metadata only; final pilot selection requires visual QA and Part B alignment review.
high,no,no,20260202_Thermal_HKUST/DCIM/DJI_202602021145_004::DJI_20260202115753_0031,DJI_20260202115753_0031,0031,HKUST,2026-02-02,20260202_Thermal_HKUST,DJI_202602021145_004,data/raw/HKUST/20260202_Thermal_HKUST/DCIM/DJI_202602021145_004/DJI_20260202115753_0031_V.JPG,data/raw/HKUST/20260202_Thermal_HKUST/DCIM/DJI_202602021145_004/DJI_20260202115753_0031_T.JPG,exact_base_name,0,2026-02-02 11:57:53,2026-02-02 11:57:53,22.33341111111111,114.26448055555555,499.87,4096.0,3072.0,640.0,512.0,ok,ok,candidate_only_no_visual_QA,Prioritized from existing inventory/metadata only; final pilot selection requires visual QA and Part B alignment review.
high,no,no,20260202_Thermal_HKUST/DCIM/DJI_202602021145_004::DJI_20260202115808_0032,DJI_20260202115808_0032,0032,HKUST,2026-02-02,20260202_Thermal_HKUST,DJI_202602021145_004,data/raw/HKUST/20260202_Thermal_HKUST/DCIM/DJI_202602021145_004/DJI_20260202115808_0032_V.JPG,data/raw/HKUST/20260202_Thermal_HKUST/DCIM/DJI_202602021145_004/DJI_20260202115808_0032_T.JPG,exact_base_name,0,2026-02-02 11:58:08,2026-02-02 11:58:08,22.331977777777777,114.264475,499.847,4096.0,3072.0,640.0,512.0,ok,ok,candidate_only_no_visual_QA,Prioritized from existing inventory/metadata only; final pilot selection requires visual QA and Part B alignment review.
high,no,no,20260202_Thermal_HKUST/DCIM/DJI_202602021145_004::DJI_20260202115824_0033,DJI_20260202115824_0033,0033,HKUST,2026-02-02,20260202_Thermal_HKUST,DJI_202602021145_004,data/raw/HKUST/20260202_Thermal_HKUST/DCIM/DJI_202602021145_004/DJI_20260202115824_0033_V.JPG,data/raw/HKUST/20260202_Thermal_HKUST/DCIM/DJI_202602021145_004/DJI_20260202115824_0033_T.JPG,exact_base_name,0,2026-02-02 11:58:24,2026-02-02 11:58:24,22.330419444444445,114.26447222222222,499.892,4096.0,3072.0,640.0,512.0,ok,ok,candidate_only_no_visual_QA,Prioritized from existing inventory/metadata only; final pilot selection requires visual QA and Part B alignment review.
high,no,no,20260202_Thermal_HKUST/DCIM/DJI_202602021145_004::DJI_20260202115942_0036,DJI_20260202115942_0036,0036,HKUST,2026-02-02,20260202_Thermal_HKUST,DJI_202602021145_004,data/raw/HKUST/20260202_Thermal_HKUST/DCIM/DJI_202602021145_004/DJI_20260202115942_0036_V.JPG,data/raw/HKUST/20260202_Thermal_HKUST/DCIM/DJI_202602021145_004/DJI_20260202115942_0036_T.JPG,exact_base_name,0,2026-02-02 11:59:42,2026-02-02 11:59:42,22.325516666666665,114.26614444444445,499.949,4096.0,3072.0,640.0,512.0,ok,ok,candidate_only_no_visual_QA,Prioritized from existing inventory/metadata only; final pilot selection requires visual QA and Part B alignment review.
high,no,no,20260202_Thermal_HKUST/DCIM/DJI_202602021145_004::DJI_20260202115958_0037,DJI_20260202115958_0037,0037,HKUST,2026-02-02,20260202_Thermal_HKUST,DJI_202602021145_004,data/raw/HKUST/20260202_Thermal_HKUST/DCIM/DJI_202602021145_004/DJI_20260202115958_0037_V.JPG,data/raw/HKUST/20260202_Thermal_HKUST/DCIM/DJI_202602021145_004/DJI_20260202115958_0037_T.JPG,exact_base_name,0,2026-02-02 11:59:58,2026-02-02 11:59:58,22.32711388888889,114.26615277777778,499.932,4096.0,3072.0,640.0,512.0,ok,ok,candidate_only_no_visual_QA,Prioritized from existing inventory/metadata only; final pilot selection requires visual QA and Part B alignment review.
high,no,no,20260202_Thermal_HKUST/DCIM/DJI_202602021145_004::DJI_20260202120020_0038,DJI_20260202120020_0038,0038,HKUST,2026-02-02,20260202_Thermal_HKUST,DJI_202602021145_004,data/raw/HKUST/20260202_Thermal_HKUST/DCIM/DJI_202602021145_004/DJI_20260202120020_0038_V.JPG,data/raw/HKUST/20260202_Thermal_HKUST/DCIM/DJI_202602021145_004/DJI_20260202120020_0038_T.JPG,exact_base_name,0,2026-02-02 12:00:20,2026-02-02 12:00:20,22.329313888888887,114.26614444444445,499.952,4096.0,3072.0,640.0,512.0,ok,ok,candidate_only_no_visual_QA,Prioritized from existing inventory/metadata only; final pilot selection requires visual QA and Part B alignment review.
high,no,no,20260202_Thermal_HKUST/DCIM/DJI_202602021145_004::DJI_20260202120035_0039,DJI_20260202120035_0039,0039,HKUST,2026-02-02,20260202_Thermal_HKUST,DJI_202602021145_004,data/raw/HKUST/20260202_Thermal_HKUST/DCIM/DJI_202602021145_004/DJI_20260202120035_0039_V.JPG,data/raw/HKUST/20260202_Thermal_HKUST/DCIM/DJI_202602021145_004/DJI_20260202120035_0039_T.JPG,exact_base_name,0,2026-02-02 12:00:35,2026-02-02 12:00:35,22.330772222222222,114.26606111111111,500.048,4096.0,3072.0,640.0,512.0,ok,ok,candidate_only_no_visual_QA,Prioritized from existing inventory/metadata only; final pilot selection requires visual QA and Part B alignment review.
high,no,no,20260202_Thermal_HKUST/DCIM/DJI_202602021145_004::DJI_20260202120051_0040,DJI_20260202120051_0040,0040,HKUST,2026-02-02,20260202_Thermal_HKUST,DJI_202602021145_004,data/raw/HKUST/20260202_Thermal_HKUST/DCIM/DJI_202602021145_004/DJI_20260202120051_0040_V.JPG,data/raw/HKUST/20260202_Thermal_HKUST/DCIM/DJI_202602021145_004/DJI_20260202120051_0040_T.JPG,exact_base_name,0,2026-02-02 12:00:51,2026-02-02 12:00:51,22.332330555555554,114.2660638888889,499.947,4096.0,3072.0,640.0,512.0,ok,ok,candidate_only_no_visual_QA,Prioritized from existing inventory/metadata only; final pilot selection requires visual QA and Part B alignment review.
high,no,no,20260202_Thermal_HKUST/DCIM/DJI_202602021145_004::DJI_20260202120052_0041,DJI_20260202120052_0041,0041,HKUST,2026-02-02,20260202_Thermal_HKUST,DJI_202602021145_004,data/raw/HKUST/20260202_Thermal_HKUST/DCIM/DJI_202602021145_004/DJI_20260202120052_0041_V.JPG,data/raw/HKUST/20260202_Thermal_HKUST/DCIM/DJI_202602021145_004/DJI_20260202120052_0041_T.JPG,exact_base_name,0,2026-02-02 12:00:52,2026-02-02 12:00:52,22.332330555555554,114.2660638888889,499.974,4096.0,3072.0,640.0,512.0,ok,ok,candidate_only_no_visual_QA,Prioritized from existing inventory/metadata only; final pilot selection requires visual QA and Part B alignment review.
high,no,no,20260202_Thermal_HKUST/DCIM/DJI_202602021145_004::DJI_20260202120106_0042,DJI_20260202120106_0042,0042,HKUST,2026-02-02,20260202_Thermal_HKUST,DJI_202602021145_004,data/raw/HKUST/20260202_Thermal_HKUST/DCIM/DJI_202602021145_004/DJI_20260202120106_0042_V.JPG,data/raw/HKUST/20260202_Thermal_HKUST/DCIM/DJI_202602021145_004/DJI_20260202120106_0042_T.JPG,exact_base_name,0,2026-02-02 12:01:06,2026-02-02 12:01:06,22.333624999999998,114.26596666666667,499.99,4096.0,3072.0,640.0,512.0,ok,ok,candidate_only_no_visual_QA,Prioritized from existing inventory/metadata only; final pilot selection requires visual QA and Part B alignment review.
high,no,no,20260202_Thermal_HKUST/DCIM/DJI_202602021145_004::DJI_20260202120118_0043,DJI_20260202120118_0043,0043,HKUST,2026-02-02,20260202_Thermal_HKUST,DJI_202602021145_004,data/raw/HKUST/20260202_Thermal_HKUST/DCIM/DJI_202602021145_004/DJI_20260202120118_0043_V.JPG,data/raw/HKUST/20260202_Thermal_HKUST/DCIM/DJI_202602021145_004/DJI_20260202120118_0043_T.JPG,exact_base_name,0,2026-02-02 12:01:18,2026-02-02 12:01:18,22.334591666666665,114.26596388888889,500.007,4096.0,3072.0,640.0,512.0,ok,ok,candidate_only_no_visual_QA,Prioritized from existing inventory/metadata only; final pilot selection requires visual QA and Part B alignment review.
high,no,no,20260202_Thermal_HKUST/DCIM/DJI_202602021145_004::DJI_20260202120132_0044,DJI_20260202120132_0044,0044,HKUST,2026-02-02,20260202_Thermal_HKUST,DJI_202602021145_004,data/raw/HKUST/20260202_Thermal_HKUST/DCIM/DJI_202602021145_004/DJI_20260202120132_0044_V.JPG,data/raw/HKUST/20260202_Thermal_HKUST/DCIM/DJI_202602021145_004/DJI_20260202120132_0044_T.JPG,exact_base_name,0,2026-02-02 12:01:32,2026-02-02 12:01:32,22.336008333333332,114.26596944444445,500.026,4096.0,3072.0,640.0,512.0,ok,ok,candidate_only_no_visual_QA,Prioritized from existing inventory/metadata only; final pilot selection requires visual QA and Part B alignment review.
high,no,no,20260202_Thermal_HKUST/DCIM/DJI_202602021145_004::DJI_20260202120151_0045,DJI_20260202120151_0045,0045,HKUST,2026-02-02,20260202_Thermal_HKUST,DJI_202602021145_004,data/raw/HKUST/20260202_Thermal_HKUST/DCIM/DJI_202602021145_004/DJI_20260202120151_0045_V.JPG,data/raw/HKUST/20260202_Thermal_HKUST/DCIM/DJI_202602021145_004/DJI_20260202120151_0045_T.JPG,exact_base_name,0,2026-02-02 12:01:51,2026-02-02 12:01:51,22.337416666666666,114.26596944444445,499.967,4096.0,3072.0,640.0,512.0,ok,ok,candidate_only_no_visual_QA,Prioritized from existing inventory/metadata only; final pilot selection requires visual QA and Part B alignment review.
high,no,no,20260202_Thermal_HKUST/DCIM/DJI_202602021145_004::DJI_20260202120205_0046,DJI_20260202120205_0046,0046,HKUST,2026-02-02,20260202_Thermal_HKUST,DJI_202602021145_004,data/raw/HKUST/20260202_Thermal_HKUST/DCIM/DJI_202602021145_004/DJI_20260202120205_0046_V.JPG,data/raw/HKUST/20260202_Thermal_HKUST/DCIM/DJI_202602021145_004/DJI_20260202120205_0046_T.JPG,exact_base_name,0,2026-02-02 12:02:05,2026-02-02 12:02:05,22.33865833333333,114.26596944444445,499.994,4096.0,3072.0,640.0,512.0,ok,ok,candidate_only_no_visual_QA,Prioritized from existing inventory/metadata only; final pilot selection requires visual QA and Part B alignment review.
high,no,no,20260202_Thermal_HKUST/DCIM/DJI_202602021145_004::DJI_20260202120215_0047,DJI_20260202120215_0047,0047,HKUST,2026-02-02,20260202_Thermal_HKUST,DJI_202602021145_004,data/raw/HKUST/20260202_Thermal_HKUST/DCIM/DJI_202602021145_004/DJI_20260202120215_0047_V.JPG,data/raw/HKUST/20260202_Thermal_HKUST/DCIM/DJI_202602021145_004/DJI_20260202120215_0047_T.JPG,exact_base_name,0,2026-02-02 12:02:15,2026-02-02 12:02:15,22.33947222222222,114.26595555555555,500.017,4096.0,3072.0,640.0,512.0,ok,ok,candidate_only_no_visual_QA,Prioritized from existing inventory/metadata only; final pilot selection requires visual QA and Part B alignment review.
high,no,no,20260202_Thermal_HKUST/DCIM/DJI_202602021145_004::DJI_20260202120227_0048,DJI_20260202120227_0048,0048,HKUST,2026-02-02,20260202_Thermal_HKUST,DJI_202602021145_004,data/raw/HKUST/20260202_Thermal_HKUST/DCIM/DJI_202602021145_004/DJI_20260202120227_0048_V.JPG,data/raw/HKUST/20260202_Thermal_HKUST/DCIM/DJI_202602021145_004/DJI_20260202120227_0048_T.JPG,exact_base_name,0,2026-02-02 12:02:27,2026-02-02 12:02:27,22.339469444444443,114.2671388888889,500.145,4096.0,3072.0,640.0,512.0,ok,ok,candidate_only_no_visual_QA,Prioritized from existing inventory/metadata only; final pilot selection requires visual QA and Part B alignment review.
high,no,no,20260202_Thermal_HKUST/DCIM/DJI_202602021145_004::DJI_20260202120240_0049,DJI_20260202120240_0049,0049,HKUST,2026-02-02,20260202_Thermal_HKUST,DJI_202602021145_004,data/raw/HKUST/20260202_Thermal_HKUST/DCIM/DJI_202602021145_004/DJI_20260202120240_0049_V.JPG,data/raw/HKUST/20260202_Thermal_HKUST/DCIM/DJI_202602021145_004/DJI_20260202120240_0049_T.JPG,exact_base_name,0,2026-02-02 12:02:40,2026-02-02 12:02:40,22.338316666666664,114.26713333333333,499.918,4096.0,3072.0,640.0,512.0,ok,ok,candidate_only_no_visual_QA,Prioritized from existing inventory/metadata only; final pilot selection requires visual QA and Part B alignment review.
high,no,no,20260202_Thermal_HKUST/DCIM/DJI_202602021145_004::DJI_20260202120254_0050,DJI_20260202120254_0050,0050,HKUST,2026-02-02,20260202_Thermal_HKUST,DJI_202602021145_004,data/raw/HKUST/20260202_Thermal_HKUST/DCIM/DJI_202602021145_004/DJI_20260202120254_0050_V.JPG,data/raw/HKUST/20260202_Thermal_HKUST/DCIM/DJI_202602021145_004/DJI_20260202120254_0050_T.JPG,exact_base_name,0,2026-02-02 12:02:54,2026-02-02 12:02:54,22.33695277777778,114.267125,499.892,4096.0,3072.0,640.0,512.0,ok,ok,candidate_only_no_visual_QA,Prioritized from existing inventory/metadata only; final pilot selection requires visual QA and Part B alignment review.
high,no,no,20260202_Thermal_HKUST/DCIM/DJI_202602021145_004::DJI_20260202120306_0051,DJI_20260202120306_0051,0051,HKUST,2026-02-02,20260202_Thermal_HKUST,DJI_202602021145_004,data/raw/HKUST/20260202_Thermal_HKUST/DCIM/DJI_202602021145_004/DJI_20260202120306_0051_V.JPG,data/raw/HKUST/20260202_Thermal_HKUST/DCIM/DJI_202602021145_004/DJI_20260202120306_0051_T.JPG,exact_base_name,0,2026-02-02 12:03:06,2026-02-02 12:03:06,22.335941666666667,114.267125,499.827,4096.0,3072.0,640.0,512.0,ok,ok,candidate_only_no_visual_QA,Prioritized from existing inventory/metadata only; final pilot selection requires visual QA and Part B alignment review.
high,no,no,20260202_Thermal_HKUST/DCIM/DJI_202602021145_004::DJI_20260202120322_0052,DJI_20260202120322_0052,0052,HKUST,2026-02-02,20260202_Thermal_HKUST,DJI_202602021145_004,data/raw/HKUST/20260202_Thermal_HKUST/DCIM/DJI_202602021145_004/DJI_20260202120322_0052_V.JPG,data/raw/HKUST/20260202_Thermal_HKUST/DCIM/DJI_202602021145_004/DJI_20260202120322_0052_T.JPG,exact_base_name,0,2026-02-02 12:03:22,2026-02-02 12:03:22,22.334297222222222,114.26711944444445,499.815,4096.0,3072.0,640.0,512.0,ok,ok,candidate_only_no_visual_QA,Prioritized from existing inventory/metadata only; final pilot selection requires visual QA and Part B alignment review.
high,no,no,20260202_Thermal_HKUST/DCIM/DJI_202602021145_004::DJI_20260202120337_0053,DJI_20260202120337_0053,0053,HKUST,2026-02-02,20260202_Thermal_HKUST,DJI_202602021145_004,data/raw/HKUST/20260202_Thermal_HKUST/DCIM/DJI_202602021145_004/DJI_20260202120337_0053_V.JPG,data/raw/HKUST/20260202_Thermal_HKUST/DCIM/DJI_202602021145_004/DJI_20260202120337_0053_T.JPG,exact_base_name,0,2026-02-02 12:03:37,2026-02-02 12:03:37,22.333008333333332,114.26711388888889,499.823,4096.0,3072.0,640.0,512.0,ok,ok,candidate_only_no_visual_QA,Prioritized from existing inventory/metadata only; final pilot selection requires visual QA and Part B alignment review.
high,no,no,20260202_Thermal_HKUST/DCIM/DJI_202602021145_004::DJI_20260202120349_0054,DJI_20260202120349_0054,0054,HKUST,2026-02-02,20260202_Thermal_HKUST,DJI_202602021145_004,data/raw/HKUST/20260202_Thermal_HKUST/DCIM/DJI_202602021145_004/DJI_20260202120349_0054_V.JPG,data/raw/HKUST/20260202_Thermal_HKUST/DCIM/DJI_202602021145_004/DJI_20260202120349_0054_T.JPG,exact_base_name,0,2026-02-02 12:03:49,2026-02-02 12:03:49,22.33182777777778,114.2671111111111,499.8,4096.0,3072.0,640.0,512.0,ok,ok,candidate_only_no_visual_QA,Prioritized from existing inventory/metadata only; final pilot selection requires visual QA and Part B alignment review.
high,no,no,20260202_Thermal_HKUST/DCIM/DJI_202602021145_004::DJI_20260202120402_0055,DJI_20260202120402_0055,0055,HKUST,2026-02-02,20260202_Thermal_HKUST,DJI_202602021145_004,data/raw/HKUST/20260202_Thermal_HKUST/DCIM/DJI_202602021145_004/DJI_20260202120402_0055_V.JPG,data/raw/HKUST/20260202_Thermal_HKUST/DCIM/DJI_202602021145_004/DJI_20260202120402_0055_T.JPG,exact_base_name,0,2026-02-02 12:04:02,2026-02-02 12:04:02,22.33042777777778,114.26710555555556,499.637,4096.0,3072.0,640.0,512.0,ok,ok,candidate_only_no_visual_QA,Prioritized from existing inventory/metadata only; final pilot selection requires visual QA and Part B alignment review.
high,no,no,20260202_Thermal_HKUST/DCIM/DJI_202602021145_004::DJI_20260202120436_0058,DJI_20260202120436_0058,0058,HKUST,2026-02-02,20260202_Thermal_HKUST,DJI_202602021145_004,data/raw/HKUST/20260202_Thermal_HKUST/DCIM/DJI_202602021145_004/DJI_20260202120436_0058_V.JPG,data/raw/HKUST/20260202_Thermal_HKUST/DCIM/DJI_202602021145_004/DJI_20260202120436_0058_T.JPG,exact_base_name,0,2026-02-02 12:04:36,2026-02-02 12:04:36,22.331319444444443,114.26931111111111,500.19,4096.0,3072.0,640.0,512.0,ok,ok,candidate_only_no_visual_QA,Prioritized from existing inventory/metadata only; final pilot selection requires visual QA and Part B alignment review.
high,no,no,20260202_Thermal_HKUST/DCIM/DJI_202602021145_004::DJI_20260202120503_0060,DJI_20260202120503_0060,0060,HKUST,2026-02-02,20260202_Thermal_HKUST,DJI_202602021145_004,data/raw/HKUST/20260202_Thermal_HKUST/DCIM/DJI_202602021145_004/DJI_20260202120503_0060_V.JPG,data/raw/HKUST/20260202_Thermal_HKUST/DCIM/DJI_202602021145_004/DJI_20260202120503_0060_T.JPG,exact_base_name,0,2026-02-02 12:05:03,2026-02-02 12:05:03,22.333830555555554,114.26930555555556,500.093,4096.0,3072.0,640.0,512.0,ok,ok,candidate_only_no_visual_QA,Prioritized from existing inventory/metadata only; final pilot selection requires visual QA and Part B alignment review.
high,no,no,20260202_Thermal_HKUST/DCIM/DJI_202602021145_004::DJI_20260202120532_0062,DJI_20260202120532_0062,0062,HKUST,2026-02-02,20260202_Thermal_HKUST,DJI_202602021145_004,data/raw/HKUST/20260202_Thermal_HKUST/DCIM/DJI_202602021145_004/DJI_20260202120532_0062_V.JPG,data/raw/HKUST/20260202_Thermal_HKUST/DCIM/DJI_202602021145_004/DJI_20260202120532_0062_T.JPG,exact_base_name,0,2026-02-02 12:05:32,2026-02-02 12:05:32,22.336808333333334,114.26931388888889,500.172,4096.0,3072.0,640.0,512.0,ok,ok,candidate_only_no_visual_QA,Prioritized from existing inventory/metadata only; final pilot selection requires visual QA and Part B alignment review.
high,no,no,20260202_Thermal_HKUST/DCIM/DJI_202602021249_005::DJI_20260202125157_0001,DJI_20260202125157_0001,0001,HKUST,2026-02-02,20260202_Thermal_HKUST,DJI_202602021249_005,data/raw/HKUST/20260202_Thermal_HKUST/DCIM/DJI_202602021249_005/DJI_20260202125157_0001_V.JPG,data/raw/HKUST/20260202_Thermal_HKUST/DCIM/DJI_202602021249_005/DJI_20260202125157_0001_T.JPG,exact_base_name,0,2026-02-02 12:51:57,2026-02-02 12:51:57,22.33754722222222,114.26297222222222,499.938,4096.0,3072.0,640.0,512.0,ok,ok,candidate_only_no_visual_QA,Prioritized from existing inventory/metadata only; final pilot selection requires visual QA and Part B alignment review.
high,no,no,20260202_Thermal_HKUST/DCIM/DJI_202602021249_005::DJI_20260202125220_0002,DJI_20260202125220_0002,0002,HKUST,2026-02-02,20260202_Thermal_HKUST,DJI_202602021249_005,data/raw/HKUST/20260202_Thermal_HKUST/DCIM/DJI_202602021249_005/DJI_20260202125220_0002_V.JPG,data/raw/HKUST/20260202_Thermal_HKUST/DCIM/DJI_202602021249_005/DJI_20260202125220_0002_T.JPG,exact_base_name,0,2026-02-02 12:52:20,2026-02-02 12:52:20,22.338855555555554,114.26294722222222,500.042,4096.0,3072.0,640.0,512.0,ok,ok,candidate_only_no_visual_QA,Prioritized from existing inventory/metadata only; final pilot selection requires visual QA and Part B alignment review.
high,no,no,20260202_Thermal_HKUST/DCIM/DJI_202602021249_005::DJI_20260202125300_0004,DJI_20260202125300_0004,0004,HKUST,2026-02-02,20260202_Thermal_HKUST,DJI_202602021249_005,data/raw/HKUST/20260202_Thermal_HKUST/DCIM/DJI_202602021249_005/DJI_20260202125300_0004_V.JPG,data/raw/HKUST/20260202_Thermal_HKUST/DCIM/DJI_202602021249_005/DJI_20260202125300_0004_T.JPG,exact_base_name,0,2026-02-02 12:53:00,2026-02-02 12:53:00,22.341475,114.26301666666667,500.048,4096.0,3072.0,640.0,512.0,ok,ok,candidate_only_no_visual_QA,Prioritized from existing inventory/metadata only; final pilot selection requires visual QA and Part B alignment review.
high,no,no,20260202_Thermal_HKUST/DCIM/DJI_202602021249_005::DJI_20260202125318_0005,DJI_20260202125318_0005,0005,HKUST,2026-02-02,20260202_Thermal_HKUST,DJI_202602021249_005,data/raw/HKUST/20260202_Thermal_HKUST/DCIM/DJI_202602021249_005/DJI_20260202125318_0005_V.JPG,data/raw/HKUST/20260202_Thermal_HKUST/DCIM/DJI_202602021249_005/DJI_20260202125318_0005_T.JPG,exact_base_name,0,2026-02-02 12:53:18,2026-02-02 12:53:18,22.3433,114.26293055555556,500.084,4096.0,3072.0,640.0,512.0,ok,ok,candidate_only_no_visual_QA,Prioritized from existing inventory/metadata only; final pilot selection requires visual QA and Part B alignment review.
high,no,no,20260202_Thermal_HKUST/DCIM/DJI_202602021249_005::DJI_20260202125333_0006,DJI_20260202125333_0006,0006,HKUST,2026-02-02,20260202_Thermal_HKUST,DJI_202602021249_005,data/raw/HKUST/20260202_Thermal_HKUST/DCIM/DJI_202602021249_005/DJI_20260202125333_0006_V.JPG,data/raw/HKUST/20260202_Thermal_HKUST/DCIM/DJI_202602021249_005/DJI_20260202125333_0006_T.JPG,exact_base_name,0,2026-02-02 12:53:33,2026-02-02 12:53:33,22.34465833333333,114.26293611111112,500.105,4096.0,3072.0,640.0,512.0,ok,ok,candidate_only_no_visual_QA,Prioritized from existing inventory/metadata only; final pilot selection requires visual QA and Part B alignment review.
high,no,no,20260202_Thermal_HKUST/DCIM/DJI_202602021249_005::DJI_20260202125358_0007,DJI_20260202125358_0007,0007,HKUST,2026-02-02,20260202_Thermal_HKUST,DJI_202602021249_005,data/raw/HKUST/20260202_Thermal_HKUST/DCIM/DJI_202602021249_005/DJI_20260202125358_0007_V.JPG,data/raw/HKUST/20260202_Thermal_HKUST/DCIM/DJI_202602021249_005/DJI_20260202125358_0007_T.JPG,exact_base_name,0,2026-02-02 12:53:58,2026-02-02 12:53:58,22.343316666666666,114.26155277777778,499.974,4096.0,3072.0,640.0,512.0,ok,ok,candidate_only_no_visual_QA,Prioritized from existing inventory/metadata only; final pilot selection requires visual QA and Part B alignment review.
high,no,no,20260202_Thermal_HKUST/DCIM/DJI_202602021249_005::DJI_20260202125410_0008,DJI_20260202125410_0008,0008,HKUST,2026-02-02,20260202_Thermal_HKUST,DJI_202602021249_005,data/raw/HKUST/20260202_Thermal_HKUST/DCIM/DJI_202602021249_005/DJI_20260202125410_0008_V.JPG,data/raw/HKUST/20260202_Thermal_HKUST/DCIM/DJI_202602021249_005/DJI_20260202125410_0008_T.JPG,exact_base_name,0,2026-02-02 12:54:10,2026-02-02 12:54:10,22.342277777777777,114.26154722222222,499.97,4096.0,3072.0,640.0,512.0,ok,ok,candidate_only_no_visual_QA,Prioritized from existing inventory/metadata only; final pilot selection requires visual QA and Part B alignment review.
high,no,no,20260202_Thermal_HKUST/DCIM/DJI_202602021249_005::DJI_20260202125454_0011,DJI_20260202125454_0011,0011,HKUST,2026-02-02,20260202_Thermal_HKUST,DJI_202602021249_005,data/raw/HKUST/20260202_Thermal_HKUST/DCIM/DJI_202602021249_005/DJI_20260202125454_0011_V.JPG,data/raw/HKUST/20260202_Thermal_HKUST/DCIM/DJI_202602021249_005/DJI_20260202125454_0011_T.JPG,exact_base_name,0,2026-02-02 12:54:54,2026-02-02 12:54:54,22.338316666666664,114.26153611111111,499.894,4096.0,3072.0,640.0,512.0,ok,ok,candidate_only_no_visual_QA,Prioritized from existing inventory/metadata only; final pilot selection requires visual QA and Part B alignment review.
high,no,no,20260202_Thermal_HKUST/DCIM/DJI_202602021249_005::DJI_20260202125511_0012,DJI_20260202125511_0012,0012,HKUST,2026-02-02,20260202_Thermal_HKUST,DJI_202602021249_005,data/raw/HKUST/20260202_Thermal_HKUST/DCIM/DJI_202602021249_005/DJI_20260202125511_0012_V.JPG,data/raw/HKUST/20260202_Thermal_HKUST/DCIM/DJI_202602021249_005/DJI_20260202125511_0012_T.JPG,exact_base_name,0,2026-02-02 12:55:11,2026-02-02 12:55:11,22.336644444444442,114.26153333333333,499.891,4096.0,3072.0,640.0,512.0,ok,ok,candidate_only_no_visual_QA,Prioritized from existing inventory/metadata only; final pilot selection requires visual QA and Part B alignment review.
high,no,no,20260202_Thermal_HKUST/DCIM/DJI_202602021249_005::DJI_20260202125527_0013,DJI_20260202125527_0013,0013,HKUST,2026-02-02,20260202_Thermal_HKUST,DJI_202602021249_005,data/raw/HKUST/20260202_Thermal_HKUST/DCIM/DJI_202602021249_005/DJI_20260202125527_0013_V.JPG,data/raw/HKUST/20260202_Thermal_HKUST/DCIM/DJI_202602021249_005/DJI_20260202125527_0013_T.JPG,exact_base_name,0,2026-02-02 12:55:27,2026-02-02 12:55:27,22.335219444444444,114.26152777777777,499.82,4096.0,3072.0,640.0,512.0,ok,ok,candidate_only_no_visual_QA,Prioritized from existing inventory/metadata only; final pilot selection requires visual QA and Part B alignment review.
high,no,no,20260202_Thermal_HKUST/DCIM/DJI_202602021249_005::DJI_20260202125541_0014,DJI_20260202125541_0014,0014,HKUST,2026-02-02,20260202_Thermal_HKUST,DJI_202602021249_005,data/raw/HKUST/20260202_Thermal_HKUST/DCIM/DJI_202602021249_005/DJI_20260202125541_0014_V.JPG,data/raw/HKUST/20260202_Thermal_HKUST/DCIM/DJI_202602021249_005/DJI_20260202125541_0014_T.JPG,exact_base_name,0,2026-02-02 12:55:41,2026-02-02 12:55:41,22.333927777777777,114.26152222222223,499.825,4096.0,3072.0,640.0,512.0,ok,ok,candidate_only_no_visual_QA,Prioritized from existing inventory/metadata only; final pilot selection requires visual QA and Part B alignment review.
high,no,no,20260202_Thermal_HKUST/DCIM/DJI_202602021249_005::DJI_20260202125601_0015,DJI_20260202125601_0015,0015,HKUST,2026-02-02,20260202_Thermal_HKUST,DJI_202602021249_005,data/raw/HKUST/20260202_Thermal_HKUST/DCIM/DJI_202602021249_005/DJI_20260202125601_0015_V.JPG,data/raw/HKUST/20260202_Thermal_HKUST/DCIM/DJI_202602021249_005/DJI_20260202125601_0015_T.JPG,exact_base_name,0,2026-02-02 12:56:01,2026-02-02 12:56:01,22.33212222222222,114.26151388888889,499.833,4096.0,3072.0,640.0,512.0,ok,ok,candidate_only_no_visual_QA,Prioritized from existing inventory/metadata only; final pilot selection requires visual QA and Part B alignment review.
high,no,no,20260202_Thermal_HKUST/DCIM/DJI_202602021249_005::DJI_20260202125624_0017,DJI_20260202125624_0017,0017,HKUST,2026-02-02,20260202_Thermal_HKUST,DJI_202602021249_005,data/raw/HKUST/20260202_Thermal_HKUST/DCIM/DJI_202602021249_005/DJI_20260202125624_0017_V.JPG,data/raw/HKUST/20260202_Thermal_HKUST/DCIM/DJI_202602021249_005/DJI_20260202125624_0017_T.JPG,exact_base_name,0,2026-02-02 12:56:24,2026-02-02 12:56:24,22.330080555555554,114.26150833333334,499.818,4096.0,3072.0,640.0,512.0,ok,ok,candidate_only_no_visual_QA,Prioritized from existing inventory/metadata only; final pilot selection requires visual QA and Part B alignment review.
high,no,no,20260202_Thermal_HKUST/DCIM/DJI_202602021249_005::DJI_20260202125649_0019,DJI_20260202125649_0019,0019,HKUST,2026-02-02,20260202_Thermal_HKUST,DJI_202602021249_005,data/raw/HKUST/20260202_Thermal_HKUST/DCIM/DJI_202602021249_005/DJI_20260202125649_0019_V.JPG,data/raw/HKUST/20260202_Thermal_HKUST/DCIM/DJI_202602021249_005/DJI_20260202125649_0019_T.JPG,exact_base_name,0,2026-02-02 12:56:49,2026-02-02 12:56:49,22.329066666666666,114.26296666666667,500.099,4096.0,3072.0,640.0,512.0,ok,ok,candidate_only_no_visual_QA,Prioritized from existing inventory/metadata only; final pilot selection requires visual QA and Part B alignment review.
high,no,no,20260202_Thermal_HKUST/DCIM/DJI_202602021249_005::DJI_20260202125703_0020,DJI_20260202125703_0020,0020,HKUST,2026-02-02,20260202_Thermal_HKUST,DJI_202602021249_005,data/raw/HKUST/20260202_Thermal_HKUST/DCIM/DJI_202602021249_005/DJI_20260202125703_0020_V.JPG,data/raw/HKUST/20260202_Thermal_HKUST/DCIM/DJI_202602021249_005/DJI_20260202125703_0020_T.JPG,exact_base_name,0,2026-02-02 12:57:03,2026-02-02 12:57:03,22.32906388888889,114.26431666666667,500.136,4096.0,3072.0,640.0,512.0,ok,ok,candidate_only_no_visual_QA,Prioritized from existing inventory/metadata only; final pilot selection requires visual QA and Part B alignment review.
high,no,no,20260202_Thermal_HKUST/DCIM/DJI_202602021249_005::DJI_20260202125748_0023,DJI_20260202125748_0023,0023,HKUST,2026-02-02,20260202_Thermal_HKUST,DJI_202602021249_005,data/raw/HKUST/20260202_Thermal_HKUST/DCIM/DJI_202602021249_005/DJI_20260202125748_0023_V.JPG,data/raw/HKUST/20260202_Thermal_HKUST/DCIM/DJI_202602021249_005/DJI_20260202125748_0023_T.JPG,exact_base_name,0,2026-02-02 12:57:48,2026-02-02 12:57:48,22.326780555555555,114.2651,499.993,4096.0,3072.0,640.0,512.0,ok,ok,candidate_only_no_visual_QA,Prioritized from existing inventory/metadata only; final pilot selection requires visual QA and Part B alignment review.
high,no,no,20260202_Thermal_HKUST/DCIM/DJI_202602021249_005::DJI_20260202125801_0024,DJI_20260202125801_0024,0024,HKUST,2026-02-02,20260202_Thermal_HKUST,DJI_202602021249_005,data/raw/HKUST/20260202_Thermal_HKUST/DCIM/DJI_202602021249_005/DJI_20260202125801_0024_V.JPG,data/raw/HKUST/20260202_Thermal_HKUST/DCIM/DJI_202602021249_005/DJI_20260202125801_0024_T.JPG,exact_base_name,0,2026-02-02 12:58:01,2026-02-02 12:58:01,22.327966666666665,114.26510833333333,500.025,4096.0,3072.0,640.0,512.0,ok,ok,candidate_only_no_visual_QA,Prioritized from existing inventory/metadata only; final pilot selection requires visual QA and Part B alignment review.
high,no,no,20260202_Thermal_HKUST/DCIM/DJI_202602021249_005::DJI_20260202125817_0025,DJI_20260202125817_0025,0025,HKUST,2026-02-02,20260202_Thermal_HKUST,DJI_202602021249_005,data/raw/HKUST/20260202_Thermal_HKUST/DCIM/DJI_202602021249_005/DJI_20260202125817_0025_V.JPG,data/raw/HKUST/20260202_Thermal_HKUST/DCIM/DJI_202602021249_005/DJI_20260202125817_0025_T.JPG,exact_base_name,0,2026-02-02 12:58:17,2026-02-02 12:58:17,22.32913611111111,114.26510555555555,500.0,4096.0,3072.0,640.0,512.0,ok,ok,candidate_only_no_visual_QA,Prioritized from existing inventory/metadata only; final pilot selection requires visual QA and Part B alignment review.
high,no,no,20260202_Thermal_HKUST/DCIM/DJI_202602021249_005::DJI_20260202125844_0027,DJI_20260202125844_0027,0027,HKUST,2026-02-02,20260202_Thermal_HKUST,DJI_202602021249_005,data/raw/HKUST/20260202_Thermal_HKUST/DCIM/DJI_202602021249_005/DJI_20260202125844_0027_V.JPG,data/raw/HKUST/20260202_Thermal_HKUST/DCIM/DJI_202602021249_005/DJI_20260202125844_0027_T.JPG,exact_base_name,0,2026-02-02 12:58:44,2026-02-02 12:58:44,22.33158611111111,114.26499444444444,500.052,4096.0,3072.0,640.0,512.0,ok,ok,candidate_only_no_visual_QA,Prioritized from existing inventory/metadata only; final pilot selection requires visual QA and Part B alignment review.
high,no,no,20260202_Thermal_HKUST/DCIM/DJI_202602021249_005::DJI_20260202125846_0028,DJI_20260202125846_0028,0028,HKUST,2026-02-02,20260202_Thermal_HKUST,DJI_202602021249_005,data/raw/HKUST/20260202_Thermal_HKUST/DCIM/DJI_202602021249_005/DJI_20260202125846_0028_V.JPG,data/raw/HKUST/20260202_Thermal_HKUST/DCIM/DJI_202602021249_005/DJI_20260202125846_0028_T.JPG,exact_base_name,0,2026-02-02 12:58:46,2026-02-02 12:58:46,22.33158611111111,114.26499444444444,499.978,4096.0,3072.0,640.0,512.0,ok,ok,candidate_only_no_visual_QA,Prioritized from existing inventory/metadata only; final pilot selection requires visual QA and Part B alignment review.
high,no,no,20260202_Thermal_HKUST/DCIM/DJI_202602021249_005::DJI_20260202125901_0029,DJI_20260202125901_0029,0029,HKUST,2026-02-02,20260202_Thermal_HKUST,DJI_202602021249_005,data/raw/HKUST/20260202_Thermal_HKUST/DCIM/DJI_202602021249_005/DJI_20260202125901_0029_V.JPG,data/raw/HKUST/20260202_Thermal_HKUST/DCIM/DJI_202602021249_005/DJI_20260202125901_0029_T.JPG,exact_base_name,0,2026-02-02 12:59:01,2026-02-02 12:59:01,22.33308611111111,114.26495555555556,499.981,4096.0,3072.0,640.0,512.0,ok,ok,candidate_only_no_visual_QA,Prioritized from existing inventory/metadata only; final pilot selection requires visual QA and Part B alignment review.
high,no,no,20260202_Thermal_HKUST/DCIM/DJI_202602021249_005::DJI_20260202125916_0030,DJI_20260202125916_0030,0030,HKUST,2026-02-02,20260202_Thermal_HKUST,DJI_202602021249_005,data/raw/HKUST/20260202_Thermal_HKUST/DCIM/DJI_202602021249_005/DJI_20260202125916_0030_V.JPG,data/raw/HKUST/20260202_Thermal_HKUST/DCIM/DJI_202602021249_005/DJI_20260202125916_0030_T.JPG,exact_base_name,0,2026-02-02 12:59:16,2026-02-02 12:59:16,22.334438888888887,114.26492222222222,500.036,4096.0,3072.0,640.0,512.0,ok,ok,candidate_only_no_visual_QA,Prioritized from existing inventory/metadata only; final pilot selection requires visual QA and Part B alignment review.
high,no,no,20260202_Thermal_HKUST/DCIM/DJI_202602021249_005::DJI_20260202125927_0031,DJI_20260202125927_0031,0031,HKUST,2026-02-02,20260202_Thermal_HKUST,DJI_202602021249_005,data/raw/HKUST/20260202_Thermal_HKUST/DCIM/DJI_202602021249_005/DJI_20260202125927_0031_V.JPG,data/raw/HKUST/20260202_Thermal_HKUST/DCIM/DJI_202602021249_005/DJI_20260202125927_0031_T.JPG,exact_base_name,0,2026-02-02 12:59:27,2026-02-02 12:59:27,22.335380555555556,114.26490833333334,500.139,4096.0,3072.0,640.0,512.0,ok,ok,candidate_only_no_visual_QA,Prioritized from existing inventory/metadata only; final pilot selection requires visual QA and Part B alignment review.
high,no,no,20260202_Thermal_HKUST/DCIM/DJI_202602021249_005::DJI_20260202125942_0032,DJI_20260202125942_0032,0032,HKUST,2026-02-02,20260202_Thermal_HKUST,DJI_202602021249_005,data/raw/HKUST/20260202_Thermal_HKUST/DCIM/DJI_202602021249_005/DJI_20260202125942_0032_V.JPG,data/raw/HKUST/20260202_Thermal_HKUST/DCIM/DJI_202602021249_005/DJI_20260202125942_0032_T.JPG,exact_base_name,0,2026-02-02 12:59:42,2026-02-02 12:59:42,22.336713888888887,114.26490833333334,500.056,4096.0,3072.0,640.0,512.0,ok,ok,candidate_only_no_visual_QA,Prioritized from existing inventory/metadata only; final pilot selection requires visual QA and Part B alignment review.
high,no,no,20260202_Thermal_HKUST/DCIM/DJI_202602021249_005::DJI_20260202125956_0033,DJI_20260202125956_0033,0033,HKUST,2026-02-02,20260202_Thermal_HKUST,DJI_202602021249_005,data/raw/HKUST/20260202_Thermal_HKUST/DCIM/DJI_202602021249_005/DJI_20260202125956_0033_V.JPG,data/raw/HKUST/20260202_Thermal_HKUST/DCIM/DJI_202602021249_005/DJI_20260202125956_0033_T.JPG,exact_base_name,0,2026-02-02 12:59:56,2026-02-02 12:59:56,22.337975,114.26488888888889,500.03,4096.0,3072.0,640.0,512.0,ok,ok,candidate_only_no_visual_QA,Prioritized from existing inventory/metadata only; final pilot selection requires visual QA and Part B alignment review.
high,no,no,20260202_Thermal_HKUST/DCIM/DJI_202602021249_005::DJI_20260202130007_0034,DJI_20260202130007_0034,0034,HKUST,2026-02-02,20260202_Thermal_HKUST,DJI_202602021249_005,data/raw/HKUST/20260202_Thermal_HKUST/DCIM/DJI_202602021249_005/DJI_20260202130007_0034_V.JPG,data/raw/HKUST/20260202_Thermal_HKUST/DCIM/DJI_202602021249_005/DJI_20260202130007_0034_T.JPG,exact_base_name,0,2026-02-02 13:00:07,2026-02-02 13:00:07,22.337977777777777,114.26385555555555,500.025,4096.0,3072.0,640.0,512.0,ok,ok,candidate_only_no_visual_QA,Prioritized from existing inventory/metadata only; final pilot selection requires visual QA and Part B alignment review.
high,no,no,20260202_Thermal_HKUST/DCIM/DJI_202602021249_005::DJI_20260202130011_0035,DJI_20260202130011_0035,0035,HKUST,2026-02-02,20260202_Thermal_HKUST,DJI_202602021249_005,data/raw/HKUST/20260202_Thermal_HKUST/DCIM/DJI_202602021249_005/DJI_20260202130011_0035_V.JPG,data/raw/HKUST/20260202_Thermal_HKUST/DCIM/DJI_202602021249_005/DJI_20260202130011_0035_T.JPG,exact_base_name,0,2026-02-02 13:00:11,2026-02-02 13:00:11,22.337977777777777,114.26375,499.975,4096.0,3072.0,640.0,512.0,ok,ok,candidate_only_no_visual_QA,Prioritized from existing inventory/metadata only; final pilot selection requires visual QA and Part B alignment review.
high,no,no,20260202_Thermal_HKUST/DCIM/DJI_202602021249_005::DJI_20260202130019_0036,DJI_20260202130019_0036,0036,HKUST,2026-02-02,20260202_Thermal_HKUST,DJI_202602021249_005,data/raw/HKUST/20260202_Thermal_HKUST/DCIM/DJI_202602021249_005/DJI_20260202130019_0036_V.JPG,data/raw/HKUST/20260202_Thermal_HKUST/DCIM/DJI_202602021249_005/DJI_20260202130019_0036_T.JPG,exact_base_name,0,2026-02-02 13:00:19,2026-02-02 13:00:19,22.338524999999997,114.26375,500.184,4096.0,3072.0,640.0,512.0,ok,ok,candidate_only_no_visual_QA,Prioritized from existing inventory/metadata only; final pilot selection requires visual QA and Part B alignment review.
high,no,no,20260202_Thermal_HKUST/DCIM/DJI_202602021249_005::DJI_20260202130020_0037,DJI_20260202130020_0037,0037,HKUST,2026-02-02,20260202_Thermal_HKUST,DJI_202602021249_005,data/raw/HKUST/20260202_Thermal_HKUST/DCIM/DJI_202602021249_005/DJI_20260202130020_0037_V.JPG,data/raw/HKUST/20260202_Thermal_HKUST/DCIM/DJI_202602021249_005/DJI_20260202130020_0037_T.JPG,exact_base_name,0,2026-02-02 13:00:20,2026-02-02 13:00:20,22.338555555555555,114.26375,500.023,4096.0,3072.0,640.0,512.0,ok,ok,candidate_only_no_visual_QA,Prioritized from existing inventory/metadata only; final pilot selection requires visual QA and Part B alignment review.
high,no,no,20260202_Thermal_HKUST/DCIM/DJI_202602021249_005::DJI_20260202130032_0038,DJI_20260202130032_0038,0038,HKUST,2026-02-02,20260202_Thermal_HKUST,DJI_202602021249_005,data/raw/HKUST/20260202_Thermal_HKUST/DCIM/DJI_202602021249_005/DJI_20260202130032_0038_V.JPG,data/raw/HKUST/20260202_Thermal_HKUST/DCIM/DJI_202602021249_005/DJI_20260202130032_0038_T.JPG,exact_base_name,0,2026-02-02 13:00:32,2026-02-02 13:00:32,22.338555555555555,114.26485555555556,500.212,4096.0,3072.0,640.0,512.0,ok,ok,candidate_only_no_visual_QA,Prioritized from existing inventory/metadata only; final pilot selection requires visual QA and Part B alignment review.
high,no,no,20260202_Thermal_HKUST/DCIM/DJI_202602021249_005::DJI_20260202130045_0039,DJI_20260202130045_0039,0039,HKUST,2026-02-02,20260202_Thermal_HKUST,DJI_202602021249_005,data/raw/HKUST/20260202_Thermal_HKUST/DCIM/DJI_202602021249_005/DJI_20260202130045_0039_V.JPG,data/raw/HKUST/20260202_Thermal_HKUST/DCIM/DJI_202602021249_005/DJI_20260202130045_0039_T.JPG,exact_base_name,0,2026-02-02 13:00:45,2026-02-02 13:00:45,22.339780555555553,114.26486111111112,499.893,4096.0,3072.0,640.0,512.0,ok,ok,candidate_only_no_visual_QA,Prioritized from existing inventory/metadata only; final pilot selection requires visual QA and Part B alignment review.
high,no,no,20260202_Thermal_HKUST/DCIM/DJI_202602021249_005::DJI_20260202130054_0040,DJI_20260202130054_0040,0040,HKUST,2026-02-02,20260202_Thermal_HKUST,DJI_202602021249_005,data/raw/HKUST/20260202_Thermal_HKUST/DCIM/DJI_202602021249_005/DJI_20260202130054_0040_V.JPG,data/raw/HKUST/20260202_Thermal_HKUST/DCIM/DJI_202602021249_005/DJI_20260202130054_0040_T.JPG,exact_base_name,0,2026-02-02 13:00:54,2026-02-02 13:00:54,22.340452777777777,114.26486111111112,499.971,4096.0,3072.0,640.0,512.0,ok,ok,candidate_only_no_visual_QA,Prioritized from existing inventory/metadata only; final pilot selection requires visual QA and Part B alignment review.
high,no,no,20260202_Thermal_HKUST/DCIM/DJI_202602021249_005::DJI_20260202130109_0041,DJI_20260202130109_0041,0041,HKUST,2026-02-02,20260202_Thermal_HKUST,DJI_202602021249_005,data/raw/HKUST/20260202_Thermal_HKUST/DCIM/DJI_202602021249_005/DJI_20260202130109_0041_V.JPG,data/raw/HKUST/20260202_Thermal_HKUST/DCIM/DJI_202602021249_005/DJI_20260202130109_0041_T.JPG,exact_base_name,0,2026-02-02 13:01:09,2026-02-02 13:01:09,22.341783333333332,114.26486388888888,499.967,4096.0,3072.0,640.0,512.0,ok,ok,candidate_only_no_visual_QA,Prioritized from existing inventory/metadata only; final pilot selection requires visual QA and Part B alignment review.
high,no,no,20260202_Thermal_HKUST/DCIM/DJI_202602021249_005::DJI_20260202130122_0042,DJI_20260202130122_0042,0042,HKUST,2026-02-02,20260202_Thermal_HKUST,DJI_202602021249_005,data/raw/HKUST/20260202_Thermal_HKUST/DCIM/DJI_202602021249_005/DJI_20260202130122_0042_V.JPG,data/raw/HKUST/20260202_Thermal_HKUST/DCIM/DJI_202602021249_005/DJI_20260202130122_0042_T.JPG,exact_base_name,0,2026-02-02 13:01:22,2026-02-02 13:01:22,22.342972222222222,114.26484166666667,499.914,4096.0,3072.0,640.0,512.0,ok,ok,candidate_only_no_visual_QA,Prioritized from existing inventory/metadata only; final pilot selection requires visual QA and Part B alignment review.
high,no,no,20260202_Thermal_HKUST/DCIM/DJI_202602021249_005::DJI_20260202130154_0045,DJI_20260202130154_0045,0045,HKUST,2026-02-02,20260202_Thermal_HKUST,DJI_202602021249_005,data/raw/HKUST/20260202_Thermal_HKUST/DCIM/DJI_202602021249_005/DJI_20260202130154_0045_V.JPG,data/raw/HKUST/20260202_Thermal_HKUST/DCIM/DJI_202602021249_005/DJI_20260202130154_0045_T.JPG,exact_base_name,0,2026-02-02 13:01:54,2026-02-02 13:01:54,22.34187222222222,114.26571666666666,499.913,4096.0,3072.0,640.0,512.0,ok,ok,candidate_only_no_visual_QA,Prioritized from existing inventory/metadata only; final pilot selection requires visual QA and Part B alignment review.
high,no,no,20260202_Thermal_HKUST/DCIM/DJI_202602021249_005::DJI_20260202130207_0046,DJI_20260202130207_0046,0046,HKUST,2026-02-02,20260202_Thermal_HKUST,DJI_202602021249_005,data/raw/HKUST/20260202_Thermal_HKUST/DCIM/DJI_202602021249_005/DJI_20260202130207_0046_V.JPG,data/raw/HKUST/20260202_Thermal_HKUST/DCIM/DJI_202602021249_005/DJI_20260202130207_0046_T.JPG,exact_base_name,0,2026-02-02 13:02:07,2026-02-02 13:02:07,22.340716666666665,114.26571111111112,499.796,4096.0,3072.0,640.0,512.0,ok,ok,candidate_only_no_visual_QA,Prioritized from existing inventory/metadata only; final pilot selection requires visual QA and Part B alignment review.
high,no,no,20260202_Thermal_HKUST/DCIM/DJI_202602021249_005::DJI_20260202130217_0047,DJI_20260202130217_0047,0047,HKUST,2026-02-02,20260202_Thermal_HKUST,DJI_202602021249_005,data/raw/HKUST/20260202_Thermal_HKUST/DCIM/DJI_202602021249_005/DJI_20260202130217_0047_V.JPG,data/raw/HKUST/20260202_Thermal_HKUST/DCIM/DJI_202602021249_005/DJI_20260202130217_0047_T.JPG,exact_base_name,0,2026-02-02 13:02:17,2026-02-02 13:02:17,22.33985,114.26570833333334,499.81,4096.0,3072.0,640.0,512.0,ok,ok,candidate_only_no_visual_QA,Prioritized from existing inventory/metadata only; final pilot selection requires visual QA and Part B alignment review.
high,no,no,20260202_Thermal_HKUST/DCIM/DJI_202602021249_005::DJI_20260202130244_0049,DJI_20260202130244_0049,0049,HKUST,2026-02-02,20260202_Thermal_HKUST,DJI_202602021249_005,data/raw/HKUST/20260202_Thermal_HKUST/DCIM/DJI_202602021249_005/DJI_20260202130244_0049_V.JPG,data/raw/HKUST/20260202_Thermal_HKUST/DCIM/DJI_202602021249_005/DJI_20260202130244_0049_T.JPG,exact_base_name,0,2026-02-02 13:02:44,2026-02-02 13:02:44,22.337316666666666,114.2657,499.805,4096.0,3072.0,640.0,512.0,ok,ok,candidate_only_no_visual_QA,Prioritized from existing inventory/metadata only; final pilot selection requires visual QA and Part B alignment review.
high,no,no,20260202_Thermal_HKUST/DCIM/DJI_202602021249_005::DJI_20260202130323_0052,DJI_20260202130323_0052,0052,HKUST,2026-02-02,20260202_Thermal_HKUST,DJI_202602021249_005,data/raw/HKUST/20260202_Thermal_HKUST/DCIM/DJI_202602021249_005/DJI_20260202130323_0052_V.JPG,data/raw/HKUST/20260202_Thermal_HKUST/DCIM/DJI_202602021249_005/DJI_20260202130323_0052_T.JPG,exact_base_name,0,2026-02-02 13:03:23,2026-02-02 13:03:23,22.33406944444444,114.26568611111111,499.885,4096.0,3072.0,640.0,512.0,ok,ok,candidate_only_no_visual_QA,Prioritized from existing inventory/metadata only; final pilot selection requires visual QA and Part B alignment review.
high,no,no,20260202_Thermal_HKUST/DCIM/DJI_202602021249_005::DJI_20260202130336_0053,DJI_20260202130336_0053,0053,HKUST,2026-02-02,20260202_Thermal_HKUST,DJI_202602021249_005,data/raw/HKUST/20260202_Thermal_HKUST/DCIM/DJI_202602021249_005/DJI_20260202130336_0053_V.JPG,data/raw/HKUST/20260202_Thermal_HKUST/DCIM/DJI_202602021249_005/DJI_20260202130336_0053_T.JPG,exact_base_name,0,2026-02-02 13:03:36,2026-02-02 13:03:36,22.332844444444444,114.26568333333333,499.847,4096.0,3072.0,640.0,512.0,ok,ok,candidate_only_no_visual_QA,Prioritized from existing inventory/metadata only; final pilot selection requires visual QA and Part B alignment review.
high,no,no,20260202_Thermal_HKUST/DCIM/DJI_202602021249_005::DJI_20260202130337_0054,DJI_20260202130337_0054,0054,HKUST,2026-02-02,20260202_Thermal_HKUST,DJI_202602021249_005,data/raw/HKUST/20260202_Thermal_HKUST/DCIM/DJI_202602021249_005/DJI_20260202130337_0054_V.JPG,data/raw/HKUST/20260202_Thermal_HKUST/DCIM/DJI_202602021249_005/DJI_20260202130337_0054_T.JPG,exact_base_name,0,2026-02-02 13:03:37,2026-02-02 13:03:37,22.332841666666667,114.26568333333333,499.858,4096.0,3072.0,640.0,512.0,ok,ok,candidate_only_no_visual_QA,Prioritized from existing inventory/metadata only; final pilot selection requires visual QA and Part B alignment review.
high,no,no,20260202_Thermal_HKUST/DCIM/DJI_202602021249_005::DJI_20260202130354_0056,DJI_20260202130354_0056,0056,HKUST,2026-02-02,20260202_Thermal_HKUST,DJI_202602021249_005,data/raw/HKUST/20260202_Thermal_HKUST/DCIM/DJI_202602021249_005/DJI_20260202130354_0056_V.JPG,data/raw/HKUST/20260202_Thermal_HKUST/DCIM/DJI_202602021249_005/DJI_20260202130354_0056_T.JPG,exact_base_name,0,2026-02-02 13:03:54,2026-02-02 13:03:54,22.331333333333333,114.265675,499.814,4096.0,3072.0,640.0,512.0,ok,ok,candidate_only_no_visual_QA,Prioritized from existing inventory/metadata only; final pilot selection requires visual QA and Part B alignment review.
high,no,no,20260202_Thermal_HKUST/DCIM/DJI_202602021249_005::DJI_20260202130409_0057,DJI_20260202130409_0057,0057,HKUST,2026-02-02,20260202_Thermal_HKUST,DJI_202602021249_005,data/raw/HKUST/20260202_Thermal_HKUST/DCIM/DJI_202602021249_005/DJI_20260202130409_0057_V.JPG,data/raw/HKUST/20260202_Thermal_HKUST/DCIM/DJI_202602021249_005/DJI_20260202130409_0057_T.JPG,exact_base_name,0,2026-02-02 13:04:09,2026-02-02 13:04:09,22.329825,114.26567222222222,499.813,4096.0,3072.0,640.0,512.0,ok,ok,candidate_only_no_visual_QA,Prioritized from existing inventory/metadata only; final pilot selection requires visual QA and Part B alignment review.
high,no,no,20260202_Thermal_HKUST/DCIM/DJI_202602021249_005::DJI_20260202130420_0058,DJI_20260202130420_0058,0058,HKUST,2026-02-02,20260202_Thermal_HKUST,DJI_202602021249_005,data/raw/HKUST/20260202_Thermal_HKUST/DCIM/DJI_202602021249_005/DJI_20260202130420_0058_V.JPG,data/raw/HKUST/20260202_Thermal_HKUST/DCIM/DJI_202602021249_005/DJI_20260202130420_0058_T.JPG,exact_base_name,0,2026-02-02 13:04:20,2026-02-02 13:04:20,22.32883888888889,114.26566944444444,499.792,4096.0,3072.0,640.0,512.0,ok,ok,candidate_only_no_visual_QA,Prioritized from existing inventory/metadata only; final pilot selection requires visual QA and Part B alignment review.
high,no,no,20260202_Thermal_HKUST/DCIM/DJI_202602021249_005::DJI_20260202130432_0059,DJI_20260202130432_0059,0059,HKUST,2026-02-02,20260202_Thermal_HKUST,DJI_202602021249_005,data/raw/HKUST/20260202_Thermal_HKUST/DCIM/DJI_202602021249_005/DJI_20260202130432_0059_V.JPG,data/raw/HKUST/20260202_Thermal_HKUST/DCIM/DJI_202602021249_005/DJI_20260202130432_0059_T.JPG,exact_base_name,0,2026-02-02 13:04:32,2026-02-02 13:04:32,22.328833333333332,114.26656388888888,499.874,4096.0,3072.0,640.0,512.0,ok,ok,candidate_only_no_visual_QA,Prioritized from existing inventory/metadata only; final pilot selection requires visual QA and Part B alignment review.
high,no,no,20260202_Thermal_HKUST/DCIM/DJI_202602021249_005::DJI_20260202130512_0062,DJI_20260202130512_0062,0062,HKUST,2026-02-02,20260202_Thermal_HKUST,DJI_202602021249_005,data/raw/HKUST/20260202_Thermal_HKUST/DCIM/DJI_202602021249_005/DJI_20260202130512_0062_V.JPG,data/raw/HKUST/20260202_Thermal_HKUST/DCIM/DJI_202602021249_005/DJI_20260202130512_0062_T.JPG,exact_base_name,0,2026-02-02 13:05:12,2026-02-02 13:05:12,22.332330555555554,114.26657222222222,499.956,4096.0,3072.0,640.0,512.0,ok,ok,candidate_only_no_visual_QA,Prioritized from existing inventory/metadata only; final pilot selection requires visual QA and Part B alignment review.
high,no,no,20260202_Thermal_HKUST/DCIM/DJI_202602021249_005::DJI_20260202130526_0063,DJI_20260202130526_0063,0063,HKUST,2026-02-02,20260202_Thermal_HKUST,DJI_202602021249_005,data/raw/HKUST/20260202_Thermal_HKUST/DCIM/DJI_202602021249_005/DJI_20260202130526_0063_V.JPG,data/raw/HKUST/20260202_Thermal_HKUST/DCIM/DJI_202602021249_005/DJI_20260202130526_0063_T.JPG,exact_base_name,0,2026-02-02 13:05:26,2026-02-02 13:05:26,22.333630555555555,114.26657777777778,499.942,4096.0,3072.0,640.0,512.0,ok,ok,candidate_only_no_visual_QA,Prioritized from existing inventory/metadata only; final pilot selection requires visual QA and Part B alignment review.
high,no,no,20260202_Thermal_HKUST/DCIM/DJI_202602021249_005::DJI_20260202130549_0065,DJI_20260202130549_0065,0065,HKUST,2026-02-02,20260202_Thermal_HKUST,DJI_202602021249_005,data/raw/HKUST/20260202_Thermal_HKUST/DCIM/DJI_202602021249_005/DJI_20260202130549_0065_V.JPG,data/raw/HKUST/20260202_Thermal_HKUST/DCIM/DJI_202602021249_005/DJI_20260202130549_0065_T.JPG,exact_base_name,0,2026-02-02 13:05:49,2026-02-02 13:05:49,22.335494444444443,114.26657777777778,500.051,4096.0,3072.0,640.0,512.0,ok,ok,candidate_only_no_visual_QA,Prioritized from existing inventory/metadata only; final pilot selection requires visual QA and Part B alignment review.
high,no,no,20260202_Thermal_HKUST/DCIM/DJI_202602021249_005::DJI_20260202130617_0068,DJI_20260202130617_0068,0068,HKUST,2026-02-02,20260202_Thermal_HKUST,DJI_202602021249_005,data/raw/HKUST/20260202_Thermal_HKUST/DCIM/DJI_202602021249_005/DJI_20260202130617_0068_V.JPG,data/raw/HKUST/20260202_Thermal_HKUST/DCIM/DJI_202602021249_005/DJI_20260202130617_0068_T.JPG,exact_base_name,0,2026-02-02 13:06:17,2026-02-02 13:06:17,22.338124999999998,114.266325,500.008,4096.0,3072.0,640.0,512.0,ok,ok,candidate_only_no_visual_QA,Prioritized from existing inventory/metadata only; final pilot selection requires visual QA and Part B alignment review.
high,no,no,20260202_Thermal_HKUST/DCIM/DJI_202602021249_005::DJI_20260202130635_0069,DJI_20260202130635_0069,0069,HKUST,2026-02-02,20260202_Thermal_HKUST,DJI_202602021249_005,data/raw/HKUST/20260202_Thermal_HKUST/DCIM/DJI_202602021249_005/DJI_20260202130635_0069_V.JPG,data/raw/HKUST/20260202_Thermal_HKUST/DCIM/DJI_202602021249_005/DJI_20260202130635_0069_T.JPG,exact_base_name,0,2026-02-02 13:06:35,2026-02-02 13:06:35,22.340019444444444,114.266175,499.966,4096.0,3072.0,640.0,512.0,ok,ok,candidate_only_no_visual_QA,Prioritized from existing inventory/metadata only; final pilot selection requires visual QA and Part B alignment review.
high,no,no,20260202_Thermal_HKUST/DCIM/DJI_202602021249_005::DJI_20260202130649_0070,DJI_20260202130649_0070,0070,HKUST,2026-02-02,20260202_Thermal_HKUST,DJI_202602021249_005,data/raw/HKUST/20260202_Thermal_HKUST/DCIM/DJI_202602021249_005/DJI_20260202130649_0070_V.JPG,data/raw/HKUST/20260202_Thermal_HKUST/DCIM/DJI_202602021249_005/DJI_20260202130649_0070_T.JPG,exact_base_name,0,2026-02-02 13:06:49,2026-02-02 13:06:49,22.34133611111111,114.26613055555555,499.987,4096.0,3072.0,640.0,512.0,ok,ok,candidate_only_no_visual_QA,Prioritized from existing inventory/metadata only; final pilot selection requires visual QA and Part B alignment review.
high,no,no,20260202_Thermal_HKUST/DCIM/DJI_202602021249_005::DJI_20260202130657_0071,DJI_20260202130657_0071,0071,HKUST,2026-02-02,20260202_Thermal_HKUST,DJI_202602021249_005,data/raw/HKUST/20260202_Thermal_HKUST/DCIM/DJI_202602021249_005/DJI_20260202130657_0071_V.JPG,data/raw/HKUST/20260202_Thermal_HKUST/DCIM/DJI_202602021249_005/DJI_20260202130657_0071_T.JPG,exact_base_name,0,2026-02-02 13:06:57,2026-02-02 13:06:57,22.34133333333333,114.26670833333333,500.214,4096.0,3072.0,640.0,512.0,ok,ok,candidate_only_no_visual_QA,Prioritized from existing inventory/metadata only; final pilot selection requires visual QA and Part B alignment review.
high,no,no,20260202_Thermal_HKUST/DCIM/DJI_202602021249_005::DJI_20260202130724_0073,DJI_20260202130724_0073,0073,HKUST,2026-02-02,20260202_Thermal_HKUST,DJI_202602021249_005,data/raw/HKUST/20260202_Thermal_HKUST/DCIM/DJI_202602021249_005/DJI_20260202130724_0073_V.JPG,data/raw/HKUST/20260202_Thermal_HKUST/DCIM/DJI_202602021249_005/DJI_20260202130724_0073_T.JPG,exact_base_name,0,2026-02-02 13:07:24,2026-02-02 13:07:24,22.33878611111111,114.26669722222222,499.896,4096.0,3072.0,640.0,512.0,ok,ok,candidate_only_no_visual_QA,Prioritized from existing inventory/metadata only; final pilot selection requires visual QA and Part B alignment review.
high,no,no,20260202_Thermal_HKUST/DCIM/DJI_202602021249_005::DJI_20260202130735_0074,DJI_20260202130735_0074,0074,HKUST,2026-02-02,20260202_Thermal_HKUST,DJI_202602021249_005,data/raw/HKUST/20260202_Thermal_HKUST/DCIM/DJI_202602021249_005/DJI_20260202130735_0074_V.JPG,data/raw/HKUST/20260202_Thermal_HKUST/DCIM/DJI_202602021249_005/DJI_20260202130735_0074_T.JPG,exact_base_name,0,2026-02-02 13:07:35,2026-02-02 13:07:35,22.338730555555554,114.26764166666666,500.108,4096.0,3072.0,640.0,512.0,ok,ok,candidate_only_no_visual_QA,Prioritized from existing inventory/metadata only; final pilot selection requires visual QA and Part B alignment review.
high,no,no,20260202_Thermal_HKUST/DCIM/DJI_202602021249_005::DJI_20260202130741_0075,DJI_20260202130741_0075,0075,HKUST,2026-02-02,20260202_Thermal_HKUST,DJI_202602021249_005,data/raw/HKUST/20260202_Thermal_HKUST/DCIM/DJI_202602021249_005/DJI_20260202130741_0075_V.JPG,data/raw/HKUST/20260202_Thermal_HKUST/DCIM/DJI_202602021249_005/DJI_20260202130741_0075_T.JPG,exact_base_name,0,2026-02-02 13:07:41,2026-02-02 13:07:41,22.338733333333334,114.26799166666666,499.964,4096.0,3072.0,640.0,512.0,ok,ok,candidate_only_no_visual_QA,Prioritized from existing inventory/metadata only; final pilot selection requires visual QA and Part B alignment review.
high,no,no,20260202_Thermal_HKUST/DCIM/DJI_202602021249_005::DJI_20260202130754_0076,DJI_20260202130754_0076,0076,HKUST,2026-02-02,20260202_Thermal_HKUST,DJI_202602021249_005,data/raw/HKUST/20260202_Thermal_HKUST/DCIM/DJI_202602021249_005/DJI_20260202130754_0076_V.JPG,data/raw/HKUST/20260202_Thermal_HKUST/DCIM/DJI_202602021249_005/DJI_20260202130754_0076_T.JPG,exact_base_name,0,2026-02-02 13:07:54,2026-02-02 13:07:54,22.337491666666665,114.26786666666666,500.001,4096.0,3072.0,640.0,512.0,ok,ok,candidate_only_no_visual_QA,Prioritized from existing inventory/metadata only; final pilot selection requires visual QA and Part B alignment review.
high,no,no,20260202_Thermal_HKUST/DCIM/DJI_202602021249_005::DJI_20260202130755_0077,DJI_20260202130755_0077,0077,HKUST,2026-02-02,20260202_Thermal_HKUST,DJI_202602021249_005,data/raw/HKUST/20260202_Thermal_HKUST/DCIM/DJI_202602021249_005/DJI_20260202130755_0077_V.JPG,data/raw/HKUST/20260202_Thermal_HKUST/DCIM/DJI_202602021249_005/DJI_20260202130755_0077_T.JPG,exact_base_name,0,2026-02-02 13:07:55,2026-02-02 13:07:55,22.337480555555555,114.26786666666666,499.942,4096.0,3072.0,640.0,512.0,ok,ok,candidate_only_no_visual_QA,Prioritized from existing inventory/metadata only; final pilot selection requires visual QA and Part B alignment review.
high,no,no,20260202_Thermal_HKUST/DCIM/DJI_202602021249_005::DJI_20260202130803_0078,DJI_20260202130803_0078,0078,HKUST,2026-02-02,20260202_Thermal_HKUST,DJI_202602021249_005,data/raw/HKUST/20260202_Thermal_HKUST/DCIM/DJI_202602021249_005/DJI_20260202130803_0078_V.JPG,data/raw/HKUST/20260202_Thermal_HKUST/DCIM/DJI_202602021249_005/DJI_20260202130803_0078_T.JPG,exact_base_name,0,2026-02-02 13:08:03,2026-02-02 13:08:03,22.336902777777777,114.26786666666666,499.887,4096.0,3072.0,640.0,512.0,ok,ok,candidate_only_no_visual_QA,Prioritized from existing inventory/metadata only; final pilot selection requires visual QA and Part B alignment review.
high,no,no,20260202_Thermal_HKUST/DCIM/DJI_202602021249_005::DJI_20260202130816_0079,DJI_20260202130816_0079,0079,HKUST,2026-02-02,20260202_Thermal_HKUST,DJI_202602021249_005,data/raw/HKUST/20260202_Thermal_HKUST/DCIM/DJI_202602021249_005/DJI_20260202130816_0079_V.JPG,data/raw/HKUST/20260202_Thermal_HKUST/DCIM/DJI_202602021249_005/DJI_20260202130816_0079_T.JPG,exact_base_name,0,2026-02-02 13:08:16,2026-02-02 13:08:16,22.33567222222222,114.26786111111112,499.858,4096.0,3072.0,640.0,512.0,ok,ok,candidate_only_no_visual_QA,Prioritized from existing inventory/metadata only; final pilot selection requires visual QA and Part B alignment review.
high,no,no,20260202_Thermal_HKUST/DCIM/DJI_202602021249_005::DJI_20260202130843_0081,DJI_20260202130843_0081,0081,HKUST,2026-02-02,20260202_Thermal_HKUST,DJI_202602021249_005,data/raw/HKUST/20260202_Thermal_HKUST/DCIM/DJI_202602021249_005/DJI_20260202130843_0081_V.JPG,data/raw/HKUST/20260202_Thermal_HKUST/DCIM/DJI_202602021249_005/DJI_20260202130843_0081_T.JPG,exact_base_name,0,2026-02-02 13:08:43,2026-02-02 13:08:43,22.333647222222222,114.267425,499.753,4096.0,3072.0,640.0,512.0,ok,ok,candidate_only_no_visual_QA,Prioritized from existing inventory/metadata only; final pilot selection requires visual QA and Part B alignment review.
high,no,no,20260202_Thermal_HKUST/DCIM/DJI_202602021249_005::DJI_20260202130844_0082,DJI_20260202130844_0082,0082,HKUST,2026-02-02,20260202_Thermal_HKUST,DJI_202602021249_005,data/raw/HKUST/20260202_Thermal_HKUST/DCIM/DJI_202602021249_005/DJI_20260202130844_0082_V.JPG,data/raw/HKUST/20260202_Thermal_HKUST/DCIM/DJI_202602021249_005/DJI_20260202130844_0082_T.JPG,exact_base_name,0,2026-02-02 13:08:44,2026-02-02 13:08:44,22.333647222222222,114.26739166666667,499.717,4096.0,3072.0,640.0,512.0,ok,ok,candidate_only_no_visual_QA,Prioritized from existing inventory/metadata only; final pilot selection requires visual QA and Part B alignment review.
high,no,no,20260202_Thermal_HKUST/DCIM/DJI_202602021249_005::DJI_20260202130908_0083,DJI_20260202130908_0083,0083,HKUST,2026-02-02,20260202_Thermal_HKUST,DJI_202602021249_005,data/raw/HKUST/20260202_Thermal_HKUST/DCIM/DJI_202602021249_005/DJI_20260202130908_0083_V.JPG,data/raw/HKUST/20260202_Thermal_HKUST/DCIM/DJI_202602021249_005/DJI_20260202130908_0083_T.JPG,exact_base_name,0,2026-02-02 13:09:08,2026-02-02 13:09:08,22.33364444444444,114.26739166666667,499.71,4096.0,3072.0,640.0,512.0,ok,ok,candidate_only_no_visual_QA,Prioritized from existing inventory/metadata only; final pilot selection requires visual QA and Part B alignment review.
high,no,no,20260202_Thermal_HKUST/DCIM/DJI_202602021249_005::DJI_20260202130927_0084,DJI_20260202130927_0084,0084,HKUST,2026-02-02,20260202_Thermal_HKUST,DJI_202602021249_005,data/raw/HKUST/20260202_Thermal_HKUST/DCIM/DJI_202602021249_005/DJI_20260202130927_0084_V.JPG,data/raw/HKUST/20260202_Thermal_HKUST/DCIM/DJI_202602021249_005/DJI_20260202130927_0084_T.JPG,exact_base_name,0,2026-02-02 13:09:27,2026-02-02 13:09:27,22.333641666666665,114.26739166666667,499.692,4096.0,3072.0,640.0,512.0,ok,ok,candidate_only_no_visual_QA,Prioritized from existing inventory/metadata only; final pilot selection requires visual QA and Part B alignment review.
high,no,no,20260202_Thermal_HKUST/DCIM/DJI_202602021249_005::DJI_20260202130938_0085,DJI_20260202130938_0085,0085,HKUST,2026-02-02,20260202_Thermal_HKUST,DJI_202602021249_005,data/raw/HKUST/20260202_Thermal_HKUST/DCIM/DJI_202602021249_005/DJI_20260202130938_0085_V.JPG,data/raw/HKUST/20260202_Thermal_HKUST/DCIM/DJI_202602021249_005/DJI_20260202130938_0085_T.JPG,exact_base_name,0,2026-02-02 13:09:38,2026-02-02 13:09:38,22.332569444444445,114.26738888888889,499.747,4096.0,3072.0,640.0,512.0,ok,ok,candidate_only_no_visual_QA,Prioritized from existing inventory/metadata only; final pilot selection requires visual QA and Part B alignment review.
high,no,no,20260202_Thermal_HKUST/DCIM/DJI_202602021249_005::DJI_20260202130939_0086,DJI_20260202130939_0086,0086,HKUST,2026-02-02,20260202_Thermal_HKUST,DJI_202602021249_005,data/raw/HKUST/20260202_Thermal_HKUST/DCIM/DJI_202602021249_005/DJI_20260202130939_0086_V.JPG,data/raw/HKUST/20260202_Thermal_HKUST/DCIM/DJI_202602021249_005/DJI_20260202130939_0086_T.JPG,exact_base_name,0,2026-02-02 13:09:39,2026-02-02 13:09:39,22.332563888888888,114.26738888888889,499.732,4096.0,3072.0,640.0,512.0,ok,ok,candidate_only_no_visual_QA,Prioritized from existing inventory/metadata only; final pilot selection requires visual QA and Part B alignment review.
high,no,no,20260202_Thermal_HKUST/DCIM/DJI_202602021249_005::DJI_20260202130949_0087,DJI_20260202130949_0087,0087,HKUST,2026-02-02,20260202_Thermal_HKUST,DJI_202602021249_005,data/raw/HKUST/20260202_Thermal_HKUST/DCIM/DJI_202602021249_005/DJI_20260202130949_0087_V.JPG,data/raw/HKUST/20260202_Thermal_HKUST/DCIM/DJI_202602021249_005/DJI_20260202130949_0087_T.JPG,exact_base_name,0,2026-02-02 13:09:49,2026-02-02 13:09:49,22.33181111111111,114.26738611111111,499.8,4096.0,3072.0,640.0,512.0,ok,ok,candidate_only_no_visual_QA,Prioritized from existing inventory/metadata only; final pilot selection requires visual QA and Part B alignment review.
high,no,no,20260202_Thermal_HKUST/DCIM/DJI_202602021249_005::DJI_20260202131003_0088,DJI_20260202131003_0088,0088,HKUST,2026-02-02,20260202_Thermal_HKUST,DJI_202602021249_005,data/raw/HKUST/20260202_Thermal_HKUST/DCIM/DJI_202602021249_005/DJI_20260202131003_0088_V.JPG,data/raw/HKUST/20260202_Thermal_HKUST/DCIM/DJI_202602021249_005/DJI_20260202131003_0088_T.JPG,exact_base_name,0,2026-02-02 13:10:03,2026-02-02 13:10:03,22.331816666666665,114.26595,499.605,4096.0,3072.0,640.0,512.0,ok,ok,candidate_only_no_visual_QA,Prioritized from existing inventory/metadata only; final pilot selection requires visual QA and Part B alignment review.
high,no,no,20260202_Thermal_HKUST/DCIM/DJI_202602021249_005::DJI_20260202131015_0089,DJI_20260202131015_0089,0089,HKUST,2026-02-02,20260202_Thermal_HKUST,DJI_202602021249_005,data/raw/HKUST/20260202_Thermal_HKUST/DCIM/DJI_202602021249_005/DJI_20260202131015_0089_V.JPG,data/raw/HKUST/20260202_Thermal_HKUST/DCIM/DJI_202602021249_005/DJI_20260202131015_0089_T.JPG,exact_base_name,0,2026-02-02 13:10:15,2026-02-02 13:10:15,22.332758333333334,114.26593333333334,499.359,4096.0,3072.0,640.0,512.0,ok,ok,candidate_only_no_visual_QA,Prioritized from existing inventory/metadata only; final pilot selection requires visual QA and Part B alignment review.
high,no,no,20260202_Thermal_HKUST/DCIM/DJI_202602021249_005::DJI_20260202131044_0091,DJI_20260202131044_0091,0091,HKUST,2026-02-02,20260202_Thermal_HKUST,DJI_202602021249_005,data/raw/HKUST/20260202_Thermal_HKUST/DCIM/DJI_202602021249_005/DJI_20260202131044_0091_V.JPG,data/raw/HKUST/20260202_Thermal_HKUST/DCIM/DJI_202602021249_005/DJI_20260202131044_0091_T.JPG,exact_base_name,0,2026-02-02 13:10:44,2026-02-02 13:10:44,22.3354,114.26593333333334,499.168,4096.0,3072.0,640.0,512.0,ok,ok,candidate_only_no_visual_QA,Prioritized from existing inventory/metadata only; final pilot selection requires visual QA and Part B alignment review.
high,no,no,20260202_Thermal_HKUST/DCIM/DJI_202602021249_005::DJI_20260202131058_0092,DJI_20260202131058_0092,0092,HKUST,2026-02-02,20260202_Thermal_HKUST,DJI_202602021249_005,data/raw/HKUST/20260202_Thermal_HKUST/DCIM/DJI_202602021249_005/DJI_20260202131058_0092_V.JPG,data/raw/HKUST/20260202_Thermal_HKUST/DCIM/DJI_202602021249_005/DJI_20260202131058_0092_T.JPG,exact_base_name,0,2026-02-02 13:10:58,2026-02-02 13:10:58,22.33679722222222,114.26593333333334,498.865,4096.0,3072.0,640.0,512.0,ok,ok,candidate_only_no_visual_QA,Prioritized from existing inventory/metadata only; final pilot selection requires visual QA and Part B alignment review.
high,no,no,20260202_Thermal_HKUST/DCIM/DJI_202602021249_005::DJI_20260202131112_0093,DJI_20260202131112_0093,0093,HKUST,2026-02-02,20260202_Thermal_HKUST,DJI_202602021249_005,data/raw/HKUST/20260202_Thermal_HKUST/DCIM/DJI_202602021249_005/DJI_20260202131112_0093_V.JPG,data/raw/HKUST/20260202_Thermal_HKUST/DCIM/DJI_202602021249_005/DJI_20260202131112_0093_T.JPG,exact_base_name,0,2026-02-02 13:11:12,2026-02-02 13:11:12,22.336813888888887,114.26458611111111,498.635,4096.0,3072.0,640.0,512.0,ok,ok,candidate_only_no_visual_QA,Prioritized from existing inventory/metadata only; final pilot selection requires visual QA and Part B alignment review.
high,no,no,20260202_Thermal_HKUST/DCIM/DJI_202602021249_005::DJI_20260202131122_0094,DJI_20260202131122_0094,0094,HKUST,2026-02-02,20260202_Thermal_HKUST,DJI_202602021249_005,data/raw/HKUST/20260202_Thermal_HKUST/DCIM/DJI_202602021249_005/DJI_20260202131122_0094_V.JPG,data/raw/HKUST/20260202_Thermal_HKUST/DCIM/DJI_202602021249_005/DJI_20260202131122_0094_T.JPG,exact_base_name,0,2026-02-02 13:11:22,2026-02-02 13:11:22,22.336816666666664,114.26372222222223,498.485,4096.0,3072.0,640.0,512.0,ok,ok,candidate_only_no_visual_QA,Prioritized from existing inventory/metadata only; final pilot selection requires visual QA and Part B alignment review.
high,no,no,20260202_Thermal_HKUST/DCIM/DJI_202602021249_005::DJI_20260202131137_0095,DJI_20260202131137_0095,0095,HKUST,2026-02-02,20260202_Thermal_HKUST,DJI_202602021249_005,data/raw/HKUST/20260202_Thermal_HKUST/DCIM/DJI_202602021249_005/DJI_20260202131137_0095_V.JPG,data/raw/HKUST/20260202_Thermal_HKUST/DCIM/DJI_202602021249_005/DJI_20260202131137_0095_T.JPG,exact_base_name,0,2026-02-02 13:11:37,2026-02-02 13:11:37,22.335419444444444,114.26371666666667,498.711,4096.0,3072.0,640.0,512.0,ok,ok,candidate_only_no_visual_QA,Prioritized from existing inventory/metadata only; final pilot selection requires visual QA and Part B alignment review.
high,no,no,20260202_Thermal_HKUST/DCIM/DJI_202602021249_005::DJI_20260202131152_0096,DJI_20260202131152_0096,0096,HKUST,2026-02-02,20260202_Thermal_HKUST,DJI_202602021249_005,data/raw/HKUST/20260202_Thermal_HKUST/DCIM/DJI_202602021249_005/DJI_20260202131152_0096_V.JPG,data/raw/HKUST/20260202_Thermal_HKUST/DCIM/DJI_202602021249_005/DJI_20260202131152_0096_T.JPG,exact_base_name,0,2026-02-02 13:11:52,2026-02-02 13:11:52,22.33411111111111,114.26371388888889,499.376,4096.0,3072.0,640.0,512.0,ok,ok,candidate_only_no_visual_QA,Prioritized from existing inventory/metadata only; final pilot selection requires visual QA and Part B alignment review.
high,no,no,20260202_Thermal_HKUST/DCIM/DJI_202602021249_005::DJI_20260202131202_0097,DJI_20260202131202_0097,0097,HKUST,2026-02-02,20260202_Thermal_HKUST,DJI_202602021249_005,data/raw/HKUST/20260202_Thermal_HKUST/DCIM/DJI_202602021249_005/DJI_20260202131202_0097_V.JPG,data/raw/HKUST/20260202_Thermal_HKUST/DCIM/DJI_202602021249_005/DJI_20260202131202_0097_T.JPG,exact_base_name,0,2026-02-02 13:12:02,2026-02-02 13:12:02,22.333325,114.26370833333333,499.705,4096.0,3072.0,640.0,512.0,ok,ok,candidate_only_no_visual_QA,Prioritized from existing inventory/metadata only; final pilot selection requires visual QA and Part B alignment review.
high,no,no,20260202_Thermal_HKUST/DCIM/DJI_202602021352_006::DJI_20260202135501_0001,DJI_20260202135501_0001,0001,HKUST,2026-02-02,20260202_Thermal_HKUST,DJI_202602021352_006,data/raw/HKUST/20260202_Thermal_HKUST/DCIM/DJI_202602021352_006/DJI_20260202135501_0001_V.JPG,data/raw/HKUST/20260202_Thermal_HKUST/DCIM/DJI_202602021352_006/DJI_20260202135501_0001_T.JPG,exact_base_name,0,2026-02-02 13:55:01,2026-02-02 13:55:01,22.337544444444443,114.26299166666666,497.404,4096.0,3072.0,640.0,512.0,ok,ok,candidate_only_no_visual_QA,Prioritized from existing inventory/metadata only; final pilot selection requires visual QA and Part B alignment review.
high,no,no,20260202_Thermal_HKUST/DCIM/DJI_202602021352_006::DJI_20260202135628_0002,DJI_20260202135628_0002,0002,HKUST,2026-02-02,20260202_Thermal_HKUST,DJI_202602021352_006,data/raw/HKUST/20260202_Thermal_HKUST/DCIM/DJI_202602021352_006/DJI_20260202135628_0002_V.JPG,data/raw/HKUST/20260202_Thermal_HKUST/DCIM/DJI_202602021352_006/DJI_20260202135628_0002_T.JPG,exact_base_name,0,2026-02-02 13:56:28,2026-02-02 13:56:28,22.337538888888886,114.263025,496.598,4096.0,3072.0,640.0,512.0,ok,ok,candidate_only_no_visual_QA,Prioritized from existing inventory/metadata only; final pilot selection requires visual QA and Part B alignment review.
high,no,no,20260202_Thermal_HKUST/DCIM/DJI_202602021352_006::DJI_20260202135643_0003,DJI_20260202135643_0003,0003,HKUST,2026-02-02,20260202_Thermal_HKUST,DJI_202602021352_006,data/raw/HKUST/20260202_Thermal_HKUST/DCIM/DJI_202602021352_006/DJI_20260202135643_0003_V.JPG,data/raw/HKUST/20260202_Thermal_HKUST/DCIM/DJI_202602021352_006/DJI_20260202135643_0003_T.JPG,exact_base_name,0,2026-02-02 13:56:43,2026-02-02 13:56:43,22.3383,114.263075,496.597,4096.0,3072.0,640.0,512.0,ok,ok,candidate_only_no_visual_QA,Prioritized from existing inventory/metadata only; final pilot selection requires visual QA and Part B alignment review.
high,no,no,20260202_Thermal_HKUST/DCIM/DJI_202602021352_006::DJI_20260202135645_0004,DJI_20260202135645_0004,0004,HKUST,2026-02-02,20260202_Thermal_HKUST,DJI_202602021352_006,data/raw/HKUST/20260202_Thermal_HKUST/DCIM/DJI_202602021352_006/DJI_20260202135645_0004_V.JPG,data/raw/HKUST/20260202_Thermal_HKUST/DCIM/DJI_202602021352_006/DJI_20260202135645_0004_T.JPG,exact_base_name,0,2026-02-02 13:56:45,2026-02-02 13:56:45,22.3383,114.263075,496.542,4096.0,3072.0,640.0,512.0,ok,ok,candidate_only_no_visual_QA,Prioritized from existing inventory/metadata only; final pilot selection requires visual QA and Part B alignment review.
high,no,no,20260202_Thermal_HKUST/DCIM/DJI_202602021352_006::DJI_20260202135722_0006,DJI_20260202135722_0006,0006,HKUST,2026-02-02,20260202_Thermal_HKUST,DJI_202602021352_006,data/raw/HKUST/20260202_Thermal_HKUST/DCIM/DJI_202602021352_006/DJI_20260202135722_0006_V.JPG,data/raw/HKUST/20260202_Thermal_HKUST/DCIM/DJI_202602021352_006/DJI_20260202135722_0006_T.JPG,exact_base_name,0,2026-02-02 13:57:22,2026-02-02 13:57:22,22.340725,114.26321944444445,496.522,4096.0,3072.0,640.0,512.0,ok,ok,candidate_only_no_visual_QA,Prioritized from existing inventory/metadata only; final pilot selection requires visual QA and Part B alignment review.
high,no,no,20260202_Thermal_HKUST/DCIM/DJI_202602021352_006::DJI_20260202135739_0007,DJI_20260202135739_0007,0007,HKUST,2026-02-02,20260202_Thermal_HKUST,DJI_202602021352_006,data/raw/HKUST/20260202_Thermal_HKUST/DCIM/DJI_202602021352_006/DJI_20260202135739_0007_V.JPG,data/raw/HKUST/20260202_Thermal_HKUST/DCIM/DJI_202602021352_006/DJI_20260202135739_0007_T.JPG,exact_base_name,0,2026-02-02 13:57:39,2026-02-02 13:57:39,22.342355555555553,114.26331944444445,496.333,4096.0,3072.0,640.0,512.0,ok,ok,candidate_only_no_visual_QA,Prioritized from existing inventory/metadata only; final pilot selection requires visual QA and Part B alignment review.
high,no,no,20260202_Thermal_HKUST/DCIM/DJI_202602021352_006::DJI_20260202135751_0008,DJI_20260202135751_0008,0008,HKUST,2026-02-02,20260202_Thermal_HKUST,DJI_202602021352_006,data/raw/HKUST/20260202_Thermal_HKUST/DCIM/DJI_202602021352_006/DJI_20260202135751_0008_V.JPG,data/raw/HKUST/20260202_Thermal_HKUST/DCIM/DJI_202602021352_006/DJI_20260202135751_0008_T.JPG,exact_base_name,0,2026-02-02 13:57:51,2026-02-02 13:57:51,22.343302777777776,114.263375,496.111,4096.0,3072.0,640.0,512.0,ok,ok,candidate_only_no_visual_QA,Prioritized from existing inventory/metadata only; final pilot selection requires visual QA and Part B alignment review.
high,no,no,20260202_Thermal_HKUST/DCIM/DJI_202602021352_006::DJI_20260202135807_0009,DJI_20260202135807_0009,0009,HKUST,2026-02-02,20260202_Thermal_HKUST,DJI_202602021352_006,data/raw/HKUST/20260202_Thermal_HKUST/DCIM/DJI_202602021352_006/DJI_20260202135807_0009_V.JPG,data/raw/HKUST/20260202_Thermal_HKUST/DCIM/DJI_202602021352_006/DJI_20260202135807_0009_T.JPG,exact_base_name,0,2026-02-02 13:58:07,2026-02-02 13:58:07,22.343352777777778,114.26249166666666,495.733,4096.0,3072.0,640.0,512.0,ok,ok,candidate_only_no_visual_QA,Prioritized from existing inventory/metadata only; final pilot selection requires visual QA and Part B alignment review.
high,no,no,20260202_Thermal_HKUST/DCIM/DJI_202602021352_006::DJI_20260202135821_0010,DJI_20260202135821_0010,0010,HKUST,2026-02-02,20260202_Thermal_HKUST,DJI_202602021352_006,data/raw/HKUST/20260202_Thermal_HKUST/DCIM/DJI_202602021352_006/DJI_20260202135821_0010_V.JPG,data/raw/HKUST/20260202_Thermal_HKUST/DCIM/DJI_202602021352_006/DJI_20260202135821_0010_T.JPG,exact_base_name,0,2026-02-02 13:58:21,2026-02-02 13:58:21,22.342163888888887,114.26242222222223,495.952,4096.0,3072.0,640.0,512.0,ok,ok,candidate_only_no_visual_QA,Prioritized from existing inventory/metadata only; final pilot selection requires visual QA and Part B alignment review.
high,no,no,20260202_Thermal_HKUST/DCIM/DJI_202602021352_006::DJI_20260202135834_0011,DJI_20260202135834_0011,0011,HKUST,2026-02-02,20260202_Thermal_HKUST,DJI_202602021352_006,data/raw/HKUST/20260202_Thermal_HKUST/DCIM/DJI_202602021352_006/DJI_20260202135834_0011_V.JPG,data/raw/HKUST/20260202_Thermal_HKUST/DCIM/DJI_202602021352_006/DJI_20260202135834_0011_T.JPG,exact_base_name,0,2026-02-02 13:58:34,2026-02-02 13:58:34,22.341130555555555,114.2623611111111,496.181,4096.0,3072.0,640.0,512.0,ok,ok,candidate_only_no_visual_QA,Prioritized from existing inventory/metadata only; final pilot selection requires visual QA and Part B alignment review.
high,no,no,20260202_Thermal_HKUST/DCIM/DJI_202602021352_006::DJI_20260202135900_0013,DJI_20260202135900_0013,0013,HKUST,2026-02-02,20260202_Thermal_HKUST,DJI_202602021352_006,data/raw/HKUST/20260202_Thermal_HKUST/DCIM/DJI_202602021352_006/DJI_20260202135900_0013_V.JPG,data/raw/HKUST/20260202_Thermal_HKUST/DCIM/DJI_202602021352_006/DJI_20260202135900_0013_T.JPG,exact_base_name,0,2026-02-02 13:59:00,2026-02-02 13:59:00,22.338625,114.26220555555555,496.435,4096.0,3072.0,640.0,512.0,ok,ok,candidate_only_no_visual_QA,Prioritized from existing inventory/metadata only; final pilot selection requires visual QA and Part B alignment review.
high,no,no,20260202_Thermal_HKUST/DCIM/DJI_202602021352_006::DJI_20260202135913_0014,DJI_20260202135913_0014,0014,HKUST,2026-02-02,20260202_Thermal_HKUST,DJI_202602021352_006,data/raw/HKUST/20260202_Thermal_HKUST/DCIM/DJI_202602021352_006/DJI_20260202135913_0014_V.JPG,data/raw/HKUST/20260202_Thermal_HKUST/DCIM/DJI_202602021352_006/DJI_20260202135913_0014_T.JPG,exact_base_name,0,2026-02-02 13:59:13,2026-02-02 13:59:13,22.337397222222222,114.26213055555556,496.498,4096.0,3072.0,640.0,512.0,ok,ok,candidate_only_no_visual_QA,Prioritized from existing inventory/metadata only; final pilot selection requires visual QA and Part B alignment review.
high,no,no,20260202_Thermal_HKUST/DCIM/DJI_202602021352_006::DJI_20260202135928_0015,DJI_20260202135928_0015,0015,HKUST,2026-02-02,20260202_Thermal_HKUST,DJI_202602021352_006,data/raw/HKUST/20260202_Thermal_HKUST/DCIM/DJI_202602021352_006/DJI_20260202135928_0015_V.JPG,data/raw/HKUST/20260202_Thermal_HKUST/DCIM/DJI_202602021352_006/DJI_20260202135928_0015_T.JPG,exact_base_name,0,2026-02-02 13:59:28,2026-02-02 13:59:28,22.336102777777775,114.26205555555556,496.464,4096.0,3072.0,640.0,512.0,ok,ok,candidate_only_no_visual_QA,Prioritized from existing inventory/metadata only; final pilot selection requires visual QA and Part B alignment review.
high,no,no,20260202_Thermal_HKUST/DCIM/DJI_202602021352_006::DJI_20260202135956_0019,DJI_20260202135956_0019,0019,HKUST,2026-02-02,20260202_Thermal_HKUST,DJI_202602021352_006,data/raw/HKUST/20260202_Thermal_HKUST/DCIM/DJI_202602021352_006/DJI_20260202135956_0019_V.JPG,data/raw/HKUST/20260202_Thermal_HKUST/DCIM/DJI_202602021352_006/DJI_20260202135956_0019_T.JPG,exact_base_name,0,2026-02-02 13:59:56,2026-02-02 13:59:56,22.333588888888887,114.26190555555556,496.532,4096.0,3072.0,640.0,512.0,ok,ok,candidate_only_no_visual_QA,Prioritized from existing inventory/metadata only; final pilot selection requires visual QA and Part B alignment review.
high,no,no,20260202_Thermal_HKUST/DCIM/DJI_202602021352_006::DJI_20260202140010_0020,DJI_20260202140010_0020,0020,HKUST,2026-02-02,20260202_Thermal_HKUST,DJI_202602021352_006,data/raw/HKUST/20260202_Thermal_HKUST/DCIM/DJI_202602021352_006/DJI_20260202140010_0020_V.JPG,data/raw/HKUST/20260202_Thermal_HKUST/DCIM/DJI_202602021352_006/DJI_20260202140010_0020_T.JPG,exact_base_name,0,2026-02-02 14:00:10,2026-02-02 14:00:10,22.332127777777778,114.26181666666666,496.608,4096.0,3072.0,640.0,512.0,ok,ok,candidate_only_no_visual_QA,Prioritized from existing inventory/metadata only; final pilot selection requires visual QA and Part B alignment review.
high,no,no,20260202_Thermal_HKUST/DCIM/DJI_202602021352_006::DJI_20260202140027_0021,DJI_20260202140027_0021,0021,HKUST,2026-02-02,20260202_Thermal_HKUST,DJI_202602021352_006,data/raw/HKUST/20260202_Thermal_HKUST/DCIM/DJI_202602021352_006/DJI_20260202140027_0021_V.JPG,data/raw/HKUST/20260202_Thermal_HKUST/DCIM/DJI_202602021352_006/DJI_20260202140027_0021_T.JPG,exact_base_name,0,2026-02-02 14:00:27,2026-02-02 14:00:27,22.330477777777777,114.26171666666667,496.658,4096.0,3072.0,640.0,512.0,ok,ok,candidate_only_no_visual_QA,Prioritized from existing inventory/metadata only; final pilot selection requires visual QA and Part B alignment review.
high,no,no,20260202_Thermal_HKUST/DCIM/DJI_202602021352_006::DJI_20260202140054_0022,DJI_20260202140054_0022,0022,HKUST,2026-02-02,20260202_Thermal_HKUST,DJI_202602021352_006,data/raw/HKUST/20260202_Thermal_HKUST/DCIM/DJI_202602021352_006/DJI_20260202140054_0022_V.JPG,data/raw/HKUST/20260202_Thermal_HKUST/DCIM/DJI_202602021352_006/DJI_20260202140054_0022_T.JPG,exact_base_name,0,2026-02-02 14:00:54,2026-02-02 14:00:54,22.329172222222223,114.26318055555555,496.348,4096.0,3072.0,640.0,512.0,ok,ok,candidate_only_no_visual_QA,Prioritized from existing inventory/metadata only; final pilot selection requires visual QA and Part B alignment review.
high,no,no,20260202_Thermal_HKUST/DCIM/DJI_202602021352_006::DJI_20260202140110_0023,DJI_20260202140110_0023,0023,HKUST,2026-02-02,20260202_Thermal_HKUST,DJI_202602021352_006,data/raw/HKUST/20260202_Thermal_HKUST/DCIM/DJI_202602021352_006/DJI_20260202140110_0023_V.JPG,data/raw/HKUST/20260202_Thermal_HKUST/DCIM/DJI_202602021352_006/DJI_20260202140110_0023_T.JPG,exact_base_name,0,2026-02-02 14:01:10,2026-02-02 14:01:10,22.33059722222222,114.26326944444445,496.513,4096.0,3072.0,640.0,512.0,ok,ok,candidate_only_no_visual_QA,Prioritized from existing inventory/metadata only; final pilot selection requires visual QA and Part B alignment review.
high,no,no,20260202_Thermal_HKUST/DCIM/DJI_202602021352_006::DJI_20260202140125_0024,DJI_20260202140125_0024,0024,HKUST,2026-02-02,20260202_Thermal_HKUST,DJI_202602021352_006,data/raw/HKUST/20260202_Thermal_HKUST/DCIM/DJI_202602021352_006/DJI_20260202140125_0024_V.JPG,data/raw/HKUST/20260202_Thermal_HKUST/DCIM/DJI_202602021352_006/DJI_20260202140125_0024_T.JPG,exact_base_name,0,2026-02-02 14:01:25,2026-02-02 14:01:25,22.332041666666665,114.26335555555555,496.516,4096.0,3072.0,640.0,512.0,ok,ok,candidate_only_no_visual_QA,Prioritized from existing inventory/metadata only; final pilot selection requires visual QA and Part B alignment review.
high,no,no,20260202_Thermal_HKUST/DCIM/DJI_202602021352_006::DJI_20260202140142_0025,DJI_20260202140142_0025,0025,HKUST,2026-02-02,20260202_Thermal_HKUST,DJI_202602021352_006,data/raw/HKUST/20260202_Thermal_HKUST/DCIM/DJI_202602021352_006/DJI_20260202140142_0025_V.JPG,data/raw/HKUST/20260202_Thermal_HKUST/DCIM/DJI_202602021352_006/DJI_20260202140142_0025_T.JPG,exact_base_name,0,2026-02-02 14:01:42,2026-02-02 14:01:42,22.33352777777778,114.26344444444445,496.479,4096.0,3072.0,640.0,512.0,ok,ok,candidate_only_no_visual_QA,Prioritized from existing inventory/metadata only; final pilot selection requires visual QA and Part B alignment review.
high,no,no,20260202_Thermal_HKUST/DCIM/DJI_202602021352_006::DJI_20260202140157_0026,DJI_20260202140157_0026,0026,HKUST,2026-02-02,20260202_Thermal_HKUST,DJI_202602021352_006,data/raw/HKUST/20260202_Thermal_HKUST/DCIM/DJI_202602021352_006/DJI_20260202140157_0026_V.JPG,data/raw/HKUST/20260202_Thermal_HKUST/DCIM/DJI_202602021352_006/DJI_20260202140157_0026_T.JPG,exact_base_name,0,2026-02-02 14:01:57,2026-02-02 14:01:57,22.33495,114.26352777777778,496.375,4096.0,3072.0,640.0,512.0,ok,ok,candidate_only_no_visual_QA,Prioritized from existing inventory/metadata only; final pilot selection requires visual QA and Part B alignment review.
high,no,no,20260202_Thermal_HKUST/DCIM/DJI_202602021352_006::DJI_20260202140215_0027,DJI_20260202140215_0027,0027,HKUST,2026-02-02,20260202_Thermal_HKUST,DJI_202602021352_006,data/raw/HKUST/20260202_Thermal_HKUST/DCIM/DJI_202602021352_006/DJI_20260202140215_0027_V.JPG,data/raw/HKUST/20260202_Thermal_HKUST/DCIM/DJI_202602021352_006/DJI_20260202140215_0027_T.JPG,exact_base_name,0,2026-02-02 14:02:15,2026-02-02 14:02:15,22.336594444444444,114.263625,496.413,4096.0,3072.0,640.0,512.0,ok,ok,candidate_only_no_visual_QA,Prioritized from existing inventory/metadata only; final pilot selection requires visual QA and Part B alignment review.
high,no,no,20260202_Thermal_HKUST/DCIM/DJI_202602021352_006::DJI_20260202140230_0028,DJI_20260202140230_0028,0028,HKUST,2026-02-02,20260202_Thermal_HKUST,DJI_202602021352_006,data/raw/HKUST/20260202_Thermal_HKUST/DCIM/DJI_202602021352_006/DJI_20260202140230_0028_V.JPG,data/raw/HKUST/20260202_Thermal_HKUST/DCIM/DJI_202602021352_006/DJI_20260202140230_0028_T.JPG,exact_base_name,0,2026-02-02 14:02:30,2026-02-02 14:02:30,22.338002777777778,114.26370555555556,496.644,4096.0,3072.0,640.0,512.0,ok,ok,candidate_only_no_visual_QA,Prioritized from existing inventory/metadata only; final pilot selection requires visual QA and Part B alignment review.
high,no,no,20260202_Thermal_HKUST/DCIM/DJI_202602021352_006::DJI_20260202140245_0029,DJI_20260202140245_0029,0029,HKUST,2026-02-02,20260202_Thermal_HKUST,DJI_202602021352_006,data/raw/HKUST/20260202_Thermal_HKUST/DCIM/DJI_202602021352_006/DJI_20260202140245_0029_V.JPG,data/raw/HKUST/20260202_Thermal_HKUST/DCIM/DJI_202602021352_006/DJI_20260202140245_0029_T.JPG,exact_base_name,0,2026-02-02 14:02:45,2026-02-02 14:02:45,22.339458333333333,114.26379166666666,496.449,4096.0,3072.0,640.0,512.0,ok,ok,candidate_only_no_visual_QA,Prioritized from existing inventory/metadata only; final pilot selection requires visual QA and Part B alignment review.
high,no,no,20260202_Thermal_HKUST/DCIM/DJI_202602021352_006::DJI_20260202140301_0030,DJI_20260202140301_0030,0030,HKUST,2026-02-02,20260202_Thermal_HKUST,DJI_202602021352_006,data/raw/HKUST/20260202_Thermal_HKUST/DCIM/DJI_202602021352_006/DJI_20260202140301_0030_V.JPG,data/raw/HKUST/20260202_Thermal_HKUST/DCIM/DJI_202602021352_006/DJI_20260202140301_0030_T.JPG,exact_base_name,0,2026-02-02 14:03:01,2026-02-02 14:03:01,22.340916666666665,114.26387777777778,496.668,4096.0,3072.0,640.0,512.0,ok,ok,candidate_only_no_visual_QA,Prioritized from existing inventory/metadata only; final pilot selection requires visual QA and Part B alignment review.
high,no,no,20260202_Thermal_HKUST/DCIM/DJI_202602021352_006::DJI_20260202140321_0031,DJI_20260202140321_0031,0031,HKUST,2026-02-02,20260202_Thermal_HKUST,DJI_202602021352_006,data/raw/HKUST/20260202_Thermal_HKUST/DCIM/DJI_202602021352_006/DJI_20260202140321_0031_V.JPG,data/raw/HKUST/20260202_Thermal_HKUST/DCIM/DJI_202602021352_006/DJI_20260202140321_0031_T.JPG,exact_base_name,0,2026-02-02 14:03:21,2026-02-02 14:03:21,22.340805555555555,114.26613888888889,496.666,4096.0,3072.0,640.0,512.0,ok,ok,candidate_only_no_visual_QA,Prioritized from existing inventory/metadata only; final pilot selection requires visual QA and Part B alignment review.
high,no,no,20260202_Thermal_HKUST/DCIM/DJI_202602021352_006::DJI_20260202140336_0032,DJI_20260202140336_0032,0032,HKUST,2026-02-02,20260202_Thermal_HKUST,DJI_202602021352_006,data/raw/HKUST/20260202_Thermal_HKUST/DCIM/DJI_202602021352_006/DJI_20260202140336_0032_V.JPG,data/raw/HKUST/20260202_Thermal_HKUST/DCIM/DJI_202602021352_006/DJI_20260202140336_0032_T.JPG,exact_base_name,0,2026-02-02 14:03:36,2026-02-02 14:03:36,22.339352777777776,114.26604722222223,496.227,4096.0,3072.0,640.0,512.0,ok,ok,candidate_only_no_visual_QA,Prioritized from existing inventory/metadata only; final pilot selection requires visual QA and Part B alignment review.
high,no,no,20260202_Thermal_HKUST/DCIM/DJI_202602021352_006::DJI_20260202140337_0033,DJI_20260202140337_0033,0033,HKUST,2026-02-02,20260202_Thermal_HKUST,DJI_202602021352_006,data/raw/HKUST/20260202_Thermal_HKUST/DCIM/DJI_202602021352_006/DJI_20260202140337_0033_V.JPG,data/raw/HKUST/20260202_Thermal_HKUST/DCIM/DJI_202602021352_006/DJI_20260202140337_0033_T.JPG,exact_base_name,0,2026-02-02 14:03:37,2026-02-02 14:03:37,22.33935,114.26604722222223,496.299,4096.0,3072.0,640.0,512.0,ok,ok,candidate_only_no_visual_QA,Prioritized from existing inventory/metadata only; final pilot selection requires visual QA and Part B alignment review.
high,no,no,20260202_Thermal_HKUST/DCIM/DJI_202602021352_006::DJI_20260202140352_0034,DJI_20260202140352_0034,0034,HKUST,2026-02-02,20260202_Thermal_HKUST,DJI_202602021352_006,data/raw/HKUST/20260202_Thermal_HKUST/DCIM/DJI_202602021352_006/DJI_20260202140352_0034_V.JPG,data/raw/HKUST/20260202_Thermal_HKUST/DCIM/DJI_202602021352_006/DJI_20260202140352_0034_T.JPG,exact_base_name,0,2026-02-02 14:03:52,2026-02-02 14:03:52,22.337941666666666,114.26596111111111,496.636,4096.0,3072.0,640.0,512.0,ok,ok,candidate_only_no_visual_QA,Prioritized from existing inventory/metadata only; final pilot selection requires visual QA and Part B alignment review.
high,no,no,20260202_Thermal_HKUST/DCIM/DJI_202602021352_006::DJI_20260202140405_0035,DJI_20260202140405_0035,0035,HKUST,2026-02-02,20260202_Thermal_HKUST,DJI_202602021352_006,data/raw/HKUST/20260202_Thermal_HKUST/DCIM/DJI_202602021352_006/DJI_20260202140405_0035_V.JPG,data/raw/HKUST/20260202_Thermal_HKUST/DCIM/DJI_202602021352_006/DJI_20260202140405_0035_T.JPG,exact_base_name,0,2026-02-02 14:04:05,2026-02-02 14:04:05,22.336930555555554,114.2659,496.864,4096.0,3072.0,640.0,512.0,ok,ok,candidate_only_no_visual_QA,Prioritized from existing inventory/metadata only; final pilot selection requires visual QA and Part B alignment review.
high,no,no,20260202_Thermal_HKUST/DCIM/DJI_202602021352_006::DJI_20260202140408_0037,DJI_20260202140408_0037,0037,HKUST,2026-02-02,20260202_Thermal_HKUST,DJI_202602021352_006,data/raw/HKUST/20260202_Thermal_HKUST/DCIM/DJI_202602021352_006/DJI_20260202140408_0037_V.JPG,data/raw/HKUST/20260202_Thermal_HKUST/DCIM/DJI_202602021352_006/DJI_20260202140408_0037_T.JPG,exact_base_name,0,2026-02-02 14:04:08,2026-02-02 14:04:08,22.33691111111111,114.2659,496.931,4096.0,3072.0,640.0,512.0,ok,ok,candidate_only_no_visual_QA,Prioritized from existing inventory/metadata only; final pilot selection requires visual QA and Part B alignment review.
high,no,no,20260202_Thermal_HKUST/DCIM/DJI_202602021352_006::DJI_20260202140422_0038,DJI_20260202140422_0038,0038,HKUST,2026-02-02,20260202_Thermal_HKUST,DJI_202602021352_006,data/raw/HKUST/20260202_Thermal_HKUST/DCIM/DJI_202602021352_006/DJI_20260202140422_0038_V.JPG,data/raw/HKUST/20260202_Thermal_HKUST/DCIM/DJI_202602021352_006/DJI_20260202140422_0038_T.JPG,exact_base_name,0,2026-02-02 14:04:22,2026-02-02 14:04:22,22.33566111111111,114.26582222222223,497.155,4096.0,3072.0,640.0,512.0,ok,ok,candidate_only_no_visual_QA,Prioritized from existing inventory/metadata only; final pilot selection requires visual QA and Part B alignment review.
high,no,no,20260202_Thermal_HKUST/DCIM/DJI_202602021352_006::DJI_20260202140449_0040,DJI_20260202140449_0040,0040,HKUST,2026-02-02,20260202_Thermal_HKUST,DJI_202602021352_006,data/raw/HKUST/20260202_Thermal_HKUST/DCIM/DJI_202602021352_006/DJI_20260202140449_0040_V.JPG,data/raw/HKUST/20260202_Thermal_HKUST/DCIM/DJI_202602021352_006/DJI_20260202140449_0040_T.JPG,exact_base_name,0,2026-02-02 14:04:49,2026-02-02 14:04:49,22.33326388888889,114.265675,497.312,4096.0,3072.0,640.0,512.0,ok,ok,candidate_only_no_visual_QA,Prioritized from existing inventory/metadata only; final pilot selection requires visual QA and Part B alignment review.
high,no,no,20260202_Thermal_HKUST/DCIM/DJI_202602021352_006::DJI_20260202140506_0041,DJI_20260202140506_0041,0041,HKUST,2026-02-02,20260202_Thermal_HKUST,DJI_202602021352_006,data/raw/HKUST/20260202_Thermal_HKUST/DCIM/DJI_202602021352_006/DJI_20260202140506_0041_V.JPG,data/raw/HKUST/20260202_Thermal_HKUST/DCIM/DJI_202602021352_006/DJI_20260202140506_0041_T.JPG,exact_base_name,0,2026-02-02 14:05:06,2026-02-02 14:05:06,22.331833333333332,114.26559444444445,497.387,4096.0,3072.0,640.0,512.0,ok,ok,candidate_only_no_visual_QA,Prioritized from existing inventory/metadata only; final pilot selection requires visual QA and Part B alignment review.
high,no,no,20260202_Thermal_HKUST/DCIM/DJI_202602021352_006::DJI_20260202140520_0042,DJI_20260202140520_0042,0042,HKUST,2026-02-02,20260202_Thermal_HKUST,DJI_202602021352_006,data/raw/HKUST/20260202_Thermal_HKUST/DCIM/DJI_202602021352_006/DJI_20260202140520_0042_V.JPG,data/raw/HKUST/20260202_Thermal_HKUST/DCIM/DJI_202602021352_006/DJI_20260202140520_0042_T.JPG,exact_base_name,0,2026-02-02 14:05:20,2026-02-02 14:05:20,22.330602777777777,114.26552777777778,497.499,4096.0,3072.0,640.0,512.0,ok,ok,candidate_only_no_visual_QA,Prioritized from existing inventory/metadata only; final pilot selection requires visual QA and Part B alignment review.
high,no,no,20260202_Thermal_HKUST/DCIM/DJI_202602021352_006::DJI_20260202140531_0043,DJI_20260202140531_0043,0043,HKUST,2026-02-02,20260202_Thermal_HKUST,DJI_202602021352_006,data/raw/HKUST/20260202_Thermal_HKUST/DCIM/DJI_202602021352_006/DJI_20260202140531_0043_V.JPG,data/raw/HKUST/20260202_Thermal_HKUST/DCIM/DJI_202602021352_006/DJI_20260202140531_0043_T.JPG,exact_base_name,0,2026-02-02 14:05:31,2026-02-02 14:05:31,22.3296,114.26546944444445,497.554,4096.0,3072.0,640.0,512.0,ok,ok,candidate_only_no_visual_QA,Prioritized from existing inventory/metadata only; final pilot selection requires visual QA and Part B alignment review.
high,no,no,20260202_Thermal_HKUST/DCIM/DJI_202602021352_006::DJI_20260202140539_0044,DJI_20260202140539_0044,0044,HKUST,2026-02-02,20260202_Thermal_HKUST,DJI_202602021352_006,data/raw/HKUST/20260202_Thermal_HKUST/DCIM/DJI_202602021352_006/DJI_20260202140539_0044_V.JPG,data/raw/HKUST/20260202_Thermal_HKUST/DCIM/DJI_202602021352_006/DJI_20260202140539_0044_T.JPG,exact_base_name,0,2026-02-02 14:05:39,2026-02-02 14:05:39,22.328916666666668,114.26543055555555,497.703,4096.0,3072.0,640.0,512.0,ok,ok,candidate_only_no_visual_QA,Prioritized from existing inventory/metadata only; final pilot selection requires visual QA and Part B alignment review.
high,no,no,20260202_Thermal_HKUST/DCIM/DJI_202602021352_006::DJI_20260202140635_0048,DJI_20260202140635_0048,0048,HKUST,2026-02-02,20260202_Thermal_HKUST,DJI_202602021352_006,data/raw/HKUST/20260202_Thermal_HKUST/DCIM/DJI_202602021352_006/DJI_20260202140635_0048_V.JPG,data/raw/HKUST/20260202_Thermal_HKUST/DCIM/DJI_202602021352_006/DJI_20260202140635_0048_T.JPG,exact_base_name,0,2026-02-02 14:06:35,2026-02-02 14:06:35,22.331777777777777,114.26757777777777,496.765,4096.0,3072.0,640.0,512.0,ok,ok,candidate_only_no_visual_QA,Prioritized from existing inventory/metadata only; final pilot selection requires visual QA and Part B alignment review.
high,no,no,20260202_Thermal_HKUST/DCIM/DJI_202602021352_006::DJI_20260202140650_0049,DJI_20260202140650_0049,0049,HKUST,2026-02-02,20260202_Thermal_HKUST,DJI_202602021352_006,data/raw/HKUST/20260202_Thermal_HKUST/DCIM/DJI_202602021352_006/DJI_20260202140650_0049_V.JPG,data/raw/HKUST/20260202_Thermal_HKUST/DCIM/DJI_202602021352_006/DJI_20260202140650_0049_T.JPG,exact_base_name,0,2026-02-02 14:06:50,2026-02-02 14:06:50,22.333277777777777,114.26766388888889,496.93,4096.0,3072.0,640.0,512.0,ok,ok,candidate_only_no_visual_QA,Prioritized from existing inventory/metadata only; final pilot selection requires visual QA and Part B alignment review.
high,no,no,20260202_Thermal_HKUST/DCIM/DJI_202602021352_006::DJI_20260202140709_0050,DJI_20260202140709_0050,0050,HKUST,2026-02-02,20260202_Thermal_HKUST,DJI_202602021352_006,data/raw/HKUST/20260202_Thermal_HKUST/DCIM/DJI_202602021352_006/DJI_20260202140709_0050_V.JPG,data/raw/HKUST/20260202_Thermal_HKUST/DCIM/DJI_202602021352_006/DJI_20260202140709_0050_T.JPG,exact_base_name,0,2026-02-02 14:07:09,2026-02-02 14:07:09,22.335216666666664,114.26785833333334,496.835,4096.0,3072.0,640.0,512.0,ok,ok,candidate_only_no_visual_QA,Prioritized from existing inventory/metadata only; final pilot selection requires visual QA and Part B alignment review.
high,no,no,20260202_Thermal_HKUST/DCIM/DJI_202602021352_006::DJI_20260202140725_0051,DJI_20260202140725_0051,0051,HKUST,2026-02-02,20260202_Thermal_HKUST,DJI_202602021352_006,data/raw/HKUST/20260202_Thermal_HKUST/DCIM/DJI_202602021352_006/DJI_20260202140725_0051_V.JPG,data/raw/HKUST/20260202_Thermal_HKUST/DCIM/DJI_202602021352_006/DJI_20260202140725_0051_T.JPG,exact_base_name,0,2026-02-02 14:07:25,2026-02-02 14:07:25,22.336694444444444,114.26794444444444,496.944,4096.0,3072.0,640.0,512.0,ok,ok,candidate_only_no_visual_QA,Prioritized from existing inventory/metadata only; final pilot selection requires visual QA and Part B alignment review.
high,no,no,20260202_Thermal_HKUST/DCIM/DJI_202602021352_006::DJI_20260202140740_0052,DJI_20260202140740_0052,0052,HKUST,2026-02-02,20260202_Thermal_HKUST,DJI_202602021352_006,data/raw/HKUST/20260202_Thermal_HKUST/DCIM/DJI_202602021352_006/DJI_20260202140740_0052_V.JPG,data/raw/HKUST/20260202_Thermal_HKUST/DCIM/DJI_202602021352_006/DJI_20260202140740_0052_T.JPG,exact_base_name,0,2026-02-02 14:07:40,2026-02-02 14:07:40,22.338091666666667,114.26802222222223,497.505,4096.0,3072.0,640.0,512.0,ok,ok,candidate_only_no_visual_QA,Prioritized from existing inventory/metadata only; final pilot selection requires visual QA and Part B alignment review.
high,no,no,20260202_Thermal_HKUST/DCIM/DJI_202602021352_006::DJI_20260202140750_0053,DJI_20260202140750_0053,0053,HKUST,2026-02-02,20260202_Thermal_HKUST,DJI_202602021352_006,data/raw/HKUST/20260202_Thermal_HKUST/DCIM/DJI_202602021352_006/DJI_20260202140750_0053_V.JPG,data/raw/HKUST/20260202_Thermal_HKUST/DCIM/DJI_202602021352_006/DJI_20260202140750_0053_T.JPG,exact_base_name,0,2026-02-02 14:07:50,2026-02-02 14:07:50,22.33898333333333,114.26807222222222,497.589,4096.0,3072.0,640.0,512.0,ok,ok,candidate_only_no_visual_QA,Prioritized from existing inventory/metadata only; final pilot selection requires visual QA and Part B alignment review.
high,no,no,20260202_Thermal_HKUST/DCIM/DJI_202602021352_006::DJI_20260202140815_0054,DJI_20260202140815_0054,0054,HKUST,2026-02-02,20260202_Thermal_HKUST,DJI_202602021352_006,data/raw/HKUST/20260202_Thermal_HKUST/DCIM/DJI_202602021352_006/DJI_20260202140815_0054_V.JPG,data/raw/HKUST/20260202_Thermal_HKUST/DCIM/DJI_202602021352_006/DJI_20260202140815_0054_T.JPG,exact_base_name,0,2026-02-02 14:08:15,2026-02-02 14:08:15,22.337238888888887,114.26865833333333,498.728,4096.0,3072.0,640.0,512.0,ok,ok,candidate_only_no_visual_QA,Prioritized from existing inventory/metadata only; final pilot selection requires visual QA and Part B alignment review.
high,no,no,20260202_Thermal_HKUST/DCIM/DJI_202602021352_006::DJI_20260202140833_0055,DJI_20260202140833_0055,0055,HKUST,2026-02-02,20260202_Thermal_HKUST,DJI_202602021352_006,data/raw/HKUST/20260202_Thermal_HKUST/DCIM/DJI_202602021352_006/DJI_20260202140833_0055_V.JPG,data/raw/HKUST/20260202_Thermal_HKUST/DCIM/DJI_202602021352_006/DJI_20260202140833_0055_T.JPG,exact_base_name,0,2026-02-02 14:08:33,2026-02-02 14:08:33,22.335766666666665,114.26868055555555,499.3,4096.0,3072.0,640.0,512.0,ok,ok,candidate_only_no_visual_QA,Prioritized from existing inventory/metadata only; final pilot selection requires visual QA and Part B alignment review.
high,no,no,20260202_Thermal_HKUST/DCIM/DJI_202602021352_006::DJI_20260202140850_0056,DJI_20260202140850_0056,0056,HKUST,2026-02-02,20260202_Thermal_HKUST,DJI_202602021352_006,data/raw/HKUST/20260202_Thermal_HKUST/DCIM/DJI_202602021352_006/DJI_20260202140850_0056_V.JPG,data/raw/HKUST/20260202_Thermal_HKUST/DCIM/DJI_202602021352_006/DJI_20260202140850_0056_T.JPG,exact_base_name,0,2026-02-02 14:08:50,2026-02-02 14:08:50,22.33426111111111,114.2692,499.611,4096.0,3072.0,640.0,512.0,ok,ok,candidate_only_no_visual_QA,Prioritized from existing inventory/metadata only; final pilot selection requires visual QA and Part B alignment review.
high,no,no,20260202_Thermal_HKUST/DCIM/DJI_202602021452_007::DJI_20260202145633_0001,DJI_20260202145633_0001,0001,HKUST,2026-02-02,20260202_Thermal_HKUST,DJI_202602021452_007,data/raw/HKUST/20260202_Thermal_HKUST/DCIM/DJI_202602021452_007/DJI_20260202145633_0001_V.JPG,data/raw/HKUST/20260202_Thermal_HKUST/DCIM/DJI_202602021452_007/DJI_20260202145633_0001_T.JPG,exact_base_name,0,2026-02-02 14:56:33,2026-02-02 14:56:33,22.33757222222222,114.26299722222222,498.988,4096.0,3072.0,640.0,512.0,ok,ok,candidate_only_no_visual_QA,Prioritized from existing inventory/metadata only; final pilot selection requires visual QA and Part B alignment review.
high,no,no,20260202_Thermal_HKUST/DCIM/DJI_202602021452_007::DJI_20260202145644_0002,DJI_20260202145644_0002,0002,HKUST,2026-02-02,20260202_Thermal_HKUST,DJI_202602021452_007,data/raw/HKUST/20260202_Thermal_HKUST/DCIM/DJI_202602021452_007/DJI_20260202145644_0002_V.JPG,data/raw/HKUST/20260202_Thermal_HKUST/DCIM/DJI_202602021452_007/DJI_20260202145644_0002_T.JPG,exact_base_name,0,2026-02-02 14:56:44,2026-02-02 14:56:44,22.338338888888888,114.26296111111111,498.644,4096.0,3072.0,640.0,512.0,ok,ok,candidate_only_no_visual_QA,Prioritized from existing inventory/metadata only; final pilot selection requires visual QA and Part B alignment review.
high,no,no,20260202_Thermal_HKUST/DCIM/DJI_202602021452_007::DJI_20260202145907_0003,DJI_20260202145907_0003,0003,HKUST,2026-02-02,20260202_Thermal_HKUST,DJI_202602021452_007,data/raw/HKUST/20260202_Thermal_HKUST/DCIM/DJI_202602021452_007/DJI_20260202145907_0003_V.JPG,data/raw/HKUST/20260202_Thermal_HKUST/DCIM/DJI_202602021452_007/DJI_20260202145907_0003_T.JPG,exact_base_name,0,2026-02-02 14:59:07,2026-02-02 14:59:07,22.33753611111111,114.26300833333333,498.315,4096.0,3072.0,640.0,512.0,ok,ok,candidate_only_no_visual_QA,Prioritized from existing inventory/metadata only; final pilot selection requires visual QA and Part B alignment review.
high,no,no,20260202_Thermal_HKUST/DCIM/DJI_202602021452_007::DJI_20260202145918_0004,DJI_20260202145918_0004,0004,HKUST,2026-02-02,20260202_Thermal_HKUST,DJI_202602021452_007,data/raw/HKUST/20260202_Thermal_HKUST/DCIM/DJI_202602021452_007/DJI_20260202145918_0004_V.JPG,data/raw/HKUST/20260202_Thermal_HKUST/DCIM/DJI_202602021452_007/DJI_20260202145918_0004_T.JPG,exact_base_name,0,2026-02-02 14:59:18,2026-02-02 14:59:18,22.33833333333333,114.26301388888889,498.28,4096.0,3072.0,640.0,512.0,ok,ok,candidate_only_no_visual_QA,Prioritized from existing inventory/metadata only; final pilot selection requires visual QA and Part B alignment review.
high,no,no,20260202_Thermal_HKUST/DCIM/DJI_202602021452_007::DJI_20260202145934_0005,DJI_20260202145934_0005,0005,HKUST,2026-02-02,20260202_Thermal_HKUST,DJI_202602021452_007,data/raw/HKUST/20260202_Thermal_HKUST/DCIM/DJI_202602021452_007/DJI_20260202145934_0005_V.JPG,data/raw/HKUST/20260202_Thermal_HKUST/DCIM/DJI_202602021452_007/DJI_20260202145934_0005_T.JPG,exact_base_name,0,2026-02-02 14:59:34,2026-02-02 14:59:34,22.339838888888888,114.263025,498.061,4096.0,3072.0,640.0,512.0,ok,ok,candidate_only_no_visual_QA,Prioritized from existing inventory/metadata only; final pilot selection requires visual QA and Part B alignment review.
high,no,no,20260202_Thermal_HKUST/DCIM/DJI_202602021452_007::DJI_20260202145949_0006,DJI_20260202145949_0006,0006,HKUST,2026-02-02,20260202_Thermal_HKUST,DJI_202602021452_007,data/raw/HKUST/20260202_Thermal_HKUST/DCIM/DJI_202602021452_007/DJI_20260202145949_0006_V.JPG,data/raw/HKUST/20260202_Thermal_HKUST/DCIM/DJI_202602021452_007/DJI_20260202145949_0006_T.JPG,exact_base_name,0,2026-02-02 14:59:49,2026-02-02 14:59:49,22.34080833333333,114.26302222222222,497.863,4096.0,3072.0,640.0,512.0,ok,ok,candidate_only_no_visual_QA,Prioritized from existing inventory/metadata only; final pilot selection requires visual QA and Part B alignment review.
high,no,no,20260202_Thermal_HKUST/DCIM/DJI_202602021452_007::DJI_20260202150002_0007,DJI_20260202150002_0007,0007,HKUST,2026-02-02,20260202_Thermal_HKUST,DJI_202602021452_007,data/raw/HKUST/20260202_Thermal_HKUST/DCIM/DJI_202602021452_007/DJI_20260202150002_0007_V.JPG,data/raw/HKUST/20260202_Thermal_HKUST/DCIM/DJI_202602021452_007/DJI_20260202150002_0007_T.JPG,exact_base_name,0,2026-02-02 15:00:02,2026-02-02 15:00:02,22.34081111111111,114.26165555555555,497.458,4096.0,3072.0,640.0,512.0,ok,ok,candidate_only_no_visual_QA,Prioritized from existing inventory/metadata only; final pilot selection requires visual QA and Part B alignment review.
high,no,no,20260202_Thermal_HKUST/DCIM/DJI_202602021452_007::DJI_20260202150013_0008,DJI_20260202150013_0008,0008,HKUST,2026-02-02,20260202_Thermal_HKUST,DJI_202602021452_007,data/raw/HKUST/20260202_Thermal_HKUST/DCIM/DJI_202602021452_007/DJI_20260202150013_0008_V.JPG,data/raw/HKUST/20260202_Thermal_HKUST/DCIM/DJI_202602021452_007/DJI_20260202150013_0008_T.JPG,exact_base_name,0,2026-02-02 15:00:13,2026-02-02 15:00:13,22.339977777777776,114.26163888888888,496.667,4096.0,3072.0,640.0,512.0,ok,ok,candidate_only_no_visual_QA,Prioritized from existing inventory/metadata only; final pilot selection requires visual QA and Part B alignment review.
high,no,no,20260202_Thermal_HKUST/DCIM/DJI_202602021452_007::DJI_20260202150027_0009,DJI_20260202150027_0009,0009,HKUST,2026-02-02,20260202_Thermal_HKUST,DJI_202602021452_007,data/raw/HKUST/20260202_Thermal_HKUST/DCIM/DJI_202602021452_007/DJI_20260202150027_0009_V.JPG,data/raw/HKUST/20260202_Thermal_HKUST/DCIM/DJI_202602021452_007/DJI_20260202150027_0009_T.JPG,exact_base_name,0,2026-02-02 15:00:27,2026-02-02 15:00:27,22.338569444444442,114.26163611111112,496.376,4096.0,3072.0,640.0,512.0,ok,ok,candidate_only_no_visual_QA,Prioritized from existing inventory/metadata only; final pilot selection requires visual QA and Part B alignment review.
high,no,no,20260202_Thermal_HKUST/DCIM/DJI_202602021452_007::DJI_20260202150043_0010,DJI_20260202150043_0010,0010,HKUST,2026-02-02,20260202_Thermal_HKUST,DJI_202602021452_007,data/raw/HKUST/20260202_Thermal_HKUST/DCIM/DJI_202602021452_007/DJI_20260202150043_0010_V.JPG,data/raw/HKUST/20260202_Thermal_HKUST/DCIM/DJI_202602021452_007/DJI_20260202150043_0010_T.JPG,exact_base_name,0,2026-02-02 15:00:43,2026-02-02 15:00:43,22.336938888888888,114.26163055555556,496.799,4096.0,3072.0,640.0,512.0,ok,ok,candidate_only_no_visual_QA,Prioritized from existing inventory/metadata only; final pilot selection requires visual QA and Part B alignment review.
high,no,no,20260202_Thermal_HKUST/DCIM/DJI_202602021452_007::DJI_20260202150058_0011,DJI_20260202150058_0011,0011,HKUST,2026-02-02,20260202_Thermal_HKUST,DJI_202602021452_007,data/raw/HKUST/20260202_Thermal_HKUST/DCIM/DJI_202602021452_007/DJI_20260202150058_0011_V.JPG,data/raw/HKUST/20260202_Thermal_HKUST/DCIM/DJI_202602021452_007/DJI_20260202150058_0011_T.JPG,exact_base_name,0,2026-02-02 15:00:58,2026-02-02 15:00:58,22.335527777777777,114.26161944444445,497.329,4096.0,3072.0,640.0,512.0,ok,ok,candidate_only_no_visual_QA,Prioritized from existing inventory/metadata only; final pilot selection requires visual QA and Part B alignment review.
high,no,no,20260202_Thermal_HKUST/DCIM/DJI_202602021452_007::DJI_20260202150114_0012,DJI_20260202150114_0012,0012,HKUST,2026-02-02,20260202_Thermal_HKUST,DJI_202602021452_007,data/raw/HKUST/20260202_Thermal_HKUST/DCIM/DJI_202602021452_007/DJI_20260202150114_0012_V.JPG,data/raw/HKUST/20260202_Thermal_HKUST/DCIM/DJI_202602021452_007/DJI_20260202150114_0012_T.JPG,exact_base_name,0,2026-02-02 15:01:14,2026-02-02 15:01:14,22.334119444444443,114.26160833333333,497.869,4096.0,3072.0,640.0,512.0,ok,ok,candidate_only_no_visual_QA,Prioritized from existing inventory/metadata only; final pilot selection requires visual QA and Part B alignment review.
high,no,no,20260202_Thermal_HKUST/DCIM/DJI_202602021452_007::DJI_20260202150124_0013,DJI_20260202150124_0013,0013,HKUST,2026-02-02,20260202_Thermal_HKUST,DJI_202602021452_007,data/raw/HKUST/20260202_Thermal_HKUST/DCIM/DJI_202602021452_007/DJI_20260202150124_0013_V.JPG,data/raw/HKUST/20260202_Thermal_HKUST/DCIM/DJI_202602021452_007/DJI_20260202150124_0013_T.JPG,exact_base_name,0,2026-02-02 15:01:24,2026-02-02 15:01:24,22.33333888888889,114.26160555555556,498.079,4096.0,3072.0,640.0,512.0,ok,ok,candidate_only_no_visual_QA,Prioritized from existing inventory/metadata only; final pilot selection requires visual QA and Part B alignment review.
high,no,no,20260202_Thermal_HKUST/DCIM/DJI_202602021452_007::DJI_20260202150137_0014,DJI_20260202150137_0014,0014,HKUST,2026-02-02,20260202_Thermal_HKUST,DJI_202602021452_007,data/raw/HKUST/20260202_Thermal_HKUST/DCIM/DJI_202602021452_007/DJI_20260202150137_0014_V.JPG,data/raw/HKUST/20260202_Thermal_HKUST/DCIM/DJI_202602021452_007/DJI_20260202150137_0014_T.JPG,exact_base_name,0,2026-02-02 15:01:37,2026-02-02 15:01:37,22.33203333333333,114.26157222222223,498.178,4096.0,3072.0,640.0,512.0,ok,ok,candidate_only_no_visual_QA,Prioritized from existing inventory/metadata only; final pilot selection requires visual QA and Part B alignment review.
high,no,no,20260202_Thermal_HKUST/DCIM/DJI_202602021452_007::DJI_20260202150149_0015,DJI_20260202150149_0015,0015,HKUST,2026-02-02,20260202_Thermal_HKUST,DJI_202602021452_007,data/raw/HKUST/20260202_Thermal_HKUST/DCIM/DJI_202602021452_007/DJI_20260202150149_0015_V.JPG,data/raw/HKUST/20260202_Thermal_HKUST/DCIM/DJI_202602021452_007/DJI_20260202150149_0015_T.JPG,exact_base_name,0,2026-02-02 15:01:49,2026-02-02 15:01:49,22.330916666666667,114.26156944444445,498.215,4096.0,3072.0,640.0,512.0,ok,ok,candidate_only_no_visual_QA,Prioritized from existing inventory/metadata only; final pilot selection requires visual QA and Part B alignment review.
high,no,no,20260202_Thermal_HKUST/DCIM/DJI_202602021452_007::DJI_20260202150202_0017,DJI_20260202150202_0017,0017,HKUST,2026-02-02,20260202_Thermal_HKUST,DJI_202602021452_007,data/raw/HKUST/20260202_Thermal_HKUST/DCIM/DJI_202602021452_007/DJI_20260202150202_0017_V.JPG,data/raw/HKUST/20260202_Thermal_HKUST/DCIM/DJI_202602021452_007/DJI_20260202150202_0017_T.JPG,exact_base_name,0,2026-02-02 15:02:02,2026-02-02 15:02:02,22.329775,114.26156666666667,498.395,4096.0,3072.0,640.0,512.0,ok,ok,candidate_only_no_visual_QA,Prioritized from existing inventory/metadata only; final pilot selection requires visual QA and Part B alignment review.
high,no,no,20260202_Thermal_HKUST/DCIM/DJI_202602021452_007::DJI_20260202150210_0018,DJI_20260202150210_0018,0018,HKUST,2026-02-02,20260202_Thermal_HKUST,DJI_202602021452_007,data/raw/HKUST/20260202_Thermal_HKUST/DCIM/DJI_202602021452_007/DJI_20260202150210_0018_V.JPG,data/raw/HKUST/20260202_Thermal_HKUST/DCIM/DJI_202602021452_007/DJI_20260202150210_0018_T.JPG,exact_base_name,0,2026-02-02 15:02:10,2026-02-02 15:02:10,22.32908611111111,114.26156388888889,498.339,4096.0,3072.0,640.0,512.0,ok,ok,candidate_only_no_visual_QA,Prioritized from existing inventory/metadata only; final pilot selection requires visual QA and Part B alignment review.
high,no,no,20260202_Thermal_HKUST/DCIM/DJI_202602021452_007::DJI_20260202150225_0019,DJI_20260202150225_0019,0019,HKUST,2026-02-02,20260202_Thermal_HKUST,DJI_202602021452_007,data/raw/HKUST/20260202_Thermal_HKUST/DCIM/DJI_202602021452_007/DJI_20260202150225_0019_V.JPG,data/raw/HKUST/20260202_Thermal_HKUST/DCIM/DJI_202602021452_007/DJI_20260202150225_0019_T.JPG,exact_base_name,0,2026-02-02 15:02:25,2026-02-02 15:02:25,22.32906388888889,114.26298888888888,498.533,4096.0,3072.0,640.0,512.0,ok,ok,candidate_only_no_visual_QA,Prioritized from existing inventory/metadata only; final pilot selection requires visual QA and Part B alignment review.
high,no,no,20260202_Thermal_HKUST/DCIM/DJI_202602021452_007::DJI_20260202150240_0020,DJI_20260202150240_0020,0020,HKUST,2026-02-02,20260202_Thermal_HKUST,DJI_202602021452_007,data/raw/HKUST/20260202_Thermal_HKUST/DCIM/DJI_202602021452_007/DJI_20260202150240_0020_V.JPG,data/raw/HKUST/20260202_Thermal_HKUST/DCIM/DJI_202602021452_007/DJI_20260202150240_0020_T.JPG,exact_base_name,0,2026-02-02 15:02:40,2026-02-02 15:02:40,22.330666666666666,114.26308055555556,498.519,4096.0,3072.0,640.0,512.0,ok,ok,candidate_only_no_visual_QA,Prioritized from existing inventory/metadata only; final pilot selection requires visual QA and Part B alignment review.
high,no,no,20260202_Thermal_HKUST/DCIM/DJI_202602021452_007::DJI_20260202150257_0022,DJI_20260202150257_0022,0022,HKUST,2026-02-02,20260202_Thermal_HKUST,DJI_202602021452_007,data/raw/HKUST/20260202_Thermal_HKUST/DCIM/DJI_202602021452_007/DJI_20260202150257_0022_V.JPG,data/raw/HKUST/20260202_Thermal_HKUST/DCIM/DJI_202602021452_007/DJI_20260202150257_0022_T.JPG,exact_base_name,0,2026-02-02 15:02:57,2026-02-02 15:02:57,22.33225,114.26308055555556,498.423,4096.0,3072.0,640.0,512.0,ok,ok,candidate_only_no_visual_QA,Prioritized from existing inventory/metadata only; final pilot selection requires visual QA and Part B alignment review.
high,no,no,20260202_Thermal_HKUST/DCIM/DJI_202602021452_007::DJI_20260202150339_0025,DJI_20260202150339_0025,0025,HKUST,2026-02-02,20260202_Thermal_HKUST,DJI_202602021452_007,data/raw/HKUST/20260202_Thermal_HKUST/DCIM/DJI_202602021452_007/DJI_20260202150339_0025_V.JPG,data/raw/HKUST/20260202_Thermal_HKUST/DCIM/DJI_202602021452_007/DJI_20260202150339_0025_T.JPG,exact_base_name,0,2026-02-02 15:03:39,2026-02-02 15:03:39,22.33598611111111,114.26305833333333,498.638,4096.0,3072.0,640.0,512.0,ok,ok,candidate_only_no_visual_QA,Prioritized from existing inventory/metadata only; final pilot selection requires visual QA and Part B alignment review.
high,no,no,20260202_Thermal_HKUST/DCIM/DJI_202602021452_007::DJI_20260202150355_0026,DJI_20260202150355_0026,0026,HKUST,2026-02-02,20260202_Thermal_HKUST,DJI_202602021452_007,data/raw/HKUST/20260202_Thermal_HKUST/DCIM/DJI_202602021452_007/DJI_20260202150355_0026_V.JPG,data/raw/HKUST/20260202_Thermal_HKUST/DCIM/DJI_202602021452_007/DJI_20260202150355_0026_T.JPG,exact_base_name,0,2026-02-02 15:03:55,2026-02-02 15:03:55,22.337516666666666,114.26306111111111,498.573,4096.0,3072.0,640.0,512.0,ok,ok,candidate_only_no_visual_QA,Prioritized from existing inventory/metadata only; final pilot selection requires visual QA and Part B alignment review.
high,no,no,20260202_Thermal_HKUST/DCIM/DJI_202602021452_007::DJI_20260202150412_0027,DJI_20260202150412_0027,0027,HKUST,2026-02-02,20260202_Thermal_HKUST,DJI_202602021452_007,data/raw/HKUST/20260202_Thermal_HKUST/DCIM/DJI_202602021452_007/DJI_20260202150412_0027_V.JPG,data/raw/HKUST/20260202_Thermal_HKUST/DCIM/DJI_202602021452_007/DJI_20260202150412_0027_T.JPG,exact_base_name,0,2026-02-02 15:04:12,2026-02-02 15:04:12,22.339122222222223,114.2630638888889,498.69,4096.0,3072.0,640.0,512.0,ok,ok,candidate_only_no_visual_QA,Prioritized from existing inventory/metadata only; final pilot selection requires visual QA and Part B alignment review.
high,no,no,20260202_Thermal_HKUST/DCIM/DJI_202602021452_007::DJI_20260202150427_0028,DJI_20260202150427_0028,0028,HKUST,2026-02-02,20260202_Thermal_HKUST,DJI_202602021452_007,data/raw/HKUST/20260202_Thermal_HKUST/DCIM/DJI_202602021452_007/DJI_20260202150427_0028_V.JPG,data/raw/HKUST/20260202_Thermal_HKUST/DCIM/DJI_202602021452_007/DJI_20260202150427_0028_T.JPG,exact_base_name,0,2026-02-02 15:04:27,2026-02-02 15:04:27,22.340588888888888,114.26303055555556,498.85,4096.0,3072.0,640.0,512.0,ok,ok,candidate_only_no_visual_QA,Prioritized from existing inventory/metadata only; final pilot selection requires visual QA and Part B alignment review.
high,no,no,20260202_Thermal_HKUST/DCIM/DJI_202602021452_007::DJI_20260202150445_0029,DJI_20260202150445_0029,0029,HKUST,2026-02-02,20260202_Thermal_HKUST,DJI_202602021452_007,data/raw/HKUST/20260202_Thermal_HKUST/DCIM/DJI_202602021452_007/DJI_20260202150445_0029_V.JPG,data/raw/HKUST/20260202_Thermal_HKUST/DCIM/DJI_202602021452_007/DJI_20260202150445_0029_T.JPG,exact_base_name,0,2026-02-02 15:04:45,2026-02-02 15:04:45,22.340577777777778,114.26485833333334,498.712,4096.0,3072.0,640.0,512.0,ok,ok,candidate_only_no_visual_QA,Prioritized from existing inventory/metadata only; final pilot selection requires visual QA and Part B alignment review.
high,no,no,20260202_Thermal_HKUST/DCIM/DJI_202602021452_007::DJI_20260202150459_0030,DJI_20260202150459_0030,0030,HKUST,2026-02-02,20260202_Thermal_HKUST,DJI_202602021452_007,data/raw/HKUST/20260202_Thermal_HKUST/DCIM/DJI_202602021452_007/DJI_20260202150459_0030_V.JPG,data/raw/HKUST/20260202_Thermal_HKUST/DCIM/DJI_202602021452_007/DJI_20260202150459_0030_T.JPG,exact_base_name,0,2026-02-02 15:04:59,2026-02-02 15:04:59,22.339277777777777,114.26484722222222,498.217,4096.0,3072.0,640.0,512.0,ok,ok,candidate_only_no_visual_QA,Prioritized from existing inventory/metadata only; final pilot selection requires visual QA and Part B alignment review.
high,no,no,20260202_Thermal_HKUST/DCIM/DJI_202602021452_007::DJI_20260202150532_0032,DJI_20260202150532_0032,0032,HKUST,2026-02-02,20260202_Thermal_HKUST,DJI_202602021452_007,data/raw/HKUST/20260202_Thermal_HKUST/DCIM/DJI_202602021452_007/DJI_20260202150532_0032_V.JPG,data/raw/HKUST/20260202_Thermal_HKUST/DCIM/DJI_202602021452_007/DJI_20260202150532_0032_T.JPG,exact_base_name,0,2026-02-02 15:05:32,2026-02-02 15:05:32,22.335963888888887,114.26483055555556,498.384,4096.0,3072.0,640.0,512.0,ok,ok,candidate_only_no_visual_QA,Prioritized from existing inventory/metadata only; final pilot selection requires visual QA and Part B alignment review.
high,no,no,20260202_Thermal_HKUST/DCIM/DJI_202602021452_007::DJI_20260202150548_0033,DJI_20260202150548_0033,0033,HKUST,2026-02-02,20260202_Thermal_HKUST,DJI_202602021452_007,data/raw/HKUST/20260202_Thermal_HKUST/DCIM/DJI_202602021452_007/DJI_20260202150548_0033_V.JPG,data/raw/HKUST/20260202_Thermal_HKUST/DCIM/DJI_202602021452_007/DJI_20260202150548_0033_T.JPG,exact_base_name,0,2026-02-02 15:05:48,2026-02-02 15:05:48,22.334366666666664,114.26482777777778,498.453,4096.0,3072.0,640.0,512.0,ok,ok,candidate_only_no_visual_QA,Prioritized from existing inventory/metadata only; final pilot selection requires visual QA and Part B alignment review.
high,no,no,20260202_Thermal_HKUST/DCIM/DJI_202602021452_007::DJI_20260202150604_0034,DJI_20260202150604_0034,0034,HKUST,2026-02-02,20260202_Thermal_HKUST,DJI_202602021452_007,data/raw/HKUST/20260202_Thermal_HKUST/DCIM/DJI_202602021452_007/DJI_20260202150604_0034_V.JPG,data/raw/HKUST/20260202_Thermal_HKUST/DCIM/DJI_202602021452_007/DJI_20260202150604_0034_T.JPG,exact_base_name,0,2026-02-02 15:06:04,2026-02-02 15:06:04,22.332880555555555,114.264825,498.602,4096.0,3072.0,640.0,512.0,ok,ok,candidate_only_no_visual_QA,Prioritized from existing inventory/metadata only; final pilot selection requires visual QA and Part B alignment review.
high,no,no,20260202_Thermal_HKUST/DCIM/DJI_202602021452_007::DJI_20260202150620_0035,DJI_20260202150620_0035,0035,HKUST,2026-02-02,20260202_Thermal_HKUST,DJI_202602021452_007,data/raw/HKUST/20260202_Thermal_HKUST/DCIM/DJI_202602021452_007/DJI_20260202150620_0035_V.JPG,data/raw/HKUST/20260202_Thermal_HKUST/DCIM/DJI_202602021452_007/DJI_20260202150620_0035_T.JPG,exact_base_name,0,2026-02-02 15:06:20,2026-02-02 15:06:20,22.331397222222222,114.26481666666666,498.858,4096.0,3072.0,640.0,512.0,ok,ok,candidate_only_no_visual_QA,Prioritized from existing inventory/metadata only; final pilot selection requires visual QA and Part B alignment review.
high,no,no,20260202_Thermal_HKUST/DCIM/DJI_202602021452_007::DJI_20260202150646_0037,DJI_20260202150646_0037,0037,HKUST,2026-02-02,20260202_Thermal_HKUST,DJI_202602021452_007,data/raw/HKUST/20260202_Thermal_HKUST/DCIM/DJI_202602021452_007/DJI_20260202150646_0037_V.JPG,data/raw/HKUST/20260202_Thermal_HKUST/DCIM/DJI_202602021452_007/DJI_20260202150646_0037_T.JPG,exact_base_name,0,2026-02-02 15:06:46,2026-02-02 15:06:46,22.32896111111111,114.26481111111111,499.094,4096.0,3072.0,640.0,512.0,ok,ok,candidate_only_no_visual_QA,Prioritized from existing inventory/metadata only; final pilot selection requires visual QA and Part B alignment review.
high,no,no,20260202_Thermal_HKUST/DCIM/DJI_202602021452_007::DJI_20260202150708_0039,DJI_20260202150708_0039,0039,HKUST,2026-02-02,20260202_Thermal_HKUST,DJI_202602021452_007,data/raw/HKUST/20260202_Thermal_HKUST/DCIM/DJI_202602021452_007/DJI_20260202150708_0039_V.JPG,data/raw/HKUST/20260202_Thermal_HKUST/DCIM/DJI_202602021452_007/DJI_20260202150708_0039_T.JPG,exact_base_name,0,2026-02-02 15:07:08,2026-02-02 15:07:08,22.327233333333332,114.26480833333333,499.156,4096.0,3072.0,640.0,512.0,ok,ok,candidate_only_no_visual_QA,Prioritized from existing inventory/metadata only; final pilot selection requires visual QA and Part B alignment review.
high,no,no,20260202_Thermal_HKUST/DCIM/DJI_202602021452_007::DJI_20260202150955_0040,DJI_20260202150955_0040,0040,HKUST,2026-02-02,20260202_Thermal_HKUST,DJI_202602021452_007,data/raw/HKUST/20260202_Thermal_HKUST/DCIM/DJI_202602021452_007/DJI_20260202150955_0040_V.JPG,data/raw/HKUST/20260202_Thermal_HKUST/DCIM/DJI_202602021452_007/DJI_20260202150955_0040_T.JPG,exact_base_name,0,2026-02-02 15:09:55,2026-02-02 15:09:55,22.33435833333333,114.26474444444445,499.672,4032.0,3024.0,640.0,512.0,ok,ok,candidate_only_no_visual_QA,Prioritized from existing inventory/metadata only; final pilot selection requires visual QA and Part B alignment review.
high,no,no,20260202_Thermal_HKUST/DCIM/DJI_202602021452_007::DJI_20260202151004_0042,DJI_20260202151004_0042,0042,HKUST,2026-02-02,20260202_Thermal_HKUST,DJI_202602021452_007,data/raw/HKUST/20260202_Thermal_HKUST/DCIM/DJI_202602021452_007/DJI_20260202151004_0042_V.JPG,data/raw/HKUST/20260202_Thermal_HKUST/DCIM/DJI_202602021452_007/DJI_20260202151004_0042_T.JPG,exact_base_name,0,2026-02-02 15:10:04,2026-02-02 15:10:04,22.33437222222222,114.26554722222222,500.118,4032.0,3024.0,640.0,512.0,ok,ok,candidate_only_no_visual_QA,Prioritized from existing inventory/metadata only; final pilot selection requires visual QA and Part B alignment review.
high,no,no,20260202_Thermal_HKUST/DCIM/DJI_202602021452_007::DJI_20260202151035_0043,DJI_20260202151035_0043,0043,HKUST,2026-02-02,20260202_Thermal_HKUST,DJI_202602021452_007,data/raw/HKUST/20260202_Thermal_HKUST/DCIM/DJI_202602021452_007/DJI_20260202151035_0043_V.JPG,data/raw/HKUST/20260202_Thermal_HKUST/DCIM/DJI_202602021452_007/DJI_20260202151035_0043_T.JPG,exact_base_name,0,2026-02-02 15:10:35,2026-02-02 15:10:35,22.331719444444445,114.2656361111111,499.936,4032.0,3024.0,640.0,512.0,ok,ok,candidate_only_no_visual_QA,Prioritized from existing inventory/metadata only; final pilot selection requires visual QA and Part B alignment review.
high,no,no,20260202_Thermal_HKUST/DCIM/DJI_202602021452_007::DJI_20260202151053_0045,DJI_20260202151053_0045,0045,HKUST,2026-02-02,20260202_Thermal_HKUST,DJI_202602021452_007,data/raw/HKUST/20260202_Thermal_HKUST/DCIM/DJI_202602021452_007/DJI_20260202151053_0045_V.JPG,data/raw/HKUST/20260202_Thermal_HKUST/DCIM/DJI_202602021452_007/DJI_20260202151053_0045_T.JPG,exact_base_name,0,2026-02-02 15:10:53,2026-02-02 15:10:53,22.333333333333332,114.26565833333333,499.953,4032.0,3024.0,640.0,512.0,ok,ok,candidate_only_no_visual_QA,Prioritized from existing inventory/metadata only; final pilot selection requires visual QA and Part B alignment review.
high,no,no,20260202_Thermal_HKUST/DCIM/DJI_202602021452_007::DJI_20260202151106_0046,DJI_20260202151106_0046,0046,HKUST,2026-02-02,20260202_Thermal_HKUST,DJI_202602021452_007,data/raw/HKUST/20260202_Thermal_HKUST/DCIM/DJI_202602021452_007/DJI_20260202151106_0046_V.JPG,data/raw/HKUST/20260202_Thermal_HKUST/DCIM/DJI_202602021452_007/DJI_20260202151106_0046_T.JPG,exact_base_name,0,2026-02-02 15:11:06,2026-02-02 15:11:06,22.33458611111111,114.26563055555556,500.285,4032.0,3024.0,640.0,512.0,ok,ok,candidate_only_no_visual_QA,Prioritized from existing inventory/metadata only; final pilot selection requires visual QA and Part B alignment review.
high,no,no,20260202_Thermal_HKUST/DCIM/DJI_202602021452_007::DJI_20260202151123_0047,DJI_20260202151123_0047,0047,HKUST,2026-02-02,20260202_Thermal_HKUST,DJI_202602021452_007,data/raw/HKUST/20260202_Thermal_HKUST/DCIM/DJI_202602021452_007/DJI_20260202151123_0047_V.JPG,data/raw/HKUST/20260202_Thermal_HKUST/DCIM/DJI_202602021452_007/DJI_20260202151123_0047_T.JPG,exact_base_name,0,2026-02-02 15:11:23,2026-02-02 15:11:23,22.336394444444444,114.26559166666667,500.252,4032.0,3024.0,640.0,512.0,ok,ok,candidate_only_no_visual_QA,Prioritized from existing inventory/metadata only; final pilot selection requires visual QA and Part B alignment review.
high,no,no,20260202_Thermal_HKUST/DCIM/DJI_202602021452_007::DJI_20260202151144_0048,DJI_20260202151144_0048,0048,HKUST,2026-02-02,20260202_Thermal_HKUST,DJI_202602021452_007,data/raw/HKUST/20260202_Thermal_HKUST/DCIM/DJI_202602021452_007/DJI_20260202151144_0048_V.JPG,data/raw/HKUST/20260202_Thermal_HKUST/DCIM/DJI_202602021452_007/DJI_20260202151144_0048_T.JPG,exact_base_name,0,2026-02-02 15:11:44,2026-02-02 15:11:44,22.33825,114.26555277777778,500.019,4032.0,3024.0,640.0,512.0,ok,ok,candidate_only_no_visual_QA,Prioritized from existing inventory/metadata only; final pilot selection requires visual QA and Part B alignment review.
high,no,no,20260202_Thermal_HKUST/DCIM/DJI_202602021452_007::DJI_20260202151154_0049,DJI_20260202151154_0049,0049,HKUST,2026-02-02,20260202_Thermal_HKUST,DJI_202602021452_007,data/raw/HKUST/20260202_Thermal_HKUST/DCIM/DJI_202602021452_007/DJI_20260202151154_0049_V.JPG,data/raw/HKUST/20260202_Thermal_HKUST/DCIM/DJI_202602021452_007/DJI_20260202151154_0049_T.JPG,exact_base_name,0,2026-02-02 15:11:54,2026-02-02 15:11:54,22.33897222222222,114.26553888888888,499.949,4032.0,3024.0,640.0,512.0,ok,ok,candidate_only_no_visual_QA,Prioritized from existing inventory/metadata only; final pilot selection requires visual QA and Part B alignment review.
high,no,no,20260202_Thermal_HKUST/DCIM/DJI_202602021452_007::DJI_20260202151203_0050,DJI_20260202151203_0050,0050,HKUST,2026-02-02,20260202_Thermal_HKUST,DJI_202602021452_007,data/raw/HKUST/20260202_Thermal_HKUST/DCIM/DJI_202602021452_007/DJI_20260202151203_0050_V.JPG,data/raw/HKUST/20260202_Thermal_HKUST/DCIM/DJI_202602021452_007/DJI_20260202151203_0050_T.JPG,exact_base_name,0,2026-02-02 15:12:03,2026-02-02 15:12:03,22.339025,114.26553888888888,499.853,4032.0,3024.0,640.0,512.0,ok,ok,candidate_only_no_visual_QA,Prioritized from existing inventory/metadata only; final pilot selection requires visual QA and Part B alignment review.
high,no,no,20260202_Thermal_HKUST/DCIM/DJI_202602021452_007::DJI_20260202151217_0051,DJI_20260202151217_0051,0051,HKUST,2026-02-02,20260202_Thermal_HKUST,DJI_202602021452_007,data/raw/HKUST/20260202_Thermal_HKUST/DCIM/DJI_202602021452_007/DJI_20260202151217_0051_V.JPG,data/raw/HKUST/20260202_Thermal_HKUST/DCIM/DJI_202602021452_007/DJI_20260202151217_0051_T.JPG,exact_base_name,0,2026-02-02 15:12:17,2026-02-02 15:12:17,22.34031111111111,114.26553055555556,500.047,4032.0,3024.0,640.0,512.0,ok,ok,candidate_only_no_visual_QA,Prioritized from existing inventory/metadata only; final pilot selection requires visual QA and Part B alignment review.
high,no,no,20260202_Thermal_HKUST/DCIM/DJI_202602021452_007::DJI_20260202151249_0053,DJI_20260202151249_0053,0053,HKUST,2026-02-02,20260202_Thermal_HKUST,DJI_202602021452_007,data/raw/HKUST/20260202_Thermal_HKUST/DCIM/DJI_202602021452_007/DJI_20260202151249_0053_V.JPG,data/raw/HKUST/20260202_Thermal_HKUST/DCIM/DJI_202602021452_007/DJI_20260202151249_0053_T.JPG,exact_base_name,0,2026-02-02 15:12:49,2026-02-02 15:12:49,22.341677777777775,114.26731666666666,500.009,4032.0,3024.0,640.0,512.0,ok,ok,candidate_only_no_visual_QA,Prioritized from existing inventory/metadata only; final pilot selection requires visual QA and Part B alignment review.
high,no,no,20260202_Thermal_HKUST/DCIM/DJI_202602021452_007::DJI_20260202151305_0054,DJI_20260202151305_0054,0054,HKUST,2026-02-02,20260202_Thermal_HKUST,DJI_202602021452_007,data/raw/HKUST/20260202_Thermal_HKUST/DCIM/DJI_202602021452_007/DJI_20260202151305_0054_V.JPG,data/raw/HKUST/20260202_Thermal_HKUST/DCIM/DJI_202602021452_007/DJI_20260202151305_0054_T.JPG,exact_base_name,0,2026-02-02 15:13:05,2026-02-02 15:13:05,22.340130555555554,114.26734444444445,499.927,4032.0,3024.0,640.0,512.0,ok,ok,candidate_only_no_visual_QA,Prioritized from existing inventory/metadata only; final pilot selection requires visual QA and Part B alignment review.
high,no,no,20260202_Thermal_HKUST/DCIM/DJI_202602021452_007::DJI_20260202151321_0055,DJI_20260202151321_0055,0055,HKUST,2026-02-02,20260202_Thermal_HKUST,DJI_202602021452_007,data/raw/HKUST/20260202_Thermal_HKUST/DCIM/DJI_202602021452_007/DJI_20260202151321_0055_V.JPG,data/raw/HKUST/20260202_Thermal_HKUST/DCIM/DJI_202602021452_007/DJI_20260202151321_0055_T.JPG,exact_base_name,0,2026-02-02 15:13:21,2026-02-02 15:13:21,22.33849722222222,114.26722222222222,499.926,4032.0,3024.0,640.0,512.0,ok,ok,candidate_only_no_visual_QA,Prioritized from existing inventory/metadata only; final pilot selection requires visual QA and Part B alignment review.
high,no,no,20260202_Thermal_HKUST/DCIM/DJI_202602021452_007::DJI_20260202151353_0057,DJI_20260202151353_0057,0057,HKUST,2026-02-02,20260202_Thermal_HKUST,DJI_202602021452_007,data/raw/HKUST/20260202_Thermal_HKUST/DCIM/DJI_202602021452_007/DJI_20260202151353_0057_V.JPG,data/raw/HKUST/20260202_Thermal_HKUST/DCIM/DJI_202602021452_007/DJI_20260202151353_0057_T.JPG,exact_base_name,0,2026-02-02 15:13:53,2026-02-02 15:13:53,22.33520833333333,114.26720555555555,499.899,4032.0,3024.0,640.0,512.0,ok,ok,candidate_only_no_visual_QA,Prioritized from existing inventory/metadata only; final pilot selection requires visual QA and Part B alignment review.
high,no,no,20260202_Thermal_HKUST/DCIM/DJI_202602021452_007::DJI_20260202151403_0058,DJI_20260202151403_0058,0058,HKUST,2026-02-02,20260202_Thermal_HKUST,DJI_202602021452_007,data/raw/HKUST/20260202_Thermal_HKUST/DCIM/DJI_202602021452_007/DJI_20260202151403_0058_V.JPG,data/raw/HKUST/20260202_Thermal_HKUST/DCIM/DJI_202602021452_007/DJI_20260202151403_0058_T.JPG,exact_base_name,0,2026-02-02 15:14:03,2026-02-02 15:14:03,22.334425,114.26721666666667,499.887,4032.0,3024.0,640.0,512.0,ok,ok,candidate_only_no_visual_QA,Prioritized from existing inventory/metadata only; final pilot selection requires visual QA and Part B alignment review.
high,no,no,20260202_Thermal_HKUST/DCIM/DJI_202602021452_007::DJI_20260202151425_0060,DJI_20260202151425_0060,0060,HKUST,2026-02-02,20260202_Thermal_HKUST,DJI_202602021452_007,data/raw/HKUST/20260202_Thermal_HKUST/DCIM/DJI_202602021452_007/DJI_20260202151425_0060_V.JPG,data/raw/HKUST/20260202_Thermal_HKUST/DCIM/DJI_202602021452_007/DJI_20260202151425_0060_T.JPG,exact_base_name,0,2026-02-02 15:14:25,2026-02-02 15:14:25,22.332675,114.26725277777777,499.885,4032.0,3024.0,640.0,512.0,ok,ok,candidate_only_no_visual_QA,Prioritized from existing inventory/metadata only; final pilot selection requires visual QA and Part B alignment review.
high,no,no,20260202_Thermal_HKUST/DCIM/DJI_202602021452_007::DJI_20260202151439_0061,DJI_20260202151439_0061,0061,HKUST,2026-02-02,20260202_Thermal_HKUST,DJI_202602021452_007,data/raw/HKUST/20260202_Thermal_HKUST/DCIM/DJI_202602021452_007/DJI_20260202151439_0061_V.JPG,data/raw/HKUST/20260202_Thermal_HKUST/DCIM/DJI_202602021452_007/DJI_20260202151439_0061_T.JPG,exact_base_name,0,2026-02-02 15:14:39,2026-02-02 15:14:39,22.332608333333333,114.26815277777777,499.924,4032.0,3024.0,640.0,512.0,ok,ok,candidate_only_no_visual_QA,Prioritized from existing inventory/metadata only; final pilot selection requires visual QA and Part B alignment review.
high,no,no,20260202_Thermal_HKUST/DCIM/DJI_202602021452_007::DJI_20260202151453_0062,DJI_20260202151453_0062,0062,HKUST,2026-02-02,20260202_Thermal_HKUST,DJI_202602021452_007,data/raw/HKUST/20260202_Thermal_HKUST/DCIM/DJI_202602021452_007/DJI_20260202151453_0062_V.JPG,data/raw/HKUST/20260202_Thermal_HKUST/DCIM/DJI_202602021452_007/DJI_20260202151453_0062_T.JPG,exact_base_name,0,2026-02-02 15:14:53,2026-02-02 15:14:53,22.333855555555555,114.26816388888889,500.039,4032.0,3024.0,640.0,512.0,ok,ok,candidate_only_no_visual_QA,Prioritized from existing inventory/metadata only; final pilot selection requires visual QA and Part B alignment review.
high,no,no,20260202_Thermal_HKUST/DCIM/DJI_202602021452_007::DJI_20260202151507_0063,DJI_20260202151507_0063,0063,HKUST,2026-02-02,20260202_Thermal_HKUST,DJI_202602021452_007,data/raw/HKUST/20260202_Thermal_HKUST/DCIM/DJI_202602021452_007/DJI_20260202151507_0063_V.JPG,data/raw/HKUST/20260202_Thermal_HKUST/DCIM/DJI_202602021452_007/DJI_20260202151507_0063_T.JPG,exact_base_name,0,2026-02-02 15:15:07,2026-02-02 15:15:07,22.335252777777775,114.2681361111111,500.623,4032.0,3024.0,640.0,512.0,ok,ok,candidate_only_no_visual_QA,Prioritized from existing inventory/metadata only; final pilot selection requires visual QA and Part B alignment review.
high,no,no,20260202_Thermal_HKUST/DCIM/DJI_202602021452_007::DJI_20260202151544_0066,DJI_20260202151544_0066,0066,HKUST,2026-02-02,20260202_Thermal_HKUST,DJI_202602021452_007,data/raw/HKUST/20260202_Thermal_HKUST/DCIM/DJI_202602021452_007/DJI_20260202151544_0066_V.JPG,data/raw/HKUST/20260202_Thermal_HKUST/DCIM/DJI_202602021452_007/DJI_20260202151544_0066_T.JPG,exact_base_name,0,2026-02-02 15:15:44,2026-02-02 15:15:44,22.338683333333332,114.26807222222222,499.756,4032.0,3024.0,640.0,512.0,ok,ok,candidate_only_no_visual_QA,Prioritized from existing inventory/metadata only; final pilot selection requires visual QA and Part B alignment review.
high,no,no,20260202_Thermal_HKUST/DCIM/DJI_202602021452_007::DJI_20260202151550_0067,DJI_20260202151550_0067,0067,HKUST,2026-02-02,20260202_Thermal_HKUST,DJI_202602021452_007,data/raw/HKUST/20260202_Thermal_HKUST/DCIM/DJI_202602021452_007/DJI_20260202151550_0067_V.JPG,data/raw/HKUST/20260202_Thermal_HKUST/DCIM/DJI_202602021452_007/DJI_20260202151550_0067_T.JPG,exact_base_name,0,2026-02-02 15:15:50,2026-02-02 15:15:50,22.3391,114.26806111111111,499.92,4032.0,3024.0,640.0,512.0,ok,ok,candidate_only_no_visual_QA,Prioritized from existing inventory/metadata only; final pilot selection requires visual QA and Part B alignment review.
high,no,no,20260202_Thermal_HKUST/DCIM/DJI_202602021452_007::DJI_20260202151613_0068,DJI_20260202151613_0068,0068,HKUST,2026-02-02,20260202_Thermal_HKUST,DJI_202602021452_007,data/raw/HKUST/20260202_Thermal_HKUST/DCIM/DJI_202602021452_007/DJI_20260202151613_0068_V.JPG,data/raw/HKUST/20260202_Thermal_HKUST/DCIM/DJI_202602021452_007/DJI_20260202151613_0068_T.JPG,exact_base_name,0,2026-02-02 15:16:13,2026-02-02 15:16:13,22.33754722222222,114.26892222222222,499.928,4032.0,3024.0,640.0,512.0,ok,ok,candidate_only_no_visual_QA,Prioritized from existing inventory/metadata only; final pilot selection requires visual QA and Part B alignment review.
high,no,no,20260202_Thermal_HKUST/DCIM/DJI_202602021452_007::DJI_20260202151628_0069,DJI_20260202151628_0069,0069,HKUST,2026-02-02,20260202_Thermal_HKUST,DJI_202602021452_007,data/raw/HKUST/20260202_Thermal_HKUST/DCIM/DJI_202602021452_007/DJI_20260202151628_0069_V.JPG,data/raw/HKUST/20260202_Thermal_HKUST/DCIM/DJI_202602021452_007/DJI_20260202151628_0069_T.JPG,exact_base_name,0,2026-02-02 15:16:28,2026-02-02 15:16:28,22.336194444444445,114.26895277777777,499.914,4032.0,3024.0,640.0,512.0,ok,ok,candidate_only_no_visual_QA,Prioritized from existing inventory/metadata only; final pilot selection requires visual QA and Part B alignment review.
high,no,no,20260202_Thermal_HKUST/DCIM/DJI_202602021452_007::DJI_20260202151629_0070,DJI_20260202151629_0070,0070,HKUST,2026-02-02,20260202_Thermal_HKUST,DJI_202602021452_007,data/raw/HKUST/20260202_Thermal_HKUST/DCIM/DJI_202602021452_007/DJI_20260202151629_0070_V.JPG,data/raw/HKUST/20260202_Thermal_HKUST/DCIM/DJI_202602021452_007/DJI_20260202151629_0070_T.JPG,exact_base_name,0,2026-02-02 15:16:29,2026-02-02 15:16:29,22.336194444444445,114.26895277777777,499.963,4032.0,3024.0,640.0,512.0,ok,ok,candidate_only_no_visual_QA,Prioritized from existing inventory/metadata only; final pilot selection requires visual QA and Part B alignment review.
high,no,no,20260202_Thermal_HKUST/DCIM/DJI_202602021452_007::DJI_20260202151641_0071,DJI_20260202151641_0071,0071,HKUST,2026-02-02,20260202_Thermal_HKUST,DJI_202602021452_007,data/raw/HKUST/20260202_Thermal_HKUST/DCIM/DJI_202602021452_007/DJI_20260202151641_0071_V.JPG,data/raw/HKUST/20260202_Thermal_HKUST/DCIM/DJI_202602021452_007/DJI_20260202151641_0071_T.JPG,exact_base_name,0,2026-02-02 15:16:41,2026-02-02 15:16:41,22.335102777777777,114.26897777777778,499.855,4032.0,3024.0,640.0,512.0,ok,ok,candidate_only_no_visual_QA,Prioritized from existing inventory/metadata only; final pilot selection requires visual QA and Part B alignment review.
high,no,no,20260202_Thermal_HKUST/DCIM/DJI_202602021556_008::DJI_20260202160129_0001,DJI_20260202160129_0001,0001,HKUST,2026-02-02,20260202_Thermal_HKUST,DJI_202602021556_008,data/raw/HKUST/20260202_Thermal_HKUST/DCIM/DJI_202602021556_008/DJI_20260202160129_0001_V.JPG,data/raw/HKUST/20260202_Thermal_HKUST/DCIM/DJI_202602021556_008/DJI_20260202160129_0001_T.JPG,exact_base_name,0,2026-02-02 16:01:29,2026-02-02 16:01:29,22.33761388888889,114.26299444444444,499.459,4096.0,3072.0,640.0,512.0,ok,ok,candidate_only_no_visual_QA,Prioritized from existing inventory/metadata only; final pilot selection requires visual QA and Part B alignment review.
high,no,no,20260202_Thermal_HKUST/DCIM/DJI_202602021556_008::DJI_20260202160200_0002,DJI_20260202160200_0002,0002,HKUST,2026-02-02,20260202_Thermal_HKUST,DJI_202602021556_008,data/raw/HKUST/20260202_Thermal_HKUST/DCIM/DJI_202602021556_008/DJI_20260202160200_0002_V.JPG,data/raw/HKUST/20260202_Thermal_HKUST/DCIM/DJI_202602021556_008/DJI_20260202160200_0002_T.JPG,exact_base_name,0,2026-02-02 16:02:00,2026-02-02 16:02:00,22.339144444444443,114.26299722222222,499.141,4096.0,3072.0,640.0,512.0,ok,ok,candidate_only_no_visual_QA,Prioritized from existing inventory/metadata only; final pilot selection requires visual QA and Part B alignment review.
high,no,no,20260202_Thermal_HKUST/DCIM/DJI_202602021556_008::DJI_20260202160220_0003,DJI_20260202160220_0003,0003,HKUST,2026-02-02,20260202_Thermal_HKUST,DJI_202602021556_008,data/raw/HKUST/20260202_Thermal_HKUST/DCIM/DJI_202602021556_008/DJI_20260202160220_0003_V.JPG,data/raw/HKUST/20260202_Thermal_HKUST/DCIM/DJI_202602021556_008/DJI_20260202160220_0003_T.JPG,exact_base_name,0,2026-02-02 16:02:20,2026-02-02 16:02:20,22.340141666666664,114.263,498.307,4096.0,3072.0,640.0,512.0,ok,ok,candidate_only_no_visual_QA,Prioritized from existing inventory/metadata only; final pilot selection requires visual QA and Part B alignment review.
high,no,no,20260202_Thermal_HKUST/DCIM/DJI_202602021556_008::DJI_20260202160241_0004,DJI_20260202160241_0004,0004,HKUST,2026-02-02,20260202_Thermal_HKUST,DJI_202602021556_008,data/raw/HKUST/20260202_Thermal_HKUST/DCIM/DJI_202602021556_008/DJI_20260202160241_0004_V.JPG,data/raw/HKUST/20260202_Thermal_HKUST/DCIM/DJI_202602021556_008/DJI_20260202160241_0004_T.JPG,exact_base_name,0,2026-02-02 16:02:41,2026-02-02 16:02:41,22.341666666666665,114.26299722222222,497.997,4096.0,3072.0,640.0,512.0,ok,ok,candidate_only_no_visual_QA,Prioritized from existing inventory/metadata only; final pilot selection requires visual QA and Part B alignment review.
high,no,no,20260202_Thermal_HKUST/DCIM/DJI_202602021556_008::DJI_20260202160327_0006,DJI_20260202160327_0006,0006,HKUST,2026-02-02,20260202_Thermal_HKUST,DJI_202602021556_008,data/raw/HKUST/20260202_Thermal_HKUST/DCIM/DJI_202602021556_008/DJI_20260202160327_0006_V.JPG,data/raw/HKUST/20260202_Thermal_HKUST/DCIM/DJI_202602021556_008/DJI_20260202160327_0006_T.JPG,exact_base_name,0,2026-02-02 16:03:27,2026-02-02 16:03:27,22.340249999999997,114.26168611111112,498.169,4096.0,3072.0,640.0,512.0,ok,ok,candidate_only_no_visual_QA,Prioritized from existing inventory/metadata only; final pilot selection requires visual QA and Part B alignment review.
high,no,no,20260202_Thermal_HKUST/DCIM/DJI_202602021556_008::DJI_20260202160400_0008,DJI_20260202160400_0008,0008,HKUST,2026-02-02,20260202_Thermal_HKUST,DJI_202602021556_008,data/raw/HKUST/20260202_Thermal_HKUST/DCIM/DJI_202602021556_008/DJI_20260202160400_0008_V.JPG,data/raw/HKUST/20260202_Thermal_HKUST/DCIM/DJI_202602021556_008/DJI_20260202160400_0008_T.JPG,exact_base_name,0,2026-02-02 16:04:00,2026-02-02 16:04:00,22.337680555555554,114.26168611111112,498.615,4096.0,3072.0,640.0,512.0,ok,ok,candidate_only_no_visual_QA,Prioritized from existing inventory/metadata only; final pilot selection requires visual QA and Part B alignment review.
high,no,no,20260202_Thermal_HKUST/DCIM/DJI_202602021556_008::DJI_20260202160416_0009,DJI_20260202160416_0009,0009,HKUST,2026-02-02,20260202_Thermal_HKUST,DJI_202602021556_008,data/raw/HKUST/20260202_Thermal_HKUST/DCIM/DJI_202602021556_008/DJI_20260202160416_0009_V.JPG,data/raw/HKUST/20260202_Thermal_HKUST/DCIM/DJI_202602021556_008/DJI_20260202160416_0009_T.JPG,exact_base_name,0,2026-02-02 16:04:16,2026-02-02 16:04:16,22.336294444444444,114.26168888888888,498.754,4096.0,3072.0,640.0,512.0,ok,ok,candidate_only_no_visual_QA,Prioritized from existing inventory/metadata only; final pilot selection requires visual QA and Part B alignment review.
high,no,no,20260202_Thermal_HKUST/DCIM/DJI_202602021556_008::DJI_20260202160434_0010,DJI_20260202160434_0010,0010,HKUST,2026-02-02,20260202_Thermal_HKUST,DJI_202602021556_008,data/raw/HKUST/20260202_Thermal_HKUST/DCIM/DJI_202602021556_008/DJI_20260202160434_0010_V.JPG,data/raw/HKUST/20260202_Thermal_HKUST/DCIM/DJI_202602021556_008/DJI_20260202160434_0010_T.JPG,exact_base_name,0,2026-02-02 16:04:34,2026-02-02 16:04:34,22.33501111111111,114.26168888888888,498.442,4096.0,3072.0,640.0,512.0,ok,ok,candidate_only_no_visual_QA,Prioritized from existing inventory/metadata only; final pilot selection requires visual QA and Part B alignment review.
high,no,no,20260202_Thermal_HKUST/DCIM/DJI_202602021556_008::DJI_20260202160452_0011,DJI_20260202160452_0011,0011,HKUST,2026-02-02,20260202_Thermal_HKUST,DJI_202602021556_008,data/raw/HKUST/20260202_Thermal_HKUST/DCIM/DJI_202602021556_008/DJI_20260202160452_0011_V.JPG,data/raw/HKUST/20260202_Thermal_HKUST/DCIM/DJI_202602021556_008/DJI_20260202160452_0011_T.JPG,exact_base_name,0,2026-02-02 16:04:52,2026-02-02 16:04:52,22.333675,114.26168888888888,498.365,4096.0,3072.0,640.0,512.0,ok,ok,candidate_only_no_visual_QA,Prioritized from existing inventory/metadata only; final pilot selection requires visual QA and Part B alignment review.
high,no,no,20260202_Thermal_HKUST/DCIM/DJI_202602021556_008::DJI_20260202160536_0013,DJI_20260202160536_0013,0013,HKUST,2026-02-02,20260202_Thermal_HKUST,DJI_202602021556_008,data/raw/HKUST/20260202_Thermal_HKUST/DCIM/DJI_202602021556_008/DJI_20260202160536_0013_V.JPG,data/raw/HKUST/20260202_Thermal_HKUST/DCIM/DJI_202602021556_008/DJI_20260202160536_0013_T.JPG,exact_base_name,0,2026-02-02 16:05:36,2026-02-02 16:05:36,22.333794444444443,114.26263333333333,498.573,4096.0,3072.0,640.0,512.0,ok,ok,candidate_only_no_visual_QA,Prioritized from existing inventory/metadata only; final pilot selection requires visual QA and Part B alignment review.
high,no,no,20260202_Thermal_HKUST/DCIM/DJI_202602021556_008::DJI_20260202160557_0014,DJI_20260202160557_0014,0014,HKUST,2026-02-02,20260202_Thermal_HKUST,DJI_202602021556_008,data/raw/HKUST/20260202_Thermal_HKUST/DCIM/DJI_202602021556_008/DJI_20260202160557_0014_V.JPG,data/raw/HKUST/20260202_Thermal_HKUST/DCIM/DJI_202602021556_008/DJI_20260202160557_0014_T.JPG,exact_base_name,0,2026-02-02 16:05:57,2026-02-02 16:05:57,22.333794444444443,114.26428333333334,498.956,4096.0,3072.0,640.0,512.0,ok,ok,candidate_only_no_visual_QA,Prioritized from existing inventory/metadata only; final pilot selection requires visual QA and Part B alignment review.
high,no,no,20260202_Thermal_HKUST/DCIM/DJI_202602021556_008::DJI_20260202160614_0015,DJI_20260202160614_0015,0015,HKUST,2026-02-02,20260202_Thermal_HKUST,DJI_202602021556_008,data/raw/HKUST/20260202_Thermal_HKUST/DCIM/DJI_202602021556_008/DJI_20260202160614_0015_V.JPG,data/raw/HKUST/20260202_Thermal_HKUST/DCIM/DJI_202602021556_008/DJI_20260202160614_0015_T.JPG,exact_base_name,0,2026-02-02 16:06:14,2026-02-02 16:06:14,22.33378611111111,114.26589444444444,499.097,4096.0,3072.0,640.0,512.0,ok,ok,candidate_only_no_visual_QA,Prioritized from existing inventory/metadata only; final pilot selection requires visual QA and Part B alignment review.
high,no,no,20260202_Thermal_HKUST/DCIM/DJI_202602021556_008::DJI_20260202160654_0017,DJI_20260202160654_0017,0017,HKUST,2026-02-02,20260202_Thermal_HKUST,DJI_202602021556_008,data/raw/HKUST/20260202_Thermal_HKUST/DCIM/DJI_202602021556_008/DJI_20260202160654_0017_V.JPG,data/raw/HKUST/20260202_Thermal_HKUST/DCIM/DJI_202602021556_008/DJI_20260202160654_0017_T.JPG,exact_base_name,0,2026-02-02 16:06:54,2026-02-02 16:06:54,22.333652777777775,114.2698861111111,498.892,4096.0,3072.0,640.0,512.0,ok,ok,candidate_only_no_visual_QA,Prioritized from existing inventory/metadata only; final pilot selection requires visual QA and Part B alignment review.
high,no,no,20260202_Thermal_HKUST/DCIM/DJI_202602021556_008::DJI_20260202160708_0018,DJI_20260202160708_0018,0018,HKUST,2026-02-02,20260202_Thermal_HKUST,DJI_202602021556_008,data/raw/HKUST/20260202_Thermal_HKUST/DCIM/DJI_202602021556_008/DJI_20260202160708_0018_V.JPG,data/raw/HKUST/20260202_Thermal_HKUST/DCIM/DJI_202602021556_008/DJI_20260202160708_0018_T.JPG,exact_base_name,0,2026-02-02 16:07:08,2026-02-02 16:07:08,22.33470277777778,114.2698861111111,498.817,4096.0,3072.0,640.0,512.0,ok,ok,candidate_only_no_visual_QA,Prioritized from existing inventory/metadata only; final pilot selection requires visual QA and Part B alignment review.
high,no,no,20260202_Thermal_HKUST/DCIM/DJI_202602021556_008::DJI_20260202160724_0019,DJI_20260202160724_0019,0019,HKUST,2026-02-02,20260202_Thermal_HKUST,DJI_202602021556_008,data/raw/HKUST/20260202_Thermal_HKUST/DCIM/DJI_202602021556_008/DJI_20260202160724_0019_V.JPG,data/raw/HKUST/20260202_Thermal_HKUST/DCIM/DJI_202602021556_008/DJI_20260202160724_0019_T.JPG,exact_base_name,0,2026-02-02 16:07:24,2026-02-02 16:07:24,22.335905555555556,114.26988333333333,499.129,4096.0,3072.0,640.0,512.0,ok,ok,candidate_only_no_visual_QA,Prioritized from existing inventory/metadata only; final pilot selection requires visual QA and Part B alignment review.
high,no,no,20260202_Thermal_HKUST/DCIM/DJI_202602021556_008::DJI_20260202160838_0020,DJI_20260202160838_0020,0020,HKUST,2026-02-02,20260202_Thermal_HKUST,DJI_202602021556_008,data/raw/HKUST/20260202_Thermal_HKUST/DCIM/DJI_202602021556_008/DJI_20260202160838_0020_V.JPG,data/raw/HKUST/20260202_Thermal_HKUST/DCIM/DJI_202602021556_008/DJI_20260202160838_0020_T.JPG,exact_base_name,0,2026-02-02 16:08:38,2026-02-02 16:08:38,22.335338888888888,114.268125,499.154,4096.0,3072.0,640.0,512.0,ok,ok,candidate_only_no_visual_QA,Prioritized from existing inventory/metadata only; final pilot selection requires visual QA and Part B alignment review.
high,no,no,20260202_Thermal_HKUST/DCIM/DJI_202602021556_008::DJI_20260202160851_0021,DJI_20260202160851_0021,0021,HKUST,2026-02-02,20260202_Thermal_HKUST,DJI_202602021556_008,data/raw/HKUST/20260202_Thermal_HKUST/DCIM/DJI_202602021556_008/DJI_20260202160851_0021_V.JPG,data/raw/HKUST/20260202_Thermal_HKUST/DCIM/DJI_202602021556_008/DJI_20260202160851_0021_T.JPG,exact_base_name,0,2026-02-02 16:08:51,2026-02-02 16:08:51,22.33533611111111,114.26705277777778,498.616,4096.0,3072.0,640.0,512.0,ok,ok,candidate_only_no_visual_QA,Prioritized from existing inventory/metadata only; final pilot selection requires visual QA and Part B alignment review.
high,no,no,20260202_Thermal_HKUST/DCIM/DJI_202602021556_008::DJI_20260202160919_0022,DJI_20260202160919_0022,0022,HKUST,2026-02-02,20260202_Thermal_HKUST,DJI_202602021556_008,data/raw/HKUST/20260202_Thermal_HKUST/DCIM/DJI_202602021556_008/DJI_20260202160919_0022_V.JPG,data/raw/HKUST/20260202_Thermal_HKUST/DCIM/DJI_202602021556_008/DJI_20260202160919_0022_T.JPG,exact_base_name,0,2026-02-02 16:09:19,2026-02-02 16:09:19,22.33533611111111,114.26540555555556,499.213,4096.0,3072.0,640.0,512.0,ok,ok,candidate_only_no_visual_QA,Prioritized from existing inventory/metadata only; final pilot selection requires visual QA and Part B alignment review.
high,no,no,20260202_Thermal_HKUST/DCIM/DJI_202602021556_008::DJI_20260202160935_0023,DJI_20260202160935_0023,0023,HKUST,2026-02-02,20260202_Thermal_HKUST,DJI_202602021556_008,data/raw/HKUST/20260202_Thermal_HKUST/DCIM/DJI_202602021556_008/DJI_20260202160935_0023_V.JPG,data/raw/HKUST/20260202_Thermal_HKUST/DCIM/DJI_202602021556_008/DJI_20260202160935_0023_T.JPG,exact_base_name,0,2026-02-02 16:09:35,2026-02-02 16:09:35,22.335313888888887,114.26386388888889,500.003,4096.0,3072.0,640.0,512.0,ok,ok,candidate_only_no_visual_QA,Prioritized from existing inventory/metadata only; final pilot selection requires visual QA and Part B alignment review.
high,no,no,20260202_Thermal_HKUST/DCIM/DJI_202602021556_008::DJI_20260202160951_0024,DJI_20260202160951_0024,0024,HKUST,2026-02-02,20260202_Thermal_HKUST,DJI_202602021556_008,data/raw/HKUST/20260202_Thermal_HKUST/DCIM/DJI_202602021556_008/DJI_20260202160951_0024_V.JPG,data/raw/HKUST/20260202_Thermal_HKUST/DCIM/DJI_202602021556_008/DJI_20260202160951_0024_T.JPG,exact_base_name,0,2026-02-02 16:09:51,2026-02-02 16:09:51,22.335288888888886,114.2624111111111,500.079,4096.0,3072.0,640.0,512.0,ok,ok,candidate_only_no_visual_QA,Prioritized from existing inventory/metadata only; final pilot selection requires visual QA and Part B alignment review.
high,no,no,20260202_Thermal_HKUST/DCIM/DJI_202602021556_008::DJI_20260202161009_0025,DJI_20260202161009_0025,0025,HKUST,2026-02-02,20260202_Thermal_HKUST,DJI_202602021556_008,data/raw/HKUST/20260202_Thermal_HKUST/DCIM/DJI_202602021556_008/DJI_20260202161009_0025_V.JPG,data/raw/HKUST/20260202_Thermal_HKUST/DCIM/DJI_202602021556_008/DJI_20260202161009_0025_T.JPG,exact_base_name,0,2026-02-02 16:10:09,2026-02-02 16:10:09,22.33526111111111,114.26063611111111,499.963,4096.0,3072.0,640.0,512.0,ok,ok,candidate_only_no_visual_QA,Prioritized from existing inventory/metadata only; final pilot selection requires visual QA and Part B alignment review.
high,no,no,20260202_Thermal_HKUST/DCIM/DJI_202602021556_008::DJI_20260202161050_0026,DJI_20260202161050_0026,0026,HKUST,2026-02-02,20260202_Thermal_HKUST,DJI_202602021556_008,data/raw/HKUST/20260202_Thermal_HKUST/DCIM/DJI_202602021556_008/DJI_20260202161050_0026_V.JPG,data/raw/HKUST/20260202_Thermal_HKUST/DCIM/DJI_202602021556_008/DJI_20260202161050_0026_T.JPG,exact_base_name,0,2026-02-02 16:10:50,2026-02-02 16:10:50,22.336527777777775,114.26173888888889,498.975,4096.0,3072.0,640.0,512.0,ok,ok,candidate_only_no_visual_QA,Prioritized from existing inventory/metadata only; final pilot selection requires visual QA and Part B alignment review.
high,no,no,20260202_Thermal_HKUST/DCIM/DJI_202602021556_008::DJI_20260202161105_0027,DJI_20260202161105_0027,0027,HKUST,2026-02-02,20260202_Thermal_HKUST,DJI_202602021556_008,data/raw/HKUST/20260202_Thermal_HKUST/DCIM/DJI_202602021556_008/DJI_20260202161105_0027_V.JPG,data/raw/HKUST/20260202_Thermal_HKUST/DCIM/DJI_202602021556_008/DJI_20260202161105_0027_T.JPG,exact_base_name,0,2026-02-02 16:11:05,2026-02-02 16:11:05,22.336541666666665,114.26303888888889,498.999,4096.0,3072.0,640.0,512.0,ok,ok,candidate_only_no_visual_QA,Prioritized from existing inventory/metadata only; final pilot selection requires visual QA and Part B alignment review.
high,no,no,20260202_Thermal_HKUST/DCIM/DJI_202602021556_008::DJI_20260202161123_0028,DJI_20260202161123_0028,0028,HKUST,2026-02-02,20260202_Thermal_HKUST,DJI_202602021556_008,data/raw/HKUST/20260202_Thermal_HKUST/DCIM/DJI_202602021556_008/DJI_20260202161123_0028_V.JPG,data/raw/HKUST/20260202_Thermal_HKUST/DCIM/DJI_202602021556_008/DJI_20260202161123_0028_T.JPG,exact_base_name,0,2026-02-02 16:11:23,2026-02-02 16:11:23,22.33656111111111,114.26492222222222,498.905,4096.0,3072.0,640.0,512.0,ok,ok,candidate_only_no_visual_QA,Prioritized from existing inventory/metadata only; final pilot selection requires visual QA and Part B alignment review.
high,no,no,20260202_Thermal_HKUST/DCIM/DJI_202602021556_008::DJI_20260202161143_0029,DJI_20260202161143_0029,0029,HKUST,2026-02-02,20260202_Thermal_HKUST,DJI_202602021556_008,data/raw/HKUST/20260202_Thermal_HKUST/DCIM/DJI_202602021556_008/DJI_20260202161143_0029_V.JPG,data/raw/HKUST/20260202_Thermal_HKUST/DCIM/DJI_202602021556_008/DJI_20260202161143_0029_T.JPG,exact_base_name,0,2026-02-02 16:11:43,2026-02-02 16:11:43,22.336577777777777,114.26706944444445,498.767,4096.0,3072.0,640.0,512.0,ok,ok,candidate_only_no_visual_QA,Prioritized from existing inventory/metadata only; final pilot selection requires visual QA and Part B alignment review.
high,no,no,20260202_Thermal_HKUST/DCIM/DJI_202602021556_008::DJI_20260202161228_0031,DJI_20260202161228_0031,0031,HKUST,2026-02-02,20260202_Thermal_HKUST,DJI_202602021556_008,data/raw/HKUST/20260202_Thermal_HKUST/DCIM/DJI_202602021556_008/DJI_20260202161228_0031_V.JPG,data/raw/HKUST/20260202_Thermal_HKUST/DCIM/DJI_202602021556_008/DJI_20260202161228_0031_T.JPG,exact_base_name,0,2026-02-02 16:12:28,2026-02-02 16:12:28,22.338099999999997,114.26858888888889,499.768,4096.0,3072.0,640.0,512.0,ok,ok,candidate_only_no_visual_QA,Prioritized from existing inventory/metadata only; final pilot selection requires visual QA and Part B alignment review.
high,no,no,20260202_Thermal_HKUST/DCIM/DJI_202602021556_008::DJI_20260202161240_0032,DJI_20260202161240_0032,0032,HKUST,2026-02-02,20260202_Thermal_HKUST,DJI_202602021556_008,data/raw/HKUST/20260202_Thermal_HKUST/DCIM/DJI_202602021556_008/DJI_20260202161240_0032_V.JPG,data/raw/HKUST/20260202_Thermal_HKUST/DCIM/DJI_202602021556_008/DJI_20260202161240_0032_T.JPG,exact_base_name,0,2026-02-02 16:12:40,2026-02-02 16:12:40,22.338083333333334,114.26751388888889,499.941,4096.0,3072.0,640.0,512.0,ok,ok,candidate_only_no_visual_QA,Prioritized from existing inventory/metadata only; final pilot selection requires visual QA and Part B alignment review.
high,no,no,20260202_Thermal_HKUST/DCIM/DJI_202602021556_008::DJI_20260202161255_0033,DJI_20260202161255_0033,0033,HKUST,2026-02-02,20260202_Thermal_HKUST,DJI_202602021556_008,data/raw/HKUST/20260202_Thermal_HKUST/DCIM/DJI_202602021556_008/DJI_20260202161255_0033_V.JPG,data/raw/HKUST/20260202_Thermal_HKUST/DCIM/DJI_202602021556_008/DJI_20260202161255_0033_T.JPG,exact_base_name,0,2026-02-02 16:12:55,2026-02-02 16:12:55,22.33806111111111,114.2661138888889,500.029,4096.0,3072.0,640.0,512.0,ok,ok,candidate_only_no_visual_QA,Prioritized from existing inventory/metadata only; final pilot selection requires visual QA and Part B alignment review.
high,no,no,20260202_Thermal_HKUST/DCIM/DJI_202602021556_008::DJI_20260202161332_0035,DJI_20260202161332_0035,0035,HKUST,2026-02-02,20260202_Thermal_HKUST,DJI_202602021556_008,data/raw/HKUST/20260202_Thermal_HKUST/DCIM/DJI_202602021556_008/DJI_20260202161332_0035_V.JPG,data/raw/HKUST/20260202_Thermal_HKUST/DCIM/DJI_202602021556_008/DJI_20260202161332_0035_T.JPG,exact_base_name,0,2026-02-02 16:13:32,2026-02-02 16:13:32,22.338027777777775,114.2629,499.429,4096.0,3072.0,640.0,512.0,ok,ok,candidate_only_no_visual_QA,Prioritized from existing inventory/metadata only; final pilot selection requires visual QA and Part B alignment review.
high,no,no,20260202_Thermal_HKUST/DCIM/DJI_202602021556_008::DJI_20260202161413_0036,DJI_20260202161413_0036,0036,HKUST,2026-02-02,20260202_Thermal_HKUST,DJI_202602021556_008,data/raw/HKUST/20260202_Thermal_HKUST/DCIM/DJI_202602021556_008/DJI_20260202161413_0036_V.JPG,data/raw/HKUST/20260202_Thermal_HKUST/DCIM/DJI_202602021556_008/DJI_20260202161413_0036_T.JPG,exact_base_name,0,2026-02-02 16:14:13,2026-02-02 16:14:13,22.339299999999998,114.26094722222223,498.326,4096.0,3072.0,640.0,512.0,ok,ok,candidate_only_no_visual_QA,Prioritized from existing inventory/metadata only; final pilot selection requires visual QA and Part B alignment review.
high,no,no,20260202_Thermal_HKUST/DCIM/DJI_202602021556_008::DJI_20260202161454_0038,DJI_20260202161454_0038,0038,HKUST,2026-02-02,20260202_Thermal_HKUST,DJI_202602021556_008,data/raw/HKUST/20260202_Thermal_HKUST/DCIM/DJI_202602021556_008/DJI_20260202161454_0038_V.JPG,data/raw/HKUST/20260202_Thermal_HKUST/DCIM/DJI_202602021556_008/DJI_20260202161454_0038_T.JPG,exact_base_name,0,2026-02-02 16:14:54,2026-02-02 16:14:54,22.33993333333333,114.26215,498.538,4096.0,3072.0,640.0,512.0,ok,ok,candidate_only_no_visual_QA,Prioritized from existing inventory/metadata only; final pilot selection requires visual QA and Part B alignment review.
high,no,no,20260202_Thermal_HKUST/DCIM/DJI_202602021556_008::DJI_20260202161532_0040,DJI_20260202161532_0040,0040,HKUST,2026-02-02,20260202_Thermal_HKUST,DJI_202602021556_008,data/raw/HKUST/20260202_Thermal_HKUST/DCIM/DJI_202602021556_008/DJI_20260202161532_0040_V.JPG,data/raw/HKUST/20260202_Thermal_HKUST/DCIM/DJI_202602021556_008/DJI_20260202161532_0040_T.JPG,exact_base_name,0,2026-02-02 16:15:32,2026-02-02 16:15:32,22.339425,114.26473888888889,498.848,4096.0,3072.0,640.0,512.0,ok,ok,candidate_only_no_visual_QA,Prioritized from existing inventory/metadata only; final pilot selection requires visual QA and Part B alignment review.
high,no,no,20260202_Thermal_HKUST/DCIM/DJI_202602021556_008::DJI_20260202161549_0041,DJI_20260202161549_0041,0041,HKUST,2026-02-02,20260202_Thermal_HKUST,DJI_202602021556_008,data/raw/HKUST/20260202_Thermal_HKUST/DCIM/DJI_202602021556_008/DJI_20260202161549_0041_V.JPG,data/raw/HKUST/20260202_Thermal_HKUST/DCIM/DJI_202602021556_008/DJI_20260202161549_0041_T.JPG,exact_base_name,0,2026-02-02 16:15:49,2026-02-02 16:15:49,22.339433333333332,114.26643333333334,498.814,4096.0,3072.0,640.0,512.0,ok,ok,candidate_only_no_visual_QA,Prioritized from existing inventory/metadata only; final pilot selection requires visual QA and Part B alignment review.
high,no,no,20260202_Thermal_HKUST/DCIM/DJI_202602021556_008::DJI_20260202161611_0042,DJI_20260202161611_0042,0042,HKUST,2026-02-02,20260202_Thermal_HKUST,DJI_202602021556_008,data/raw/HKUST/20260202_Thermal_HKUST/DCIM/DJI_202602021556_008/DJI_20260202161611_0042_V.JPG,data/raw/HKUST/20260202_Thermal_HKUST/DCIM/DJI_202602021556_008/DJI_20260202161611_0042_T.JPG,exact_base_name,0,2026-02-02 16:16:11,2026-02-02 16:16:11,22.340658333333334,114.26641111111111,498.661,4096.0,3072.0,640.0,512.0,ok,ok,candidate_only_no_visual_QA,Prioritized from existing inventory/metadata only; final pilot selection requires visual QA and Part B alignment review.
high,no,no,20260202_Thermal_HKUST/DCIM/DJI_202602021556_008::DJI_20260202161629_0043,DJI_20260202161629_0043,0043,HKUST,2026-02-02,20260202_Thermal_HKUST,DJI_202602021556_008,data/raw/HKUST/20260202_Thermal_HKUST/DCIM/DJI_202602021556_008/DJI_20260202161629_0043_V.JPG,data/raw/HKUST/20260202_Thermal_HKUST/DCIM/DJI_202602021556_008/DJI_20260202161629_0043_T.JPG,exact_base_name,0,2026-02-02 16:16:29,2026-02-02 16:16:29,22.340630555555553,114.26443333333333,498.738,4096.0,3072.0,640.0,512.0,ok,ok,candidate_only_no_visual_QA,Prioritized from existing inventory/metadata only; final pilot selection requires visual QA and Part B alignment review.
high,no,no,20260202_Thermal_HKUST/DCIM/DJI_202602021556_008::DJI_20260202161643_0044,DJI_20260202161643_0044,0044,HKUST,2026-02-02,20260202_Thermal_HKUST,DJI_202602021556_008,data/raw/HKUST/20260202_Thermal_HKUST/DCIM/DJI_202602021556_008/DJI_20260202161643_0044_V.JPG,data/raw/HKUST/20260202_Thermal_HKUST/DCIM/DJI_202602021556_008/DJI_20260202161643_0044_T.JPG,exact_base_name,0,2026-02-02 16:16:43,2026-02-02 16:16:43,22.34061111111111,114.26325555555556,498.61,4096.0,3072.0,640.0,512.0,ok,ok,candidate_only_no_visual_QA,Prioritized from existing inventory/metadata only; final pilot selection requires visual QA and Part B alignment review.
high,no,no,20260202_Thermal_HKUST/DCIM/DJI_202602021556_008::DJI_20260202161658_0045,DJI_20260202161658_0045,0045,HKUST,2026-02-02,20260202_Thermal_HKUST,DJI_202602021556_008,data/raw/HKUST/20260202_Thermal_HKUST/DCIM/DJI_202602021556_008/DJI_20260202161658_0045_V.JPG,data/raw/HKUST/20260202_Thermal_HKUST/DCIM/DJI_202602021556_008/DJI_20260202161658_0045_T.JPG,exact_base_name,0,2026-02-02 16:16:58,2026-02-02 16:16:58,22.340588888888888,114.26179166666667,498.37,4096.0,3072.0,640.0,512.0,ok,ok,candidate_only_no_visual_QA,Prioritized from existing inventory/metadata only; final pilot selection requires visual QA and Part B alignment review.
high,no,no,20260202_Thermal_HKUST/DCIM/DJI_202602021556_008::DJI_20260202161712_0046,DJI_20260202161712_0046,0046,HKUST,2026-02-02,20260202_Thermal_HKUST,DJI_202602021556_008,data/raw/HKUST/20260202_Thermal_HKUST/DCIM/DJI_202602021556_008/DJI_20260202161712_0046_V.JPG,data/raw/HKUST/20260202_Thermal_HKUST/DCIM/DJI_202602021556_008/DJI_20260202161712_0046_T.JPG,exact_base_name,0,2026-02-02 16:17:12,2026-02-02 16:17:12,22.340569444444444,114.26044444444445,498.318,4096.0,3072.0,640.0,512.0,ok,ok,candidate_only_no_visual_QA,Prioritized from existing inventory/metadata only; final pilot selection requires visual QA and Part B alignment review.
high,no,no,20260202_Thermal_HKUST/DCIM/DJI_202602021650_009::DJI_20260202165511_0003,DJI_20260202165511_0003,0003,HKUST,2026-02-02,20260202_Thermal_HKUST,DJI_202602021650_009,data/raw/HKUST/20260202_Thermal_HKUST/DCIM/DJI_202602021650_009/DJI_20260202165511_0003_V.JPG,data/raw/HKUST/20260202_Thermal_HKUST/DCIM/DJI_202602021650_009/DJI_20260202165511_0003_T.JPG,exact_base_name,0,2026-02-02 16:55:11,2026-02-02 16:55:11,22.335816666666666,114.26295555555555,499.923,4032.0,3024.0,640.0,512.0,ok,ok,candidate_only_no_visual_QA,Prioritized from existing inventory/metadata only; final pilot selection requires visual QA and Part B alignment review.
high,no,no,20260202_Thermal_HKUST/DCIM/DJI_202602021650_009::DJI_20260202165544_0005,DJI_20260202165544_0005,0005,HKUST,2026-02-02,20260202_Thermal_HKUST,DJI_202602021650_009,data/raw/HKUST/20260202_Thermal_HKUST/DCIM/DJI_202602021650_009/DJI_20260202165544_0005_V.JPG,data/raw/HKUST/20260202_Thermal_HKUST/DCIM/DJI_202602021650_009/DJI_20260202165544_0005_T.JPG,exact_base_name,0,2026-02-02 16:55:44,2026-02-02 16:55:44,22.332652777777778,114.26283055555555,499.896,4032.0,3024.0,640.0,512.0,ok,ok,candidate_only_no_visual_QA,Prioritized from existing inventory/metadata only; final pilot selection requires visual QA and Part B alignment review.
high,no,no,20260202_Thermal_HKUST/DCIM/DJI_202602021650_009::DJI_20260202165608_0007,DJI_20260202165608_0007,0007,HKUST,2026-02-02,20260202_Thermal_HKUST,DJI_202602021650_009,data/raw/HKUST/20260202_Thermal_HKUST/DCIM/DJI_202602021650_009/DJI_20260202165608_0007_V.JPG,data/raw/HKUST/20260202_Thermal_HKUST/DCIM/DJI_202602021650_009/DJI_20260202165608_0007_T.JPG,exact_base_name,0,2026-02-02 16:56:08,2026-02-02 16:56:08,22.33138611111111,114.26278055555555,499.449,4032.0,3024.0,640.0,512.0,ok,ok,candidate_only_no_visual_QA,Prioritized from existing inventory/metadata only; final pilot selection requires visual QA and Part B alignment review.
high,no,no,20260202_Thermal_HKUST/DCIM/DJI_202602021650_009::DJI_20260202165609_0008,DJI_20260202165609_0008,0008,HKUST,2026-02-02,20260202_Thermal_HKUST,DJI_202602021650_009,data/raw/HKUST/20260202_Thermal_HKUST/DCIM/DJI_202602021650_009/DJI_20260202165609_0008_V.JPG,data/raw/HKUST/20260202_Thermal_HKUST/DCIM/DJI_202602021650_009/DJI_20260202165609_0008_T.JPG,exact_base_name,0,2026-02-02 16:56:09,2026-02-02 16:56:09,22.33138611111111,114.26278055555555,499.449,4032.0,3024.0,640.0,512.0,ok,ok,candidate_only_no_visual_QA,Prioritized from existing inventory/metadata only; final pilot selection requires visual QA and Part B alignment review.
high,no,no,20260202_Thermal_HKUST/DCIM/DJI_202602021650_009::DJI_20260202165612_0009,DJI_20260202165612_0009,0009,HKUST,2026-02-02,20260202_Thermal_HKUST,DJI_202602021650_009,data/raw/HKUST/20260202_Thermal_HKUST/DCIM/DJI_202602021650_009/DJI_20260202165612_0009_V.JPG,data/raw/HKUST/20260202_Thermal_HKUST/DCIM/DJI_202602021650_009/DJI_20260202165612_0009_T.JPG,exact_base_name,0,2026-02-02 16:56:12,2026-02-02 16:56:12,22.33138611111111,114.26278055555555,499.445,4032.0,3024.0,640.0,512.0,ok,ok,candidate_only_no_visual_QA,Prioritized from existing inventory/metadata only; final pilot selection requires visual QA and Part B alignment review.
high,no,no,20260202_Thermal_HKUST/DCIM/DJI_202602021650_009::DJI_20260202165708_0010,DJI_20260202165708_0010,0010,HKUST,2026-02-02,20260202_Thermal_HKUST,DJI_202602021650_009,data/raw/HKUST/20260202_Thermal_HKUST/DCIM/DJI_202602021650_009/DJI_20260202165708_0010_V.JPG,data/raw/HKUST/20260202_Thermal_HKUST/DCIM/DJI_202602021650_009/DJI_20260202165708_0010_T.JPG,exact_base_name,0,2026-02-02 16:57:08,2026-02-02 16:57:08,22.330994444444443,114.2636611111111,499.896,4032.0,3024.0,640.0,512.0,ok,ok,candidate_only_no_visual_QA,Prioritized from existing inventory/metadata only; final pilot selection requires visual QA and Part B alignment review.
high,no,no,20260202_Thermal_HKUST/DCIM/DJI_202602021650_009::DJI_20260202165735_0011,DJI_20260202165735_0011,0011,HKUST,2026-02-02,20260202_Thermal_HKUST,DJI_202602021650_009,data/raw/HKUST/20260202_Thermal_HKUST/DCIM/DJI_202602021650_009/DJI_20260202165735_0011_V.JPG,data/raw/HKUST/20260202_Thermal_HKUST/DCIM/DJI_202602021650_009/DJI_20260202165735_0011_T.JPG,exact_base_name,0,2026-02-02 16:57:35,2026-02-02 16:57:35,22.330941666666668,114.26514722222223,499.971,4032.0,3024.0,640.0,512.0,ok,ok,candidate_only_no_visual_QA,Prioritized from existing inventory/metadata only; final pilot selection requires visual QA and Part B alignment review.
high,no,no,20260202_Thermal_HKUST/DCIM/DJI_202602021650_009::DJI_20260202165737_0012,DJI_20260202165737_0012,0012,HKUST,2026-02-02,20260202_Thermal_HKUST,DJI_202602021650_009,data/raw/HKUST/20260202_Thermal_HKUST/DCIM/DJI_202602021650_009/DJI_20260202165737_0012_V.JPG,data/raw/HKUST/20260202_Thermal_HKUST/DCIM/DJI_202602021650_009/DJI_20260202165737_0012_T.JPG,exact_base_name,0,2026-02-02 16:57:37,2026-02-02 16:57:37,22.330941666666668,114.26514722222223,499.961,4032.0,3024.0,640.0,512.0,ok,ok,candidate_only_no_visual_QA,Prioritized from existing inventory/metadata only; final pilot selection requires visual QA and Part B alignment review.
high,no,no,20260202_Thermal_HKUST/DCIM/DJI_202602021650_009::DJI_20260202165749_0013,DJI_20260202165749_0013,0013,HKUST,2026-02-02,20260202_Thermal_HKUST,DJI_202602021650_009,data/raw/HKUST/20260202_Thermal_HKUST/DCIM/DJI_202602021650_009/DJI_20260202165749_0013_V.JPG,data/raw/HKUST/20260202_Thermal_HKUST/DCIM/DJI_202602021650_009/DJI_20260202165749_0013_T.JPG,exact_base_name,0,2026-02-02 16:57:49,2026-02-02 16:57:49,22.330897222222223,114.26635277777778,500.007,4032.0,3024.0,640.0,512.0,ok,ok,candidate_only_no_visual_QA,Prioritized from existing inventory/metadata only; final pilot selection requires visual QA and Part B alignment review.
high,no,no,20260202_Thermal_HKUST/DCIM/DJI_202602021650_009::DJI_20260202165802_0014,DJI_20260202165802_0014,0014,HKUST,2026-02-02,20260202_Thermal_HKUST,DJI_202602021650_009,data/raw/HKUST/20260202_Thermal_HKUST/DCIM/DJI_202602021650_009/DJI_20260202165802_0014_V.JPG,data/raw/HKUST/20260202_Thermal_HKUST/DCIM/DJI_202602021650_009/DJI_20260202165802_0014_T.JPG,exact_base_name,0,2026-02-02 16:58:02,2026-02-02 16:58:02,22.3309,114.26732222222222,499.97,4032.0,3024.0,640.0,512.0,ok,ok,candidate_only_no_visual_QA,Prioritized from existing inventory/metadata only; final pilot selection requires visual QA and Part B alignment review.
high,no,no,20260202_Thermal_HKUST/DCIM/DJI_202602021650_009::DJI_20260202165816_0015,DJI_20260202165816_0015,0015,HKUST,2026-02-02,20260202_Thermal_HKUST,DJI_202602021650_009,data/raw/HKUST/20260202_Thermal_HKUST/DCIM/DJI_202602021650_009/DJI_20260202165816_0015_V.JPG,data/raw/HKUST/20260202_Thermal_HKUST/DCIM/DJI_202602021650_009/DJI_20260202165816_0015_T.JPG,exact_base_name,0,2026-02-02 16:58:16,2026-02-02 16:58:16,22.332141666666665,114.26732777777778,499.934,4032.0,3024.0,640.0,512.0,ok,ok,candidate_only_no_visual_QA,Prioritized from existing inventory/metadata only; final pilot selection requires visual QA and Part B alignment review.
high,no,no,20260202_Thermal_HKUST/DCIM/DJI_202602021650_009::DJI_20260202165839_0017,DJI_20260202165839_0017,0017,HKUST,2026-02-02,20260202_Thermal_HKUST,DJI_202602021650_009,data/raw/HKUST/20260202_Thermal_HKUST/DCIM/DJI_202602021650_009/DJI_20260202165839_0017_V.JPG,data/raw/HKUST/20260202_Thermal_HKUST/DCIM/DJI_202602021650_009/DJI_20260202165839_0017_T.JPG,exact_base_name,0,2026-02-02 16:58:39,2026-02-02 16:58:39,22.332169444444443,114.26955,499.98,4032.0,3024.0,640.0,512.0,ok,ok,candidate_only_no_visual_QA,Prioritized from existing inventory/metadata only; final pilot selection requires visual QA and Part B alignment review.
high,no,no,20260202_Thermal_HKUST/DCIM/DJI_202602021650_009::DJI_20260202165844_0018,DJI_20260202165844_0018,0018,HKUST,2026-02-02,20260202_Thermal_HKUST,DJI_202602021650_009,data/raw/HKUST/20260202_Thermal_HKUST/DCIM/DJI_202602021650_009/DJI_20260202165844_0018_V.JPG,data/raw/HKUST/20260202_Thermal_HKUST/DCIM/DJI_202602021650_009/DJI_20260202165844_0018_T.JPG,exact_base_name,0,2026-02-02 16:58:44,2026-02-02 16:58:44,22.332169444444443,114.26990277777777,499.926,4032.0,3024.0,640.0,512.0,ok,ok,candidate_only_no_visual_QA,Prioritized from existing inventory/metadata only; final pilot selection requires visual QA and Part B alignment review.
high,no,no,20260202_Thermal_HKUST/DCIM/DJI_202602021650_009::DJI_20260202165858_0019,DJI_20260202165858_0019,0019,HKUST,2026-02-02,20260202_Thermal_HKUST,DJI_202602021650_009,data/raw/HKUST/20260202_Thermal_HKUST/DCIM/DJI_202602021650_009/DJI_20260202165858_0019_V.JPG,data/raw/HKUST/20260202_Thermal_HKUST/DCIM/DJI_202602021650_009/DJI_20260202165858_0019_T.JPG,exact_base_name,0,2026-02-02 16:58:58,2026-02-02 16:58:58,22.333388888888887,114.2699138888889,499.906,4032.0,3024.0,640.0,512.0,ok,ok,candidate_only_no_visual_QA,Prioritized from existing inventory/metadata only; final pilot selection requires visual QA and Part B alignment review.
high,no,no,20260202_Thermal_HKUST/DCIM/DJI_202602021650_009::DJI_20260202165920_0020,DJI_20260202165920_0020,0020,HKUST,2026-02-02,20260202_Thermal_HKUST,DJI_202602021650_009,data/raw/HKUST/20260202_Thermal_HKUST/DCIM/DJI_202602021650_009/DJI_20260202165920_0020_V.JPG,data/raw/HKUST/20260202_Thermal_HKUST/DCIM/DJI_202602021650_009/DJI_20260202165920_0020_T.JPG,exact_base_name,0,2026-02-02 16:59:20,2026-02-02 16:59:20,22.333391666666664,114.2673638888889,499.983,4032.0,3024.0,640.0,512.0,ok,ok,candidate_only_no_visual_QA,Prioritized from existing inventory/metadata only; final pilot selection requires visual QA and Part B alignment review.
high,no,no,20260202_Thermal_HKUST/DCIM/DJI_202602021650_009::DJI_20260202165954_0022,DJI_20260202165954_0022,0022,HKUST,2026-02-02,20260202_Thermal_HKUST,DJI_202602021650_009,data/raw/HKUST/20260202_Thermal_HKUST/DCIM/DJI_202602021650_009/DJI_20260202165954_0022_V.JPG,data/raw/HKUST/20260202_Thermal_HKUST/DCIM/DJI_202602021650_009/DJI_20260202165954_0022_T.JPG,exact_base_name,0,2026-02-02 16:59:54,2026-02-02 16:59:54,22.333394444444444,114.2636888888889,498.792,4032.0,3024.0,640.0,512.0,ok,ok,candidate_only_no_visual_QA,Prioritized from existing inventory/metadata only; final pilot selection requires visual QA and Part B alignment review.
high,no,no,20260202_Thermal_HKUST/DCIM/DJI_202602021650_009::DJI_20260202170006_0023,DJI_20260202170006_0023,0023,HKUST,2026-02-02,20260202_Thermal_HKUST,DJI_202602021650_009,data/raw/HKUST/20260202_Thermal_HKUST/DCIM/DJI_202602021650_009/DJI_20260202170006_0023_V.JPG,data/raw/HKUST/20260202_Thermal_HKUST/DCIM/DJI_202602021650_009/DJI_20260202170006_0023_T.JPG,exact_base_name,0,2026-02-02 17:00:06,2026-02-02 17:00:06,22.333399999999997,114.26244444444444,498.561,4032.0,3024.0,640.0,512.0,ok,ok,candidate_only_no_visual_QA,Prioritized from existing inventory/metadata only; final pilot selection requires visual QA and Part B alignment review.
high,no,no,20260202_Thermal_HKUST/DCIM/DJI_202602021650_009::DJI_20260202170016_0024,DJI_20260202170016_0024,0024,HKUST,2026-02-02,20260202_Thermal_HKUST,DJI_202602021650_009,data/raw/HKUST/20260202_Thermal_HKUST/DCIM/DJI_202602021650_009/DJI_20260202170016_0024_V.JPG,data/raw/HKUST/20260202_Thermal_HKUST/DCIM/DJI_202602021650_009/DJI_20260202170016_0024_T.JPG,exact_base_name,0,2026-02-02 17:00:16,2026-02-02 17:00:16,22.333402777777778,114.26160555555556,498.29,4032.0,3024.0,640.0,512.0,ok,ok,candidate_only_no_visual_QA,Prioritized from existing inventory/metadata only; final pilot selection requires visual QA and Part B alignment review.
high,no,no,20260202_Thermal_HKUST/DCIM/DJI_202602021650_009::DJI_20260202170034_0026,DJI_20260202170034_0026,0026,HKUST,2026-02-02,20260202_Thermal_HKUST,DJI_202602021650_009,data/raw/HKUST/20260202_Thermal_HKUST/DCIM/DJI_202602021650_009/DJI_20260202170034_0026_V.JPG,data/raw/HKUST/20260202_Thermal_HKUST/DCIM/DJI_202602021650_009/DJI_20260202170034_0026_T.JPG,exact_base_name,0,2026-02-02 17:00:34,2026-02-02 17:00:34,22.33505,114.26160833333333,497.433,4032.0,3024.0,640.0,512.0,ok,ok,candidate_only_no_visual_QA,Prioritized from existing inventory/metadata only; final pilot selection requires visual QA and Part B alignment review.
high,no,no,20260202_Thermal_HKUST/DCIM/DJI_202602021650_009::DJI_20260202170102_0028,DJI_20260202170102_0028,0028,HKUST,2026-02-02,20260202_Thermal_HKUST,DJI_202602021650_009,data/raw/HKUST/20260202_Thermal_HKUST/DCIM/DJI_202602021650_009/DJI_20260202170102_0028_V.JPG,data/raw/HKUST/20260202_Thermal_HKUST/DCIM/DJI_202602021650_009/DJI_20260202170102_0028_T.JPG,exact_base_name,0,2026-02-02 17:01:02,2026-02-02 17:01:02,22.335047222222222,114.26457222222223,497.679,4032.0,3024.0,640.0,512.0,ok,ok,candidate_only_no_visual_QA,Prioritized from existing inventory/metadata only; final pilot selection requires visual QA and Part B alignment review.
high,no,no,20260202_Thermal_HKUST/DCIM/DJI_202602021650_009::DJI_20260202170119_0029,DJI_20260202170119_0029,0029,HKUST,2026-02-02,20260202_Thermal_HKUST,DJI_202602021650_009,data/raw/HKUST/20260202_Thermal_HKUST/DCIM/DJI_202602021650_009/DJI_20260202170119_0029_V.JPG,data/raw/HKUST/20260202_Thermal_HKUST/DCIM/DJI_202602021650_009/DJI_20260202170119_0029_T.JPG,exact_base_name,0,2026-02-02 17:01:19,2026-02-02 17:01:19,22.33503888888889,114.26644444444445,497.855,4032.0,3024.0,640.0,512.0,ok,ok,candidate_only_no_visual_QA,Prioritized from existing inventory/metadata only; final pilot selection requires visual QA and Part B alignment review.
high,no,no,20260202_Thermal_HKUST/DCIM/DJI_202602021650_009::DJI_20260202170143_0031,DJI_20260202170143_0031,0031,HKUST,2026-02-02,20260202_Thermal_HKUST,DJI_202602021650_009,data/raw/HKUST/20260202_Thermal_HKUST/DCIM/DJI_202602021650_009/DJI_20260202170143_0031_V.JPG,data/raw/HKUST/20260202_Thermal_HKUST/DCIM/DJI_202602021650_009/DJI_20260202170143_0031_T.JPG,exact_base_name,0,2026-02-02 17:01:43,2026-02-02 17:01:43,22.334927777777775,114.26885277777778,498.18,4032.0,3024.0,640.0,512.0,ok,ok,candidate_only_no_visual_QA,Prioritized from existing inventory/metadata only; final pilot selection requires visual QA and Part B alignment review.
high,no,no,20260202_Thermal_HKUST/DCIM/DJI_202602021650_009::DJI_20260202170217_0033,DJI_20260202170217_0033,0033,HKUST,2026-02-02,20260202_Thermal_HKUST,DJI_202602021650_009,data/raw/HKUST/20260202_Thermal_HKUST/DCIM/DJI_202602021650_009/DJI_20260202170217_0033_V.JPG,data/raw/HKUST/20260202_Thermal_HKUST/DCIM/DJI_202602021650_009/DJI_20260202170217_0033_T.JPG,exact_base_name,0,2026-02-02 17:02:17,2026-02-02 17:02:17,22.335905555555556,114.26644722222223,498.596,4032.0,3024.0,640.0,512.0,ok,ok,candidate_only_no_visual_QA,Prioritized from existing inventory/metadata only; final pilot selection requires visual QA and Part B alignment review.
high,no,no,20260202_Thermal_HKUST/DCIM/DJI_202602021650_009::DJI_20260202170235_0034,DJI_20260202170235_0034,0034,HKUST,2026-02-02,20260202_Thermal_HKUST,DJI_202602021650_009,data/raw/HKUST/20260202_Thermal_HKUST/DCIM/DJI_202602021650_009/DJI_20260202170235_0034_V.JPG,data/raw/HKUST/20260202_Thermal_HKUST/DCIM/DJI_202602021650_009/DJI_20260202170235_0034_T.JPG,exact_base_name,0,2026-02-02 17:02:35,2026-02-02 17:02:35,22.33591388888889,114.26445555555556,498.476,4032.0,3024.0,640.0,512.0,ok,ok,candidate_only_no_visual_QA,Prioritized from existing inventory/metadata only; final pilot selection requires visual QA and Part B alignment review.
high,no,no,20260202_Thermal_HKUST/DCIM/DJI_202602021650_009::DJI_20260202170247_0035,DJI_20260202170247_0035,0035,HKUST,2026-02-02,20260202_Thermal_HKUST,DJI_202602021650_009,data/raw/HKUST/20260202_Thermal_HKUST/DCIM/DJI_202602021650_009/DJI_20260202170247_0035_V.JPG,data/raw/HKUST/20260202_Thermal_HKUST/DCIM/DJI_202602021650_009/DJI_20260202170247_0035_T.JPG,exact_base_name,0,2026-02-02 17:02:47,2026-02-02 17:02:47,22.335916666666666,114.26322222222223,498.376,4032.0,3024.0,640.0,512.0,ok,ok,candidate_only_no_visual_QA,Prioritized from existing inventory/metadata only; final pilot selection requires visual QA and Part B alignment review.
high,no,no,20260202_Thermal_HKUST/DCIM/DJI_202602021650_009::DJI_20260202170248_0036,DJI_20260202170248_0036,0036,HKUST,2026-02-02,20260202_Thermal_HKUST,DJI_202602021650_009,data/raw/HKUST/20260202_Thermal_HKUST/DCIM/DJI_202602021650_009/DJI_20260202170248_0036_V.JPG,data/raw/HKUST/20260202_Thermal_HKUST/DCIM/DJI_202602021650_009/DJI_20260202170248_0036_T.JPG,exact_base_name,0,2026-02-02 17:02:48,2026-02-02 17:02:48,22.335916666666666,114.2632111111111,498.217,4032.0,3024.0,640.0,512.0,ok,ok,candidate_only_no_visual_QA,Prioritized from existing inventory/metadata only; final pilot selection requires visual QA and Part B alignment review.
high,no,no,20260202_Thermal_HKUST/DCIM/DJI_202602021650_009::DJI_20260202170300_0037,DJI_20260202170300_0037,0037,HKUST,2026-02-02,20260202_Thermal_HKUST,DJI_202602021650_009,data/raw/HKUST/20260202_Thermal_HKUST/DCIM/DJI_202602021650_009/DJI_20260202170300_0037_V.JPG,data/raw/HKUST/20260202_Thermal_HKUST/DCIM/DJI_202602021650_009/DJI_20260202170300_0037_T.JPG,exact_base_name,0,2026-02-02 17:03:00,2026-02-02 17:03:00,22.335919444444443,114.26203611111112,498.312,4032.0,3024.0,640.0,512.0,ok,ok,candidate_only_no_visual_QA,Prioritized from existing inventory/metadata only; final pilot selection requires visual QA and Part B alignment review.
high,no,no,20260202_Thermal_HKUST/DCIM/DJI_202602021650_009::DJI_20260202170313_0038,DJI_20260202170313_0038,0038,HKUST,2026-02-02,20260202_Thermal_HKUST,DJI_202602021650_009,data/raw/HKUST/20260202_Thermal_HKUST/DCIM/DJI_202602021650_009/DJI_20260202170313_0038_V.JPG,data/raw/HKUST/20260202_Thermal_HKUST/DCIM/DJI_202602021650_009/DJI_20260202170313_0038_T.JPG,exact_base_name,0,2026-02-02 17:03:13,2026-02-02 17:03:13,22.33592222222222,114.26080277777778,498.567,4032.0,3024.0,640.0,512.0,ok,ok,candidate_only_no_visual_QA,Prioritized from existing inventory/metadata only; final pilot selection requires visual QA and Part B alignment review.
high,no,no,20260202_Thermal_HKUST/DCIM/DJI_202602021650_009::DJI_20260202170323_0039,DJI_20260202170323_0039,0039,HKUST,2026-02-02,20260202_Thermal_HKUST,DJI_202602021650_009,data/raw/HKUST/20260202_Thermal_HKUST/DCIM/DJI_202602021650_009/DJI_20260202170323_0039_V.JPG,data/raw/HKUST/20260202_Thermal_HKUST/DCIM/DJI_202602021650_009/DJI_20260202170323_0039_T.JPG,exact_base_name,0,2026-02-02 17:03:23,2026-02-02 17:03:23,22.335925,114.25999444444444,498.629,4032.0,3024.0,640.0,512.0,ok,ok,candidate_only_no_visual_QA,Prioritized from existing inventory/metadata only; final pilot selection requires visual QA and Part B alignment review.
high,no,no,20260202_Thermal_HKUST/DCIM/DJI_202602021650_009::DJI_20260202170338_0040,DJI_20260202170338_0040,0040,HKUST,2026-02-02,20260202_Thermal_HKUST,DJI_202602021650_009,data/raw/HKUST/20260202_Thermal_HKUST/DCIM/DJI_202602021650_009/DJI_20260202170338_0040_V.JPG,data/raw/HKUST/20260202_Thermal_HKUST/DCIM/DJI_202602021650_009/DJI_20260202170338_0040_T.JPG,exact_base_name,0,2026-02-02 17:03:38,2026-02-02 17:03:38,22.337205555555553,114.25999722222222,498.154,4032.0,3024.0,640.0,512.0,ok,ok,candidate_only_no_visual_QA,Prioritized from existing inventory/metadata only; final pilot selection requires visual QA and Part B alignment review.
high,no,no,20260202_Thermal_HKUST/DCIM/DJI_202602021650_009::DJI_20260202170355_0041,DJI_20260202170355_0041,0041,HKUST,2026-02-02,20260202_Thermal_HKUST,DJI_202602021650_009,data/raw/HKUST/20260202_Thermal_HKUST/DCIM/DJI_202602021650_009/DJI_20260202170355_0041_V.JPG,data/raw/HKUST/20260202_Thermal_HKUST/DCIM/DJI_202602021650_009/DJI_20260202170355_0041_T.JPG,exact_base_name,0,2026-02-02 17:03:55,2026-02-02 17:03:55,22.337205555555553,114.26187777777778,498.986,4032.0,3024.0,640.0,512.0,ok,ok,candidate_only_no_visual_QA,Prioritized from existing inventory/metadata only; final pilot selection requires visual QA and Part B alignment review.
high,no,no,20260202_Thermal_HKUST/DCIM/DJI_202602021650_009::DJI_20260202170412_0042,DJI_20260202170412_0042,0042,HKUST,2026-02-02,20260202_Thermal_HKUST,DJI_202602021650_009,data/raw/HKUST/20260202_Thermal_HKUST/DCIM/DJI_202602021650_009/DJI_20260202170412_0042_V.JPG,data/raw/HKUST/20260202_Thermal_HKUST/DCIM/DJI_202602021650_009/DJI_20260202170412_0042_T.JPG,exact_base_name,0,2026-02-02 17:04:12,2026-02-02 17:04:12,22.337163888888888,114.26375555555556,499.361,4032.0,3024.0,640.0,512.0,ok,ok,candidate_only_no_visual_QA,Prioritized from existing inventory/metadata only; final pilot selection requires visual QA and Part B alignment review.
high,no,no,20260202_Thermal_HKUST/DCIM/DJI_202602021650_009::DJI_20260202170413_0043,DJI_20260202170413_0043,0043,HKUST,2026-02-02,20260202_Thermal_HKUST,DJI_202602021650_009,data/raw/HKUST/20260202_Thermal_HKUST/DCIM/DJI_202602021650_009/DJI_20260202170413_0043_V.JPG,data/raw/HKUST/20260202_Thermal_HKUST/DCIM/DJI_202602021650_009/DJI_20260202170413_0043_T.JPG,exact_base_name,0,2026-02-02 17:04:13,2026-02-02 17:04:13,22.337166666666665,114.26375833333333,499.364,4032.0,3024.0,640.0,512.0,ok,ok,candidate_only_no_visual_QA,Prioritized from existing inventory/metadata only; final pilot selection requires visual QA and Part B alignment review.
high,no,no,20260202_Thermal_HKUST/DCIM/DJI_202602021650_009::DJI_20260202170432_0044,DJI_20260202170432_0044,0044,HKUST,2026-02-02,20260202_Thermal_HKUST,DJI_202602021650_009,data/raw/HKUST/20260202_Thermal_HKUST/DCIM/DJI_202602021650_009/DJI_20260202170432_0044_V.JPG,data/raw/HKUST/20260202_Thermal_HKUST/DCIM/DJI_202602021650_009/DJI_20260202170432_0044_T.JPG,exact_base_name,0,2026-02-02 17:04:32,2026-02-02 17:04:32,22.337166666666665,114.26593611111112,499.429,4032.0,3024.0,640.0,512.0,ok,ok,candidate_only_no_visual_QA,Prioritized from existing inventory/metadata only; final pilot selection requires visual QA and Part B alignment review.
high,no,no,20260202_Thermal_HKUST/DCIM/DJI_202602021650_009::DJI_20260202170517_0047,DJI_20260202170517_0047,0047,HKUST,2026-02-02,20260202_Thermal_HKUST,DJI_202602021650_009,data/raw/HKUST/20260202_Thermal_HKUST/DCIM/DJI_202602021650_009/DJI_20260202170517_0047_V.JPG,data/raw/HKUST/20260202_Thermal_HKUST/DCIM/DJI_202602021650_009/DJI_20260202170517_0047_T.JPG,exact_base_name,0,2026-02-02 17:05:17,2026-02-02 17:05:17,22.338430555555554,114.26859444444445,498.609,4032.0,3024.0,640.0,512.0,ok,ok,candidate_only_no_visual_QA,Prioritized from existing inventory/metadata only; final pilot selection requires visual QA and Part B alignment review.
high,no,no,20260202_Thermal_HKUST/DCIM/DJI_202602021650_009::DJI_20260202170532_0048,DJI_20260202170532_0048,0048,HKUST,2026-02-02,20260202_Thermal_HKUST,DJI_202602021650_009,data/raw/HKUST/20260202_Thermal_HKUST/DCIM/DJI_202602021650_009/DJI_20260202170532_0048_V.JPG,data/raw/HKUST/20260202_Thermal_HKUST/DCIM/DJI_202602021650_009/DJI_20260202170532_0048_T.JPG,exact_base_name,0,2026-02-02 17:05:32,2026-02-02 17:05:32,22.33845833333333,114.26698333333333,498.998,4032.0,3024.0,640.0,512.0,ok,ok,candidate_only_no_visual_QA,Prioritized from existing inventory/metadata only; final pilot selection requires visual QA and Part B alignment review.
high,no,no,20260202_Thermal_HKUST/DCIM/DJI_202602021650_009::DJI_20260202170551_0049,DJI_20260202170551_0049,0049,HKUST,2026-02-02,20260202_Thermal_HKUST,DJI_202602021650_009,data/raw/HKUST/20260202_Thermal_HKUST/DCIM/DJI_202602021650_009/DJI_20260202170551_0049_V.JPG,data/raw/HKUST/20260202_Thermal_HKUST/DCIM/DJI_202602021650_009/DJI_20260202170551_0049_T.JPG,exact_base_name,0,2026-02-02 17:05:51,2026-02-02 17:05:51,22.33846111111111,114.26490277777778,499.203,4032.0,3024.0,640.0,512.0,ok,ok,candidate_only_no_visual_QA,Prioritized from existing inventory/metadata only; final pilot selection requires visual QA and Part B alignment review.
high,no,no,20260202_Thermal_HKUST/DCIM/DJI_202602021650_009::DJI_20260202170605_0050,DJI_20260202170605_0050,0050,HKUST,2026-02-02,20260202_Thermal_HKUST,DJI_202602021650_009,data/raw/HKUST/20260202_Thermal_HKUST/DCIM/DJI_202602021650_009/DJI_20260202170605_0050_V.JPG,data/raw/HKUST/20260202_Thermal_HKUST/DCIM/DJI_202602021650_009/DJI_20260202170605_0050_T.JPG,exact_base_name,0,2026-02-02 17:06:05,2026-02-02 17:06:05,22.33845833333333,114.26340833333333,499.182,4032.0,3024.0,640.0,512.0,ok,ok,candidate_only_no_visual_QA,Prioritized from existing inventory/metadata only; final pilot selection requires visual QA and Part B alignment review.
high,no,no,20260202_Thermal_HKUST/DCIM/DJI_202602021650_009::DJI_20260202170622_0051,DJI_20260202170622_0051,0051,HKUST,2026-02-02,20260202_Thermal_HKUST,DJI_202602021650_009,data/raw/HKUST/20260202_Thermal_HKUST/DCIM/DJI_202602021650_009/DJI_20260202170622_0051_V.JPG,data/raw/HKUST/20260202_Thermal_HKUST/DCIM/DJI_202602021650_009/DJI_20260202170622_0051_T.JPG,exact_base_name,0,2026-02-02 17:06:22,2026-02-02 17:06:22,22.33846388888889,114.26154722222222,499.13,4032.0,3024.0,640.0,512.0,ok,ok,candidate_only_no_visual_QA,Prioritized from existing inventory/metadata only; final pilot selection requires visual QA and Part B alignment review.
high,no,no,20260202_Thermal_HKUST/DCIM/DJI_202602021650_009::DJI_20260202170635_0052,DJI_20260202170635_0052,0052,HKUST,2026-02-02,20260202_Thermal_HKUST,DJI_202602021650_009,data/raw/HKUST/20260202_Thermal_HKUST/DCIM/DJI_202602021650_009/DJI_20260202170635_0052_V.JPG,data/raw/HKUST/20260202_Thermal_HKUST/DCIM/DJI_202602021650_009/DJI_20260202170635_0052_T.JPG,exact_base_name,0,2026-02-02 17:06:35,2026-02-02 17:06:35,22.338466666666665,114.26023055555555,498.959,4032.0,3024.0,640.0,512.0,ok,ok,candidate_only_no_visual_QA,Prioritized from existing inventory/metadata only; final pilot selection requires visual QA and Part B alignment review.
high,no,no,20260202_Thermal_HKUST/DCIM/DJI_202602021650_009::DJI_20260202170653_0054,DJI_20260202170653_0054,0054,HKUST,2026-02-02,20260202_Thermal_HKUST,DJI_202602021650_009,data/raw/HKUST/20260202_Thermal_HKUST/DCIM/DJI_202602021650_009/DJI_20260202170653_0054_V.JPG,data/raw/HKUST/20260202_Thermal_HKUST/DCIM/DJI_202602021650_009/DJI_20260202170653_0054_T.JPG,exact_base_name,0,2026-02-02 17:06:53,2026-02-02 17:06:53,22.33953611111111,114.26023611111111,498.322,4032.0,3024.0,640.0,512.0,ok,ok,candidate_only_no_visual_QA,Prioritized from existing inventory/metadata only; final pilot selection requires visual QA and Part B alignment review.
high,no,no,20260202_Thermal_HKUST/DCIM/DJI_202602021650_009::DJI_20260202170701_0055,DJI_20260202170701_0055,0055,HKUST,2026-02-02,20260202_Thermal_HKUST,DJI_202602021650_009,data/raw/HKUST/20260202_Thermal_HKUST/DCIM/DJI_202602021650_009/DJI_20260202170701_0055_V.JPG,data/raw/HKUST/20260202_Thermal_HKUST/DCIM/DJI_202602021650_009/DJI_20260202170701_0055_T.JPG,exact_base_name,0,2026-02-02 17:07:01,2026-02-02 17:07:01,22.33953611111111,114.26023611111111,498.328,4032.0,3024.0,640.0,512.0,ok,ok,candidate_only_no_visual_QA,Prioritized from existing inventory/metadata only; final pilot selection requires visual QA and Part B alignment review.
high,no,no,20260202_Thermal_HKUST/DCIM/DJI_202602021650_009::DJI_20260202170714_0056,DJI_20260202170714_0056,0056,HKUST,2026-02-02,20260202_Thermal_HKUST,DJI_202602021650_009,data/raw/HKUST/20260202_Thermal_HKUST/DCIM/DJI_202602021650_009/DJI_20260202170714_0056_V.JPG,data/raw/HKUST/20260202_Thermal_HKUST/DCIM/DJI_202602021650_009/DJI_20260202170714_0056_T.JPG,exact_base_name,0,2026-02-02 17:07:14,2026-02-02 17:07:14,22.339391666666664,114.26154722222222,498.957,4032.0,3024.0,640.0,512.0,ok,ok,candidate_only_no_visual_QA,Prioritized from existing inventory/metadata only; final pilot selection requires visual QA and Part B alignment review.
high,no,no,20260202_Thermal_HKUST/DCIM/DJI_202602021650_009::DJI_20260202170728_0057,DJI_20260202170728_0057,0057,HKUST,2026-02-02,20260202_Thermal_HKUST,DJI_202602021650_009,data/raw/HKUST/20260202_Thermal_HKUST/DCIM/DJI_202602021650_009/DJI_20260202170728_0057_V.JPG,data/raw/HKUST/20260202_Thermal_HKUST/DCIM/DJI_202602021650_009/DJI_20260202170728_0057_T.JPG,exact_base_name,0,2026-02-02 17:07:28,2026-02-02 17:07:28,22.33928611111111,114.26290833333333,499.292,4032.0,3024.0,640.0,512.0,ok,ok,candidate_only_no_visual_QA,Prioritized from existing inventory/metadata only; final pilot selection requires visual QA and Part B alignment review.
high,no,no,20260202_Thermal_HKUST/DCIM/DJI_202602021650_009::DJI_20260202170741_0058,DJI_20260202170741_0058,0058,HKUST,2026-02-02,20260202_Thermal_HKUST,DJI_202602021650_009,data/raw/HKUST/20260202_Thermal_HKUST/DCIM/DJI_202602021650_009/DJI_20260202170741_0058_V.JPG,data/raw/HKUST/20260202_Thermal_HKUST/DCIM/DJI_202602021650_009/DJI_20260202170741_0058_T.JPG,exact_base_name,0,2026-02-02 17:07:41,2026-02-02 17:07:41,22.339166666666664,114.26425,499.456,4032.0,3024.0,640.0,512.0,ok,ok,candidate_only_no_visual_QA,Prioritized from existing inventory/metadata only; final pilot selection requires visual QA and Part B alignment review.
high,no,no,20260202_Thermal_HKUST/DCIM/DJI_202602021650_009::DJI_20260202170758_0059,DJI_20260202170758_0059,0059,HKUST,2026-02-02,20260202_Thermal_HKUST,DJI_202602021650_009,data/raw/HKUST/20260202_Thermal_HKUST/DCIM/DJI_202602021650_009/DJI_20260202170758_0059_V.JPG,data/raw/HKUST/20260202_Thermal_HKUST/DCIM/DJI_202602021650_009/DJI_20260202170758_0059_T.JPG,exact_base_name,0,2026-02-02 17:07:58,2026-02-02 17:07:58,22.338997222222222,114.266175,499.573,4032.0,3024.0,640.0,512.0,ok,ok,candidate_only_no_visual_QA,Prioritized from existing inventory/metadata only; final pilot selection requires visual QA and Part B alignment review.
high,no,no,20260202_Thermal_HKUST/DCIM/DJI_202602021650_009::DJI_20260202170813_0060,DJI_20260202170813_0060,0060,HKUST,2026-02-02,20260202_Thermal_HKUST,DJI_202602021650_009,data/raw/HKUST/20260202_Thermal_HKUST/DCIM/DJI_202602021650_009/DJI_20260202170813_0060_V.JPG,data/raw/HKUST/20260202_Thermal_HKUST/DCIM/DJI_202602021650_009/DJI_20260202170813_0060_T.JPG,exact_base_name,0,2026-02-02 17:08:13,2026-02-02 17:08:13,22.340091666666666,114.266475,498.424,4032.0,3024.0,640.0,512.0,ok,ok,candidate_only_no_visual_QA,Prioritized from existing inventory/metadata only; final pilot selection requires visual QA and Part B alignment review.
high,no,no,20260202_Thermal_HKUST/DCIM/DJI_202602021650_009::DJI_20260202170826_0061,DJI_20260202170826_0061,0061,HKUST,2026-02-02,20260202_Thermal_HKUST,DJI_202602021650_009,data/raw/HKUST/20260202_Thermal_HKUST/DCIM/DJI_202602021650_009/DJI_20260202170826_0061_V.JPG,data/raw/HKUST/20260202_Thermal_HKUST/DCIM/DJI_202602021650_009/DJI_20260202170826_0061_T.JPG,exact_base_name,0,2026-02-02 17:08:26,2026-02-02 17:08:26,22.3402,114.26511666666667,498.739,4032.0,3024.0,640.0,512.0,ok,ok,candidate_only_no_visual_QA,Prioritized from existing inventory/metadata only; final pilot selection requires visual QA and Part B alignment review.
high,no,no,20260202_Thermal_HKUST/DCIM/DJI_202602021650_009::DJI_20260202170838_0062,DJI_20260202170838_0062,0062,HKUST,2026-02-02,20260202_Thermal_HKUST,DJI_202602021650_009,data/raw/HKUST/20260202_Thermal_HKUST/DCIM/DJI_202602021650_009/DJI_20260202170838_0062_V.JPG,data/raw/HKUST/20260202_Thermal_HKUST/DCIM/DJI_202602021650_009/DJI_20260202170838_0062_T.JPG,exact_base_name,0,2026-02-02 17:08:38,2026-02-02 17:08:38,22.340291666666666,114.26396666666666,498.657,4032.0,3024.0,640.0,512.0,ok,ok,candidate_only_no_visual_QA,Prioritized from existing inventory/metadata only; final pilot selection requires visual QA and Part B alignment review.
high,no,no,20260202_Thermal_HKUST/DCIM/DJI_202602021650_009::DJI_20260202170851_0063,DJI_20260202170851_0063,0063,HKUST,2026-02-02,20260202_Thermal_HKUST,DJI_202602021650_009,data/raw/HKUST/20260202_Thermal_HKUST/DCIM/DJI_202602021650_009/DJI_20260202170851_0063_V.JPG,data/raw/HKUST/20260202_Thermal_HKUST/DCIM/DJI_202602021650_009/DJI_20260202170851_0063_T.JPG,exact_base_name,0,2026-02-02 17:08:51,2026-02-02 17:08:51,22.34038611111111,114.26276111111112,498.405,4032.0,3024.0,640.0,512.0,ok,ok,candidate_only_no_visual_QA,Prioritized from existing inventory/metadata only; final pilot selection requires visual QA and Part B alignment review.
high,no,no,20260202_Thermal_HKUST/DCIM/DJI_202602021650_009::DJI_20260202170903_0064,DJI_20260202170903_0064,0064,HKUST,2026-02-02,20260202_Thermal_HKUST,DJI_202602021650_009,data/raw/HKUST/20260202_Thermal_HKUST/DCIM/DJI_202602021650_009/DJI_20260202170903_0064_V.JPG,data/raw/HKUST/20260202_Thermal_HKUST/DCIM/DJI_202602021650_009/DJI_20260202170903_0064_T.JPG,exact_base_name,0,2026-02-02 17:09:03,2026-02-02 17:09:03,22.34047222222222,114.26163055555556,498.242,4032.0,3024.0,640.0,512.0,ok,ok,candidate_only_no_visual_QA,Prioritized from existing inventory/metadata only; final pilot selection requires visual QA and Part B alignment review.
high,no,no,20260202_Thermal_HKUST/DCIM/DJI_202602021650_009::DJI_20260202170917_0065,DJI_20260202170917_0065,0065,HKUST,2026-02-02,20260202_Thermal_HKUST,DJI_202602021650_009,data/raw/HKUST/20260202_Thermal_HKUST/DCIM/DJI_202602021650_009/DJI_20260202170917_0065_V.JPG,data/raw/HKUST/20260202_Thermal_HKUST/DCIM/DJI_202602021650_009/DJI_20260202170917_0065_T.JPG,exact_base_name,0,2026-02-02 17:09:17,2026-02-02 17:09:17,22.340588888888888,114.26016388888888,498.543,4032.0,3024.0,640.0,512.0,ok,ok,candidate_only_no_visual_QA,Prioritized from existing inventory/metadata only; final pilot selection requires visual QA and Part B alignment review.
high,no,no,20260202_Thermal_HKUST/DCIM/DJI_202602021650_009::DJI_20260202170937_0067,DJI_20260202170937_0067,0067,HKUST,2026-02-02,20260202_Thermal_HKUST,DJI_202602021650_009,data/raw/HKUST/20260202_Thermal_HKUST/DCIM/DJI_202602021650_009/DJI_20260202170937_0067_V.JPG,data/raw/HKUST/20260202_Thermal_HKUST/DCIM/DJI_202602021650_009/DJI_20260202170937_0067_T.JPG,exact_base_name,0,2026-02-02 17:09:37,2026-02-02 17:09:37,22.341680555555556,114.25946111111111,498.001,4032.0,3024.0,640.0,512.0,ok,ok,candidate_only_no_visual_QA,Prioritized from existing inventory/metadata only; final pilot selection requires visual QA and Part B alignment review.
high,no,no,20260202_Thermal_HKUST/DCIM/DJI_202602021650_009::DJI_20260202170947_0068,DJI_20260202170947_0068,0068,HKUST,2026-02-02,20260202_Thermal_HKUST,DJI_202602021650_009,data/raw/HKUST/20260202_Thermal_HKUST/DCIM/DJI_202602021650_009/DJI_20260202170947_0068_V.JPG,data/raw/HKUST/20260202_Thermal_HKUST/DCIM/DJI_202602021650_009/DJI_20260202170947_0068_T.JPG,exact_base_name,0,2026-02-02 17:09:47,2026-02-02 17:09:47,22.3416,114.26023888888889,498.522,4032.0,3024.0,640.0,512.0,ok,ok,candidate_only_no_visual_QA,Prioritized from existing inventory/metadata only; final pilot selection requires visual QA and Part B alignment review.
high,no,no,20260202_Thermal_HKUST/DCIM/DJI_202602021650_009::DJI_20260202171001_0069,DJI_20260202171001_0069,0069,HKUST,2026-02-02,20260202_Thermal_HKUST,DJI_202602021650_009,data/raw/HKUST/20260202_Thermal_HKUST/DCIM/DJI_202602021650_009/DJI_20260202171001_0069_V.JPG,data/raw/HKUST/20260202_Thermal_HKUST/DCIM/DJI_202602021650_009/DJI_20260202171001_0069_T.JPG,exact_base_name,0,2026-02-02 17:10:01,2026-02-02 17:10:01,22.34145,114.26178888888889,499.344,4032.0,3024.0,640.0,512.0,ok,ok,candidate_only_no_visual_QA,Prioritized from existing inventory/metadata only; final pilot selection requires visual QA and Part B alignment review.
high,no,no,20260202_Thermal_HKUST/DCIM/DJI_202602021650_009::DJI_20260202171019_0070,DJI_20260202171019_0070,0070,HKUST,2026-02-02,20260202_Thermal_HKUST,DJI_202602021650_009,data/raw/HKUST/20260202_Thermal_HKUST/DCIM/DJI_202602021650_009/DJI_20260202171019_0070_V.JPG,data/raw/HKUST/20260202_Thermal_HKUST/DCIM/DJI_202602021650_009/DJI_20260202171019_0070_T.JPG,exact_base_name,0,2026-02-02 17:10:19,2026-02-02 17:10:19,22.341099999999997,114.26388055555556,499.873,4032.0,3024.0,640.0,512.0,ok,ok,candidate_only_no_visual_QA,Prioritized from existing inventory/metadata only; final pilot selection requires visual QA and Part B alignment review.
high,no,no,20260202_Thermal_HKUST/DCIM/DJI_202602021650_009::DJI_20260202171055_0072,DJI_20260202171055_0072,0072,HKUST,2026-02-02,20260202_Thermal_HKUST,DJI_202602021650_009,data/raw/HKUST/20260202_Thermal_HKUST/DCIM/DJI_202602021650_009/DJI_20260202171055_0072_V.JPG,data/raw/HKUST/20260202_Thermal_HKUST/DCIM/DJI_202602021650_009/DJI_20260202171055_0072_T.JPG,exact_base_name,0,2026-02-02 17:10:55,2026-02-02 17:10:55,22.34091944444444,114.26467222222222,499.51,4096.0,3072.0,640.0,512.0,ok,ok,candidate_only_no_visual_QA,Prioritized from existing inventory/metadata only; final pilot selection requires visual QA and Part B alignment review.
high,no,no,20260202_Thermal_HKUST/DCIM/DJI_202602021650_009::DJI_20260202171104_0073,DJI_20260202171104_0073,0073,HKUST,2026-02-02,20260202_Thermal_HKUST,DJI_202602021650_009,data/raw/HKUST/20260202_Thermal_HKUST/DCIM/DJI_202602021650_009/DJI_20260202171104_0073_V.JPG,data/raw/HKUST/20260202_Thermal_HKUST/DCIM/DJI_202602021650_009/DJI_20260202171104_0073_T.JPG,exact_base_name,0,2026-02-02 17:11:04,2026-02-02 17:11:04,22.340922222222222,114.26467222222222,499.504,4032.0,3024.0,640.0,512.0,ok,ok,candidate_only_no_visual_QA,Prioritized from existing inventory/metadata only; final pilot selection requires visual QA and Part B alignment review.
high,no,no,20260202_Thermal_HKUST/DCIM/DJI_202602021650_009::DJI_20260202171105_0074,DJI_20260202171105_0074,0074,HKUST,2026-02-02,20260202_Thermal_HKUST,DJI_202602021650_009,data/raw/HKUST/20260202_Thermal_HKUST/DCIM/DJI_202602021650_009/DJI_20260202171105_0074_V.JPG,data/raw/HKUST/20260202_Thermal_HKUST/DCIM/DJI_202602021650_009/DJI_20260202171105_0074_T.JPG,exact_base_name,0,2026-02-02 17:11:05,2026-02-02 17:11:05,22.340922222222222,114.26467222222222,499.507,4032.0,3024.0,640.0,512.0,ok,ok,candidate_only_no_visual_QA,Prioritized from existing inventory/metadata only; final pilot selection requires visual QA and Part B alignment review.
medium,no,yes,20260202_Thermal_HKUST/DCIM/DJI_202602021048_003::sample_0016,sample_0016,0016,HKUST,2026-02-02,20260202_Thermal_HKUST,DJI_202602021048_003,data/raw/HKUST/20260202_Thermal_HKUST/DCIM/DJI_202602021048_003/DJI_20260202105452_0016_V.JPG,data/raw/HKUST/20260202_Thermal_HKUST/DCIM/DJI_202602021048_003/DJI_20260202105453_0016_T.JPG,session_sample_number,1,2026-02-02 10:54:52,2026-02-02 10:54:53,22.3342,114.26106944444444,497.972,4096.0,3072.0,640.0,512.0,ok,ok,candidate_only_no_visual_QA,Prioritized from existing inventory/metadata only; final pilot selection requires visual QA and Part B alignment review.
medium,no,yes,20260202_Thermal_HKUST/DCIM/DJI_202602021249_005::sample_0016,sample_0016,0016,HKUST,2026-02-02,20260202_Thermal_HKUST,DJI_202602021249_005,data/raw/HKUST/20260202_Thermal_HKUST/DCIM/DJI_202602021249_005/DJI_20260202125611_0016_V.JPG,data/raw/HKUST/20260202_Thermal_HKUST/DCIM/DJI_202602021249_005/DJI_20260202125612_0016_T.JPG,session_sample_number,1,2026-02-02 12:56:11,2026-02-02 12:56:12,22.331263888888888,114.2615111111111,499.778,4096.0,3072.0,640.0,512.0,ok,ok,candidate_only_no_visual_QA,Prioritized from existing inventory/metadata only; final pilot selection requires visual QA and Part B alignment review.
medium,no,no,20260107_Thermal_HKUST/DCIM/DJI_202601071424_001::sample_0006,sample_0006,0006,HKUST,2026-01-07,20260107_Thermal_HKUST,DJI_202601071424_001,data/raw/HKUST/20260107_Thermal_HKUST/DCIM/DJI_202601071424_001/DJI_20260107143311_0006_V.JPG,data/raw/HKUST/20260107_Thermal_HKUST/DCIM/DJI_202601071424_001/DJI_20260107143312_0006_T.JPG,session_sample_number,1,2026-01-07 14:33:11,2026-01-07 14:33:12,22.339480555555554,114.26331388888889,400.031,4032.0,3024.0,640.0,512.0,ok,ok,candidate_only_no_visual_QA,Prioritized from existing inventory/metadata only; final pilot selection requires visual QA and Part B alignment review.
medium,no,no,20260107_Thermal_HKUST/DCIM/DJI_202601071424_001::sample_0010,sample_0010,0010,HKUST,2026-01-07,20260107_Thermal_HKUST,DJI_202601071424_001,data/raw/HKUST/20260107_Thermal_HKUST/DCIM/DJI_202601071424_001/DJI_20260107143352_0010_V.JPG,data/raw/HKUST/20260107_Thermal_HKUST/DCIM/DJI_202601071424_001/DJI_20260107143353_0010_T.JPG,session_sample_number,1,2026-01-07 14:33:52,2026-01-07 14:33:53,22.337249999999997,114.26328055555555,400.599,4032.0,3024.0,640.0,512.0,ok,ok,candidate_only_no_visual_QA,Prioritized from existing inventory/metadata only; final pilot selection requires visual QA and Part B alignment review.
medium,no,no,20260107_Thermal_HKUST/DCIM/DJI_202601071424_001::sample_0019,sample_0019,0019,HKUST,2026-01-07,20260107_Thermal_HKUST,DJI_202601071424_001,data/raw/HKUST/20260107_Thermal_HKUST/DCIM/DJI_202601071424_001/DJI_20260107143501_0019_V.JPG,data/raw/HKUST/20260107_Thermal_HKUST/DCIM/DJI_202601071424_001/DJI_20260107143502_0019_T.JPG,session_sample_number,1,2026-01-07 14:35:01,2026-01-07 14:35:02,22.333205555555555,114.26391666666666,401.945,4032.0,3024.0,640.0,512.0,ok,ok,candidate_only_no_visual_QA,Prioritized from existing inventory/metadata only; final pilot selection requires visual QA and Part B alignment review.
medium,no,no,20260107_Thermal_HKUST/DCIM/DJI_202601071424_001::sample_0022,sample_0022,0022,HKUST,2026-01-07,20260107_Thermal_HKUST,DJI_202601071424_001,data/raw/HKUST/20260107_Thermal_HKUST/DCIM/DJI_202601071424_001/DJI_20260107143523_0022_V.JPG,data/raw/HKUST/20260107_Thermal_HKUST/DCIM/DJI_202601071424_001/DJI_20260107143524_0022_T.JPG,session_sample_number,1,2026-01-07 14:35:23,2026-01-07 14:35:24,22.334566666666664,114.26395277777777,400.892,4032.0,3024.0,640.0,512.0,ok,ok,candidate_only_no_visual_QA,Prioritized from existing inventory/metadata only; final pilot selection requires visual QA and Part B alignment review.
medium,no,no,20260107_Thermal_HKUST/DCIM/DJI_202601071424_001::sample_0025,sample_0025,0025,HKUST,2026-01-07,20260107_Thermal_HKUST,DJI_202601071424_001,data/raw/HKUST/20260107_Thermal_HKUST/DCIM/DJI_202601071424_001/DJI_20260107143553_0025_V.JPG,data/raw/HKUST/20260107_Thermal_HKUST/DCIM/DJI_202601071424_001/DJI_20260107143554_0025_T.JPG,session_sample_number,1,2026-01-07 14:35:53,2026-01-07 14:35:54,22.336558333333333,114.26397222222222,400.221,4032.0,3024.0,640.0,512.0,ok,ok,candidate_only_no_visual_QA,Prioritized from existing inventory/metadata only; final pilot selection requires visual QA and Part B alignment review.
medium,no,no,20260107_Thermal_HKUST/DCIM/DJI_202601071424_001::sample_0034,sample_0034,0034,HKUST,2026-01-07,20260107_Thermal_HKUST,DJI_202601071424_001,data/raw/HKUST/20260107_Thermal_HKUST/DCIM/DJI_202601071424_001/DJI_20260107143709_0034_V.JPG,data/raw/HKUST/20260107_Thermal_HKUST/DCIM/DJI_202601071424_001/DJI_20260107143710_0034_T.JPG,session_sample_number,1,2026-01-07 14:37:09,2026-01-07 14:37:10,22.340177777777775,114.26455,400.998,4032.0,3024.0,640.0,512.0,ok,ok,candidate_only_no_visual_QA,Prioritized from existing inventory/metadata only; final pilot selection requires visual QA and Part B alignment review.
medium,no,no,20260107_Thermal_HKUST/DCIM/DJI_202601071424_001::sample_0048,sample_0048,0048,HKUST,2026-01-07,20260107_Thermal_HKUST,DJI_202601071424_001,data/raw/HKUST/20260107_Thermal_HKUST/DCIM/DJI_202601071424_001/DJI_20260107143859_0048_V.JPG,data/raw/HKUST/20260107_Thermal_HKUST/DCIM/DJI_202601071424_001/DJI_20260107143900_0048_T.JPG,session_sample_number,1,2026-01-07 14:38:59,2026-01-07 14:39:00,22.33414722222222,114.26446388888888,402.543,4032.0,3024.0,640.0,512.0,ok,ok,candidate_only_no_visual_QA,Prioritized from existing inventory/metadata only; final pilot selection requires visual QA and Part B alignment review.
medium,no,no,20260107_Thermal_HKUST/DCIM/DJI_202601071424_001::sample_0056,sample_0056,0056,HKUST,2026-01-07,20260107_Thermal_HKUST,DJI_202601071424_001,data/raw/HKUST/20260107_Thermal_HKUST/DCIM/DJI_202601071424_001/DJI_20260107144000_0056_V.JPG,data/raw/HKUST/20260107_Thermal_HKUST/DCIM/DJI_202601071424_001/DJI_20260107144001_0056_T.JPG,session_sample_number,1,2026-01-07 14:40:00,2026-01-07 14:40:01,22.334994444444444,114.264875,401.793,4032.0,3024.0,640.0,512.0,ok,ok,candidate_only_no_visual_QA,Prioritized from existing inventory/metadata only; final pilot selection requires visual QA and Part B alignment review.
medium,no,no,20260107_Thermal_HKUST/DCIM/DJI_202601071424_001::sample_0064,sample_0064,0064,HKUST,2026-01-07,20260107_Thermal_HKUST,DJI_202601071424_001,data/raw/HKUST/20260107_Thermal_HKUST/DCIM/DJI_202601071424_001/DJI_20260107144049_0064_V.JPG,data/raw/HKUST/20260107_Thermal_HKUST/DCIM/DJI_202601071424_001/DJI_20260107144050_0064_T.JPG,session_sample_number,1,2026-01-07 14:40:49,2026-01-07 14:40:50,22.337844444444443,114.26490277777778,401.95,4032.0,3024.0,640.0,512.0,ok,ok,candidate_only_no_visual_QA,Prioritized from existing inventory/metadata only; final pilot selection requires visual QA and Part B alignment review.
medium,no,no,20260107_Thermal_HKUST/DCIM/DJI_202601071424_001::sample_0073,sample_0073,0073,HKUST,2026-01-07,20260107_Thermal_HKUST,DJI_202601071424_001,data/raw/HKUST/20260107_Thermal_HKUST/DCIM/DJI_202601071424_001/DJI_20260107144205_0073_V.JPG,data/raw/HKUST/20260107_Thermal_HKUST/DCIM/DJI_202601071424_001/DJI_20260107144206_0073_T.JPG,session_sample_number,1,2026-01-07 14:42:05,2026-01-07 14:42:06,22.337255555555554,114.26563055555556,403.73,4032.0,3024.0,640.0,512.0,ok,ok,candidate_only_no_visual_QA,Prioritized from existing inventory/metadata only; final pilot selection requires visual QA and Part B alignment review.
medium,no,no,20260107_Thermal_HKUST/DCIM/DJI_202601071424_001::sample_0076,sample_0076,0076,HKUST,2026-01-07,20260107_Thermal_HKUST,DJI_202601071424_001,data/raw/HKUST/20260107_Thermal_HKUST/DCIM/DJI_202601071424_001/DJI_20260107144234_0076_V.JPG,data/raw/HKUST/20260107_Thermal_HKUST/DCIM/DJI_202601071424_001/DJI_20260107144235_0076_T.JPG,session_sample_number,1,2026-01-07 14:42:34,2026-01-07 14:42:35,22.337141666666664,114.26642222222222,403.854,4032.0,3024.0,640.0,512.0,ok,ok,candidate_only_no_visual_QA,Prioritized from existing inventory/metadata only; final pilot selection requires visual QA and Part B alignment review.
medium,no,no,20260107_Thermal_HKUST/DCIM/DJI_202601071424_001::sample_0082,sample_0082,0082,HKUST,2026-01-07,20260107_Thermal_HKUST,DJI_202601071424_001,data/raw/HKUST/20260107_Thermal_HKUST/DCIM/DJI_202601071424_001/DJI_20260107144321_0082_V.JPG,data/raw/HKUST/20260107_Thermal_HKUST/DCIM/DJI_202601071424_001/DJI_20260107144322_0082_T.JPG,session_sample_number,1,2026-01-07 14:43:21,2026-01-07 14:43:22,22.339377777777777,114.26726666666667,403.477,4032.0,3024.0,640.0,512.0,ok,ok,candidate_only_no_visual_QA,Prioritized from existing inventory/metadata only; final pilot selection requires visual QA and Part B alignment review.
medium,no,no,20260107_Thermal_HKUST/DCIM/DJI_202601071424_001::sample_0085,sample_0085,0085,HKUST,2026-01-07,20260107_Thermal_HKUST,DJI_202601071424_001,data/raw/HKUST/20260107_Thermal_HKUST/DCIM/DJI_202601071424_001/DJI_20260107144342_0085_V.JPG,data/raw/HKUST/20260107_Thermal_HKUST/DCIM/DJI_202601071424_001/DJI_20260107144343_0085_T.JPG,session_sample_number,1,2026-01-07 14:43:42,2026-01-07 14:43:43,22.337922222222222,114.26725833333333,403.777,4032.0,3024.0,640.0,512.0,ok,ok,candidate_only_no_visual_QA,Prioritized from existing inventory/metadata only; final pilot selection requires visual QA and Part B alignment review.
medium,no,no,20260107_Thermal_HKUST/DCIM/DJI_202601071424_001::sample_0088,sample_0088,0088,HKUST,2026-01-07,20260107_Thermal_HKUST,DJI_202601071424_001,data/raw/HKUST/20260107_Thermal_HKUST/DCIM/DJI_202601071424_001/DJI_20260107144405_0088_V.JPG,data/raw/HKUST/20260107_Thermal_HKUST/DCIM/DJI_202601071424_001/DJI_20260107144406_0088_T.JPG,session_sample_number,1,2026-01-07 14:44:05,2026-01-07 14:44:06,22.33641111111111,114.26723888888888,404.595,4032.0,3024.0,640.0,512.0,ok,ok,candidate_only_no_visual_QA,Prioritized from existing inventory/metadata only; final pilot selection requires visual QA and Part B alignment review.
medium,no,no,20260107_Thermal_HKUST/DCIM/DJI_202601071424_001::sample_0090,sample_0090,0090,HKUST,2026-01-07,20260107_Thermal_HKUST,DJI_202601071424_001,data/raw/HKUST/20260107_Thermal_HKUST/DCIM/DJI_202601071424_001/DJI_20260107144416_0090_V.JPG,data/raw/HKUST/20260107_Thermal_HKUST/DCIM/DJI_202601071424_001/DJI_20260107144417_0090_T.JPG,session_sample_number,1,2026-01-07 14:44:16,2026-01-07 14:44:17,22.336391666666664,114.26812222222222,404.807,4032.0,3024.0,640.0,512.0,ok,ok,candidate_only_no_visual_QA,Prioritized from existing inventory/metadata only; final pilot selection requires visual QA and Part B alignment review.
medium,no,no,20260107_Thermal_HKUST/DCIM/DJI_202601071424_001::sample_0091,sample_0091,0091,HKUST,2026-01-07,20260107_Thermal_HKUST,DJI_202601071424_001,data/raw/HKUST/20260107_Thermal_HKUST/DCIM/DJI_202601071424_001/DJI_20260107144424_0091_V.JPG,data/raw/HKUST/20260107_Thermal_HKUST/DCIM/DJI_202601071424_001/DJI_20260107144425_0091_T.JPG,session_sample_number,1,2026-01-07 14:44:24,2026-01-07 14:44:25,22.33695833333333,114.26813055555556,404.696,4032.0,3024.0,640.0,512.0,ok,ok,candidate_only_no_visual_QA,Prioritized from existing inventory/metadata only; final pilot selection requires visual QA and Part B alignment review.
medium,no,no,20260107_Thermal_HKUST/DCIM/DJI_202601071424_001::sample_0093,sample_0093,0093,HKUST,2026-01-07,20260107_Thermal_HKUST,DJI_202601071424_001,data/raw/HKUST/20260107_Thermal_HKUST/DCIM/DJI_202601071424_001/DJI_20260107144439_0093_V.JPG,data/raw/HKUST/20260107_Thermal_HKUST/DCIM/DJI_202601071424_001/DJI_20260107144440_0093_T.JPG,session_sample_number,1,2026-01-07 14:44:39,2026-01-07 14:44:40,22.33793888888889,114.26813888888888,404.296,4032.0,3024.0,640.0,512.0,ok,ok,candidate_only_no_visual_QA,Prioritized from existing inventory/metadata only; final pilot selection requires visual QA and Part B alignment review.
medium,no,no,20260107_Thermal_HKUST/DCIM/DJI_202601071424_001::sample_0101,sample_0101,0101,HKUST,2026-01-07,20260107_Thermal_HKUST,DJI_202601071424_001,data/raw/HKUST/20260107_Thermal_HKUST/DCIM/DJI_202601071424_001/DJI_20260107144540_0101_V.JPG,data/raw/HKUST/20260107_Thermal_HKUST/DCIM/DJI_202601071424_001/DJI_20260107144541_0101_T.JPG,session_sample_number,1,2026-01-07 14:45:40,2026-01-07 14:45:41,22.336688888888887,114.26939722222222,405.054,4032.0,3024.0,640.0,512.0,ok,ok,candidate_only_no_visual_QA,Prioritized from existing inventory/metadata only; final pilot selection requires visual QA and Part B alignment review.
medium,no,no,20260107_Thermal_HKUST/DCIM/DJI_202601071424_001::sample_0106,sample_0106,0106,HKUST,2026-01-07,20260107_Thermal_HKUST,DJI_202601071424_001,data/raw/HKUST/20260107_Thermal_HKUST/DCIM/DJI_202601071424_001/DJI_20260107144620_0106_V.JPG,data/raw/HKUST/20260107_Thermal_HKUST/DCIM/DJI_202601071424_001/DJI_20260107144621_0106_T.JPG,session_sample_number,1,2026-01-07 14:46:20,2026-01-07 14:46:21,22.337127777777777,114.270225,404.291,4032.0,3024.0,640.0,512.0,ok,ok,candidate_only_no_visual_QA,Prioritized from existing inventory/metadata only; final pilot selection requires visual QA and Part B alignment review.
medium,no,no,20260107_Thermal_HKUST/DCIM/DJI_202601071453_002::sample_0005,sample_0005,0005,HKUST,2026-01-07,20260107_Thermal_HKUST,DJI_202601071453_002,data/raw/HKUST/20260107_Thermal_HKUST/DCIM/DJI_202601071453_002/DJI_20260107150613_0005_V.JPG,data/raw/HKUST/20260107_Thermal_HKUST/DCIM/DJI_202601071453_002/DJI_20260107150614_0005_T.JPG,session_sample_number,1,2026-01-07 15:06:13,2026-01-07 15:06:14,22.3375,114.26291111111111,297.566,4032.0,3024.0,640.0,512.0,ok,ok,candidate_only_no_visual_QA,Prioritized from existing inventory/metadata only; final pilot selection requires visual QA and Part B alignment review.
medium,no,no,20260107_Thermal_HKUST/DCIM/DJI_202601071453_002::sample_0007,sample_0007,0007,HKUST,2026-01-07,20260107_Thermal_HKUST,DJI_202601071453_002,data/raw/HKUST/20260107_Thermal_HKUST/DCIM/DJI_202601071453_002/DJI_20260107150622_0007_V.JPG,data/raw/HKUST/20260107_Thermal_HKUST/DCIM/DJI_202601071453_002/DJI_20260107150623_0007_T.JPG,session_sample_number,1,2026-01-07 15:06:22,2026-01-07 15:06:23,22.337527777777776,114.26295555555555,298.234,4096.0,3072.0,640.0,512.0,ok,ok,candidate_only_no_visual_QA,Prioritized from existing inventory/metadata only; final pilot selection requires visual QA and Part B alignment review.
medium,no,no,20260107_Thermal_HKUST/DCIM/DJI_202601071453_002::sample_0012,sample_0012,0012,HKUST,2026-01-07,20260107_Thermal_HKUST,DJI_202601071453_002,data/raw/HKUST/20260107_Thermal_HKUST/DCIM/DJI_202601071453_002/DJI_20260107150643_0012_V.JPG,data/raw/HKUST/20260107_Thermal_HKUST/DCIM/DJI_202601071453_002/DJI_20260107150644_0012_T.JPG,session_sample_number,1,2026-01-07 15:06:43,2026-01-07 15:06:44,22.337530555555553,114.26295833333333,296.044,4096.0,3072.0,640.0,512.0,ok,ok,candidate_only_no_visual_QA,Prioritized from existing inventory/metadata only; final pilot selection requires visual QA and Part B alignment review.
medium,no,no,20260107_Thermal_HKUST/DCIM/DJI_202601071453_002::sample_0015,sample_0015,0015,HKUST,2026-01-07,20260107_Thermal_HKUST,DJI_202601071453_002,data/raw/HKUST/20260107_Thermal_HKUST/DCIM/DJI_202601071453_002/DJI_20260107150651_0015_V.JPG,data/raw/HKUST/20260107_Thermal_HKUST/DCIM/DJI_202601071453_002/DJI_20260107150652_0015_T.JPG,session_sample_number,1,2026-01-07 15:06:51,2026-01-07 15:06:52,22.337533333333333,114.26295833333333,296.049,4096.0,3072.0,640.0,512.0,ok,ok,candidate_only_no_visual_QA,Prioritized from existing inventory/metadata only; final pilot selection requires visual QA and Part B alignment review.
medium,no,no,20260107_Thermal_HKUST/DCIM/DJI_202601071453_002::sample_0021,sample_0021,0021,HKUST,2026-01-07,20260107_Thermal_HKUST,DJI_202601071453_002,data/raw/HKUST/20260107_Thermal_HKUST/DCIM/DJI_202601071453_002/DJI_20260107151101_0021_V.JPG,data/raw/HKUST/20260107_Thermal_HKUST/DCIM/DJI_202601071453_002/DJI_20260107151102_0021_T.JPG,session_sample_number,1,2026-01-07 15:11:01,2026-01-07 15:11:02,22.33754722222222,114.26355,491.993,4032.0,3024.0,640.0,512.0,ok,ok,candidate_only_no_visual_QA,Prioritized from existing inventory/metadata only; final pilot selection requires visual QA and Part B alignment review.
medium,no,no,20260107_Thermal_HKUST/DCIM/DJI_202601071453_002::sample_0025,sample_0025,0025,HKUST,2026-01-07,20260107_Thermal_HKUST,DJI_202601071453_002,data/raw/HKUST/20260107_Thermal_HKUST/DCIM/DJI_202601071453_002/DJI_20260107151128_0025_V.JPG,data/raw/HKUST/20260107_Thermal_HKUST/DCIM/DJI_202601071453_002/DJI_20260107151129_0025_T.JPG,session_sample_number,1,2026-01-07 15:11:28,2026-01-07 15:11:29,22.33661111111111,114.26361944444444,491.987,4032.0,3024.0,640.0,512.0,ok,ok,candidate_only_no_visual_QA,Prioritized from existing inventory/metadata only; final pilot selection requires visual QA and Part B alignment review.
medium,no,no,20260109_Thermal_HKUST/DCIM/DJI_202601091403_001::sample_0009,sample_0009,0009,HKUST,2026-01-09,20260109_Thermal_HKUST,DJI_202601091403_001,data/raw/HKUST/20260109_Thermal_HKUST/DCIM/DJI_202601091403_001/DJI_20260109141227_0009_V.JPG,data/raw/HKUST/20260109_Thermal_HKUST/DCIM/DJI_202601091403_001/DJI_20260109141228_0009_T.JPG,session_sample_number,1,2026-01-09 14:12:27,2026-01-09 14:12:28,22.337252777777778,114.26345,450.032,4032.0,3024.0,640.0,512.0,ok,ok,candidate_only_no_visual_QA,Prioritized from existing inventory/metadata only; final pilot selection requires visual QA and Part B alignment review.
medium,no,no,20260109_Thermal_HKUST/DCIM/DJI_202601091403_001::sample_0010,sample_0010,0010,HKUST,2026-01-09,20260109_Thermal_HKUST,DJI_202601091403_001,data/raw/HKUST/20260109_Thermal_HKUST/DCIM/DJI_202601091403_001/DJI_20260109141231_0010_V.JPG,data/raw/HKUST/20260109_Thermal_HKUST/DCIM/DJI_202601091403_001/DJI_20260109141232_0010_T.JPG,session_sample_number,1,2026-01-09 14:12:31,2026-01-09 14:12:32,22.337252777777778,114.26345,449.971,4032.0,3024.0,640.0,512.0,ok,ok,candidate_only_no_visual_QA,Prioritized from existing inventory/metadata only; final pilot selection requires visual QA and Part B alignment review.
medium,no,no,20260109_Thermal_HKUST/DCIM/DJI_202601091403_001::sample_0017,sample_0017,0017,HKUST,2026-01-09,20260109_Thermal_HKUST,DJI_202601091403_001,data/raw/HKUST/20260109_Thermal_HKUST/DCIM/DJI_202601091403_001/DJI_20260109141359_0017_V.JPG,data/raw/HKUST/20260109_Thermal_HKUST/DCIM/DJI_202601091403_001/DJI_20260109141400_0017_T.JPG,session_sample_number,1,2026-01-09 14:13:59,2026-01-09 14:14:00,22.333969444444442,114.26345833333333,450.029,4032.0,3024.0,640.0,512.0,ok,ok,candidate_only_no_visual_QA,Prioritized from existing inventory/metadata only; final pilot selection requires visual QA and Part B alignment review.
medium,no,no,20260109_Thermal_HKUST/DCIM/DJI_202601091403_001::sample_0021,sample_0021,0021,HKUST,2026-01-09,20260109_Thermal_HKUST,DJI_202601091403_001,data/raw/HKUST/20260109_Thermal_HKUST/DCIM/DJI_202601091403_001/DJI_20260109141431_0021_V.JPG,data/raw/HKUST/20260109_Thermal_HKUST/DCIM/DJI_202601091403_001/DJI_20260109141432_0021_T.JPG,session_sample_number,1,2026-01-09 14:14:31,2026-01-09 14:14:32,22.334163888888888,114.26346944444444,450.378,4032.0,3024.0,640.0,512.0,ok,ok,candidate_only_no_visual_QA,Prioritized from existing inventory/metadata only; final pilot selection requires visual QA and Part B alignment review.
medium,no,no,20260202_Thermal_HKUST/DCIM/DJI_202602020853_001::sample_0005,sample_0005,0005,HKUST,2026-02-02,20260202_Thermal_HKUST,DJI_202602020853_001,data/raw/HKUST/20260202_Thermal_HKUST/DCIM/DJI_202602020853_001/DJI_20260202090103_0005_V.JPG,data/raw/HKUST/20260202_Thermal_HKUST/DCIM/DJI_202602020853_001/DJI_20260202090102_0005_T.JPG,session_sample_number,1,2026-02-02 09:01:03,2026-02-02 09:01:02,22.33755,114.26295555555555,497.278,3840.0,2160.0,640.0,512.0,ok,ok,candidate_only_no_visual_QA,Prioritized from existing inventory/metadata only; final pilot selection requires visual QA and Part B alignment review.
medium,no,no,20260202_Thermal_HKUST/DCIM/DJI_202602020853_001::sample_0006,sample_0006,0006,HKUST,2026-02-02,20260202_Thermal_HKUST,DJI_202602020853_001,data/raw/HKUST/20260202_Thermal_HKUST/DCIM/DJI_202602020853_001/DJI_20260202090141_0006_V.JPG,data/raw/HKUST/20260202_Thermal_HKUST/DCIM/DJI_202602020853_001/DJI_20260202090140_0006_T.JPG,session_sample_number,1,2026-02-02 09:01:41,2026-02-02 09:01:40,22.33838611111111,114.26297222222222,499.927,3840.0,2160.0,640.0,512.0,ok,ok,candidate_only_no_visual_QA,Prioritized from existing inventory/metadata only; final pilot selection requires visual QA and Part B alignment review.
medium,no,no,20260202_Thermal_HKUST/DCIM/DJI_202602020853_001::sample_0023,sample_0023,0023,HKUST,2026-02-02,20260202_Thermal_HKUST,DJI_202602020853_001,data/raw/HKUST/20260202_Thermal_HKUST/DCIM/DJI_202602020853_001/DJI_20260202090545_0023_V.JPG,data/raw/HKUST/20260202_Thermal_HKUST/DCIM/DJI_202602020853_001/DJI_20260202090546_0023_T.JPG,session_sample_number,1,2026-02-02 09:05:45,2026-02-02 09:05:46,22.339875,114.26454166666667,497.223,4096.0,3072.0,640.0,512.0,ok,ok,candidate_only_no_visual_QA,Prioritized from existing inventory/metadata only; final pilot selection requires visual QA and Part B alignment review.
medium,no,no,20260202_Thermal_HKUST/DCIM/DJI_202602020853_001::sample_0026,sample_0026,0026,HKUST,2026-02-02,20260202_Thermal_HKUST,DJI_202602020853_001,data/raw/HKUST/20260202_Thermal_HKUST/DCIM/DJI_202602020853_001/DJI_20260202090607_0026_V.JPG,data/raw/HKUST/20260202_Thermal_HKUST/DCIM/DJI_202602020853_001/DJI_20260202090608_0026_T.JPG,session_sample_number,1,2026-02-02 09:06:07,2026-02-02 09:06:08,22.338255555555556,114.26461666666667,497.962,4096.0,3072.0,640.0,512.0,ok,ok,candidate_only_no_visual_QA,Prioritized from existing inventory/metadata only; final pilot selection requires visual QA and Part B alignment review.
medium,no,no,20260202_Thermal_HKUST/DCIM/DJI_202602020853_001::sample_0028,sample_0028,0028,HKUST,2026-02-02,20260202_Thermal_HKUST,DJI_202602020853_001,data/raw/HKUST/20260202_Thermal_HKUST/DCIM/DJI_202602020853_001/DJI_20260202090635_0028_V.JPG,data/raw/HKUST/20260202_Thermal_HKUST/DCIM/DJI_202602020853_001/DJI_20260202090636_0028_T.JPG,session_sample_number,1,2026-02-02 09:06:35,2026-02-02 09:06:36,22.335991666666665,114.26465277777778,498.802,4096.0,3072.0,640.0,512.0,ok,ok,candidate_only_no_visual_QA,Prioritized from existing inventory/metadata only; final pilot selection requires visual QA and Part B alignment review.
medium,no,no,20260202_Thermal_HKUST/DCIM/DJI_202602020853_001::sample_0032,sample_0032,0032,HKUST,2026-02-02,20260202_Thermal_HKUST,DJI_202602020853_001,data/raw/HKUST/20260202_Thermal_HKUST/DCIM/DJI_202602020853_001/DJI_20260202090711_0032_V.JPG,data/raw/HKUST/20260202_Thermal_HKUST/DCIM/DJI_202602020853_001/DJI_20260202090712_0032_T.JPG,session_sample_number,1,2026-02-02 09:07:11,2026-02-02 09:07:12,22.333211111111112,114.26468611111112,498.896,4096.0,3072.0,640.0,512.0,ok,ok,candidate_only_no_visual_QA,Prioritized from existing inventory/metadata only; final pilot selection requires visual QA and Part B alignment review.
medium,no,no,20260202_Thermal_HKUST/DCIM/DJI_202602020853_001::sample_0056,sample_0056,0056,HKUST,2026-02-02,20260202_Thermal_HKUST,DJI_202602020853_001,data/raw/HKUST/20260202_Thermal_HKUST/DCIM/DJI_202602020853_001/DJI_20260202091055_0056_V.JPG,data/raw/HKUST/20260202_Thermal_HKUST/DCIM/DJI_202602020853_001/DJI_20260202091056_0056_T.JPG,session_sample_number,1,2026-02-02 09:10:55,2026-02-02 09:10:56,22.33615,114.26656944444444,499.819,4096.0,3072.0,640.0,512.0,ok,ok,candidate_only_no_visual_QA,Prioritized from existing inventory/metadata only; final pilot selection requires visual QA and Part B alignment review.
medium,no,no,20260202_Thermal_HKUST/DCIM/DJI_202602020853_001::sample_0058,sample_0058,0058,HKUST,2026-02-02,20260202_Thermal_HKUST,DJI_202602020853_001,data/raw/HKUST/20260202_Thermal_HKUST/DCIM/DJI_202602020853_001/DJI_20260202091127_0058_V.JPG,data/raw/HKUST/20260202_Thermal_HKUST/DCIM/DJI_202602020853_001/DJI_20260202091128_0058_T.JPG,session_sample_number,1,2026-02-02 09:11:27,2026-02-02 09:11:28,22.337194444444442,114.26838611111111,499.892,4096.0,3072.0,640.0,512.0,ok,ok,candidate_only_no_visual_QA,Prioritized from existing inventory/metadata only; final pilot selection requires visual QA and Part B alignment review.
medium,no,no,20260202_Thermal_HKUST/DCIM/DJI_202602020853_001::sample_0059,sample_0059,0059,HKUST,2026-02-02,20260202_Thermal_HKUST,DJI_202602020853_001,data/raw/HKUST/20260202_Thermal_HKUST/DCIM/DJI_202602020853_001/DJI_20260202091128_0059_V.JPG,data/raw/HKUST/20260202_Thermal_HKUST/DCIM/DJI_202602020853_001/DJI_20260202091129_0059_T.JPG,session_sample_number,1,2026-02-02 09:11:28,2026-02-02 09:11:29,22.3372,114.26838611111111,499.86,4096.0,3072.0,640.0,512.0,ok,ok,candidate_only_no_visual_QA,Prioritized from existing inventory/metadata only; final pilot selection requires visual QA and Part B alignment review.
medium,no,no,20260202_Thermal_HKUST/DCIM/DJI_202602020954_002::sample_0002,sample_0002,0002,HKUST,2026-02-02,20260202_Thermal_HKUST,DJI_202602020954_002,data/raw/HKUST/20260202_Thermal_HKUST/DCIM/DJI_202602020954_002/DJI_20260202095908_0002_V.JPG,data/raw/HKUST/20260202_Thermal_HKUST/DCIM/DJI_202602020954_002/DJI_20260202095909_0002_T.JPG,session_sample_number,1,2026-02-02 09:59:08,2026-02-02 09:59:09,22.337474999999998,114.26292222222222,500.016,4032.0,3024.0,640.0,512.0,ok,ok,candidate_only_no_visual_QA,Prioritized from existing inventory/metadata only; final pilot selection requires visual QA and Part B alignment review.
medium,no,no,20260202_Thermal_HKUST/DCIM/DJI_202602020954_002::sample_0010,sample_0010,0010,HKUST,2026-02-02,20260202_Thermal_HKUST,DJI_202602020954_002,data/raw/HKUST/20260202_Thermal_HKUST/DCIM/DJI_202602020954_002/DJI_20260202100043_0010_V.JPG,data/raw/HKUST/20260202_Thermal_HKUST/DCIM/DJI_202602020954_002/DJI_20260202100044_0010_T.JPG,session_sample_number,1,2026-02-02 10:00:43,2026-02-02 10:00:44,22.336558333333333,114.26286944444445,499.565,4032.0,3024.0,640.0,512.0,ok,ok,candidate_only_no_visual_QA,Prioritized from existing inventory/metadata only; final pilot selection requires visual QA and Part B alignment review.
medium,no,no,20260202_Thermal_HKUST/DCIM/DJI_202602020954_002::sample_0014,sample_0014,0014,HKUST,2026-02-02,20260202_Thermal_HKUST,DJI_202602020954_002,data/raw/HKUST/20260202_Thermal_HKUST/DCIM/DJI_202602020954_002/DJI_20260202100113_0014_V.JPG,data/raw/HKUST/20260202_Thermal_HKUST/DCIM/DJI_202602020954_002/DJI_20260202100114_0014_T.JPG,session_sample_number,1,2026-02-02 10:01:13,2026-02-02 10:01:14,22.3344,114.26288611111111,499.911,4032.0,3024.0,640.0,512.0,ok,ok,candidate_only_no_visual_QA,Prioritized from existing inventory/metadata only; final pilot selection requires visual QA and Part B alignment review.
medium,no,no,20260202_Thermal_HKUST/DCIM/DJI_202602020954_002::sample_0020,sample_0020,0020,HKUST,2026-02-02,20260202_Thermal_HKUST,DJI_202602020954_002,data/raw/HKUST/20260202_Thermal_HKUST/DCIM/DJI_202602020954_002/DJI_20260202100222_0020_V.JPG,data/raw/HKUST/20260202_Thermal_HKUST/DCIM/DJI_202602020954_002/DJI_20260202100223_0020_T.JPG,session_sample_number,1,2026-02-02 10:02:22,2026-02-02 10:02:23,22.329,114.26293055555556,499.924,4032.0,3024.0,640.0,512.0,ok,ok,candidate_only_no_visual_QA,Prioritized from existing inventory/metadata only; final pilot selection requires visual QA and Part B alignment review.
medium,no,no,20260202_Thermal_HKUST/DCIM/DJI_202602020954_002::sample_0026,sample_0026,0026,HKUST,2026-02-02,20260202_Thermal_HKUST,DJI_202602020954_002,data/raw/HKUST/20260202_Thermal_HKUST/DCIM/DJI_202602020954_002/DJI_20260202100336_0026_V.JPG,data/raw/HKUST/20260202_Thermal_HKUST/DCIM/DJI_202602020954_002/DJI_20260202100337_0026_T.JPG,session_sample_number,1,2026-02-02 10:03:36,2026-02-02 10:03:37,22.33339722222222,114.26403611111111,499.943,4032.0,3024.0,640.0,512.0,ok,ok,candidate_only_no_visual_QA,Prioritized from existing inventory/metadata only; final pilot selection requires visual QA and Part B alignment review.
medium,no,no,20260202_Thermal_HKUST/DCIM/DJI_202602020954_002::sample_0030,sample_0030,0030,HKUST,2026-02-02,20260202_Thermal_HKUST,DJI_202602020954_002,data/raw/HKUST/20260202_Thermal_HKUST/DCIM/DJI_202602020954_002/DJI_20260202100423_0030_V.JPG,data/raw/HKUST/20260202_Thermal_HKUST/DCIM/DJI_202602020954_002/DJI_20260202100424_0030_T.JPG,session_sample_number,1,2026-02-02 10:04:23,2026-02-02 10:04:24,22.33715833333333,114.26396666666666,500.046,4032.0,3024.0,640.0,512.0,ok,ok,candidate_only_no_visual_QA,Prioritized from existing inventory/metadata only; final pilot selection requires visual QA and Part B alignment review.
medium,no,no,20260202_Thermal_HKUST/DCIM/DJI_202602020954_002::sample_0032,sample_0032,0032,HKUST,2026-02-02,20260202_Thermal_HKUST,DJI_202602020954_002,data/raw/HKUST/20260202_Thermal_HKUST/DCIM/DJI_202602020954_002/DJI_20260202100444_0032_V.JPG,data/raw/HKUST/20260202_Thermal_HKUST/DCIM/DJI_202602020954_002/DJI_20260202100445_0032_T.JPG,session_sample_number,1,2026-02-02 10:04:44,2026-02-02 10:04:45,22.338766666666665,114.26393611111111,500.161,4032.0,3024.0,640.0,512.0,ok,ok,candidate_only_no_visual_QA,Prioritized from existing inventory/metadata only; final pilot selection requires visual QA and Part B alignment review.
medium,no,no,20260202_Thermal_HKUST/DCIM/DJI_202602020954_002::sample_0034,sample_0034,0034,HKUST,2026-02-02,20260202_Thermal_HKUST,DJI_202602020954_002,data/raw/HKUST/20260202_Thermal_HKUST/DCIM/DJI_202602020954_002/DJI_20260202100507_0034_V.JPG,data/raw/HKUST/20260202_Thermal_HKUST/DCIM/DJI_202602020954_002/DJI_20260202100508_0034_T.JPG,session_sample_number,1,2026-02-02 10:05:07,2026-02-02 10:05:08,22.33973611111111,114.2647638888889,500.288,4032.0,3024.0,640.0,512.0,ok,ok,candidate_only_no_visual_QA,Prioritized from existing inventory/metadata only; final pilot selection requires visual QA and Part B alignment review.
medium,no,no,20260202_Thermal_HKUST/DCIM/DJI_202602020954_002::sample_0035,sample_0035,0035,HKUST,2026-02-02,20260202_Thermal_HKUST,DJI_202602020954_002,data/raw/HKUST/20260202_Thermal_HKUST/DCIM/DJI_202602020954_002/DJI_20260202100519_0035_V.JPG,data/raw/HKUST/20260202_Thermal_HKUST/DCIM/DJI_202602020954_002/DJI_20260202100520_0035_T.JPG,session_sample_number,1,2026-02-02 10:05:19,2026-02-02 10:05:20,22.338802777777776,114.26476944444444,499.983,4032.0,3024.0,640.0,512.0,ok,ok,candidate_only_no_visual_QA,Prioritized from existing inventory/metadata only; final pilot selection requires visual QA and Part B alignment review.
medium,no,no,20260202_Thermal_HKUST/DCIM/DJI_202602020954_002::sample_0051,sample_0051,0051,HKUST,2026-02-02,20260202_Thermal_HKUST,DJI_202602020954_002,data/raw/HKUST/20260202_Thermal_HKUST/DCIM/DJI_202602020954_002/DJI_20260202100800_0051_V.JPG,data/raw/HKUST/20260202_Thermal_HKUST/DCIM/DJI_202602020954_002/DJI_20260202100801_0051_T.JPG,session_sample_number,1,2026-02-02 10:08:00,2026-02-02 10:08:01,22.336188888888888,114.26559722222223,500.375,4032.0,3024.0,640.0,512.0,ok,ok,candidate_only_no_visual_QA,Prioritized from existing inventory/metadata only; final pilot selection requires visual QA and Part B alignment review.
medium,no,no,20260202_Thermal_HKUST/DCIM/DJI_202602020954_002::sample_0065,sample_0065,0065,HKUST,2026-02-02,20260202_Thermal_HKUST,DJI_202602020954_002,data/raw/HKUST/20260202_Thermal_HKUST/DCIM/DJI_202602020954_002/DJI_20260202101008_0065_V.JPG,data/raw/HKUST/20260202_Thermal_HKUST/DCIM/DJI_202602020954_002/DJI_20260202101009_0065_T.JPG,session_sample_number,1,2026-02-02 10:10:08,2026-02-02 10:10:09,22.334405555555556,114.26715,499.889,4032.0,3024.0,640.0,512.0,ok,ok,candidate_only_no_visual_QA,Prioritized from existing inventory/metadata only; final pilot selection requires visual QA and Part B alignment review.
medium,no,no,20260202_Thermal_HKUST/DCIM/DJI_202602021048_003::sample_0003,sample_0003,0003,HKUST,2026-02-02,20260202_Thermal_HKUST,DJI_202602021048_003,data/raw/HKUST/20260202_Thermal_HKUST/DCIM/DJI_202602021048_003/DJI_20260202105226_0003_V.JPG,data/raw/HKUST/20260202_Thermal_HKUST/DCIM/DJI_202602021048_003/DJI_20260202105227_0003_T.JPG,session_sample_number,1,2026-02-02 10:52:26,2026-02-02 10:52:27,22.33758333333333,114.26295833333333,498.685,4096.0,3072.0,640.0,512.0,ok,ok,candidate_only_no_visual_QA,Prioritized from existing inventory/metadata only; final pilot selection requires visual QA and Part B alignment review.
medium,no,no,20260202_Thermal_HKUST/DCIM/DJI_202602021048_003::sample_0005,sample_0005,0005,HKUST,2026-02-02,20260202_Thermal_HKUST,DJI_202602021048_003,data/raw/HKUST/20260202_Thermal_HKUST/DCIM/DJI_202602021048_003/DJI_20260202105252_0005_V.JPG,data/raw/HKUST/20260202_Thermal_HKUST/DCIM/DJI_202602021048_003/DJI_20260202105253_0005_T.JPG,session_sample_number,1,2026-02-02 10:52:52,2026-02-02 10:52:53,22.339399999999998,114.26286944444445,498.19,4096.0,3072.0,640.0,512.0,ok,ok,candidate_only_no_visual_QA,Prioritized from existing inventory/metadata only; final pilot selection requires visual QA and Part B alignment review.
medium,no,no,20260202_Thermal_HKUST/DCIM/DJI_202602021048_003::sample_0019,sample_0019,0019,HKUST,2026-02-02,20260202_Thermal_HKUST,DJI_202602021048_003,data/raw/HKUST/20260202_Thermal_HKUST/DCIM/DJI_202602021048_003/DJI_20260202105530_0019_V.JPG,data/raw/HKUST/20260202_Thermal_HKUST/DCIM/DJI_202602021048_003/DJI_20260202105531_0019_T.JPG,session_sample_number,1,2026-02-02 10:55:30,2026-02-02 10:55:31,22.33628611111111,114.25986388888889,497.477,4096.0,3072.0,640.0,512.0,ok,ok,candidate_only_no_visual_QA,Prioritized from existing inventory/metadata only; final pilot selection requires visual QA and Part B alignment review.
medium,no,no,20260202_Thermal_HKUST/DCIM/DJI_202602021048_003::sample_0020,sample_0020,0020,HKUST,2026-02-02,20260202_Thermal_HKUST,DJI_202602021048_003,data/raw/HKUST/20260202_Thermal_HKUST/DCIM/DJI_202602021048_003/DJI_20260202105543_0020_V.JPG,data/raw/HKUST/20260202_Thermal_HKUST/DCIM/DJI_202602021048_003/DJI_20260202105544_0020_T.JPG,session_sample_number,1,2026-02-02 10:55:43,2026-02-02 10:55:44,22.337519444444442,114.25975833333334,497.688,4096.0,3072.0,640.0,512.0,ok,ok,candidate_only_no_visual_QA,Prioritized from existing inventory/metadata only; final pilot selection requires visual QA and Part B alignment review.
medium,no,no,20260202_Thermal_HKUST/DCIM/DJI_202602021048_003::sample_0023,sample_0023,0023,HKUST,2026-02-02,20260202_Thermal_HKUST,DJI_202602021048_003,data/raw/HKUST/20260202_Thermal_HKUST/DCIM/DJI_202602021048_003/DJI_20260202105624_0023_V.JPG,data/raw/HKUST/20260202_Thermal_HKUST/DCIM/DJI_202602021048_003/DJI_20260202105625_0023_T.JPG,session_sample_number,1,2026-02-02 10:56:24,2026-02-02 10:56:25,22.33381111111111,114.25991388888889,499.414,4096.0,3072.0,640.0,512.0,ok,ok,candidate_only_no_visual_QA,Prioritized from existing inventory/metadata only; final pilot selection requires visual QA and Part B alignment review.
medium,no,no,20260202_Thermal_HKUST/DCIM/DJI_202602021048_003::sample_0024,sample_0024,0024,HKUST,2026-02-02,20260202_Thermal_HKUST,DJI_202602021048_003,data/raw/HKUST/20260202_Thermal_HKUST/DCIM/DJI_202602021048_003/DJI_20260202105636_0024_V.JPG,data/raw/HKUST/20260202_Thermal_HKUST/DCIM/DJI_202602021048_003/DJI_20260202105637_0024_T.JPG,session_sample_number,1,2026-02-02 10:56:36,2026-02-02 10:56:37,22.333844444444445,114.26091111111111,499.938,4096.0,3072.0,640.0,512.0,ok,ok,candidate_only_no_visual_QA,Prioritized from existing inventory/metadata only; final pilot selection requires visual QA and Part B alignment review.
medium,no,no,20260202_Thermal_HKUST/DCIM/DJI_202602021048_003::sample_0030,sample_0030,0030,HKUST,2026-02-02,20260202_Thermal_HKUST,DJI_202602021048_003,data/raw/HKUST/20260202_Thermal_HKUST/DCIM/DJI_202602021048_003/DJI_20260202105757_0030_V.JPG,data/raw/HKUST/20260202_Thermal_HKUST/DCIM/DJI_202602021048_003/DJI_20260202105758_0030_T.JPG,session_sample_number,1,2026-02-02 10:57:57,2026-02-02 10:57:58,22.339677777777776,114.26214444444444,499.995,4096.0,3072.0,640.0,512.0,ok,ok,candidate_only_no_visual_QA,Prioritized from existing inventory/metadata only; final pilot selection requires visual QA and Part B alignment review.
medium,no,no,20260202_Thermal_HKUST/DCIM/DJI_202602021048_003::sample_0031,sample_0031,0031,HKUST,2026-02-02,20260202_Thermal_HKUST,DJI_202602021048_003,data/raw/HKUST/20260202_Thermal_HKUST/DCIM/DJI_202602021048_003/DJI_20260202105808_0031_V.JPG,data/raw/HKUST/20260202_Thermal_HKUST/DCIM/DJI_202602021048_003/DJI_20260202105809_0031_T.JPG,session_sample_number,1,2026-02-02 10:58:08,2026-02-02 10:58:09,22.339713888888888,114.26291111111111,500.053,4096.0,3072.0,640.0,512.0,ok,ok,candidate_only_no_visual_QA,Prioritized from existing inventory/metadata only; final pilot selection requires visual QA and Part B alignment review.
medium,no,no,20260202_Thermal_HKUST/DCIM/DJI_202602021048_003::sample_0036,sample_0036,0036,HKUST,2026-02-02,20260202_Thermal_HKUST,DJI_202602021048_003,data/raw/HKUST/20260202_Thermal_HKUST/DCIM/DJI_202602021048_003/DJI_20260202105908_0036_V.JPG,data/raw/HKUST/20260202_Thermal_HKUST/DCIM/DJI_202602021048_003/DJI_20260202105907_0036_T.JPG,session_sample_number,1,2026-02-02 10:59:08,2026-02-02 10:59:07,22.334763888888887,114.26320277777778,499.88,4096.0,3072.0,640.0,512.0,ok,ok,candidate_only_no_visual_QA,Prioritized from existing inventory/metadata only; final pilot selection requires visual QA and Part B alignment review.
medium,no,no,20260202_Thermal_HKUST/DCIM/DJI_202602021048_003::sample_0037,sample_0037,0037,HKUST,2026-02-02,20260202_Thermal_HKUST,DJI_202602021048_003,data/raw/HKUST/20260202_Thermal_HKUST/DCIM/DJI_202602021048_003/DJI_20260202105917_0037_V.JPG,data/raw/HKUST/20260202_Thermal_HKUST/DCIM/DJI_202602021048_003/DJI_20260202105918_0037_T.JPG,session_sample_number,1,2026-02-02 10:59:17,2026-02-02 10:59:18,22.333877777777776,114.26327222222223,499.865,4096.0,3072.0,640.0,512.0,ok,ok,candidate_only_no_visual_QA,Prioritized from existing inventory/metadata only; final pilot selection requires visual QA and Part B alignment review.
medium,no,no,20260202_Thermal_HKUST/DCIM/DJI_202602021048_003::sample_0043,sample_0043,0043,HKUST,2026-02-02,20260202_Thermal_HKUST,DJI_202602021048_003,data/raw/HKUST/20260202_Thermal_HKUST/DCIM/DJI_202602021048_003/DJI_20260202110108_0043_V.JPG,data/raw/HKUST/20260202_Thermal_HKUST/DCIM/DJI_202602021048_003/DJI_20260202110109_0043_T.JPG,session_sample_number,1,2026-02-02 11:01:08,2026-02-02 11:01:09,22.327375,114.26571111111112,500.024,4096.0,3072.0,640.0,512.0,ok,ok,candidate_only_no_visual_QA,Prioritized from existing inventory/metadata only; final pilot selection requires visual QA and Part B alignment review.
medium,no,no,20260202_Thermal_HKUST/DCIM/DJI_202602021048_003::sample_0044,sample_0044,0044,HKUST,2026-02-02,20260202_Thermal_HKUST,DJI_202602021048_003,data/raw/HKUST/20260202_Thermal_HKUST/DCIM/DJI_202602021048_003/DJI_20260202110120_0044_V.JPG,data/raw/HKUST/20260202_Thermal_HKUST/DCIM/DJI_202602021048_003/DJI_20260202110121_0044_T.JPG,session_sample_number,1,2026-02-02 11:01:20,2026-02-02 11:01:21,22.328319444444443,114.26562222222222,498.688,4096.0,3072.0,640.0,512.0,ok,ok,candidate_only_no_visual_QA,Prioritized from existing inventory/metadata only; final pilot selection requires visual QA and Part B alignment review.
medium,no,no,20260202_Thermal_HKUST/DCIM/DJI_202602021048_003::sample_0046,sample_0046,0046,HKUST,2026-02-02,20260202_Thermal_HKUST,DJI_202602021048_003,data/raw/HKUST/20260202_Thermal_HKUST/DCIM/DJI_202602021048_003/DJI_20260202110147_0046_V.JPG,data/raw/HKUST/20260202_Thermal_HKUST/DCIM/DJI_202602021048_003/DJI_20260202110148_0046_T.JPG,session_sample_number,1,2026-02-02 11:01:47,2026-02-02 11:01:48,22.33043888888889,114.26541666666667,497.546,4096.0,3072.0,640.0,512.0,ok,ok,candidate_only_no_visual_QA,Prioritized from existing inventory/metadata only; final pilot selection requires visual QA and Part B alignment review.
medium,no,no,20260202_Thermal_HKUST/DCIM/DJI_202602021048_003::sample_0049,sample_0049,0049,HKUST,2026-02-02,20260202_Thermal_HKUST,DJI_202602021048_003,data/raw/HKUST/20260202_Thermal_HKUST/DCIM/DJI_202602021048_003/DJI_20260202110225_0049_V.JPG,data/raw/HKUST/20260202_Thermal_HKUST/DCIM/DJI_202602021048_003/DJI_20260202110226_0049_T.JPG,session_sample_number,1,2026-02-02 11:02:25,2026-02-02 11:02:26,22.33362222222222,114.26498611111111,496.755,4096.0,3072.0,640.0,512.0,ok,ok,candidate_only_no_visual_QA,Prioritized from existing inventory/metadata only; final pilot selection requires visual QA and Part B alignment review.
medium,no,no,20260202_Thermal_HKUST/DCIM/DJI_202602021048_003::sample_0061,sample_0061,0061,HKUST,2026-02-02,20260202_Thermal_HKUST,DJI_202602021048_003,data/raw/HKUST/20260202_Thermal_HKUST/DCIM/DJI_202602021048_003/DJI_20260202110451_0061_V.JPG,data/raw/HKUST/20260202_Thermal_HKUST/DCIM/DJI_202602021048_003/DJI_20260202110452_0061_T.JPG,session_sample_number,1,2026-02-02 11:04:51,2026-02-02 11:04:52,22.338744444444444,114.26570833333334,499.271,4096.0,3072.0,640.0,512.0,ok,ok,candidate_only_no_visual_QA,Prioritized from existing inventory/metadata only; final pilot selection requires visual QA and Part B alignment review.
medium,no,no,20260202_Thermal_HKUST/DCIM/DJI_202602021048_003::sample_0064,sample_0064,0064,HKUST,2026-02-02,20260202_Thermal_HKUST,DJI_202602021048_003,data/raw/HKUST/20260202_Thermal_HKUST/DCIM/DJI_202602021048_003/DJI_20260202110528_0064_V.JPG,data/raw/HKUST/20260202_Thermal_HKUST/DCIM/DJI_202602021048_003/DJI_20260202110529_0064_T.JPG,session_sample_number,1,2026-02-02 11:05:28,2026-02-02 11:05:29,22.335575,114.26598055555556,499.54,4096.0,3072.0,640.0,512.0,ok,ok,candidate_only_no_visual_QA,Prioritized from existing inventory/metadata only; final pilot selection requires visual QA and Part B alignment review.
medium,no,no,20260202_Thermal_HKUST/DCIM/DJI_202602021048_003::sample_0065,sample_0065,0065,HKUST,2026-02-02,20260202_Thermal_HKUST,DJI_202602021048_003,data/raw/HKUST/20260202_Thermal_HKUST/DCIM/DJI_202602021048_003/DJI_20260202110545_0065_V.JPG,data/raw/HKUST/20260202_Thermal_HKUST/DCIM/DJI_202602021048_003/DJI_20260202110546_0065_T.JPG,session_sample_number,1,2026-02-02 11:05:45,2026-02-02 11:05:46,22.333905555555553,114.26612777777778,499.808,4096.0,3072.0,640.0,512.0,ok,ok,candidate_only_no_visual_QA,Prioritized from existing inventory/metadata only; final pilot selection requires visual QA and Part B alignment review.
medium,no,no,20260202_Thermal_HKUST/DCIM/DJI_202602021048_003::sample_0075,sample_0075,0075,HKUST,2026-02-02,20260202_Thermal_HKUST,DJI_202602021048_003,data/raw/HKUST/20260202_Thermal_HKUST/DCIM/DJI_202602021048_003/DJI_20260202110752_0075_V.JPG,data/raw/HKUST/20260202_Thermal_HKUST/DCIM/DJI_202602021048_003/DJI_20260202110753_0075_T.JPG,session_sample_number,1,2026-02-02 11:07:52,2026-02-02 11:07:53,22.33254722222222,114.26760277777778,500.085,4096.0,3072.0,640.0,512.0,ok,ok,candidate_only_no_visual_QA,Prioritized from existing inventory/metadata only; final pilot selection requires visual QA and Part B alignment review.
medium,no,no,20260202_Thermal_HKUST/DCIM/DJI_202602021048_003::sample_0100,sample_0100,0100,HKUST,2026-02-02,20260202_Thermal_HKUST,DJI_202602021048_003,data/raw/HKUST/20260202_Thermal_HKUST/DCIM/DJI_202602021048_003/DJI_20260202111307_0100_V.JPG,data/raw/HKUST/20260202_Thermal_HKUST/DCIM/DJI_202602021048_003/DJI_20260202111308_0100_T.JPG,session_sample_number,1,2026-02-02 11:13:07,2026-02-02 11:13:08,22.337052777777778,114.2688111111111,500.596,4096.0,3072.0,640.0,512.0,ok,ok,candidate_only_no_visual_QA,Prioritized from existing inventory/metadata only; final pilot selection requires visual QA and Part B alignment review.
medium,no,no,20260202_Thermal_HKUST/DCIM/DJI_202602021145_004::sample_0002,sample_0002,0002,HKUST,2026-02-02,20260202_Thermal_HKUST,DJI_202602021145_004,data/raw/HKUST/20260202_Thermal_HKUST/DCIM/DJI_202602021145_004/DJI_20260202114938_0002_V.JPG,data/raw/HKUST/20260202_Thermal_HKUST/DCIM/DJI_202602021145_004/DJI_20260202114939_0002_T.JPG,session_sample_number,1,2026-02-02 11:49:38,2026-02-02 11:49:39,22.33733611111111,114.26303888888889,499.976,4096.0,3072.0,640.0,512.0,ok,ok,candidate_only_no_visual_QA,Prioritized from existing inventory/metadata only; final pilot selection requires visual QA and Part B alignment review.
medium,no,no,20260202_Thermal_HKUST/DCIM/DJI_202602021145_004::sample_0008,sample_0008,0008,HKUST,2026-02-02,20260202_Thermal_HKUST,DJI_202602021145_004,data/raw/HKUST/20260202_Thermal_HKUST/DCIM/DJI_202602021145_004/DJI_20260202115152_0008_V.JPG,data/raw/HKUST/20260202_Thermal_HKUST/DCIM/DJI_202602021145_004/DJI_20260202115153_0008_T.JPG,session_sample_number,1,2026-02-02 11:51:52,2026-02-02 11:51:53,22.344613888888887,114.26113333333333,499.906,4096.0,3072.0,640.0,512.0,ok,ok,candidate_only_no_visual_QA,Prioritized from existing inventory/metadata only; final pilot selection requires visual QA and Part B alignment review.
medium,no,no,20260202_Thermal_HKUST/DCIM/DJI_202602021145_004::sample_0009,sample_0009,0009,HKUST,2026-02-02,20260202_Thermal_HKUST,DJI_202602021145_004,data/raw/HKUST/20260202_Thermal_HKUST/DCIM/DJI_202602021145_004/DJI_20260202115211_0009_V.JPG,data/raw/HKUST/20260202_Thermal_HKUST/DCIM/DJI_202602021145_004/DJI_20260202115212_0009_T.JPG,session_sample_number,1,2026-02-02 11:52:11,2026-02-02 11:52:12,22.34267222222222,114.26112777777777,499.893,4096.0,3072.0,640.0,512.0,ok,ok,candidate_only_no_visual_QA,Prioritized from existing inventory/metadata only; final pilot selection requires visual QA and Part B alignment review.
medium,no,no,20260202_Thermal_HKUST/DCIM/DJI_202602021145_004::sample_0010,sample_0010,0010,HKUST,2026-02-02,20260202_Thermal_HKUST,DJI_202602021145_004,data/raw/HKUST/20260202_Thermal_HKUST/DCIM/DJI_202602021145_004/DJI_20260202115227_0010_V.JPG,data/raw/HKUST/20260202_Thermal_HKUST/DCIM/DJI_202602021145_004/DJI_20260202115228_0010_T.JPG,session_sample_number,1,2026-02-02 11:52:27,2026-02-02 11:52:28,22.341155555555556,114.261125,499.833,4096.0,3072.0,640.0,512.0,ok,ok,candidate_only_no_visual_QA,Prioritized from existing inventory/metadata only; final pilot selection requires visual QA and Part B alignment review.
medium,no,no,20260202_Thermal_HKUST/DCIM/DJI_202602021145_004::sample_0011,sample_0011,0011,HKUST,2026-02-02,20260202_Thermal_HKUST,DJI_202602021145_004,data/raw/HKUST/20260202_Thermal_HKUST/DCIM/DJI_202602021145_004/DJI_20260202115244_0011_V.JPG,data/raw/HKUST/20260202_Thermal_HKUST/DCIM/DJI_202602021145_004/DJI_20260202115245_0011_T.JPG,session_sample_number,1,2026-02-02 11:52:44,2026-02-02 11:52:45,22.33946111111111,114.26112222222223,499.802,4096.0,3072.0,640.0,512.0,ok,ok,candidate_only_no_visual_QA,Prioritized from existing inventory/metadata only; final pilot selection requires visual QA and Part B alignment review.
medium,no,no,20260202_Thermal_HKUST/DCIM/DJI_202602021145_004::sample_0014,sample_0014,0014,HKUST,2026-02-02,20260202_Thermal_HKUST,DJI_202602021145_004,data/raw/HKUST/20260202_Thermal_HKUST/DCIM/DJI_202602021145_004/DJI_20260202115337_0014_V.JPG,data/raw/HKUST/20260202_Thermal_HKUST/DCIM/DJI_202602021145_004/DJI_20260202115338_0014_T.JPG,session_sample_number,1,2026-02-02 11:53:37,2026-02-02 11:53:38,22.33441388888889,114.26108055555555,499.586,4096.0,3072.0,640.0,512.0,ok,ok,candidate_only_no_visual_QA,Prioritized from existing inventory/metadata only; final pilot selection requires visual QA and Part B alignment review.
medium,no,no,20260202_Thermal_HKUST/DCIM/DJI_202602021145_004::sample_0018,sample_0018,0018,HKUST,2026-02-02,20260202_Thermal_HKUST,DJI_202602021145_004,data/raw/HKUST/20260202_Thermal_HKUST/DCIM/DJI_202602021145_004/DJI_20260202115429_0018_V.JPG,data/raw/HKUST/20260202_Thermal_HKUST/DCIM/DJI_202602021145_004/DJI_20260202115430_0018_T.JPG,session_sample_number,1,2026-02-02 11:54:29,2026-02-02 11:54:30,22.329644444444444,114.26105,499.128,4096.0,3072.0,640.0,512.0,ok,ok,candidate_only_no_visual_QA,Prioritized from existing inventory/metadata only; final pilot selection requires visual QA and Part B alignment review.
medium,no,no,20260202_Thermal_HKUST/DCIM/DJI_202602021145_004::sample_0026,sample_0026,0026,HKUST,2026-02-02,20260202_Thermal_HKUST,DJI_202602021145_004,data/raw/HKUST/20260202_Thermal_HKUST/DCIM/DJI_202602021145_004/DJI_20260202115632_0026_V.JPG,data/raw/HKUST/20260202_Thermal_HKUST/DCIM/DJI_202602021145_004/DJI_20260202115633_0026_T.JPG,session_sample_number,1,2026-02-02 11:56:32,2026-02-02 11:56:33,22.33936111111111,114.26248055555556,499.244,4096.0,3072.0,640.0,512.0,ok,ok,candidate_only_no_visual_QA,Prioritized from existing inventory/metadata only; final pilot selection requires visual QA and Part B alignment review.
medium,no,no,20260202_Thermal_HKUST/DCIM/DJI_202602021145_004::sample_0028,sample_0028,0028,HKUST,2026-02-02,20260202_Thermal_HKUST,DJI_202602021145_004,data/raw/HKUST/20260202_Thermal_HKUST/DCIM/DJI_202602021145_004/DJI_20260202115706_0028_V.JPG,data/raw/HKUST/20260202_Thermal_HKUST/DCIM/DJI_202602021145_004/DJI_20260202115707_0028_T.JPG,session_sample_number,1,2026-02-02 11:57:06,2026-02-02 11:57:07,22.337966666666667,114.26449444444444,499.952,4096.0,3072.0,640.0,512.0,ok,ok,candidate_only_no_visual_QA,Prioritized from existing inventory/metadata only; final pilot selection requires visual QA and Part B alignment review.
medium,no,no,20260202_Thermal_HKUST/DCIM/DJI_202602021145_004::sample_0034,sample_0034,0034,HKUST,2026-02-02,20260202_Thermal_HKUST,DJI_202602021145_004,data/raw/HKUST/20260202_Thermal_HKUST/DCIM/DJI_202602021145_004/DJI_20260202115839_0034_V.JPG,data/raw/HKUST/20260202_Thermal_HKUST/DCIM/DJI_202602021145_004/DJI_20260202115840_0034_T.JPG,session_sample_number,1,2026-02-02 11:58:39,2026-02-02 11:58:40,22.328975,114.26446388888888,499.876,4096.0,3072.0,640.0,512.0,ok,ok,candidate_only_no_visual_QA,Prioritized from existing inventory/metadata only; final pilot selection requires visual QA and Part B alignment review.
medium,no,no,20260202_Thermal_HKUST/DCIM/DJI_202602021145_004::sample_0035,sample_0035,0035,HKUST,2026-02-02,20260202_Thermal_HKUST,DJI_202602021145_004,data/raw/HKUST/20260202_Thermal_HKUST/DCIM/DJI_202602021145_004/DJI_20260202115857_0035_V.JPG,data/raw/HKUST/20260202_Thermal_HKUST/DCIM/DJI_202602021145_004/DJI_20260202115858_0035_T.JPG,session_sample_number,1,2026-02-02 11:58:57,2026-02-02 11:58:58,22.32725,114.26445833333334,499.85,4096.0,3072.0,640.0,512.0,ok,ok,candidate_only_no_visual_QA,Prioritized from existing inventory/metadata only; final pilot selection requires visual QA and Part B alignment review.
medium,no,no,20260202_Thermal_HKUST/DCIM/DJI_202602021145_004::sample_0056,sample_0056,0056,HKUST,2026-02-02,20260202_Thermal_HKUST,DJI_202602021145_004,data/raw/HKUST/20260202_Thermal_HKUST/DCIM/DJI_202602021145_004/DJI_20260202120420_0056_V.JPG,data/raw/HKUST/20260202_Thermal_HKUST/DCIM/DJI_202602021145_004/DJI_20260202120421_0056_T.JPG,session_sample_number,1,2026-02-02 12:04:20,2026-02-02 12:04:21,22.330413888888888,114.26912222222222,499.841,4096.0,3072.0,640.0,512.0,ok,ok,candidate_only_no_visual_QA,Prioritized from existing inventory/metadata only; final pilot selection requires visual QA and Part B alignment review.
medium,no,no,20260202_Thermal_HKUST/DCIM/DJI_202602021145_004::sample_0057,sample_0057,0057,HKUST,2026-02-02,20260202_Thermal_HKUST,DJI_202602021145_004,data/raw/HKUST/20260202_Thermal_HKUST/DCIM/DJI_202602021145_004/DJI_20260202120424_0057_V.JPG,data/raw/HKUST/20260202_Thermal_HKUST/DCIM/DJI_202602021145_004/DJI_20260202120425_0057_T.JPG,session_sample_number,1,2026-02-02 12:04:24,2026-02-02 12:04:25,22.33041111111111,114.26931388888889,499.933,4096.0,3072.0,640.0,512.0,ok,ok,candidate_only_no_visual_QA,Prioritized from existing inventory/metadata only; final pilot selection requires visual QA and Part B alignment review.
medium,no,no,20260202_Thermal_HKUST/DCIM/DJI_202602021145_004::sample_0059,sample_0059,0059,HKUST,2026-02-02,20260202_Thermal_HKUST,DJI_202602021145_004,data/raw/HKUST/20260202_Thermal_HKUST/DCIM/DJI_202602021145_004/DJI_20260202120449_0059_V.JPG,data/raw/HKUST/20260202_Thermal_HKUST/DCIM/DJI_202602021145_004/DJI_20260202120450_0059_T.JPG,session_sample_number,1,2026-02-02 12:04:49,2026-02-02 12:04:50,22.332630555555554,114.26931388888889,500.067,4096.0,3072.0,640.0,512.0,ok,ok,candidate_only_no_visual_QA,Prioritized from existing inventory/metadata only; final pilot selection requires visual QA and Part B alignment review.
medium,no,no,20260202_Thermal_HKUST/DCIM/DJI_202602021145_004::sample_0061,sample_0061,0061,HKUST,2026-02-02,20260202_Thermal_HKUST,DJI_202602021145_004,data/raw/HKUST/20260202_Thermal_HKUST/DCIM/DJI_202602021145_004/DJI_20260202120520_0061_V.JPG,data/raw/HKUST/20260202_Thermal_HKUST/DCIM/DJI_202602021145_004/DJI_20260202120521_0061_T.JPG,session_sample_number,1,2026-02-02 12:05:20,2026-02-02 12:05:21,22.335730555555553,114.26931111111111,500.21,4096.0,3072.0,640.0,512.0,ok,ok,candidate_only_no_visual_QA,Prioritized from existing inventory/metadata only; final pilot selection requires visual QA and Part B alignment review.
medium,no,no,20260202_Thermal_HKUST/DCIM/DJI_202602021145_004::sample_0063,sample_0063,0063,HKUST,2026-02-02,20260202_Thermal_HKUST,DJI_202602021145_004,data/raw/HKUST/20260202_Thermal_HKUST/DCIM/DJI_202602021145_004/DJI_20260202120533_0063_V.JPG,data/raw/HKUST/20260202_Thermal_HKUST/DCIM/DJI_202602021145_004/DJI_20260202120534_0063_T.JPG,session_sample_number,1,2026-02-02 12:05:33,2026-02-02 12:05:34,22.336827777777778,114.26931388888889,500.008,4096.0,3072.0,640.0,512.0,ok,ok,candidate_only_no_visual_QA,Prioritized from existing inventory/metadata only; final pilot selection requires visual QA and Part B alignment review.
medium,no,no,20260202_Thermal_HKUST/DCIM/DJI_202602021249_005::sample_0003,sample_0003,0003,HKUST,2026-02-02,20260202_Thermal_HKUST,DJI_202602021249_005,data/raw/HKUST/20260202_Thermal_HKUST/DCIM/DJI_202602021249_005/DJI_20260202125239_0003_V.JPG,data/raw/HKUST/20260202_Thermal_HKUST/DCIM/DJI_202602021249_005/DJI_20260202125240_0003_T.JPG,session_sample_number,1,2026-02-02 12:52:39,2026-02-02 12:52:40,22.340555555555554,114.26301388888889,500.052,4096.0,3072.0,640.0,512.0,ok,ok,candidate_only_no_visual_QA,Prioritized from existing inventory/metadata only; final pilot selection requires visual QA and Part B alignment review.
medium,no,no,20260202_Thermal_HKUST/DCIM/DJI_202602021249_005::sample_0009,sample_0009,0009,HKUST,2026-02-02,20260202_Thermal_HKUST,DJI_202602021249_005,data/raw/HKUST/20260202_Thermal_HKUST/DCIM/DJI_202602021249_005/DJI_20260202125427_0009_V.JPG,data/raw/HKUST/20260202_Thermal_HKUST/DCIM/DJI_202602021249_005/DJI_20260202125428_0009_T.JPG,session_sample_number,1,2026-02-02 12:54:27,2026-02-02 12:54:28,22.34061111111111,114.26154444444444,499.919,4096.0,3072.0,640.0,512.0,ok,ok,candidate_only_no_visual_QA,Prioritized from existing inventory/metadata only; final pilot selection requires visual QA and Part B alignment review.
medium,no,no,20260202_Thermal_HKUST/DCIM/DJI_202602021249_005::sample_0010,sample_0010,0010,HKUST,2026-02-02,20260202_Thermal_HKUST,DJI_202602021249_005,data/raw/HKUST/20260202_Thermal_HKUST/DCIM/DJI_202602021249_005/DJI_20260202125439_0010_V.JPG,data/raw/HKUST/20260202_Thermal_HKUST/DCIM/DJI_202602021249_005/DJI_20260202125440_0010_T.JPG,session_sample_number,1,2026-02-02 12:54:39,2026-02-02 12:54:40,22.339594444444444,114.2615388888889,499.898,4096.0,3072.0,640.0,512.0,ok,ok,candidate_only_no_visual_QA,Prioritized from existing inventory/metadata only; final pilot selection requires visual QA and Part B alignment review.
medium,no,no,20260202_Thermal_HKUST/DCIM/DJI_202602021249_005::sample_0018,sample_0018,0018,HKUST,2026-02-02,20260202_Thermal_HKUST,DJI_202602021249_005,data/raw/HKUST/20260202_Thermal_HKUST/DCIM/DJI_202602021249_005/DJI_20260202125634_0018_V.JPG,data/raw/HKUST/20260202_Thermal_HKUST/DCIM/DJI_202602021249_005/DJI_20260202125635_0018_T.JPG,session_sample_number,1,2026-02-02 12:56:34,2026-02-02 12:56:35,22.329227777777778,114.26150555555556,499.896,4096.0,3072.0,640.0,512.0,ok,ok,candidate_only_no_visual_QA,Prioritized from existing inventory/metadata only; final pilot selection requires visual QA and Part B alignment review.
medium,no,no,20260202_Thermal_HKUST/DCIM/DJI_202602021249_005::sample_0021,sample_0021,0021,HKUST,2026-02-02,20260202_Thermal_HKUST,DJI_202602021249_005,data/raw/HKUST/20260202_Thermal_HKUST/DCIM/DJI_202602021249_005/DJI_20260202125716_0021_V.JPG,data/raw/HKUST/20260202_Thermal_HKUST/DCIM/DJI_202602021249_005/DJI_20260202125717_0021_T.JPG,session_sample_number,1,2026-02-02 12:57:16,2026-02-02 12:57:17,22.32793611111111,114.26431111111111,499.908,4096.0,3072.0,640.0,512.0,ok,ok,candidate_only_no_visual_QA,Prioritized from existing inventory/metadata only; final pilot selection requires visual QA and Part B alignment review.
medium,no,no,20260202_Thermal_HKUST/DCIM/DJI_202602021249_005::sample_0022,sample_0022,0022,HKUST,2026-02-02,20260202_Thermal_HKUST,DJI_202602021249_005,data/raw/HKUST/20260202_Thermal_HKUST/DCIM/DJI_202602021249_005/DJI_20260202125734_0022_V.JPG,data/raw/HKUST/20260202_Thermal_HKUST/DCIM/DJI_202602021249_005/DJI_20260202125735_0022_T.JPG,session_sample_number,1,2026-02-02 12:57:34,2026-02-02 12:57:35,22.326777777777778,114.26430833333333,499.93,4096.0,3072.0,640.0,512.0,ok,ok,candidate_only_no_visual_QA,Prioritized from existing inventory/metadata only; final pilot selection requires visual QA and Part B alignment review.
medium,no,no,20260202_Thermal_HKUST/DCIM/DJI_202602021249_005::sample_0026,sample_0026,0026,HKUST,2026-02-02,20260202_Thermal_HKUST,DJI_202602021249_005,data/raw/HKUST/20260202_Thermal_HKUST/DCIM/DJI_202602021249_005/DJI_20260202125831_0026_V.JPG,data/raw/HKUST/20260202_Thermal_HKUST/DCIM/DJI_202602021249_005/DJI_20260202125832_0026_T.JPG,session_sample_number,1,2026-02-02 12:58:31,2026-02-02 12:58:32,22.33048611111111,114.26503333333334,500.032,4096.0,3072.0,640.0,512.0,ok,ok,candidate_only_no_visual_QA,Prioritized from existing inventory/metadata only; final pilot selection requires visual QA and Part B alignment review.
medium,no,no,20260202_Thermal_HKUST/DCIM/DJI_202602021249_005::sample_0043,sample_0043,0043,HKUST,2026-02-02,20260202_Thermal_HKUST,DJI_202602021249_005,data/raw/HKUST/20260202_Thermal_HKUST/DCIM/DJI_202602021249_005/DJI_20260202130132_0043_V.JPG,data/raw/HKUST/20260202_Thermal_HKUST/DCIM/DJI_202602021249_005/DJI_20260202130133_0043_T.JPG,session_sample_number,1,2026-02-02 13:01:32,2026-02-02 13:01:33,22.342972222222222,114.26572222222222,500.202,4096.0,3072.0,640.0,512.0,ok,ok,candidate_only_no_visual_QA,Prioritized from existing inventory/metadata only; final pilot selection requires visual QA and Part B alignment review.
medium,no,no,20260202_Thermal_HKUST/DCIM/DJI_202602021249_005::sample_0044,sample_0044,0044,HKUST,2026-02-02,20260202_Thermal_HKUST,DJI_202602021249_005,data/raw/HKUST/20260202_Thermal_HKUST/DCIM/DJI_202602021249_005/DJI_20260202130141_0044_V.JPG,data/raw/HKUST/20260202_Thermal_HKUST/DCIM/DJI_202602021249_005/DJI_20260202130142_0044_T.JPG,session_sample_number,1,2026-02-02 13:01:41,2026-02-02 13:01:42,22.342891666666667,114.26571944444444,499.98,4096.0,3072.0,640.0,512.0,ok,ok,candidate_only_no_visual_QA,Prioritized from existing inventory/metadata only; final pilot selection requires visual QA and Part B alignment review.
medium,no,no,20260202_Thermal_HKUST/DCIM/DJI_202602021249_005::sample_0048,sample_0048,0048,HKUST,2026-02-02,20260202_Thermal_HKUST,DJI_202602021249_005,data/raw/HKUST/20260202_Thermal_HKUST/DCIM/DJI_202602021249_005/DJI_20260202130231_0048_V.JPG,data/raw/HKUST/20260202_Thermal_HKUST/DCIM/DJI_202602021249_005/DJI_20260202130232_0048_T.JPG,session_sample_number,1,2026-02-02 13:02:31,2026-02-02 13:02:32,22.338513888888887,114.26570277777778,499.821,4096.0,3072.0,640.0,512.0,ok,ok,candidate_only_no_visual_QA,Prioritized from existing inventory/metadata only; final pilot selection requires visual QA and Part B alignment review.
medium,no,no,20260202_Thermal_HKUST/DCIM/DJI_202602021249_005::sample_0050,sample_0050,0050,HKUST,2026-02-02,20260202_Thermal_HKUST,DJI_202602021249_005,data/raw/HKUST/20260202_Thermal_HKUST/DCIM/DJI_202602021249_005/DJI_20260202130253_0050_V.JPG,data/raw/HKUST/20260202_Thermal_HKUST/DCIM/DJI_202602021249_005/DJI_20260202130254_0050_T.JPG,session_sample_number,1,2026-02-02 13:02:53,2026-02-02 13:02:54,22.336616666666664,114.26569722222222,499.779,4096.0,3072.0,640.0,512.0,ok,ok,candidate_only_no_visual_QA,Prioritized from existing inventory/metadata only; final pilot selection requires visual QA and Part B alignment review.
medium,no,no,20260202_Thermal_HKUST/DCIM/DJI_202602021249_005::sample_0051,sample_0051,0051,HKUST,2026-02-02,20260202_Thermal_HKUST,DJI_202602021249_005,data/raw/HKUST/20260202_Thermal_HKUST/DCIM/DJI_202602021249_005/DJI_20260202130307_0051_V.JPG,data/raw/HKUST/20260202_Thermal_HKUST/DCIM/DJI_202602021249_005/DJI_20260202130308_0051_T.JPG,session_sample_number,1,2026-02-02 13:03:07,2026-02-02 13:03:08,22.335477777777776,114.26569166666667,499.841,4096.0,3072.0,640.0,512.0,ok,ok,candidate_only_no_visual_QA,Prioritized from existing inventory/metadata only; final pilot selection requires visual QA and Part B alignment review.
medium,no,no,20260202_Thermal_HKUST/DCIM/DJI_202602021249_005::sample_0055,sample_0055,0055,HKUST,2026-02-02,20260202_Thermal_HKUST,DJI_202602021249_005,data/raw/HKUST/20260202_Thermal_HKUST/DCIM/DJI_202602021249_005/DJI_20260202130352_0055_V.JPG,data/raw/HKUST/20260202_Thermal_HKUST/DCIM/DJI_202602021249_005/DJI_20260202130353_0055_T.JPG,session_sample_number,1,2026-02-02 13:03:52,2026-02-02 13:03:53,22.33133611111111,114.265675,499.812,4096.0,3072.0,640.0,512.0,ok,ok,candidate_only_no_visual_QA,Prioritized from existing inventory/metadata only; final pilot selection requires visual QA and Part B alignment review.
medium,no,no,20260202_Thermal_HKUST/DCIM/DJI_202602021249_005::sample_0060,sample_0060,0060,HKUST,2026-02-02,20260202_Thermal_HKUST,DJI_202602021249_005,data/raw/HKUST/20260202_Thermal_HKUST/DCIM/DJI_202602021249_005/DJI_20260202130446_0060_V.JPG,data/raw/HKUST/20260202_Thermal_HKUST/DCIM/DJI_202602021249_005/DJI_20260202130447_0060_T.JPG,session_sample_number,1,2026-02-02 13:04:46,2026-02-02 13:04:47,22.330111111111112,114.26656944444444,499.858,4096.0,3072.0,640.0,512.0,ok,ok,candidate_only_no_visual_QA,Prioritized from existing inventory/metadata only; final pilot selection requires visual QA and Part B alignment review.
medium,no,no,20260202_Thermal_HKUST/DCIM/DJI_202602021249_005::sample_0061,sample_0061,0061,HKUST,2026-02-02,20260202_Thermal_HKUST,DJI_202602021249_005,data/raw/HKUST/20260202_Thermal_HKUST/DCIM/DJI_202602021249_005/DJI_20260202130500_0061_V.JPG,data/raw/HKUST/20260202_Thermal_HKUST/DCIM/DJI_202602021249_005/DJI_20260202130501_0061_T.JPG,session_sample_number,1,2026-02-02 13:05:00,2026-02-02 13:05:01,22.331380555555555,114.26657222222222,499.913,4096.0,3072.0,640.0,512.0,ok,ok,candidate_only_no_visual_QA,Prioritized from existing inventory/metadata only; final pilot selection requires visual QA and Part B alignment review.
medium,no,no,20260202_Thermal_HKUST/DCIM/DJI_202602021249_005::sample_0064,sample_0064,0064,HKUST,2026-02-02,20260202_Thermal_HKUST,DJI_202602021249_005,data/raw/HKUST/20260202_Thermal_HKUST/DCIM/DJI_202602021249_005/DJI_20260202130537_0064_V.JPG,data/raw/HKUST/20260202_Thermal_HKUST/DCIM/DJI_202602021249_005/DJI_20260202130538_0064_T.JPG,session_sample_number,1,2026-02-02 13:05:37,2026-02-02 13:05:38,22.33458611111111,114.266575,499.957,4096.0,3072.0,640.0,512.0,ok,ok,candidate_only_no_visual_QA,Prioritized from existing inventory/metadata only; final pilot selection requires visual QA and Part B alignment review.
medium,no,no,20260202_Thermal_HKUST/DCIM/DJI_202602021249_005::sample_0066,sample_0066,0066,HKUST,2026-02-02,20260202_Thermal_HKUST,DJI_202602021249_005,data/raw/HKUST/20260202_Thermal_HKUST/DCIM/DJI_202602021249_005/DJI_20260202130603_0066_V.JPG,data/raw/HKUST/20260202_Thermal_HKUST/DCIM/DJI_202602021249_005/DJI_20260202130604_0066_T.JPG,session_sample_number,1,2026-02-02 13:06:03,2026-02-02 13:06:04,22.336880555555556,114.26638611111112,500.024,4096.0,3072.0,640.0,512.0,ok,ok,candidate_only_no_visual_QA,Prioritized from existing inventory/metadata only; final pilot selection requires visual QA and Part B alignment review.
medium,no,no,20260202_Thermal_HKUST/DCIM/DJI_202602021249_005::sample_0067,sample_0067,0067,HKUST,2026-02-02,20260202_Thermal_HKUST,DJI_202602021249_005,data/raw/HKUST/20260202_Thermal_HKUST/DCIM/DJI_202602021249_005/DJI_20260202130604_0067_V.JPG,data/raw/HKUST/20260202_Thermal_HKUST/DCIM/DJI_202602021249_005/DJI_20260202130605_0067_T.JPG,session_sample_number,1,2026-02-02 13:06:04,2026-02-02 13:06:05,22.336880555555556,114.26638333333334,499.991,4096.0,3072.0,640.0,512.0,ok,ok,candidate_only_no_visual_QA,Prioritized from existing inventory/metadata only; final pilot selection requires visual QA and Part B alignment review.
medium,no,no,20260202_Thermal_HKUST/DCIM/DJI_202602021249_005::sample_0072,sample_0072,0072,HKUST,2026-02-02,20260202_Thermal_HKUST,DJI_202602021249_005,data/raw/HKUST/20260202_Thermal_HKUST/DCIM/DJI_202602021249_005/DJI_20260202130707_0072_V.JPG,data/raw/HKUST/20260202_Thermal_HKUST/DCIM/DJI_202602021249_005/DJI_20260202130708_0072_T.JPG,session_sample_number,1,2026-02-02 13:07:07,2026-02-02 13:07:08,22.34052222222222,114.26670277777778,499.946,4096.0,3072.0,640.0,512.0,ok,ok,candidate_only_no_visual_QA,Prioritized from existing inventory/metadata only; final pilot selection requires visual QA and Part B alignment review.
medium,no,no,20260202_Thermal_HKUST/DCIM/DJI_202602021249_005::sample_0080,sample_0080,0080,HKUST,2026-02-02,20260202_Thermal_HKUST,DJI_202602021249_005,data/raw/HKUST/20260202_Thermal_HKUST/DCIM/DJI_202602021249_005/DJI_20260202130832_0080_V.JPG,data/raw/HKUST/20260202_Thermal_HKUST/DCIM/DJI_202602021249_005/DJI_20260202130833_0080_T.JPG,session_sample_number,1,2026-02-02 13:08:32,2026-02-02 13:08:33,22.333980555555556,114.26785555555556,499.856,4096.0,3072.0,640.0,512.0,ok,ok,candidate_only_no_visual_QA,Prioritized from existing inventory/metadata only; final pilot selection requires visual QA and Part B alignment review.
medium,no,no,20260202_Thermal_HKUST/DCIM/DJI_202602021249_005::sample_0090,sample_0090,0090,HKUST,2026-02-02,20260202_Thermal_HKUST,DJI_202602021249_005,data/raw/HKUST/20260202_Thermal_HKUST/DCIM/DJI_202602021249_005/DJI_20260202131030_0090_V.JPG,data/raw/HKUST/20260202_Thermal_HKUST/DCIM/DJI_202602021249_005/DJI_20260202131031_0090_T.JPG,session_sample_number,1,2026-02-02 13:10:30,2026-02-02 13:10:31,22.334213888888886,114.26593333333334,499.265,4096.0,3072.0,640.0,512.0,ok,ok,candidate_only_no_visual_QA,Prioritized from existing inventory/metadata only; final pilot selection requires visual QA and Part B alignment review.
medium,no,no,20260202_Thermal_HKUST/DCIM/DJI_202602021352_006::sample_0005,sample_0005,0005,HKUST,2026-02-02,20260202_Thermal_HKUST,DJI_202602021352_006,data/raw/HKUST/20260202_Thermal_HKUST/DCIM/DJI_202602021352_006/DJI_20260202135706_0005_V.JPG,data/raw/HKUST/20260202_Thermal_HKUST/DCIM/DJI_202602021352_006/DJI_20260202135707_0005_T.JPG,session_sample_number,1,2026-02-02 13:57:06,2026-02-02 13:57:07,22.339575,114.26315,496.486,4096.0,3072.0,640.0,512.0,ok,ok,candidate_only_no_visual_QA,Prioritized from existing inventory/metadata only; final pilot selection requires visual QA and Part B alignment review.
medium,no,no,20260202_Thermal_HKUST/DCIM/DJI_202602021352_006::sample_0012,sample_0012,0012,HKUST,2026-02-02,20260202_Thermal_HKUST,DJI_202602021352_006,data/raw/HKUST/20260202_Thermal_HKUST/DCIM/DJI_202602021352_006/DJI_20260202135845_0012_V.JPG,data/raw/HKUST/20260202_Thermal_HKUST/DCIM/DJI_202602021352_006/DJI_20260202135846_0012_T.JPG,session_sample_number,1,2026-02-02 13:58:45,2026-02-02 13:58:46,22.340013888888887,114.26228611111111,496.317,4096.0,3072.0,640.0,512.0,ok,ok,candidate_only_no_visual_QA,Prioritized from existing inventory/metadata only; final pilot selection requires visual QA and Part B alignment review.
medium,no,no,20260202_Thermal_HKUST/DCIM/DJI_202602021352_006::sample_0017,sample_0017,0017,HKUST,2026-02-02,20260202_Thermal_HKUST,DJI_202602021352_006,data/raw/HKUST/20260202_Thermal_HKUST/DCIM/DJI_202602021352_006/DJI_20260202135943_0017_V.JPG,data/raw/HKUST/20260202_Thermal_HKUST/DCIM/DJI_202602021352_006/DJI_20260202135944_0017_T.JPG,session_sample_number,1,2026-02-02 13:59:43,2026-02-02 13:59:44,22.334619444444442,114.26196666666667,496.497,4096.0,3072.0,640.0,512.0,ok,ok,candidate_only_no_visual_QA,Prioritized from existing inventory/metadata only; final pilot selection requires visual QA and Part B alignment review.
medium,no,no,20260202_Thermal_HKUST/DCIM/DJI_202602021352_006::sample_0018,sample_0018,0018,HKUST,2026-02-02,20260202_Thermal_HKUST,DJI_202602021352_006,data/raw/HKUST/20260202_Thermal_HKUST/DCIM/DJI_202602021352_006/DJI_20260202135954_0018_V.JPG,data/raw/HKUST/20260202_Thermal_HKUST/DCIM/DJI_202602021352_006/DJI_20260202135955_0018_T.JPG,session_sample_number,1,2026-02-02 13:59:54,2026-02-02 13:59:55,22.33359722222222,114.26190555555556,496.465,4096.0,3072.0,640.0,512.0,ok,ok,candidate_only_no_visual_QA,Prioritized from existing inventory/metadata only; final pilot selection requires visual QA and Part B alignment review.
medium,no,no,20260202_Thermal_HKUST/DCIM/DJI_202602021352_006::sample_0036,sample_0036,0036,HKUST,2026-02-02,20260202_Thermal_HKUST,DJI_202602021352_006,data/raw/HKUST/20260202_Thermal_HKUST/DCIM/DJI_202602021352_006/DJI_20260202140406_0036_V.JPG,data/raw/HKUST/20260202_Thermal_HKUST/DCIM/DJI_202602021352_006/DJI_20260202140407_0036_T.JPG,session_sample_number,1,2026-02-02 14:04:06,2026-02-02 14:04:07,22.336913888888887,114.2659,496.914,4096.0,3072.0,640.0,512.0,ok,ok,candidate_only_no_visual_QA,Prioritized from existing inventory/metadata only; final pilot selection requires visual QA and Part B alignment review.
medium,no,no,20260202_Thermal_HKUST/DCIM/DJI_202602021352_006::sample_0039,sample_0039,0039,HKUST,2026-02-02,20260202_Thermal_HKUST,DJI_202602021352_006,data/raw/HKUST/20260202_Thermal_HKUST/DCIM/DJI_202602021352_006/DJI_20260202140438_0039_V.JPG,data/raw/HKUST/20260202_Thermal_HKUST/DCIM/DJI_202602021352_006/DJI_20260202140439_0039_T.JPG,session_sample_number,1,2026-02-02 14:04:38,2026-02-02 14:04:39,22.33406111111111,114.265725,497.197,4096.0,3072.0,640.0,512.0,ok,ok,candidate_only_no_visual_QA,Prioritized from existing inventory/metadata only; final pilot selection requires visual QA and Part B alignment review.
medium,no,no,20260202_Thermal_HKUST/DCIM/DJI_202602021352_006::sample_0045,sample_0045,0045,HKUST,2026-02-02,20260202_Thermal_HKUST,DJI_202602021352_006,data/raw/HKUST/20260202_Thermal_HKUST/DCIM/DJI_202602021352_006/DJI_20260202140552_0045_V.JPG,data/raw/HKUST/20260202_Thermal_HKUST/DCIM/DJI_202602021352_006/DJI_20260202140553_0045_T.JPG,session_sample_number,1,2026-02-02 14:05:52,2026-02-02 14:05:53,22.328777777777777,114.26648055555556,497.805,4096.0,3072.0,640.0,512.0,ok,ok,candidate_only_no_visual_QA,Prioritized from existing inventory/metadata only; final pilot selection requires visual QA and Part B alignment review.
medium,no,no,20260202_Thermal_HKUST/DCIM/DJI_202602021352_006::sample_0046,sample_0046,0046,HKUST,2026-02-02,20260202_Thermal_HKUST,DJI_202602021352_006,data/raw/HKUST/20260202_Thermal_HKUST/DCIM/DJI_202602021352_006/DJI_20260202140602_0046_V.JPG,data/raw/HKUST/20260202_Thermal_HKUST/DCIM/DJI_202602021352_006/DJI_20260202140603_0046_T.JPG,session_sample_number,1,2026-02-02 14:06:02,2026-02-02 14:06:03,22.328736111111112,114.26740277777778,497.478,4096.0,3072.0,640.0,512.0,ok,ok,candidate_only_no_visual_QA,Prioritized from existing inventory/metadata only; final pilot selection requires visual QA and Part B alignment review.
medium,no,no,20260202_Thermal_HKUST/DCIM/DJI_202602021352_006::sample_0047,sample_0047,0047,HKUST,2026-02-02,20260202_Thermal_HKUST,DJI_202602021352_006,data/raw/HKUST/20260202_Thermal_HKUST/DCIM/DJI_202602021352_006/DJI_20260202140619_0047_V.JPG,data/raw/HKUST/20260202_Thermal_HKUST/DCIM/DJI_202602021352_006/DJI_20260202140620_0047_T.JPG,session_sample_number,1,2026-02-02 14:06:19,2026-02-02 14:06:20,22.330305555555555,114.2675,496.747,4096.0,3072.0,640.0,512.0,ok,ok,candidate_only_no_visual_QA,Prioritized from existing inventory/metadata only; final pilot selection requires visual QA and Part B alignment review.
medium,no,no,20260202_Thermal_HKUST/DCIM/DJI_202602021452_007::sample_0021,sample_0021,0021,HKUST,2026-02-02,20260202_Thermal_HKUST,DJI_202602021452_007,data/raw/HKUST/20260202_Thermal_HKUST/DCIM/DJI_202602021452_007/DJI_20260202150241_0021_V.JPG,data/raw/HKUST/20260202_Thermal_HKUST/DCIM/DJI_202602021452_007/DJI_20260202150242_0021_T.JPG,session_sample_number,1,2026-02-02 15:02:41,2026-02-02 15:02:42,22.330694444444443,114.26308055555556,498.218,4096.0,3072.0,640.0,512.0,ok,ok,candidate_only_no_visual_QA,Prioritized from existing inventory/metadata only; final pilot selection requires visual QA and Part B alignment review.
medium,no,no,20260202_Thermal_HKUST/DCIM/DJI_202602021452_007::sample_0023,sample_0023,0023,HKUST,2026-02-02,20260202_Thermal_HKUST,DJI_202602021452_007,data/raw/HKUST/20260202_Thermal_HKUST/DCIM/DJI_202602021452_007/DJI_20260202150313_0023_V.JPG,data/raw/HKUST/20260202_Thermal_HKUST/DCIM/DJI_202602021452_007/DJI_20260202150314_0023_T.JPG,session_sample_number,1,2026-02-02 15:03:13,2026-02-02 15:03:14,22.3338,114.26308055555556,498.585,4096.0,3072.0,640.0,512.0,ok,ok,candidate_only_no_visual_QA,Prioritized from existing inventory/metadata only; final pilot selection requires visual QA and Part B alignment review.
medium,no,no,20260202_Thermal_HKUST/DCIM/DJI_202602021452_007::sample_0024,sample_0024,0024,HKUST,2026-02-02,20260202_Thermal_HKUST,DJI_202602021452_007,data/raw/HKUST/20260202_Thermal_HKUST/DCIM/DJI_202602021452_007/DJI_20260202150323_0024_V.JPG,data/raw/HKUST/20260202_Thermal_HKUST/DCIM/DJI_202602021452_007/DJI_20260202150324_0024_T.JPG,session_sample_number,1,2026-02-02 15:03:23,2026-02-02 15:03:24,22.334538888888886,114.26308055555556,498.568,4096.0,3072.0,640.0,512.0,ok,ok,candidate_only_no_visual_QA,Prioritized from existing inventory/metadata only; final pilot selection requires visual QA and Part B alignment review.
medium,no,no,20260202_Thermal_HKUST/DCIM/DJI_202602021452_007::sample_0031,sample_0031,0031,HKUST,2026-02-02,20260202_Thermal_HKUST,DJI_202602021452_007,data/raw/HKUST/20260202_Thermal_HKUST/DCIM/DJI_202602021452_007/DJI_20260202150514_0031_V.JPG,data/raw/HKUST/20260202_Thermal_HKUST/DCIM/DJI_202602021452_007/DJI_20260202150515_0031_T.JPG,session_sample_number,1,2026-02-02 15:05:14,2026-02-02 15:05:15,22.337691666666665,114.26483611111111,498.206,4096.0,3072.0,640.0,512.0,ok,ok,candidate_only_no_visual_QA,Prioritized from existing inventory/metadata only; final pilot selection requires visual QA and Part B alignment review.
medium,no,no,20260202_Thermal_HKUST/DCIM/DJI_202602021452_007::sample_0036,sample_0036,0036,HKUST,2026-02-02,20260202_Thermal_HKUST,DJI_202602021452_007,data/raw/HKUST/20260202_Thermal_HKUST/DCIM/DJI_202602021452_007/DJI_20260202150633_0036_V.JPG,data/raw/HKUST/20260202_Thermal_HKUST/DCIM/DJI_202602021452_007/DJI_20260202150634_0036_T.JPG,session_sample_number,1,2026-02-02 15:06:33,2026-02-02 15:06:34,22.330105555555555,114.2648138888889,499.05,4096.0,3072.0,640.0,512.0,ok,ok,candidate_only_no_visual_QA,Prioritized from existing inventory/metadata only; final pilot selection requires visual QA and Part B alignment review.
medium,no,no,20260202_Thermal_HKUST/DCIM/DJI_202602021452_007::sample_0038,sample_0038,0038,HKUST,2026-02-02,20260202_Thermal_HKUST,DJI_202602021452_007,data/raw/HKUST/20260202_Thermal_HKUST/DCIM/DJI_202602021452_007/DJI_20260202150702_0038_V.JPG,data/raw/HKUST/20260202_Thermal_HKUST/DCIM/DJI_202602021452_007/DJI_20260202150703_0038_T.JPG,session_sample_number,1,2026-02-02 15:07:02,2026-02-02 15:07:03,22.327394444444444,114.26480833333333,499.134,4096.0,3072.0,640.0,512.0,ok,ok,candidate_only_no_visual_QA,Prioritized from existing inventory/metadata only; final pilot selection requires visual QA and Part B alignment review.
medium,no,no,20260202_Thermal_HKUST/DCIM/DJI_202602021452_007::sample_0044,sample_0044,0044,HKUST,2026-02-02,20260202_Thermal_HKUST,DJI_202602021452_007,data/raw/HKUST/20260202_Thermal_HKUST/DCIM/DJI_202602021452_007/DJI_20260202151051_0044_V.JPG,data/raw/HKUST/20260202_Thermal_HKUST/DCIM/DJI_202602021452_007/DJI_20260202151052_0044_T.JPG,session_sample_number,1,2026-02-02 15:10:51,2026-02-02 15:10:52,22.333305555555555,114.26565833333333,500.292,4032.0,3024.0,640.0,512.0,ok,ok,candidate_only_no_visual_QA,Prioritized from existing inventory/metadata only; final pilot selection requires visual QA and Part B alignment review.
medium,no,no,20260202_Thermal_HKUST/DCIM/DJI_202602021452_007::sample_0052,sample_0052,0052,HKUST,2026-02-02,20260202_Thermal_HKUST,DJI_202602021452_007,data/raw/HKUST/20260202_Thermal_HKUST/DCIM/DJI_202602021452_007/DJI_20260202151232_0052_V.JPG,data/raw/HKUST/20260202_Thermal_HKUST/DCIM/DJI_202602021452_007/DJI_20260202151233_0052_T.JPG,session_sample_number,1,2026-02-02 15:12:32,2026-02-02 15:12:33,22.341644444444444,114.26550833333333,500.018,4032.0,3024.0,640.0,512.0,ok,ok,candidate_only_no_visual_QA,Prioritized from existing inventory/metadata only; final pilot selection requires visual QA and Part B alignment review.
medium,no,no,20260202_Thermal_HKUST/DCIM/DJI_202602021452_007::sample_0056,sample_0056,0056,HKUST,2026-02-02,20260202_Thermal_HKUST,DJI_202602021452_007,data/raw/HKUST/20260202_Thermal_HKUST/DCIM/DJI_202602021452_007/DJI_20260202151336_0056_V.JPG,data/raw/HKUST/20260202_Thermal_HKUST/DCIM/DJI_202602021452_007/DJI_20260202151337_0056_T.JPG,session_sample_number,1,2026-02-02 15:13:36,2026-02-02 15:13:37,22.336955555555555,114.26725833333333,499.908,4032.0,3024.0,640.0,512.0,ok,ok,candidate_only_no_visual_QA,Prioritized from existing inventory/metadata only; final pilot selection requires visual QA and Part B alignment review.
medium,no,no,20260202_Thermal_HKUST/DCIM/DJI_202602021452_007::sample_0059,sample_0059,0059,HKUST,2026-02-02,20260202_Thermal_HKUST,DJI_202602021452_007,data/raw/HKUST/20260202_Thermal_HKUST/DCIM/DJI_202602021452_007/DJI_20260202151414_0059_V.JPG,data/raw/HKUST/20260202_Thermal_HKUST/DCIM/DJI_202602021452_007/DJI_20260202151415_0059_T.JPG,session_sample_number,1,2026-02-02 15:14:14,2026-02-02 15:14:15,22.33348611111111,114.26723611111112,499.909,4032.0,3024.0,640.0,512.0,ok,ok,candidate_only_no_visual_QA,Prioritized from existing inventory/metadata only; final pilot selection requires visual QA and Part B alignment review.
medium,no,no,20260202_Thermal_HKUST/DCIM/DJI_202602021452_007::sample_0064,sample_0064,0064,HKUST,2026-02-02,20260202_Thermal_HKUST,DJI_202602021452_007,data/raw/HKUST/20260202_Thermal_HKUST/DCIM/DJI_202602021452_007/DJI_20260202151522_0064_V.JPG,data/raw/HKUST/20260202_Thermal_HKUST/DCIM/DJI_202602021452_007/DJI_20260202151523_0064_T.JPG,session_sample_number,1,2026-02-02 15:15:22,2026-02-02 15:15:23,22.33679722222222,114.26810277777777,500.324,4032.0,3024.0,640.0,512.0,ok,ok,candidate_only_no_visual_QA,Prioritized from existing inventory/metadata only; final pilot selection requires visual QA and Part B alignment review.
medium,no,no,20260202_Thermal_HKUST/DCIM/DJI_202602021452_007::sample_0065,sample_0065,0065,HKUST,2026-02-02,20260202_Thermal_HKUST,DJI_202602021452_007,data/raw/HKUST/20260202_Thermal_HKUST/DCIM/DJI_202602021452_007/DJI_20260202151540_0065_V.JPG,data/raw/HKUST/20260202_Thermal_HKUST/DCIM/DJI_202602021452_007/DJI_20260202151541_0065_T.JPG,session_sample_number,1,2026-02-02 15:15:40,2026-02-02 15:15:41,22.33866944444444,114.26807222222222,500.117,4032.0,3024.0,640.0,512.0,ok,ok,candidate_only_no_visual_QA,Prioritized from existing inventory/metadata only; final pilot selection requires visual QA and Part B alignment review.
medium,no,no,20260202_Thermal_HKUST/DCIM/DJI_202602021556_008::sample_0005,sample_0005,0005,HKUST,2026-02-02,20260202_Thermal_HKUST,DJI_202602021556_008,data/raw/HKUST/20260202_Thermal_HKUST/DCIM/DJI_202602021556_008/DJI_20260202160307_0005_V.JPG,data/raw/HKUST/20260202_Thermal_HKUST/DCIM/DJI_202602021556_008/DJI_20260202160308_0005_T.JPG,session_sample_number,1,2026-02-02 16:03:07,2026-02-02 16:03:08,22.34166388888889,114.26170555555555,497.881,4096.0,3072.0,640.0,512.0,ok,ok,candidate_only_no_visual_QA,Prioritized from existing inventory/metadata only; final pilot selection requires visual QA and Part B alignment review.
medium,no,no,20260202_Thermal_HKUST/DCIM/DJI_202602021556_008::sample_0007,sample_0007,0007,HKUST,2026-02-02,20260202_Thermal_HKUST,DJI_202602021556_008,data/raw/HKUST/20260202_Thermal_HKUST/DCIM/DJI_202602021556_008/DJI_20260202160344_0007_V.JPG,data/raw/HKUST/20260202_Thermal_HKUST/DCIM/DJI_202602021556_008/DJI_20260202160345_0007_T.JPG,session_sample_number,1,2026-02-02 16:03:44,2026-02-02 16:03:45,22.338938888888887,114.26168611111112,498.443,4096.0,3072.0,640.0,512.0,ok,ok,candidate_only_no_visual_QA,Prioritized from existing inventory/metadata only; final pilot selection requires visual QA and Part B alignment review.
medium,no,no,20260202_Thermal_HKUST/DCIM/DJI_202602021556_008::sample_0012,sample_0012,0012,HKUST,2026-02-02,20260202_Thermal_HKUST,DJI_202602021556_008,data/raw/HKUST/20260202_Thermal_HKUST/DCIM/DJI_202602021556_008/DJI_20260202160521_0012_V.JPG,data/raw/HKUST/20260202_Thermal_HKUST/DCIM/DJI_202602021556_008/DJI_20260202160522_0012_T.JPG,session_sample_number,1,2026-02-02 16:05:21,2026-02-02 16:05:22,22.332697222222222,114.2626361111111,498.658,4096.0,3072.0,640.0,512.0,ok,ok,candidate_only_no_visual_QA,Prioritized from existing inventory/metadata only; final pilot selection requires visual QA and Part B alignment review.
medium,no,no,20260202_Thermal_HKUST/DCIM/DJI_202602021556_008::sample_0030,sample_0030,0030,HKUST,2026-02-02,20260202_Thermal_HKUST,DJI_202602021556_008,data/raw/HKUST/20260202_Thermal_HKUST/DCIM/DJI_202602021556_008/DJI_20260202161159_0030_V.JPG,data/raw/HKUST/20260202_Thermal_HKUST/DCIM/DJI_202602021556_008/DJI_20260202161200_0030_T.JPG,session_sample_number,1,2026-02-02 16:11:59,2026-02-02 16:12:00,22.33659722222222,114.26861666666666,498.849,4096.0,3072.0,640.0,512.0,ok,ok,candidate_only_no_visual_QA,Prioritized from existing inventory/metadata only; final pilot selection requires visual QA and Part B alignment review.
medium,no,no,20260202_Thermal_HKUST/DCIM/DJI_202602021556_008::sample_0034,sample_0034,0034,HKUST,2026-02-02,20260202_Thermal_HKUST,DJI_202602021556_008,data/raw/HKUST/20260202_Thermal_HKUST/DCIM/DJI_202602021556_008/DJI_20260202161313_0034_V.JPG,data/raw/HKUST/20260202_Thermal_HKUST/DCIM/DJI_202602021556_008/DJI_20260202161314_0034_T.JPG,session_sample_number,1,2026-02-02 16:13:13,2026-02-02 16:13:14,22.338033333333332,114.2641388888889,499.927,4096.0,3072.0,640.0,512.0,ok,ok,candidate_only_no_visual_QA,Prioritized from existing inventory/metadata only; final pilot selection requires visual QA and Part B alignment review.
medium,no,no,20260202_Thermal_HKUST/DCIM/DJI_202602021556_008::sample_0037,sample_0037,0037,HKUST,2026-02-02,20260202_Thermal_HKUST,DJI_202602021556_008,data/raw/HKUST/20260202_Thermal_HKUST/DCIM/DJI_202602021556_008/DJI_20260202161438_0037_V.JPG,data/raw/HKUST/20260202_Thermal_HKUST/DCIM/DJI_202602021556_008/DJI_20260202161439_0037_T.JPG,session_sample_number,1,2026-02-02 16:14:38,2026-02-02 16:14:39,22.339908333333334,114.26061666666666,498.518,4096.0,3072.0,640.0,512.0,ok,ok,candidate_only_no_visual_QA,Prioritized from existing inventory/metadata only; final pilot selection requires visual QA and Part B alignment review.
medium,no,no,20260202_Thermal_HKUST/DCIM/DJI_202602021556_008::sample_0039,sample_0039,0039,HKUST,2026-02-02,20260202_Thermal_HKUST,DJI_202602021556_008,data/raw/HKUST/20260202_Thermal_HKUST/DCIM/DJI_202602021556_008/DJI_20260202161516_0039_V.JPG,data/raw/HKUST/20260202_Thermal_HKUST/DCIM/DJI_202602021556_008/DJI_20260202161517_0039_T.JPG,session_sample_number,1,2026-02-02 16:15:16,2026-02-02 16:15:17,22.339405555555555,114.26316666666666,498.377,4096.0,3072.0,640.0,512.0,ok,ok,candidate_only_no_visual_QA,Prioritized from existing inventory/metadata only; final pilot selection requires visual QA and Part B alignment review.
medium,no,no,20260202_Thermal_HKUST/DCIM/DJI_202602021556_008::sample_0047,sample_0047,0047,HKUST,2026-02-02,20260202_Thermal_HKUST,DJI_202602021556_008,data/raw/HKUST/20260202_Thermal_HKUST/DCIM/DJI_202602021556_008/DJI_20260202161726_0047_V.JPG,data/raw/HKUST/20260202_Thermal_HKUST/DCIM/DJI_202602021556_008/DJI_20260202161727_0047_T.JPG,session_sample_number,1,2026-02-02 16:17:26,2026-02-02 16:17:27,22.34055833333333,114.26013333333333,498.256,4096.0,3072.0,640.0,512.0,ok,ok,candidate_only_no_visual_QA,Prioritized from existing inventory/metadata only; final pilot selection requires visual QA and Part B alignment review.
medium,no,no,20260202_Thermal_HKUST/DCIM/DJI_202602021650_009::sample_0004,sample_0004,0004,HKUST,2026-02-02,20260202_Thermal_HKUST,DJI_202602021650_009,data/raw/HKUST/20260202_Thermal_HKUST/DCIM/DJI_202602021650_009/DJI_20260202165527_0004_V.JPG,data/raw/HKUST/20260202_Thermal_HKUST/DCIM/DJI_202602021650_009/DJI_20260202165528_0004_T.JPG,session_sample_number,1,2026-02-02 16:55:27,2026-02-02 16:55:28,22.334216666666666,114.26289166666666,500.011,4032.0,3024.0,640.0,512.0,ok,ok,candidate_only_no_visual_QA,Prioritized from existing inventory/metadata only; final pilot selection requires visual QA and Part B alignment review.
medium,no,no,20260202_Thermal_HKUST/DCIM/DJI_202602021650_009::sample_0006,sample_0006,0006,HKUST,2026-02-02,20260202_Thermal_HKUST,DJI_202602021650_009,data/raw/HKUST/20260202_Thermal_HKUST/DCIM/DJI_202602021650_009/DJI_20260202165604_0006_V.JPG,data/raw/HKUST/20260202_Thermal_HKUST/DCIM/DJI_202602021650_009/DJI_20260202165605_0006_T.JPG,session_sample_number,1,2026-02-02 16:56:04,2026-02-02 16:56:05,22.33138611111111,114.26278055555555,499.446,4032.0,3024.0,640.0,512.0,ok,ok,candidate_only_no_visual_QA,Prioritized from existing inventory/metadata only; final pilot selection requires visual QA and Part B alignment review.
medium,no,no,20260202_Thermal_HKUST/DCIM/DJI_202602021650_009::sample_0021,sample_0021,0021,HKUST,2026-02-02,20260202_Thermal_HKUST,DJI_202602021650_009,data/raw/HKUST/20260202_Thermal_HKUST/DCIM/DJI_202602021650_009/DJI_20260202165939_0021_V.JPG,data/raw/HKUST/20260202_Thermal_HKUST/DCIM/DJI_202602021650_009/DJI_20260202165940_0021_T.JPG,session_sample_number,1,2026-02-02 16:59:39,2026-02-02 16:59:40,22.333394444444444,114.26516388888889,499.227,4032.0,3024.0,640.0,512.0,ok,ok,candidate_only_no_visual_QA,Prioritized from existing inventory/metadata only; final pilot selection requires visual QA and Part B alignment review.
medium,no,no,20260202_Thermal_HKUST/DCIM/DJI_202602021650_009::sample_0025,sample_0025,0025,HKUST,2026-02-02,20260202_Thermal_HKUST,DJI_202602021650_009,data/raw/HKUST/20260202_Thermal_HKUST/DCIM/DJI_202602021650_009/DJI_20260202170033_0025_V.JPG,data/raw/HKUST/20260202_Thermal_HKUST/DCIM/DJI_202602021650_009/DJI_20260202170032_0025_T.JPG,session_sample_number,1,2026-02-02 17:00:33,2026-02-02 17:00:32,22.33505,114.26160833333333,497.486,4032.0,3024.0,640.0,512.0,ok,ok,candidate_only_no_visual_QA,Prioritized from existing inventory/metadata only; final pilot selection requires visual QA and Part B alignment review.
medium,no,no,20260202_Thermal_HKUST/DCIM/DJI_202602021650_009::sample_0027,sample_0027,0027,HKUST,2026-02-02,20260202_Thermal_HKUST,DJI_202602021650_009,data/raw/HKUST/20260202_Thermal_HKUST/DCIM/DJI_202602021650_009/DJI_20260202170046_0027_V.JPG,data/raw/HKUST/20260202_Thermal_HKUST/DCIM/DJI_202602021650_009/DJI_20260202170047_0027_T.JPG,session_sample_number,1,2026-02-02 17:00:46,2026-02-02 17:00:47,22.33505,114.26289166666666,497.713,4032.0,3024.0,640.0,512.0,ok,ok,candidate_only_no_visual_QA,Prioritized from existing inventory/metadata only; final pilot selection requires visual QA and Part B alignment review.
medium,no,no,20260202_Thermal_HKUST/DCIM/DJI_202602021650_009::sample_0030,sample_0030,0030,HKUST,2026-02-02,20260202_Thermal_HKUST,DJI_202602021650_009,data/raw/HKUST/20260202_Thermal_HKUST/DCIM/DJI_202602021650_009/DJI_20260202170132_0030_V.JPG,data/raw/HKUST/20260202_Thermal_HKUST/DCIM/DJI_202602021650_009/DJI_20260202170133_0030_T.JPG,session_sample_number,1,2026-02-02 17:01:32,2026-02-02 17:01:33,22.334941666666666,114.2679,498.249,4032.0,3024.0,640.0,512.0,ok,ok,candidate_only_no_visual_QA,Prioritized from existing inventory/metadata only; final pilot selection requires visual QA and Part B alignment review.
medium,no,no,20260202_Thermal_HKUST/DCIM/DJI_202602021650_009::sample_0032,sample_0032,0032,HKUST,2026-02-02,20260202_Thermal_HKUST,DJI_202602021650_009,data/raw/HKUST/20260202_Thermal_HKUST/DCIM/DJI_202602021650_009/DJI_20260202170156_0032_V.JPG,data/raw/HKUST/20260202_Thermal_HKUST/DCIM/DJI_202602021650_009/DJI_20260202170157_0032_T.JPG,session_sample_number,1,2026-02-02 17:01:56,2026-02-02 17:01:57,22.335869444444445,114.26887222222223,497.766,4032.0,3024.0,640.0,512.0,ok,ok,candidate_only_no_visual_QA,Prioritized from existing inventory/metadata only; final pilot selection requires visual QA and Part B alignment review.
medium,no,no,20260202_Thermal_HKUST/DCIM/DJI_202602021650_009::sample_0045,sample_0045,0045,HKUST,2026-02-02,20260202_Thermal_HKUST,DJI_202602021650_009,data/raw/HKUST/20260202_Thermal_HKUST/DCIM/DJI_202602021650_009/DJI_20260202170452_0045_V.JPG,data/raw/HKUST/20260202_Thermal_HKUST/DCIM/DJI_202602021650_009/DJI_20260202170453_0045_T.JPG,session_sample_number,1,2026-02-02 17:04:52,2026-02-02 17:04:53,22.337072222222222,114.26825277777778,499.787,4032.0,3024.0,640.0,512.0,ok,ok,candidate_only_no_visual_QA,Prioritized from existing inventory/metadata only; final pilot selection requires visual QA and Part B alignment review.
medium,no,no,20260202_Thermal_HKUST/DCIM/DJI_202602021650_009::sample_0046,sample_0046,0046,HKUST,2026-02-02,20260202_Thermal_HKUST,DJI_202602021650_009,data/raw/HKUST/20260202_Thermal_HKUST/DCIM/DJI_202602021650_009/DJI_20260202170457_0046_V.JPG,data/raw/HKUST/20260202_Thermal_HKUST/DCIM/DJI_202602021650_009/DJI_20260202170458_0046_T.JPG,session_sample_number,1,2026-02-02 17:04:57,2026-02-02 17:04:58,22.337072222222222,114.26855277777777,499.592,4032.0,3024.0,640.0,512.0,ok,ok,candidate_only_no_visual_QA,Prioritized from existing inventory/metadata only; final pilot selection requires visual QA and Part B alignment review.
medium,no,no,20260202_Thermal_HKUST/DCIM/DJI_202602021650_009::sample_0053,sample_0053,0053,HKUST,2026-02-02,20260202_Thermal_HKUST,DJI_202602021650_009,data/raw/HKUST/20260202_Thermal_HKUST/DCIM/DJI_202602021650_009/DJI_20260202170649_0053_V.JPG,data/raw/HKUST/20260202_Thermal_HKUST/DCIM/DJI_202602021650_009/DJI_20260202170650_0053_T.JPG,session_sample_number,1,2026-02-02 17:06:49,2026-02-02 17:06:50,22.339530555555555,114.26023611111111,498.253,4032.0,3024.0,640.0,512.0,ok,ok,candidate_only_no_visual_QA,Prioritized from existing inventory/metadata only; final pilot selection requires visual QA and Part B alignment review.
medium,no,no,20260202_Thermal_HKUST/DCIM/DJI_202602021650_009::sample_0066,sample_0066,0066,HKUST,2026-02-02,20260202_Thermal_HKUST,DJI_202602021650_009,data/raw/HKUST/20260202_Thermal_HKUST/DCIM/DJI_202602021650_009/DJI_20260202170925_0066_V.JPG,data/raw/HKUST/20260202_Thermal_HKUST/DCIM/DJI_202602021650_009/DJI_20260202170926_0066_T.JPG,session_sample_number,1,2026-02-02 17:09:25,2026-02-02 17:09:26,22.34065,114.2594,498.56,4032.0,3024.0,640.0,512.0,ok,ok,candidate_only_no_visual_QA,Prioritized from existing inventory/metadata only; final pilot selection requires visual QA and Part B alignment review.
medium,no,no,20260202_Thermal_HKUST/DCIM/DJI_202602021650_009::sample_0071,sample_0071,0071,HKUST,2026-02-02,20260202_Thermal_HKUST,DJI_202602021650_009,data/raw/HKUST/20260202_Thermal_HKUST/DCIM/DJI_202602021650_009/DJI_20260202171028_0071_V.JPG,data/raw/HKUST/20260202_Thermal_HKUST/DCIM/DJI_202602021650_009/DJI_20260202171029_0071_T.JPG,session_sample_number,1,2026-02-02 17:10:28,2026-02-02 17:10:29,22.341041666666666,114.26464444444444,499.55,4032.0,3024.0,640.0,512.0,ok,ok,candidate_only_no_visual_QA,Prioritized from existing inventory/metadata only; final pilot selection requires visual QA and Part B alignment review.
needs_metadata_or_footprint_review,no,no,20260107_Thermal_HKUST/DCIM/DJI_202601071424_001::DJI_20260107142534_0001,DJI_20260107142534_0001,0001,HKUST,2026-01-07,20260107_Thermal_HKUST,DJI_202601071424_001,data/raw/HKUST/20260107_Thermal_HKUST/DCIM/DJI_202601071424_001/DJI_20260107142534_0001_V.JPG,data/raw/HKUST/20260107_Thermal_HKUST/DCIM/DJI_202601071424_001/DJI_20260107142534_0001_T.JPG,exact_base_name,0,2026-01-07 14:25:34,2026-01-07 14:25:34,22.338944444444444,114.26404166666667,0.0,4032.0,3024.0,640.0,512.0,incomplete,incomplete,candidate_only_no_visual_QA,Prioritized from existing inventory/metadata only; final pilot selection requires visual QA and Part B alignment review.
needs_metadata_or_footprint_review,no,no,20260107_Thermal_HKUST/DCIM/DJI_202601071424_001::DJI_20260107142623_0003,DJI_20260107142623_0003,0003,HKUST,2026-01-07,20260107_Thermal_HKUST,DJI_202601071424_001,data/raw/HKUST/20260107_Thermal_HKUST/DCIM/DJI_202601071424_001/DJI_20260107142623_0003_V.JPG,data/raw/HKUST/20260107_Thermal_HKUST/DCIM/DJI_202601071424_001/DJI_20260107142623_0003_T.JPG,exact_base_name,0,2026-01-07 14:26:23,2026-01-07 14:26:23,22.339152777777777,114.26385555555555,0.0,4032.0,3024.0,640.0,512.0,incomplete,incomplete,candidate_only_no_visual_QA,Prioritized from existing inventory/metadata only; final pilot selection requires visual QA and Part B alignment review.
needs_metadata_or_footprint_review,no,no,20260202_Thermal_HKUST/DCIM/DJI_202602021650_009::sample_0001,sample_0001,0001,HKUST,2026-02-02,20260202_Thermal_HKUST,DJI_202602021650_009,data/raw/HKUST/20260202_Thermal_HKUST/DCIM/DJI_202602021650_009/DJI_20260202165446_0001_V.JPG,data/raw/HKUST/20260202_Thermal_HKUST/DCIM/DJI_202602021650_009/DJI_20260202165447_0001_T.JPG,session_sample_number,1,2026-02-02 16:54:46,2026-02-02 16:54:47,22.33761111111111,114.26302222222222,,4032.0,3024.0,640.0,512.0,ok,incomplete,candidate_only_no_visual_QA,Prioritized from existing inventory/metadata only; final pilot selection requires visual QA and Part B alignment review.
