pair_id,dataset_folder,location,capture_date,session_folder,base_name,sample_number,v_path,t_path,status,match_method,timestamp_difference_seconds,pilot,notes
20251210_GardenHill/DJI_202512081539_001::DJI_20251208154621_0001,20251210_GardenHill,GardenHill,2025-12-08,DJI_202512081539_001,DJI_20251208154621_0001,0001,data/raw/HKUST/20251210_GardenHill/DJI_202512081539_001/DJI_20251208154621_0001_V.JPG,data/raw/HKUST/20251210_GardenHill/DJI_202512081539_001/DJI_20251208154621_0001_T.JPG,paired,exact_base_name,0,no,
20251210_GardenHill/DJI_202512081539_001::DJI_20251208154625_0003,20251210_GardenHill,GardenHill,2025-12-08,DJI_202512081539_001,DJI_20251208154625_0003,0003,data/raw/HKUST/20251210_GardenHill/DJI_202512081539_001/DJI_20251208154625_0003_V.JPG,data/raw/HKUST/20251210_GardenHill/DJI_202512081539_001/DJI_20251208154625_0003_T.JPG,paired,exact_base_name,0,no,
20251210_GardenHill/DJI_202512081539_001::DJI_20251208154652_0004,20251210_GardenHill,GardenHill,2025-12-08,DJI_202512081539_001,DJI_20251208154652_0004,0004,data/raw/HKUST/20251210_GardenHill/DJI_202512081539_001/DJI_20251208154652_0004_V.JPG,data/raw/HKUST/20251210_GardenHill/DJI_202512081539_001/DJI_20251208154652_0004_T.JPG,paired,exact_base_name,0,no,
20251210_GardenHill/DJI_202512081539_001::DJI_20251208154701_0005,20251210_GardenHill,GardenHill,2025-12-08,DJI_202512081539_001,DJI_20251208154701_0005,0005,data/raw/HKUST/20251210_GardenHill/DJI_202512081539_001/DJI_20251208154701_0005_V.JPG,data/raw/HKUST/20251210_GardenHill/DJI_202512081539_001/DJI_20251208154701_0005_T.JPG,paired,exact_base_name,0,no,
20251210_GardenHill/DJI_202512081539_001::DJI_20251208154802_0006,20251210_GardenHill,GardenHill,2025-12-08,DJI_202512081539_001,DJI_20251208154802_0006,0006,data/raw/HKUST/20251210_GardenHill/DJI_202512081539_001/DJI_20251208154802_0006_V.JPG,data/raw/HKUST/20251210_GardenHill/DJI_202512081539_001/DJI_20251208154802_0006_T.JPG,paired,exact_base_name,0,no,
20251210_GardenHill/DJI_202512081539_001::DJI_20251208154810_0007,20251210_GardenHill,GardenHill,2025-12-08,DJI_202512081539_001,DJI_20251208154810_0007,0007,data/raw/HKUST/20251210_GardenHill/DJI_202512081539_001/DJI_20251208154810_0007_V.JPG,data/raw/HKUST/20251210_GardenHill/DJI_202512081539_001/DJI_20251208154810_0007_T.JPG,paired,exact_base_name,0,no,
20251210_GardenHill/DJI_202512081539_001::DJI_20251208154923_0008,20251210_GardenHill,GardenHill,2025-12-08,DJI_202512081539_001,DJI_20251208154923_0008,0008,data/raw/HKUST/20251210_GardenHill/DJI_202512081539_001/DJI_20251208154923_0008_V.JPG,data/raw/HKUST/20251210_GardenHill/DJI_202512081539_001/DJI_20251208154923_0008_T.JPG,paired,exact_base_name,0,no,
20251210_GardenHill/DJI_202512081539_001::sample_0009,20251210_GardenHill,GardenHill,2025-12-08,DJI_202512081539_001,sample_0009,0009,data/raw/HKUST/20251210_GardenHill/DJI_202512081539_001/DJI_20251208154942_0009_V.JPG,data/raw/HKUST/20251210_GardenHill/DJI_202512081539_001/DJI_20251208154943_0009_T.JPG,paired,session_sample_number,1,no,fallback base names: V=DJI_20251208154942_0009; T=DJI_20251208154943_0009
20251210_GardenHill/DJI_202512081539_001::sample_0011,20251210_GardenHill,GardenHill,2025-12-08,DJI_202512081539_001,sample_0011,0011,data/raw/HKUST/20251210_GardenHill/DJI_202512081539_001/DJI_20251208155028_0011_V.JPG,data/raw/HKUST/20251210_GardenHill/DJI_202512081539_001/DJI_20251208155029_0011_T.JPG,paired,session_sample_number,1,no,fallback base names: V=DJI_20251208155028_0011; T=DJI_20251208155029_0011
20251210_GardenHill/DJI_202512081539_001::sample_0012,20251210_GardenHill,GardenHill,2025-12-08,DJI_202512081539_001,sample_0012,0012,data/raw/HKUST/20251210_GardenHill/DJI_202512081539_001/DJI_20251208155032_0012_V.JPG,data/raw/HKUST/20251210_GardenHill/DJI_202512081539_001/DJI_20251208155031_0012_T.JPG,paired,session_sample_number,1,no,fallback base names: V=DJI_20251208155032_0012; T=DJI_20251208155031_0012
20251210_GardenHill/DJI_202512081539_001::DJI_20251208155036_0013,20251210_GardenHill,GardenHill,2025-12-08,DJI_202512081539_001,DJI_20251208155036_0013,0013,data/raw/HKUST/20251210_GardenHill/DJI_202512081539_001/DJI_20251208155036_0013_V.JPG,data/raw/HKUST/20251210_GardenHill/DJI_202512081539_001/DJI_20251208155036_0013_T.JPG,paired,exact_base_name,0,no,
20251210_GardenHill/DJI_202512081539_001::sample_0014,20251210_GardenHill,GardenHill,2025-12-08,DJI_202512081539_001,sample_0014,0014,data/raw/HKUST/20251210_GardenHill/DJI_202512081539_001/DJI_20251208155152_0014_V.JPG,data/raw/HKUST/20251210_GardenHill/DJI_202512081539_001/DJI_20251208155153_0014_T.JPG,paired,session_sample_number,1,no,fallback base names: V=DJI_20251208155152_0014; T=DJI_20251208155153_0014
20251210_GardenHill/DJI_202512081539_001::DJI_20251208155257_0015,20251210_GardenHill,GardenHill,2025-12-08,DJI_202512081539_001,DJI_20251208155257_0015,0015,data/raw/HKUST/20251210_GardenHill/DJI_202512081539_001/DJI_20251208155257_0015_V.JPG,data/raw/HKUST/20251210_GardenHill/DJI_202512081539_001/DJI_20251208155257_0015_T.JPG,paired,exact_base_name,0,no,
20251210_GardenHill/DJI_202512081539_001::sample_0017,20251210_GardenHill,GardenHill,2025-12-08,DJI_202512081539_001,sample_0017,0017,data/raw/HKUST/20251210_GardenHill/DJI_202512081539_001/DJI_20251208155658_0017_V.JPG,data/raw/HKUST/20251210_GardenHill/DJI_202512081539_001/DJI_20251208155659_0017_T.JPG,paired,session_sample_number,1,no,fallback base names: V=DJI_20251208155658_0017; T=DJI_20251208155659_0017
20251210_GardenHill/DJI_202512081539_001::DJI_20251208155826_0018,20251210_GardenHill,GardenHill,2025-12-08,DJI_202512081539_001,DJI_20251208155826_0018,0018,data/raw/HKUST/20251210_GardenHill/DJI_202512081539_001/DJI_20251208155826_0018_V.JPG,data/raw/HKUST/20251210_GardenHill/DJI_202512081539_001/DJI_20251208155826_0018_T.JPG,paired,exact_base_name,0,no,
20251210_GardenHill/DJI_202512081539_001::DJI_20251208162143_0020,20251210_GardenHill,GardenHill,2025-12-08,DJI_202512081539_001,DJI_20251208162143_0020,0020,data/raw/HKUST/20251210_GardenHill/DJI_202512081539_001/DJI_20251208162143_0020_V.JPG,data/raw/HKUST/20251210_GardenHill/DJI_202512081539_001/DJI_20251208162143_0020_T.JPG,paired,exact_base_name,0,no,
20251210_GardenHill/DJI_202512081539_001::DJI_20251208162146_0021,20251210_GardenHill,GardenHill,2025-12-08,DJI_202512081539_001,DJI_20251208162146_0021,0021,data/raw/HKUST/20251210_GardenHill/DJI_202512081539_001/DJI_20251208162146_0021_V.JPG,data/raw/HKUST/20251210_GardenHill/DJI_202512081539_001/DJI_20251208162146_0021_T.JPG,paired,exact_base_name,0,no,
20251210_GardenHill/DJI_202512081539_001::DJI_20251208162334_0022,20251210_GardenHill,GardenHill,2025-12-08,DJI_202512081539_001,DJI_20251208162334_0022,0022,data/raw/HKUST/20251210_GardenHill/DJI_202512081539_001/DJI_20251208162334_0022_V.JPG,data/raw/HKUST/20251210_GardenHill/DJI_202512081539_001/DJI_20251208162334_0022_T.JPG,paired,exact_base_name,0,no,
20251210_GardenHill/DJI_202512081539_001::DJI_20251208162446_0023,20251210_GardenHill,GardenHill,2025-12-08,DJI_202512081539_001,DJI_20251208162446_0023,0023,data/raw/HKUST/20251210_GardenHill/DJI_202512081539_001/DJI_20251208162446_0023_V.JPG,data/raw/HKUST/20251210_GardenHill/DJI_202512081539_001/DJI_20251208162446_0023_T.JPG,paired,exact_base_name,0,no,
20251210_GardenHill/DJI_202512081539_001::DJI_20251208162453_0024,20251210_GardenHill,GardenHill,2025-12-08,DJI_202512081539_001,DJI_20251208162453_0024,0024,data/raw/HKUST/20251210_GardenHill/DJI_202512081539_001/DJI_20251208162453_0024_V.JPG,data/raw/HKUST/20251210_GardenHill/DJI_202512081539_001/DJI_20251208162453_0024_T.JPG,paired,exact_base_name,0,no,
20251210_GardenHill/DJI_202512081539_001::DJI_20251208162505_0025,20251210_GardenHill,GardenHill,2025-12-08,DJI_202512081539_001,DJI_20251208162505_0025,0025,data/raw/HKUST/20251210_GardenHill/DJI_202512081539_001/DJI_20251208162505_0025_V.JPG,data/raw/HKUST/20251210_GardenHill/DJI_202512081539_001/DJI_20251208162505_0025_T.JPG,paired,exact_base_name,0,no,
20251210_GardenHill/DJI_202512081539_001::sample_0026,20251210_GardenHill,GardenHill,2025-12-08,DJI_202512081539_001,sample_0026,0026,data/raw/HKUST/20251210_GardenHill/DJI_202512081539_001/DJI_20251208162508_0026_V.JPG,data/raw/HKUST/20251210_GardenHill/DJI_202512081539_001/DJI_20251208162509_0026_T.JPG,paired,session_sample_number,1,no,fallback base names: V=DJI_20251208162508_0026; T=DJI_20251208162509_0026
20251210_GardenHill/DJI_202512081539_001::DJI_20251208162530_0028,20251210_GardenHill,GardenHill,2025-12-08,DJI_202512081539_001,DJI_20251208162530_0028,0028,data/raw/HKUST/20251210_GardenHill/DJI_202512081539_001/DJI_20251208162530_0028_V.JPG,data/raw/HKUST/20251210_GardenHill/DJI_202512081539_001/DJI_20251208162530_0028_T.JPG,paired,exact_base_name,0,no,
20251210_GardenHill/DJI_202512081539_001::DJI_20251208162533_0029,20251210_GardenHill,GardenHill,2025-12-08,DJI_202512081539_001,DJI_20251208162533_0029,0029,data/raw/HKUST/20251210_GardenHill/DJI_202512081539_001/DJI_20251208162533_0029_V.JPG,data/raw/HKUST/20251210_GardenHill/DJI_202512081539_001/DJI_20251208162533_0029_T.JPG,paired,exact_base_name,0,no,
20251210_GardenHill/DJI_202512081539_001::DJI_20251208162753_0030,20251210_GardenHill,GardenHill,2025-12-08,DJI_202512081539_001,DJI_20251208162753_0030,0030,data/raw/HKUST/20251210_GardenHill/DJI_202512081539_001/DJI_20251208162753_0030_V.JPG,data/raw/HKUST/20251210_GardenHill/DJI_202512081539_001/DJI_20251208162753_0030_T.JPG,paired,exact_base_name,0,no,
20251210_GardenHill/DJI_202512081539_001::DJI_20251208162756_0031,20251210_GardenHill,GardenHill,2025-12-08,DJI_202512081539_001,DJI_20251208162756_0031,0031,data/raw/HKUST/20251210_GardenHill/DJI_202512081539_001/DJI_20251208162756_0031_V.JPG,data/raw/HKUST/20251210_GardenHill/DJI_202512081539_001/DJI_20251208162756_0031_T.JPG,paired,exact_base_name,0,no,
20251210_GardenHill/DJI_202512081539_001::DJI_20251208162758_0032,20251210_GardenHill,GardenHill,2025-12-08,DJI_202512081539_001,DJI_20251208162758_0032,0032,data/raw/HKUST/20251210_GardenHill/DJI_202512081539_001/DJI_20251208162758_0032_V.JPG,data/raw/HKUST/20251210_GardenHill/DJI_202512081539_001/DJI_20251208162758_0032_T.JPG,paired,exact_base_name,0,no,
20251210_GardenHill/DJI_202512081539_001::DJI_20251208163044_0036,20251210_GardenHill,GardenHill,2025-12-08,DJI_202512081539_001,DJI_20251208163044_0036,0036,data/raw/HKUST/20251210_GardenHill/DJI_202512081539_001/DJI_20251208163044_0036_V.JPG,data/raw/HKUST/20251210_GardenHill/DJI_202512081539_001/DJI_20251208163044_0036_T.JPG,paired,exact_base_name,0,no,
20251210_GardenHill/DJI_202512081539_001::DJI_20251208163127_0037,20251210_GardenHill,GardenHill,2025-12-08,DJI_202512081539_001,DJI_20251208163127_0037,0037,data/raw/HKUST/20251210_GardenHill/DJI_202512081539_001/DJI_20251208163127_0037_V.JPG,data/raw/HKUST/20251210_GardenHill/DJI_202512081539_001/DJI_20251208163127_0037_T.JPG,paired,exact_base_name,0,no,
20251210_GardenHill/DJI_202512101625_002::DJI_20251210163043_0005,20251210_GardenHill,GardenHill,2025-12-10,DJI_202512101625_002,DJI_20251210163043_0005,0005,data/raw/HKUST/20251210_GardenHill/DJI_202512101625_002/DJI_20251210163043_0005_V.JPG,data/raw/HKUST/20251210_GardenHill/DJI_202512101625_002/DJI_20251210163043_0005_T.JPG,paired,exact_base_name,0,no,
20251210_GardenHill/DJI_202512101625_002::sample_0006,20251210_GardenHill,GardenHill,2025-12-10,DJI_202512101625_002,sample_0006,0006,data/raw/HKUST/20251210_GardenHill/DJI_202512101625_002/DJI_20251210163046_0006_V.JPG,data/raw/HKUST/20251210_GardenHill/DJI_202512101625_002/DJI_20251210163047_0006_T.JPG,paired,session_sample_number,1,no,fallback base names: V=DJI_20251210163046_0006; T=DJI_20251210163047_0006
20251210_GardenHill/DJI_202512101625_002::sample_0007,20251210_GardenHill,GardenHill,2025-12-10,DJI_202512101625_002,sample_0007,0007,data/raw/HKUST/20251210_GardenHill/DJI_202512101625_002/DJI_20251210163057_0007_V.JPG,data/raw/HKUST/20251210_GardenHill/DJI_202512101625_002/DJI_20251210163056_0007_T.JPG,paired,session_sample_number,1,no,fallback base names: V=DJI_20251210163057_0007; T=DJI_20251210163056_0007
20251210_GardenHill/DJI_202512101625_002::sample_0008,20251210_GardenHill,GardenHill,2025-12-10,DJI_202512101625_002,sample_0008,0008,data/raw/HKUST/20251210_GardenHill/DJI_202512101625_002/DJI_20251210163100_0008_V.JPG,data/raw/HKUST/20251210_GardenHill/DJI_202512101625_002/DJI_20251210163101_0008_T.JPG,paired,session_sample_number,1,no,fallback base names: V=DJI_20251210163100_0008; T=DJI_20251210163101_0008
20251210_GardenHill/DJI_202512101625_002::DJI_20251210163119_0009,20251210_GardenHill,GardenHill,2025-12-10,DJI_202512101625_002,DJI_20251210163119_0009,0009,data/raw/HKUST/20251210_GardenHill/DJI_202512101625_002/DJI_20251210163119_0009_V.JPG,data/raw/HKUST/20251210_GardenHill/DJI_202512101625_002/DJI_20251210163119_0009_T.JPG,paired,exact_base_name,0,no,
20251210_GardenHill/DJI_202512101625_002::sample_0010,20251210_GardenHill,GardenHill,2025-12-10,DJI_202512101625_002,sample_0010,0010,data/raw/HKUST/20251210_GardenHill/DJI_202512101625_002/DJI_20251210163137_0010_V.JPG,data/raw/HKUST/20251210_GardenHill/DJI_202512101625_002/DJI_20251210163138_0010_T.JPG,paired,session_sample_number,1,no,fallback base names: V=DJI_20251210163137_0010; T=DJI_20251210163138_0010
20251210_GardenHill/DJI_202512101625_002::DJI_20251210163148_0011,20251210_GardenHill,GardenHill,2025-12-10,DJI_202512101625_002,DJI_20251210163148_0011,0011,data/raw/HKUST/20251210_GardenHill/DJI_202512101625_002/DJI_20251210163148_0011_V.JPG,data/raw/HKUST/20251210_GardenHill/DJI_202512101625_002/DJI_20251210163148_0011_T.JPG,paired,exact_base_name,0,no,
20251210_GardenHill/DJI_202512101625_002::DJI_20251210163211_0012,20251210_GardenHill,GardenHill,2025-12-10,DJI_202512101625_002,DJI_20251210163211_0012,0012,data/raw/HKUST/20251210_GardenHill/DJI_202512101625_002/DJI_20251210163211_0012_V.JPG,data/raw/HKUST/20251210_GardenHill/DJI_202512101625_002/DJI_20251210163211_0012_T.JPG,paired,exact_base_name,0,no,
20251210_GardenHill/DJI_202512101625_002::DJI_20251210163212_0013,20251210_GardenHill,GardenHill,2025-12-10,DJI_202512101625_002,DJI_20251210163212_0013,0013,data/raw/HKUST/20251210_GardenHill/DJI_202512101625_002/DJI_20251210163212_0013_V.JPG,data/raw/HKUST/20251210_GardenHill/DJI_202512101625_002/DJI_20251210163212_0013_T.JPG,paired,exact_base_name,0,no,
20251210_GardenHill/DJI_202512101625_002::DJI_20251210163312_0014,20251210_GardenHill,GardenHill,2025-12-10,DJI_202512101625_002,DJI_20251210163312_0014,0014,data/raw/HKUST/20251210_GardenHill/DJI_202512101625_002/DJI_20251210163312_0014_V.JPG,data/raw/HKUST/20251210_GardenHill/DJI_202512101625_002/DJI_20251210163312_0014_T.JPG,paired,exact_base_name,0,no,
20251210_GardenHill/DJI_202512101625_002::DJI_20251210163322_0015,20251210_GardenHill,GardenHill,2025-12-10,DJI_202512101625_002,DJI_20251210163322_0015,0015,data/raw/HKUST/20251210_GardenHill/DJI_202512101625_002/DJI_20251210163322_0015_V.JPG,data/raw/HKUST/20251210_GardenHill/DJI_202512101625_002/DJI_20251210163322_0015_T.JPG,paired,exact_base_name,0,no,
20251210_GardenHill/DJI_202512101625_002::DJI_20251210163334_0016,20251210_GardenHill,GardenHill,2025-12-10,DJI_202512101625_002,DJI_20251210163334_0016,0016,data/raw/HKUST/20251210_GardenHill/DJI_202512101625_002/DJI_20251210163334_0016_V.JPG,data/raw/HKUST/20251210_GardenHill/DJI_202512101625_002/DJI_20251210163334_0016_T.JPG,paired,exact_base_name,0,no,
20251210_GardenHill/DJI_202512101625_002::DJI_20251210163343_0017,20251210_GardenHill,GardenHill,2025-12-10,DJI_202512101625_002,DJI_20251210163343_0017,0017,data/raw/HKUST/20251210_GardenHill/DJI_202512101625_002/DJI_20251210163343_0017_V.JPG,data/raw/HKUST/20251210_GardenHill/DJI_202512101625_002/DJI_20251210163343_0017_T.JPG,paired,exact_base_name,0,no,
20251210_GardenHill/DJI_202512101625_002::sample_0018,20251210_GardenHill,GardenHill,2025-12-10,DJI_202512101625_002,sample_0018,0018,data/raw/HKUST/20251210_GardenHill/DJI_202512101625_002/DJI_20251210163346_0018_V.JPG,data/raw/HKUST/20251210_GardenHill/DJI_202512101625_002/DJI_20251210163347_0018_T.JPG,paired,session_sample_number,1,no,fallback base names: V=DJI_20251210163346_0018; T=DJI_20251210163347_0018
20251210_GardenHill/DJI_202512101625_002::sample_0019,20251210_GardenHill,GardenHill,2025-12-10,DJI_202512101625_002,sample_0019,0019,data/raw/HKUST/20251210_GardenHill/DJI_202512101625_002/DJI_20251210163357_0019_V.JPG,data/raw/HKUST/20251210_GardenHill/DJI_202512101625_002/DJI_20251210163358_0019_T.JPG,paired,session_sample_number,1,no,fallback base names: V=DJI_20251210163357_0019; T=DJI_20251210163358_0019
20251210_GardenHill/DJI_202512101625_002::DJI_20251210163408_0020,20251210_GardenHill,GardenHill,2025-12-10,DJI_202512101625_002,DJI_20251210163408_0020,0020,data/raw/HKUST/20251210_GardenHill/DJI_202512101625_002/DJI_20251210163408_0020_V.JPG,data/raw/HKUST/20251210_GardenHill/DJI_202512101625_002/DJI_20251210163408_0020_T.JPG,paired,exact_base_name,0,no,
20251210_GardenHill/DJI_202512101625_002::DJI_20251210163439_0022,20251210_GardenHill,GardenHill,2025-12-10,DJI_202512101625_002,DJI_20251210163439_0022,0022,data/raw/HKUST/20251210_GardenHill/DJI_202512101625_002/DJI_20251210163439_0022_V.JPG,data/raw/HKUST/20251210_GardenHill/DJI_202512101625_002/DJI_20251210163439_0022_T.JPG,paired,exact_base_name,0,no,
20251210_GardenHill/DJI_202512101625_002::sample_0023,20251210_GardenHill,GardenHill,2025-12-10,DJI_202512101625_002,DJI_20251210163449_0023,0023,data/raw/HKUST/20251210_GardenHill/DJI_202512101625_002/DJI_20251210163449_0023_V.JPG,,missing_T,unmatched,,no,
20251210_GardenHill/DJI_202512101625_002::sample_0024,20251210_GardenHill,GardenHill,2025-12-10,DJI_202512101625_002,sample_0024,0024,data/raw/HKUST/20251210_GardenHill/DJI_202512101625_002/DJI_20251210163459_0024_V.JPG,data/raw/HKUST/20251210_GardenHill/DJI_202512101625_002/DJI_20251210163500_0024_T.JPG,paired,session_sample_number,1,no,fallback base names: V=DJI_20251210163459_0024; T=DJI_20251210163500_0024
20251210_GardenHill/DJI_202512101625_002::DJI_20251210163503_0025,20251210_GardenHill,GardenHill,2025-12-10,DJI_202512101625_002,DJI_20251210163503_0025,0025,data/raw/HKUST/20251210_GardenHill/DJI_202512101625_002/DJI_20251210163503_0025_V.JPG,data/raw/HKUST/20251210_GardenHill/DJI_202512101625_002/DJI_20251210163503_0025_T.JPG,paired,exact_base_name,0,no,
20251210_GardenHill/DJI_202512101625_002::DJI_20251210163519_0026,20251210_GardenHill,GardenHill,2025-12-10,DJI_202512101625_002,DJI_20251210163519_0026,0026,data/raw/HKUST/20251210_GardenHill/DJI_202512101625_002/DJI_20251210163519_0026_V.JPG,data/raw/HKUST/20251210_GardenHill/DJI_202512101625_002/DJI_20251210163519_0026_T.JPG,paired,exact_base_name,0,no,
20251210_GardenHill/DJI_202512101625_002::DJI_20251210163617_0027,20251210_GardenHill,GardenHill,2025-12-10,DJI_202512101625_002,DJI_20251210163617_0027,0027,data/raw/HKUST/20251210_GardenHill/DJI_202512101625_002/DJI_20251210163617_0027_V.JPG,data/raw/HKUST/20251210_GardenHill/DJI_202512101625_002/DJI_20251210163617_0027_T.JPG,paired,exact_base_name,0,no,
20251210_GardenHill/DJI_202512101625_002::sample_0028,20251210_GardenHill,GardenHill,2025-12-10,DJI_202512101625_002,sample_0028,0028,data/raw/HKUST/20251210_GardenHill/DJI_202512101625_002/DJI_20251210163702_0028_V.JPG,data/raw/HKUST/20251210_GardenHill/DJI_202512101625_002/DJI_20251210163703_0028_T.JPG,paired,session_sample_number,1,no,fallback base names: V=DJI_20251210163702_0028; T=DJI_20251210163703_0028
20251210_GardenHill/DJI_202512101625_002::DJI_20251210163750_0029,20251210_GardenHill,GardenHill,2025-12-10,DJI_202512101625_002,DJI_20251210163750_0029,0029,data/raw/HKUST/20251210_GardenHill/DJI_202512101625_002/DJI_20251210163750_0029_V.JPG,data/raw/HKUST/20251210_GardenHill/DJI_202512101625_002/DJI_20251210163750_0029_T.JPG,paired,exact_base_name,0,no,
20251210_GardenHill/DJI_202512101625_002::DJI_20251210164000_0031,20251210_GardenHill,GardenHill,2025-12-10,DJI_202512101625_002,DJI_20251210164000_0031,0031,data/raw/HKUST/20251210_GardenHill/DJI_202512101625_002/DJI_20251210164000_0031_V.JPG,data/raw/HKUST/20251210_GardenHill/DJI_202512101625_002/DJI_20251210164000_0031_T.JPG,paired,exact_base_name,0,no,
20251210_GardenHill/DJI_202512101712_003::DJI_20251210171417_0004,20251210_GardenHill,GardenHill,2025-12-10,DJI_202512101712_003,DJI_20251210171417_0004,0004,data/raw/HKUST/20251210_GardenHill/DJI_202512101712_003/DJI_20251210171417_0004_V.JPG,data/raw/HKUST/20251210_GardenHill/DJI_202512101712_003/DJI_20251210171417_0004_T.JPG,paired,exact_base_name,0,no,
20251210_GardenHill/DJI_202512101712_003::DJI_20251210171700_0005,20251210_GardenHill,GardenHill,2025-12-10,DJI_202512101712_003,DJI_20251210171700_0005,0005,data/raw/HKUST/20251210_GardenHill/DJI_202512101712_003/DJI_20251210171700_0005_V.JPG,data/raw/HKUST/20251210_GardenHill/DJI_202512101712_003/DJI_20251210171700_0005_T.JPG,paired,exact_base_name,0,no,
20251210_GardenHill/DJI_202512101712_003::DJI_20251210171702_0006,20251210_GardenHill,GardenHill,2025-12-10,DJI_202512101712_003,DJI_20251210171702_0006,0006,data/raw/HKUST/20251210_GardenHill/DJI_202512101712_003/DJI_20251210171702_0006_V.JPG,data/raw/HKUST/20251210_GardenHill/DJI_202512101712_003/DJI_20251210171702_0006_T.JPG,paired,exact_base_name,0,no,
20251210_GardenHill/DJI_202512101712_003::DJI_20251210171703_0007,20251210_GardenHill,GardenHill,2025-12-10,DJI_202512101712_003,DJI_20251210171703_0007,0007,data/raw/HKUST/20251210_GardenHill/DJI_202512101712_003/DJI_20251210171703_0007_V.JPG,data/raw/HKUST/20251210_GardenHill/DJI_202512101712_003/DJI_20251210171703_0007_T.JPG,paired,exact_base_name,0,no,
20251210_GardenHill/DJI_202512101712_003::DJI_20251210171719_0008,20251210_GardenHill,GardenHill,2025-12-10,DJI_202512101712_003,DJI_20251210171719_0008,0008,data/raw/HKUST/20251210_GardenHill/DJI_202512101712_003/DJI_20251210171719_0008_V.JPG,data/raw/HKUST/20251210_GardenHill/DJI_202512101712_003/DJI_20251210171719_0008_T.JPG,paired,exact_base_name,0,no,
20251210_GardenHill/DJI_202512101712_003::DJI_20251210171742_0009,20251210_GardenHill,GardenHill,2025-12-10,DJI_202512101712_003,DJI_20251210171742_0009,0009,data/raw/HKUST/20251210_GardenHill/DJI_202512101712_003/DJI_20251210171742_0009_V.JPG,data/raw/HKUST/20251210_GardenHill/DJI_202512101712_003/DJI_20251210171742_0009_T.JPG,paired,exact_base_name,0,no,
20251210_GardenHill/DJI_202512101712_003::DJI_20251210171809_0010,20251210_GardenHill,GardenHill,2025-12-10,DJI_202512101712_003,DJI_20251210171809_0010,0010,data/raw/HKUST/20251210_GardenHill/DJI_202512101712_003/DJI_20251210171809_0010_V.JPG,data/raw/HKUST/20251210_GardenHill/DJI_202512101712_003/DJI_20251210171809_0010_T.JPG,paired,exact_base_name,0,no,
20251210_GardenHill/DJI_202512101712_003::DJI_20251210171912_0012,20251210_GardenHill,GardenHill,2025-12-10,DJI_202512101712_003,DJI_20251210171912_0012,0012,data/raw/HKUST/20251210_GardenHill/DJI_202512101712_003/DJI_20251210171912_0012_V.JPG,data/raw/HKUST/20251210_GardenHill/DJI_202512101712_003/DJI_20251210171912_0012_T.JPG,paired,exact_base_name,0,no,
20251210_GardenHill/DJI_202512101712_003::DJI_20251210171920_0013,20251210_GardenHill,GardenHill,2025-12-10,DJI_202512101712_003,DJI_20251210171920_0013,0013,data/raw/HKUST/20251210_GardenHill/DJI_202512101712_003/DJI_20251210171920_0013_V.JPG,data/raw/HKUST/20251210_GardenHill/DJI_202512101712_003/DJI_20251210171920_0013_T.JPG,paired,exact_base_name,0,no,
20251210_GardenHill/DJI_202512101712_003::DJI_20251210172046_0015,20251210_GardenHill,GardenHill,2025-12-10,DJI_202512101712_003,DJI_20251210172046_0015,0015,data/raw/HKUST/20251210_GardenHill/DJI_202512101712_003/DJI_20251210172046_0015_V.JPG,data/raw/HKUST/20251210_GardenHill/DJI_202512101712_003/DJI_20251210172046_0015_T.JPG,paired,exact_base_name,0,no,
20251210_GardenHill/DJI_202512101712_003::sample_0016,20251210_GardenHill,GardenHill,2025-12-10,DJI_202512101712_003,sample_0016,0016,data/raw/HKUST/20251210_GardenHill/DJI_202512101712_003/DJI_20251210172047_0016_V.JPG,data/raw/HKUST/20251210_GardenHill/DJI_202512101712_003/DJI_20251210172048_0016_T.JPG,paired,session_sample_number,1,no,fallback base names: V=DJI_20251210172047_0016; T=DJI_20251210172048_0016
20251210_GardenHill/DJI_202512101712_003::DJI_20251210172055_0017,20251210_GardenHill,GardenHill,2025-12-10,DJI_202512101712_003,DJI_20251210172055_0017,0017,data/raw/HKUST/20251210_GardenHill/DJI_202512101712_003/DJI_20251210172055_0017_V.JPG,data/raw/HKUST/20251210_GardenHill/DJI_202512101712_003/DJI_20251210172055_0017_T.JPG,paired,exact_base_name,0,no,
20251210_GardenHill/DJI_202512101712_003::DJI_20251210172103_0018,20251210_GardenHill,GardenHill,2025-12-10,DJI_202512101712_003,DJI_20251210172103_0018,0018,data/raw/HKUST/20251210_GardenHill/DJI_202512101712_003/DJI_20251210172103_0018_V.JPG,data/raw/HKUST/20251210_GardenHill/DJI_202512101712_003/DJI_20251210172103_0018_T.JPG,paired,exact_base_name,0,no,
20251210_GardenHill/DJI_202512101712_003::DJI_20251210172109_0019,20251210_GardenHill,GardenHill,2025-12-10,DJI_202512101712_003,DJI_20251210172109_0019,0019,data/raw/HKUST/20251210_GardenHill/DJI_202512101712_003/DJI_20251210172109_0019_V.JPG,data/raw/HKUST/20251210_GardenHill/DJI_202512101712_003/DJI_20251210172109_0019_T.JPG,paired,exact_base_name,0,no,
20251210_GardenHill/DJI_202512101712_003::DJI_20251210172411_0021,20251210_GardenHill,GardenHill,2025-12-10,DJI_202512101712_003,DJI_20251210172411_0021,0021,data/raw/HKUST/20251210_GardenHill/DJI_202512101712_003/DJI_20251210172411_0021_V.JPG,data/raw/HKUST/20251210_GardenHill/DJI_202512101712_003/DJI_20251210172411_0021_T.JPG,paired,exact_base_name,0,no,
20251210_GardenHill/DJI_202512101712_003::DJI_20251210172418_0022,20251210_GardenHill,GardenHill,2025-12-10,DJI_202512101712_003,DJI_20251210172418_0022,0022,data/raw/HKUST/20251210_GardenHill/DJI_202512101712_003/DJI_20251210172418_0022_V.JPG,data/raw/HKUST/20251210_GardenHill/DJI_202512101712_003/DJI_20251210172418_0022_T.JPG,paired,exact_base_name,0,no,
20251210_GardenHill/DJI_202512101712_003::DJI_20251210172426_0023,20251210_GardenHill,GardenHill,2025-12-10,DJI_202512101712_003,DJI_20251210172426_0023,0023,data/raw/HKUST/20251210_GardenHill/DJI_202512101712_003/DJI_20251210172426_0023_V.JPG,data/raw/HKUST/20251210_GardenHill/DJI_202512101712_003/DJI_20251210172426_0023_T.JPG,paired,exact_base_name,0,no,
20251210_GardenHill/DJI_202512101712_003::DJI_20251210172431_0024,20251210_GardenHill,GardenHill,2025-12-10,DJI_202512101712_003,DJI_20251210172431_0024,0024,data/raw/HKUST/20251210_GardenHill/DJI_202512101712_003/DJI_20251210172431_0024_V.JPG,data/raw/HKUST/20251210_GardenHill/DJI_202512101712_003/DJI_20251210172431_0024_T.JPG,paired,exact_base_name,0,no,
20251210_GardenHill/DJI_202512101712_003::DJI_20251210172437_0025,20251210_GardenHill,GardenHill,2025-12-10,DJI_202512101712_003,DJI_20251210172437_0025,0025,data/raw/HKUST/20251210_GardenHill/DJI_202512101712_003/DJI_20251210172437_0025_V.JPG,data/raw/HKUST/20251210_GardenHill/DJI_202512101712_003/DJI_20251210172437_0025_T.JPG,paired,exact_base_name,0,no,
20251210_GardenHill/DJI_202512101712_003::DJI_20251210172444_0026,20251210_GardenHill,GardenHill,2025-12-10,DJI_202512101712_003,DJI_20251210172444_0026,0026,data/raw/HKUST/20251210_GardenHill/DJI_202512101712_003/DJI_20251210172444_0026_V.JPG,data/raw/HKUST/20251210_GardenHill/DJI_202512101712_003/DJI_20251210172444_0026_T.JPG,paired,exact_base_name,0,no,
20251210_GardenHill/DJI_202512101712_003::DJI_20251210172445_0027,20251210_GardenHill,GardenHill,2025-12-10,DJI_202512101712_003,DJI_20251210172445_0027,0027,data/raw/HKUST/20251210_GardenHill/DJI_202512101712_003/DJI_20251210172445_0027_V.JPG,data/raw/HKUST/20251210_GardenHill/DJI_202512101712_003/DJI_20251210172445_0027_T.JPG,paired,exact_base_name,0,no,
20251210_GardenHill/DJI_202512101712_003::DJI_20251210172452_0028,20251210_GardenHill,GardenHill,2025-12-10,DJI_202512101712_003,DJI_20251210172452_0028,0028,data/raw/HKUST/20251210_GardenHill/DJI_202512101712_003/DJI_20251210172452_0028_V.JPG,data/raw/HKUST/20251210_GardenHill/DJI_202512101712_003/DJI_20251210172452_0028_T.JPG,paired,exact_base_name,0,no,
20251210_GardenHill/DJI_202512101712_003::DJI_20251210172459_0029,20251210_GardenHill,GardenHill,2025-12-10,DJI_202512101712_003,DJI_20251210172459_0029,0029,data/raw/HKUST/20251210_GardenHill/DJI_202512101712_003/DJI_20251210172459_0029_V.JPG,data/raw/HKUST/20251210_GardenHill/DJI_202512101712_003/DJI_20251210172459_0029_T.JPG,paired,exact_base_name,0,no,
20251210_GardenHill/DJI_202512101712_003::DJI_20251210172505_0030,20251210_GardenHill,GardenHill,2025-12-10,DJI_202512101712_003,DJI_20251210172505_0030,0030,data/raw/HKUST/20251210_GardenHill/DJI_202512101712_003/DJI_20251210172505_0030_V.JPG,data/raw/HKUST/20251210_GardenHill/DJI_202512101712_003/DJI_20251210172505_0030_T.JPG,paired,exact_base_name,0,no,
20251210_GardenHill/DJI_202512101712_003::DJI_20251210172512_0031,20251210_GardenHill,GardenHill,2025-12-10,DJI_202512101712_003,DJI_20251210172512_0031,0031,data/raw/HKUST/20251210_GardenHill/DJI_202512101712_003/DJI_20251210172512_0031_V.JPG,data/raw/HKUST/20251210_GardenHill/DJI_202512101712_003/DJI_20251210172512_0031_T.JPG,paired,exact_base_name,0,no,
20251210_GardenHill/DJI_202512101712_003::DJI_20251210172517_0032,20251210_GardenHill,GardenHill,2025-12-10,DJI_202512101712_003,DJI_20251210172517_0032,0032,data/raw/HKUST/20251210_GardenHill/DJI_202512101712_003/DJI_20251210172517_0032_V.JPG,data/raw/HKUST/20251210_GardenHill/DJI_202512101712_003/DJI_20251210172517_0032_T.JPG,paired,exact_base_name,0,no,
20251210_GardenHill/DJI_202512101747_004::DJI_20251210175508_0002,20251210_GardenHill,GardenHill,2025-12-10,DJI_202512101747_004,DJI_20251210175508_0002,0002,data/raw/HKUST/20251210_GardenHill/DJI_202512101747_004/DJI_20251210175508_0002_V.JPG,data/raw/HKUST/20251210_GardenHill/DJI_202512101747_004/DJI_20251210175508_0002_T.JPG,paired,exact_base_name,0,no,
20251210_GardenHill/DJI_202512101747_004::DJI_20251210175511_0003,20251210_GardenHill,GardenHill,2025-12-10,DJI_202512101747_004,DJI_20251210175511_0003,0003,data/raw/HKUST/20251210_GardenHill/DJI_202512101747_004/DJI_20251210175511_0003_V.JPG,data/raw/HKUST/20251210_GardenHill/DJI_202512101747_004/DJI_20251210175511_0003_T.JPG,paired,exact_base_name,0,no,
20251210_GardenHill/DJI_202512101747_004::DJI_20251210175512_0004,20251210_GardenHill,GardenHill,2025-12-10,DJI_202512101747_004,DJI_20251210175512_0004,0004,data/raw/HKUST/20251210_GardenHill/DJI_202512101747_004/DJI_20251210175512_0004_V.JPG,data/raw/HKUST/20251210_GardenHill/DJI_202512101747_004/DJI_20251210175512_0004_T.JPG,paired,exact_base_name,0,no,
20251210_GardenHill/DJI_202512101747_004::DJI_20251210175525_0005,20251210_GardenHill,GardenHill,2025-12-10,DJI_202512101747_004,DJI_20251210175525_0005,0005,data/raw/HKUST/20251210_GardenHill/DJI_202512101747_004/DJI_20251210175525_0005_V.JPG,data/raw/HKUST/20251210_GardenHill/DJI_202512101747_004/DJI_20251210175525_0005_T.JPG,paired,exact_base_name,0,no,
20251210_GardenHill/DJI_202512101747_004::DJI_20251210175535_0007,20251210_GardenHill,GardenHill,2025-12-10,DJI_202512101747_004,DJI_20251210175535_0007,0007,data/raw/HKUST/20251210_GardenHill/DJI_202512101747_004/DJI_20251210175535_0007_V.JPG,data/raw/HKUST/20251210_GardenHill/DJI_202512101747_004/DJI_20251210175535_0007_T.JPG,paired,exact_base_name,0,no,
20251210_GardenHill/DJI_202512101747_004::DJI_20251210175545_0008,20251210_GardenHill,GardenHill,2025-12-10,DJI_202512101747_004,DJI_20251210175545_0008,0008,data/raw/HKUST/20251210_GardenHill/DJI_202512101747_004/DJI_20251210175545_0008_V.JPG,data/raw/HKUST/20251210_GardenHill/DJI_202512101747_004/DJI_20251210175545_0008_T.JPG,paired,exact_base_name,0,no,
20251210_GardenHill/DJI_202512101747_004::DJI_20251210175550_0009,20251210_GardenHill,GardenHill,2025-12-10,DJI_202512101747_004,DJI_20251210175550_0009,0009,data/raw/HKUST/20251210_GardenHill/DJI_202512101747_004/DJI_20251210175550_0009_V.JPG,data/raw/HKUST/20251210_GardenHill/DJI_202512101747_004/DJI_20251210175550_0009_T.JPG,paired,exact_base_name,0,no,
20260107_Thermal_HKUST/DCIM/DJI_202601071424_001::DJI_20260107142534_0001,20260107_Thermal_HKUST,HKUST,2026-01-07,DJI_202601071424_001,DJI_20260107142534_0001,0001,data/raw/HKUST/20260107_Thermal_HKUST/DCIM/DJI_202601071424_001/DJI_20260107142534_0001_V.JPG,data/raw/HKUST/20260107_Thermal_HKUST/DCIM/DJI_202601071424_001/DJI_20260107142534_0001_T.JPG,paired,exact_base_name,0,no,
20260107_Thermal_HKUST/DCIM/DJI_202601071424_001::DJI_20260107142623_0003,20260107_Thermal_HKUST,HKUST,2026-01-07,DJI_202601071424_001,DJI_20260107142623_0003,0003,data/raw/HKUST/20260107_Thermal_HKUST/DCIM/DJI_202601071424_001/DJI_20260107142623_0003_V.JPG,data/raw/HKUST/20260107_Thermal_HKUST/DCIM/DJI_202601071424_001/DJI_20260107142623_0003_T.JPG,paired,exact_base_name,0,no,
20260107_Thermal_HKUST/DCIM/DJI_202601071424_001::DJI_20260107143259_0005,20260107_Thermal_HKUST,HKUST,2026-01-07,DJI_202601071424_001,DJI_20260107143259_0005,0005,data/raw/HKUST/20260107_Thermal_HKUST/DCIM/DJI_202601071424_001/DJI_20260107143259_0005_V.JPG,data/raw/HKUST/20260107_Thermal_HKUST/DCIM/DJI_202601071424_001/DJI_20260107143259_0005_T.JPG,paired,exact_base_name,0,no,
20260107_Thermal_HKUST/DCIM/DJI_202601071424_001::sample_0006,20260107_Thermal_HKUST,HKUST,2026-01-07,DJI_202601071424_001,sample_0006,0006,data/raw/HKUST/20260107_Thermal_HKUST/DCIM/DJI_202601071424_001/DJI_20260107143311_0006_V.JPG,data/raw/HKUST/20260107_Thermal_HKUST/DCIM/DJI_202601071424_001/DJI_20260107143312_0006_T.JPG,paired,session_sample_number,1,no,fallback base names: V=DJI_20260107143311_0006; T=DJI_20260107143312_0006
20260107_Thermal_HKUST/DCIM/DJI_202601071424_001::DJI_20260107143320_0007,20260107_Thermal_HKUST,HKUST,2026-01-07,DJI_202601071424_001,DJI_20260107143320_0007,0007,data/raw/HKUST/20260107_Thermal_HKUST/DCIM/DJI_202601071424_001/DJI_20260107143320_0007_V.JPG,data/raw/HKUST/20260107_Thermal_HKUST/DCIM/DJI_202601071424_001/DJI_20260107143320_0007_T.JPG,paired,exact_base_name,0,no,
20260107_Thermal_HKUST/DCIM/DJI_202601071424_001::DJI_20260107143328_0008,20260107_Thermal_HKUST,HKUST,2026-01-07,DJI_202601071424_001,DJI_20260107143328_0008,0008,data/raw/HKUST/20260107_Thermal_HKUST/DCIM/DJI_202601071424_001/DJI_20260107143328_0008_V.JPG,data/raw/HKUST/20260107_Thermal_HKUST/DCIM/DJI_202601071424_001/DJI_20260107143328_0008_T.JPG,paired,exact_base_name,0,no,
20260107_Thermal_HKUST/DCIM/DJI_202601071424_001::DJI_20260107143344_0009,20260107_Thermal_HKUST,HKUST,2026-01-07,DJI_202601071424_001,DJI_20260107143344_0009,0009,data/raw/HKUST/20260107_Thermal_HKUST/DCIM/DJI_202601071424_001/DJI_20260107143344_0009_V.JPG,data/raw/HKUST/20260107_Thermal_HKUST/DCIM/DJI_202601071424_001/DJI_20260107143344_0009_T.JPG,paired,exact_base_name,0,no,
20260107_Thermal_HKUST/DCIM/DJI_202601071424_001::sample_0010,20260107_Thermal_HKUST,HKUST,2026-01-07,DJI_202601071424_001,sample_0010,0010,data/raw/HKUST/20260107_Thermal_HKUST/DCIM/DJI_202601071424_001/DJI_20260107143352_0010_V.JPG,data/raw/HKUST/20260107_Thermal_HKUST/DCIM/DJI_202601071424_001/DJI_20260107143353_0010_T.JPG,paired,session_sample_number,1,no,fallback base names: V=DJI_20260107143352_0010; T=DJI_20260107143353_0010
20260107_Thermal_HKUST/DCIM/DJI_202601071424_001::DJI_20260107143401_0011,20260107_Thermal_HKUST,HKUST,2026-01-07,DJI_202601071424_001,DJI_20260107143401_0011,0011,data/raw/HKUST/20260107_Thermal_HKUST/DCIM/DJI_202601071424_001/DJI_20260107143401_0011_V.JPG,data/raw/HKUST/20260107_Thermal_HKUST/DCIM/DJI_202601071424_001/DJI_20260107143401_0011_T.JPG,paired,exact_base_name,0,no,
20260107_Thermal_HKUST/DCIM/DJI_202601071424_001::DJI_20260107143409_0012,20260107_Thermal_HKUST,HKUST,2026-01-07,DJI_202601071424_001,DJI_20260107143409_0012,0012,data/raw/HKUST/20260107_Thermal_HKUST/DCIM/DJI_202601071424_001/DJI_20260107143409_0012_V.JPG,data/raw/HKUST/20260107_Thermal_HKUST/DCIM/DJI_202601071424_001/DJI_20260107143409_0012_T.JPG,paired,exact_base_name,0,no,
20260107_Thermal_HKUST/DCIM/DJI_202601071424_001::DJI_20260107143416_0013,20260107_Thermal_HKUST,HKUST,2026-01-07,DJI_202601071424_001,DJI_20260107143416_0013,0013,data/raw/HKUST/20260107_Thermal_HKUST/DCIM/DJI_202601071424_001/DJI_20260107143416_0013_V.JPG,data/raw/HKUST/20260107_Thermal_HKUST/DCIM/DJI_202601071424_001/DJI_20260107143416_0013_T.JPG,paired,exact_base_name,0,no,
20260107_Thermal_HKUST/DCIM/DJI_202601071424_001::DJI_20260107143418_0014,20260107_Thermal_HKUST,HKUST,2026-01-07,DJI_202601071424_001,DJI_20260107143418_0014,0014,data/raw/HKUST/20260107_Thermal_HKUST/DCIM/DJI_202601071424_001/DJI_20260107143418_0014_V.JPG,data/raw/HKUST/20260107_Thermal_HKUST/DCIM/DJI_202601071424_001/DJI_20260107143418_0014_T.JPG,paired,exact_base_name,0,no,
20260107_Thermal_HKUST/DCIM/DJI_202601071424_001::DJI_20260107143426_0015,20260107_Thermal_HKUST,HKUST,2026-01-07,DJI_202601071424_001,DJI_20260107143426_0015,0015,data/raw/HKUST/20260107_Thermal_HKUST/DCIM/DJI_202601071424_001/DJI_20260107143426_0015_V.JPG,data/raw/HKUST/20260107_Thermal_HKUST/DCIM/DJI_202601071424_001/DJI_20260107143426_0015_T.JPG,paired,exact_base_name,0,no,
20260107_Thermal_HKUST/DCIM/DJI_202601071424_001::DJI_20260107143435_0016,20260107_Thermal_HKUST,HKUST,2026-01-07,DJI_202601071424_001,DJI_20260107143435_0016,0016,data/raw/HKUST/20260107_Thermal_HKUST/DCIM/DJI_202601071424_001/DJI_20260107143435_0016_V.JPG,data/raw/HKUST/20260107_Thermal_HKUST/DCIM/DJI_202601071424_001/DJI_20260107143435_0016_T.JPG,paired,exact_base_name,0,no,
20260107_Thermal_HKUST/DCIM/DJI_202601071424_001::DJI_20260107143443_0017,20260107_Thermal_HKUST,HKUST,2026-01-07,DJI_202601071424_001,DJI_20260107143443_0017,0017,data/raw/HKUST/20260107_Thermal_HKUST/DCIM/DJI_202601071424_001/DJI_20260107143443_0017_V.JPG,data/raw/HKUST/20260107_Thermal_HKUST/DCIM/DJI_202601071424_001/DJI_20260107143443_0017_T.JPG,paired,exact_base_name,0,no,
20260107_Thermal_HKUST/DCIM/DJI_202601071424_001::DJI_20260107143452_0018,20260107_Thermal_HKUST,HKUST,2026-01-07,DJI_202601071424_001,DJI_20260107143452_0018,0018,data/raw/HKUST/20260107_Thermal_HKUST/DCIM/DJI_202601071424_001/DJI_20260107143452_0018_V.JPG,data/raw/HKUST/20260107_Thermal_HKUST/DCIM/DJI_202601071424_001/DJI_20260107143452_0018_T.JPG,paired,exact_base_name,0,no,
20260107_Thermal_HKUST/DCIM/DJI_202601071424_001::sample_0019,20260107_Thermal_HKUST,HKUST,2026-01-07,DJI_202601071424_001,sample_0019,0019,data/raw/HKUST/20260107_Thermal_HKUST/DCIM/DJI_202601071424_001/DJI_20260107143501_0019_V.JPG,data/raw/HKUST/20260107_Thermal_HKUST/DCIM/DJI_202601071424_001/DJI_20260107143502_0019_T.JPG,paired,session_sample_number,1,no,fallback base names: V=DJI_20260107143501_0019; T=DJI_20260107143502_0019
20260107_Thermal_HKUST/DCIM/DJI_202601071424_001::DJI_20260107143503_0020,20260107_Thermal_HKUST,HKUST,2026-01-07,DJI_202601071424_001,DJI_20260107143503_0020,0020,data/raw/HKUST/20260107_Thermal_HKUST/DCIM/DJI_202601071424_001/DJI_20260107143503_0020_V.JPG,data/raw/HKUST/20260107_Thermal_HKUST/DCIM/DJI_202601071424_001/DJI_20260107143503_0020_T.JPG,paired,exact_base_name,0,no,
20260107_Thermal_HKUST/DCIM/DJI_202601071424_001::DJI_20260107143513_0021,20260107_Thermal_HKUST,HKUST,2026-01-07,DJI_202601071424_001,DJI_20260107143513_0021,0021,data/raw/HKUST/20260107_Thermal_HKUST/DCIM/DJI_202601071424_001/DJI_20260107143513_0021_V.JPG,data/raw/HKUST/20260107_Thermal_HKUST/DCIM/DJI_202601071424_001/DJI_20260107143513_0021_T.JPG,paired,exact_base_name,0,no,
20260107_Thermal_HKUST/DCIM/DJI_202601071424_001::sample_0022,20260107_Thermal_HKUST,HKUST,2026-01-07,DJI_202601071424_001,sample_0022,0022,data/raw/HKUST/20260107_Thermal_HKUST/DCIM/DJI_202601071424_001/DJI_20260107143523_0022_V.JPG,data/raw/HKUST/20260107_Thermal_HKUST/DCIM/DJI_202601071424_001/DJI_20260107143524_0022_T.JPG,paired,session_sample_number,1,no,fallback base names: V=DJI_20260107143523_0022; T=DJI_20260107143524_0022
20260107_Thermal_HKUST/DCIM/DJI_202601071424_001::DJI_20260107143535_0023,20260107_Thermal_HKUST,HKUST,2026-01-07,DJI_202601071424_001,DJI_20260107143535_0023,0023,data/raw/HKUST/20260107_Thermal_HKUST/DCIM/DJI_202601071424_001/DJI_20260107143535_0023_V.JPG,data/raw/HKUST/20260107_Thermal_HKUST/DCIM/DJI_202601071424_001/DJI_20260107143535_0023_T.JPG,paired,exact_base_name,0,no,
20260107_Thermal_HKUST/DCIM/DJI_202601071424_001::DJI_20260107143545_0024,20260107_Thermal_HKUST,HKUST,2026-01-07,DJI_202601071424_001,DJI_20260107143545_0024,0024,data/raw/HKUST/20260107_Thermal_HKUST/DCIM/DJI_202601071424_001/DJI_20260107143545_0024_V.JPG,data/raw/HKUST/20260107_Thermal_HKUST/DCIM/DJI_202601071424_001/DJI_20260107143545_0024_T.JPG,paired,exact_base_name,0,no,
20260107_Thermal_HKUST/DCIM/DJI_202601071424_001::sample_0025,20260107_Thermal_HKUST,HKUST,2026-01-07,DJI_202601071424_001,sample_0025,0025,data/raw/HKUST/20260107_Thermal_HKUST/DCIM/DJI_202601071424_001/DJI_20260107143553_0025_V.JPG,data/raw/HKUST/20260107_Thermal_HKUST/DCIM/DJI_202601071424_001/DJI_20260107143554_0025_T.JPG,paired,session_sample_number,1,no,fallback base names: V=DJI_20260107143553_0025; T=DJI_20260107143554_0025
20260107_Thermal_HKUST/DCIM/DJI_202601071424_001::DJI_20260107143601_0026,20260107_Thermal_HKUST,HKUST,2026-01-07,DJI_202601071424_001,DJI_20260107143601_0026,0026,data/raw/HKUST/20260107_Thermal_HKUST/DCIM/DJI_202601071424_001/DJI_20260107143601_0026_V.JPG,data/raw/HKUST/20260107_Thermal_HKUST/DCIM/DJI_202601071424_001/DJI_20260107143601_0026_T.JPG,paired,exact_base_name,0,no,
20260107_Thermal_HKUST/DCIM/DJI_202601071424_001::DJI_20260107143623_0027,20260107_Thermal_HKUST,HKUST,2026-01-07,DJI_202601071424_001,DJI_20260107143623_0027,0027,data/raw/HKUST/20260107_Thermal_HKUST/DCIM/DJI_202601071424_001/DJI_20260107143623_0027_V.JPG,data/raw/HKUST/20260107_Thermal_HKUST/DCIM/DJI_202601071424_001/DJI_20260107143623_0027_T.JPG,paired,exact_base_name,0,no,
20260107_Thermal_HKUST/DCIM/DJI_202601071424_001::DJI_20260107143631_0028,20260107_Thermal_HKUST,HKUST,2026-01-07,DJI_202601071424_001,DJI_20260107143631_0028,0028,data/raw/HKUST/20260107_Thermal_HKUST/DCIM/DJI_202601071424_001/DJI_20260107143631_0028_V.JPG,data/raw/HKUST/20260107_Thermal_HKUST/DCIM/DJI_202601071424_001/DJI_20260107143631_0028_T.JPG,paired,exact_base_name,0,no,
20260107_Thermal_HKUST/DCIM/DJI_202601071424_001::DJI_20260107143639_0029,20260107_Thermal_HKUST,HKUST,2026-01-07,DJI_202601071424_001,DJI_20260107143639_0029,0029,data/raw/HKUST/20260107_Thermal_HKUST/DCIM/DJI_202601071424_001/DJI_20260107143639_0029_V.JPG,data/raw/HKUST/20260107_Thermal_HKUST/DCIM/DJI_202601071424_001/DJI_20260107143639_0029_T.JPG,paired,exact_base_name,0,no,
20260107_Thermal_HKUST/DCIM/DJI_202601071424_001::DJI_20260107143645_0030,20260107_Thermal_HKUST,HKUST,2026-01-07,DJI_202601071424_001,DJI_20260107143645_0030,0030,data/raw/HKUST/20260107_Thermal_HKUST/DCIM/DJI_202601071424_001/DJI_20260107143645_0030_V.JPG,data/raw/HKUST/20260107_Thermal_HKUST/DCIM/DJI_202601071424_001/DJI_20260107143645_0030_T.JPG,paired,exact_base_name,0,no,
20260107_Thermal_HKUST/DCIM/DJI_202601071424_001::DJI_20260107143653_0031,20260107_Thermal_HKUST,HKUST,2026-01-07,DJI_202601071424_001,DJI_20260107143653_0031,0031,data/raw/HKUST/20260107_Thermal_HKUST/DCIM/DJI_202601071424_001/DJI_20260107143653_0031_V.JPG,data/raw/HKUST/20260107_Thermal_HKUST/DCIM/DJI_202601071424_001/DJI_20260107143653_0031_T.JPG,paired,exact_base_name,0,no,
20260107_Thermal_HKUST/DCIM/DJI_202601071424_001::DJI_20260107143654_0032,20260107_Thermal_HKUST,HKUST,2026-01-07,DJI_202601071424_001,DJI_20260107143654_0032,0032,data/raw/HKUST/20260107_Thermal_HKUST/DCIM/DJI_202601071424_001/DJI_20260107143654_0032_V.JPG,data/raw/HKUST/20260107_Thermal_HKUST/DCIM/DJI_202601071424_001/DJI_20260107143654_0032_T.JPG,paired,exact_base_name,0,no,
20260107_Thermal_HKUST/DCIM/DJI_202601071424_001::DJI_20260107143701_0033,20260107_Thermal_HKUST,HKUST,2026-01-07,DJI_202601071424_001,DJI_20260107143701_0033,0033,data/raw/HKUST/20260107_Thermal_HKUST/DCIM/DJI_202601071424_001/DJI_20260107143701_0033_V.JPG,data/raw/HKUST/20260107_Thermal_HKUST/DCIM/DJI_202601071424_001/DJI_20260107143701_0033_T.JPG,paired,exact_base_name,0,no,
20260107_Thermal_HKUST/DCIM/DJI_202601071424_001::sample_0034,20260107_Thermal_HKUST,HKUST,2026-01-07,DJI_202601071424_001,sample_0034,0034,data/raw/HKUST/20260107_Thermal_HKUST/DCIM/DJI_202601071424_001/DJI_20260107143709_0034_V.JPG,data/raw/HKUST/20260107_Thermal_HKUST/DCIM/DJI_202601071424_001/DJI_20260107143710_0034_T.JPG,paired,session_sample_number,1,no,fallback base names: V=DJI_20260107143709_0034; T=DJI_20260107143710_0034
20260107_Thermal_HKUST/DCIM/DJI_202601071424_001::DJI_20260107143718_0035,20260107_Thermal_HKUST,HKUST,2026-01-07,DJI_202601071424_001,DJI_20260107143718_0035,0035,data/raw/HKUST/20260107_Thermal_HKUST/DCIM/DJI_202601071424_001/DJI_20260107143718_0035_V.JPG,data/raw/HKUST/20260107_Thermal_HKUST/DCIM/DJI_202601071424_001/DJI_20260107143718_0035_T.JPG,paired,exact_base_name,0,no,
20260107_Thermal_HKUST/DCIM/DJI_202601071424_001::DJI_20260107143727_0036,20260107_Thermal_HKUST,HKUST,2026-01-07,DJI_202601071424_001,DJI_20260107143727_0036,0036,data/raw/HKUST/20260107_Thermal_HKUST/DCIM/DJI_202601071424_001/DJI_20260107143727_0036_V.JPG,data/raw/HKUST/20260107_Thermal_HKUST/DCIM/DJI_202601071424_001/DJI_20260107143727_0036_T.JPG,paired,exact_base_name,0,no,
20260107_Thermal_HKUST/DCIM/DJI_202601071424_001::DJI_20260107143735_0037,20260107_Thermal_HKUST,HKUST,2026-01-07,DJI_202601071424_001,DJI_20260107143735_0037,0037,data/raw/HKUST/20260107_Thermal_HKUST/DCIM/DJI_202601071424_001/DJI_20260107143735_0037_V.JPG,data/raw/HKUST/20260107_Thermal_HKUST/DCIM/DJI_202601071424_001/DJI_20260107143735_0037_T.JPG,paired,exact_base_name,0,no,
20260107_Thermal_HKUST/DCIM/DJI_202601071424_001::DJI_20260107143743_0038,20260107_Thermal_HKUST,HKUST,2026-01-07,DJI_202601071424_001,DJI_20260107143743_0038,0038,data/raw/HKUST/20260107_Thermal_HKUST/DCIM/DJI_202601071424_001/DJI_20260107143743_0038_V.JPG,data/raw/HKUST/20260107_Thermal_HKUST/DCIM/DJI_202601071424_001/DJI_20260107143743_0038_T.JPG,paired,exact_base_name,0,no,
20260107_Thermal_HKUST/DCIM/DJI_202601071424_001::DJI_20260107143750_0039,20260107_Thermal_HKUST,HKUST,2026-01-07,DJI_202601071424_001,DJI_20260107143750_0039,0039,data/raw/HKUST/20260107_Thermal_HKUST/DCIM/DJI_202601071424_001/DJI_20260107143750_0039_V.JPG,data/raw/HKUST/20260107_Thermal_HKUST/DCIM/DJI_202601071424_001/DJI_20260107143750_0039_T.JPG,paired,exact_base_name,0,no,
20260107_Thermal_HKUST/DCIM/DJI_202601071424_001::DJI_20260107143759_0040,20260107_Thermal_HKUST,HKUST,2026-01-07,DJI_202601071424_001,DJI_20260107143759_0040,0040,data/raw/HKUST/20260107_Thermal_HKUST/DCIM/DJI_202601071424_001/DJI_20260107143759_0040_V.JPG,data/raw/HKUST/20260107_Thermal_HKUST/DCIM/DJI_202601071424_001/DJI_20260107143759_0040_T.JPG,paired,exact_base_name,0,no,
20260107_Thermal_HKUST/DCIM/DJI_202601071424_001::DJI_20260107143806_0041,20260107_Thermal_HKUST,HKUST,2026-01-07,DJI_202601071424_001,DJI_20260107143806_0041,0041,data/raw/HKUST/20260107_Thermal_HKUST/DCIM/DJI_202601071424_001/DJI_20260107143806_0041_V.JPG,data/raw/HKUST/20260107_Thermal_HKUST/DCIM/DJI_202601071424_001/DJI_20260107143806_0041_T.JPG,paired,exact_base_name,0,no,
20260107_Thermal_HKUST/DCIM/DJI_202601071424_001::DJI_20260107143814_0042,20260107_Thermal_HKUST,HKUST,2026-01-07,DJI_202601071424_001,DJI_20260107143814_0042,0042,data/raw/HKUST/20260107_Thermal_HKUST/DCIM/DJI_202601071424_001/DJI_20260107143814_0042_V.JPG,data/raw/HKUST/20260107_Thermal_HKUST/DCIM/DJI_202601071424_001/DJI_20260107143814_0042_T.JPG,paired,exact_base_name,0,no,
20260107_Thermal_HKUST/DCIM/DJI_202601071424_001::DJI_20260107143821_0043,20260107_Thermal_HKUST,HKUST,2026-01-07,DJI_202601071424_001,DJI_20260107143821_0043,0043,data/raw/HKUST/20260107_Thermal_HKUST/DCIM/DJI_202601071424_001/DJI_20260107143821_0043_V.JPG,data/raw/HKUST/20260107_Thermal_HKUST/DCIM/DJI_202601071424_001/DJI_20260107143821_0043_T.JPG,paired,exact_base_name,0,no,
20260107_Thermal_HKUST/DCIM/DJI_202601071424_001::DJI_20260107143829_0044,20260107_Thermal_HKUST,HKUST,2026-01-07,DJI_202601071424_001,DJI_20260107143829_0044,0044,data/raw/HKUST/20260107_Thermal_HKUST/DCIM/DJI_202601071424_001/DJI_20260107143829_0044_V.JPG,data/raw/HKUST/20260107_Thermal_HKUST/DCIM/DJI_202601071424_001/DJI_20260107143829_0044_T.JPG,paired,exact_base_name,0,no,
20260107_Thermal_HKUST/DCIM/DJI_202601071424_001::DJI_20260107143835_0045,20260107_Thermal_HKUST,HKUST,2026-01-07,DJI_202601071424_001,DJI_20260107143835_0045,0045,data/raw/HKUST/20260107_Thermal_HKUST/DCIM/DJI_202601071424_001/DJI_20260107143835_0045_V.JPG,data/raw/HKUST/20260107_Thermal_HKUST/DCIM/DJI_202601071424_001/DJI_20260107143835_0045_T.JPG,paired,exact_base_name,0,no,
20260107_Thermal_HKUST/DCIM/DJI_202601071424_001::DJI_20260107143844_0046,20260107_Thermal_HKUST,HKUST,2026-01-07,DJI_202601071424_001,DJI_20260107143844_0046,0046,data/raw/HKUST/20260107_Thermal_HKUST/DCIM/DJI_202601071424_001/DJI_20260107143844_0046_V.JPG,data/raw/HKUST/20260107_Thermal_HKUST/DCIM/DJI_202601071424_001/DJI_20260107143844_0046_T.JPG,paired,exact_base_name,0,no,
20260107_Thermal_HKUST/DCIM/DJI_202601071424_001::DJI_20260107143852_0047,20260107_Thermal_HKUST,HKUST,2026-01-07,DJI_202601071424_001,DJI_20260107143852_0047,0047,data/raw/HKUST/20260107_Thermal_HKUST/DCIM/DJI_202601071424_001/DJI_20260107143852_0047_V.JPG,data/raw/HKUST/20260107_Thermal_HKUST/DCIM/DJI_202601071424_001/DJI_20260107143852_0047_T.JPG,paired,exact_base_name,0,no,
20260107_Thermal_HKUST/DCIM/DJI_202601071424_001::sample_0048,20260107_Thermal_HKUST,HKUST,2026-01-07,DJI_202601071424_001,sample_0048,0048,data/raw/HKUST/20260107_Thermal_HKUST/DCIM/DJI_202601071424_001/DJI_20260107143859_0048_V.JPG,data/raw/HKUST/20260107_Thermal_HKUST/DCIM/DJI_202601071424_001/DJI_20260107143900_0048_T.JPG,paired,session_sample_number,1,no,fallback base names: V=DJI_20260107143859_0048; T=DJI_20260107143900_0048
20260107_Thermal_HKUST/DCIM/DJI_202601071424_001::DJI_20260107143906_0049,20260107_Thermal_HKUST,HKUST,2026-01-07,DJI_202601071424_001,DJI_20260107143906_0049,0049,data/raw/HKUST/20260107_Thermal_HKUST/DCIM/DJI_202601071424_001/DJI_20260107143906_0049_V.JPG,data/raw/HKUST/20260107_Thermal_HKUST/DCIM/DJI_202601071424_001/DJI_20260107143906_0049_T.JPG,paired,exact_base_name,0,no,
20260107_Thermal_HKUST/DCIM/DJI_202601071424_001::DJI_20260107143914_0050,20260107_Thermal_HKUST,HKUST,2026-01-07,DJI_202601071424_001,DJI_20260107143914_0050,0050,data/raw/HKUST/20260107_Thermal_HKUST/DCIM/DJI_202601071424_001/DJI_20260107143914_0050_V.JPG,data/raw/HKUST/20260107_Thermal_HKUST/DCIM/DJI_202601071424_001/DJI_20260107143914_0050_T.JPG,paired,exact_base_name,0,no,
20260107_Thermal_HKUST/DCIM/DJI_202601071424_001::DJI_20260107143920_0051,20260107_Thermal_HKUST,HKUST,2026-01-07,DJI_202601071424_001,DJI_20260107143920_0051,0051,data/raw/HKUST/20260107_Thermal_HKUST/DCIM/DJI_202601071424_001/DJI_20260107143920_0051_V.JPG,data/raw/HKUST/20260107_Thermal_HKUST/DCIM/DJI_202601071424_001/DJI_20260107143920_0051_T.JPG,paired,exact_base_name,0,no,
20260107_Thermal_HKUST/DCIM/DJI_202601071424_001::DJI_20260107143929_0052,20260107_Thermal_HKUST,HKUST,2026-01-07,DJI_202601071424_001,DJI_20260107143929_0052,0052,data/raw/HKUST/20260107_Thermal_HKUST/DCIM/DJI_202601071424_001/DJI_20260107143929_0052_V.JPG,data/raw/HKUST/20260107_Thermal_HKUST/DCIM/DJI_202601071424_001/DJI_20260107143929_0052_T.JPG,paired,exact_base_name,0,no,
20260107_Thermal_HKUST/DCIM/DJI_202601071424_001::DJI_20260107143937_0053,20260107_Thermal_HKUST,HKUST,2026-01-07,DJI_202601071424_001,DJI_20260107143937_0053,0053,data/raw/HKUST/20260107_Thermal_HKUST/DCIM/DJI_202601071424_001/DJI_20260107143937_0053_V.JPG,data/raw/HKUST/20260107_Thermal_HKUST/DCIM/DJI_202601071424_001/DJI_20260107143937_0053_T.JPG,paired,exact_base_name,0,no,
20260107_Thermal_HKUST/DCIM/DJI_202601071424_001::DJI_20260107143943_0054,20260107_Thermal_HKUST,HKUST,2026-01-07,DJI_202601071424_001,DJI_20260107143943_0054,0054,data/raw/HKUST/20260107_Thermal_HKUST/DCIM/DJI_202601071424_001/DJI_20260107143943_0054_V.JPG,data/raw/HKUST/20260107_Thermal_HKUST/DCIM/DJI_202601071424_001/DJI_20260107143943_0054_T.JPG,paired,exact_base_name,0,no,
20260107_Thermal_HKUST/DCIM/DJI_202601071424_001::DJI_20260107143952_0055,20260107_Thermal_HKUST,HKUST,2026-01-07,DJI_202601071424_001,DJI_20260107143952_0055,0055,data/raw/HKUST/20260107_Thermal_HKUST/DCIM/DJI_202601071424_001/DJI_20260107143952_0055_V.JPG,data/raw/HKUST/20260107_Thermal_HKUST/DCIM/DJI_202601071424_001/DJI_20260107143952_0055_T.JPG,paired,exact_base_name,0,no,
20260107_Thermal_HKUST/DCIM/DJI_202601071424_001::sample_0056,20260107_Thermal_HKUST,HKUST,2026-01-07,DJI_202601071424_001,sample_0056,0056,data/raw/HKUST/20260107_Thermal_HKUST/DCIM/DJI_202601071424_001/DJI_20260107144000_0056_V.JPG,data/raw/HKUST/20260107_Thermal_HKUST/DCIM/DJI_202601071424_001/DJI_20260107144001_0056_T.JPG,paired,session_sample_number,1,no,fallback base names: V=DJI_20260107144000_0056; T=DJI_20260107144001_0056
20260107_Thermal_HKUST/DCIM/DJI_202601071424_001::DJI_20260107144009_0057,20260107_Thermal_HKUST,HKUST,2026-01-07,DJI_202601071424_001,DJI_20260107144009_0057,0057,data/raw/HKUST/20260107_Thermal_HKUST/DCIM/DJI_202601071424_001/DJI_20260107144009_0057_V.JPG,data/raw/HKUST/20260107_Thermal_HKUST/DCIM/DJI_202601071424_001/DJI_20260107144009_0057_T.JPG,paired,exact_base_name,0,no,
20260107_Thermal_HKUST/DCIM/DJI_202601071424_001::DJI_20260107144016_0058,20260107_Thermal_HKUST,HKUST,2026-01-07,DJI_202601071424_001,DJI_20260107144016_0058,0058,data/raw/HKUST/20260107_Thermal_HKUST/DCIM/DJI_202601071424_001/DJI_20260107144016_0058_V.JPG,data/raw/HKUST/20260107_Thermal_HKUST/DCIM/DJI_202601071424_001/DJI_20260107144016_0058_T.JPG,paired,exact_base_name,0,no,
20260107_Thermal_HKUST/DCIM/DJI_202601071424_001::DJI_20260107144023_0059,20260107_Thermal_HKUST,HKUST,2026-01-07,DJI_202601071424_001,DJI_20260107144023_0059,0059,data/raw/HKUST/20260107_Thermal_HKUST/DCIM/DJI_202601071424_001/DJI_20260107144023_0059_V.JPG,data/raw/HKUST/20260107_Thermal_HKUST/DCIM/DJI_202601071424_001/DJI_20260107144023_0059_T.JPG,paired,exact_base_name,0,no,
20260107_Thermal_HKUST/DCIM/DJI_202601071424_001::DJI_20260107144024_0060,20260107_Thermal_HKUST,HKUST,2026-01-07,DJI_202601071424_001,DJI_20260107144024_0060,0060,data/raw/HKUST/20260107_Thermal_HKUST/DCIM/DJI_202601071424_001/DJI_20260107144024_0060_V.JPG,data/raw/HKUST/20260107_Thermal_HKUST/DCIM/DJI_202601071424_001/DJI_20260107144024_0060_T.JPG,paired,exact_base_name,0,no,
20260107_Thermal_HKUST/DCIM/DJI_202601071424_001::DJI_20260107144025_0061,20260107_Thermal_HKUST,HKUST,2026-01-07,DJI_202601071424_001,DJI_20260107144025_0061,0061,data/raw/HKUST/20260107_Thermal_HKUST/DCIM/DJI_202601071424_001/DJI_20260107144025_0061_V.JPG,data/raw/HKUST/20260107_Thermal_HKUST/DCIM/DJI_202601071424_001/DJI_20260107144025_0061_T.JPG,paired,exact_base_name,0,no,
20260107_Thermal_HKUST/DCIM/DJI_202601071424_001::DJI_20260107144034_0062,20260107_Thermal_HKUST,HKUST,2026-01-07,DJI_202601071424_001,DJI_20260107144034_0062,0062,data/raw/HKUST/20260107_Thermal_HKUST/DCIM/DJI_202601071424_001/DJI_20260107144034_0062_V.JPG,data/raw/HKUST/20260107_Thermal_HKUST/DCIM/DJI_202601071424_001/DJI_20260107144034_0062_T.JPG,paired,exact_base_name,0,no,
20260107_Thermal_HKUST/DCIM/DJI_202601071424_001::DJI_20260107144041_0063,20260107_Thermal_HKUST,HKUST,2026-01-07,DJI_202601071424_001,DJI_20260107144041_0063,0063,data/raw/HKUST/20260107_Thermal_HKUST/DCIM/DJI_202601071424_001/DJI_20260107144041_0063_V.JPG,data/raw/HKUST/20260107_Thermal_HKUST/DCIM/DJI_202601071424_001/DJI_20260107144041_0063_T.JPG,paired,exact_base_name,0,no,
20260107_Thermal_HKUST/DCIM/DJI_202601071424_001::sample_0064,20260107_Thermal_HKUST,HKUST,2026-01-07,DJI_202601071424_001,sample_0064,0064,data/raw/HKUST/20260107_Thermal_HKUST/DCIM/DJI_202601071424_001/DJI_20260107144049_0064_V.JPG,data/raw/HKUST/20260107_Thermal_HKUST/DCIM/DJI_202601071424_001/DJI_20260107144050_0064_T.JPG,paired,session_sample_number,1,no,fallback base names: V=DJI_20260107144049_0064; T=DJI_20260107144050_0064
20260107_Thermal_HKUST/DCIM/DJI_202601071424_001::DJI_20260107144051_0065,20260107_Thermal_HKUST,HKUST,2026-01-07,DJI_202601071424_001,DJI_20260107144051_0065,0065,data/raw/HKUST/20260107_Thermal_HKUST/DCIM/DJI_202601071424_001/DJI_20260107144051_0065_V.JPG,data/raw/HKUST/20260107_Thermal_HKUST/DCIM/DJI_202601071424_001/DJI_20260107144051_0065_T.JPG,paired,exact_base_name,0,no,
20260107_Thermal_HKUST/DCIM/DJI_202601071424_001::DJI_20260107144100_0066,20260107_Thermal_HKUST,HKUST,2026-01-07,DJI_202601071424_001,DJI_20260107144100_0066,0066,data/raw/HKUST/20260107_Thermal_HKUST/DCIM/DJI_202601071424_001/DJI_20260107144100_0066_V.JPG,data/raw/HKUST/20260107_Thermal_HKUST/DCIM/DJI_202601071424_001/DJI_20260107144100_0066_T.JPG,paired,exact_base_name,0,no,
20260107_Thermal_HKUST/DCIM/DJI_202601071424_001::DJI_20260107144108_0067,20260107_Thermal_HKUST,HKUST,2026-01-07,DJI_202601071424_001,DJI_20260107144108_0067,0067,data/raw/HKUST/20260107_Thermal_HKUST/DCIM/DJI_202601071424_001/DJI_20260107144108_0067_V.JPG,data/raw/HKUST/20260107_Thermal_HKUST/DCIM/DJI_202601071424_001/DJI_20260107144108_0067_T.JPG,paired,exact_base_name,0,no,
20260107_Thermal_HKUST/DCIM/DJI_202601071424_001::DJI_20260107144116_0068,20260107_Thermal_HKUST,HKUST,2026-01-07,DJI_202601071424_001,DJI_20260107144116_0068,0068,data/raw/HKUST/20260107_Thermal_HKUST/DCIM/DJI_202601071424_001/DJI_20260107144116_0068_V.JPG,data/raw/HKUST/20260107_Thermal_HKUST/DCIM/DJI_202601071424_001/DJI_20260107144116_0068_T.JPG,paired,exact_base_name,0,no,
20260107_Thermal_HKUST/DCIM/DJI_202601071424_001::DJI_20260107144133_0069,20260107_Thermal_HKUST,HKUST,2026-01-07,DJI_202601071424_001,DJI_20260107144133_0069,0069,data/raw/HKUST/20260107_Thermal_HKUST/DCIM/DJI_202601071424_001/DJI_20260107144133_0069_V.JPG,data/raw/HKUST/20260107_Thermal_HKUST/DCIM/DJI_202601071424_001/DJI_20260107144133_0069_T.JPG,paired,exact_base_name,0,no,
20260107_Thermal_HKUST/DCIM/DJI_202601071424_001::DJI_20260107144142_0070,20260107_Thermal_HKUST,HKUST,2026-01-07,DJI_202601071424_001,DJI_20260107144142_0070,0070,data/raw/HKUST/20260107_Thermal_HKUST/DCIM/DJI_202601071424_001/DJI_20260107144142_0070_V.JPG,data/raw/HKUST/20260107_Thermal_HKUST/DCIM/DJI_202601071424_001/DJI_20260107144142_0070_T.JPG,paired,exact_base_name,0,no,
20260107_Thermal_HKUST/DCIM/DJI_202601071424_001::DJI_20260107144150_0071,20260107_Thermal_HKUST,HKUST,2026-01-07,DJI_202601071424_001,DJI_20260107144150_0071,0071,data/raw/HKUST/20260107_Thermal_HKUST/DCIM/DJI_202601071424_001/DJI_20260107144150_0071_V.JPG,data/raw/HKUST/20260107_Thermal_HKUST/DCIM/DJI_202601071424_001/DJI_20260107144150_0071_T.JPG,paired,exact_base_name,0,no,
20260107_Thermal_HKUST/DCIM/DJI_202601071424_001::DJI_20260107144158_0072,20260107_Thermal_HKUST,HKUST,2026-01-07,DJI_202601071424_001,DJI_20260107144158_0072,0072,data/raw/HKUST/20260107_Thermal_HKUST/DCIM/DJI_202601071424_001/DJI_20260107144158_0072_V.JPG,data/raw/HKUST/20260107_Thermal_HKUST/DCIM/DJI_202601071424_001/DJI_20260107144158_0072_T.JPG,paired,exact_base_name,0,no,
20260107_Thermal_HKUST/DCIM/DJI_202601071424_001::sample_0073,20260107_Thermal_HKUST,HKUST,2026-01-07,DJI_202601071424_001,sample_0073,0073,data/raw/HKUST/20260107_Thermal_HKUST/DCIM/DJI_202601071424_001/DJI_20260107144205_0073_V.JPG,data/raw/HKUST/20260107_Thermal_HKUST/DCIM/DJI_202601071424_001/DJI_20260107144206_0073_T.JPG,paired,session_sample_number,1,no,fallback base names: V=DJI_20260107144205_0073; T=DJI_20260107144206_0073
20260107_Thermal_HKUST/DCIM/DJI_202601071424_001::DJI_20260107144213_0074,20260107_Thermal_HKUST,HKUST,2026-01-07,DJI_202601071424_001,DJI_20260107144213_0074,0074,data/raw/HKUST/20260107_Thermal_HKUST/DCIM/DJI_202601071424_001/DJI_20260107144213_0074_V.JPG,data/raw/HKUST/20260107_Thermal_HKUST/DCIM/DJI_202601071424_001/DJI_20260107144213_0074_T.JPG,paired,exact_base_name,0,no,
20260107_Thermal_HKUST/DCIM/DJI_202601071424_001::DJI_20260107144226_0075,20260107_Thermal_HKUST,HKUST,2026-01-07,DJI_202601071424_001,DJI_20260107144226_0075,0075,data/raw/HKUST/20260107_Thermal_HKUST/DCIM/DJI_202601071424_001/DJI_20260107144226_0075_V.JPG,data/raw/HKUST/20260107_Thermal_HKUST/DCIM/DJI_202601071424_001/DJI_20260107144226_0075_T.JPG,paired,exact_base_name,0,no,
20260107_Thermal_HKUST/DCIM/DJI_202601071424_001::sample_0076,20260107_Thermal_HKUST,HKUST,2026-01-07,DJI_202601071424_001,sample_0076,0076,data/raw/HKUST/20260107_Thermal_HKUST/DCIM/DJI_202601071424_001/DJI_20260107144234_0076_V.JPG,data/raw/HKUST/20260107_Thermal_HKUST/DCIM/DJI_202601071424_001/DJI_20260107144235_0076_T.JPG,paired,session_sample_number,1,no,fallback base names: V=DJI_20260107144234_0076; T=DJI_20260107144235_0076
20260107_Thermal_HKUST/DCIM/DJI_202601071424_001::DJI_20260107144242_0077,20260107_Thermal_HKUST,HKUST,2026-01-07,DJI_202601071424_001,DJI_20260107144242_0077,0077,data/raw/HKUST/20260107_Thermal_HKUST/DCIM/DJI_202601071424_001/DJI_20260107144242_0077_V.JPG,data/raw/HKUST/20260107_Thermal_HKUST/DCIM/DJI_202601071424_001/DJI_20260107144242_0077_T.JPG,paired,exact_base_name,0,no,
20260107_Thermal_HKUST/DCIM/DJI_202601071424_001::DJI_20260107144251_0078,20260107_Thermal_HKUST,HKUST,2026-01-07,DJI_202601071424_001,DJI_20260107144251_0078,0078,data/raw/HKUST/20260107_Thermal_HKUST/DCIM/DJI_202601071424_001/DJI_20260107144251_0078_V.JPG,data/raw/HKUST/20260107_Thermal_HKUST/DCIM/DJI_202601071424_001/DJI_20260107144251_0078_T.JPG,paired,exact_base_name,0,no,
20260107_Thermal_HKUST/DCIM/DJI_202601071424_001::DJI_20260107144259_0079,20260107_Thermal_HKUST,HKUST,2026-01-07,DJI_202601071424_001,DJI_20260107144259_0079,0079,data/raw/HKUST/20260107_Thermal_HKUST/DCIM/DJI_202601071424_001/DJI_20260107144259_0079_V.JPG,data/raw/HKUST/20260107_Thermal_HKUST/DCIM/DJI_202601071424_001/DJI_20260107144259_0079_T.JPG,paired,exact_base_name,0,no,
20260107_Thermal_HKUST/DCIM/DJI_202601071424_001::DJI_20260107144306_0080,20260107_Thermal_HKUST,HKUST,2026-01-07,DJI_202601071424_001,DJI_20260107144306_0080,0080,data/raw/HKUST/20260107_Thermal_HKUST/DCIM/DJI_202601071424_001/DJI_20260107144306_0080_V.JPG,data/raw/HKUST/20260107_Thermal_HKUST/DCIM/DJI_202601071424_001/DJI_20260107144306_0080_T.JPG,paired,exact_base_name,0,no,
20260107_Thermal_HKUST/DCIM/DJI_202601071424_001::DJI_20260107144312_0081,20260107_Thermal_HKUST,HKUST,2026-01-07,DJI_202601071424_001,DJI_20260107144312_0081,0081,data/raw/HKUST/20260107_Thermal_HKUST/DCIM/DJI_202601071424_001/DJI_20260107144312_0081_V.JPG,data/raw/HKUST/20260107_Thermal_HKUST/DCIM/DJI_202601071424_001/DJI_20260107144312_0081_T.JPG,paired,exact_base_name,0,no,
20260107_Thermal_HKUST/DCIM/DJI_202601071424_001::sample_0082,20260107_Thermal_HKUST,HKUST,2026-01-07,DJI_202601071424_001,sample_0082,0082,data/raw/HKUST/20260107_Thermal_HKUST/DCIM/DJI_202601071424_001/DJI_20260107144321_0082_V.JPG,data/raw/HKUST/20260107_Thermal_HKUST/DCIM/DJI_202601071424_001/DJI_20260107144322_0082_T.JPG,paired,session_sample_number,1,no,fallback base names: V=DJI_20260107144321_0082; T=DJI_20260107144322_0082
20260107_Thermal_HKUST/DCIM/DJI_202601071424_001::DJI_20260107144323_0083,20260107_Thermal_HKUST,HKUST,2026-01-07,DJI_202601071424_001,DJI_20260107144323_0083,0083,data/raw/HKUST/20260107_Thermal_HKUST/DCIM/DJI_202601071424_001/DJI_20260107144323_0083_V.JPG,data/raw/HKUST/20260107_Thermal_HKUST/DCIM/DJI_202601071424_001/DJI_20260107144323_0083_T.JPG,paired,exact_base_name,0,no,
20260107_Thermal_HKUST/DCIM/DJI_202601071424_001::DJI_20260107144333_0084,20260107_Thermal_HKUST,HKUST,2026-01-07,DJI_202601071424_001,DJI_20260107144333_0084,0084,data/raw/HKUST/20260107_Thermal_HKUST/DCIM/DJI_202601071424_001/DJI_20260107144333_0084_V.JPG,data/raw/HKUST/20260107_Thermal_HKUST/DCIM/DJI_202601071424_001/DJI_20260107144333_0084_T.JPG,paired,exact_base_name,0,no,
20260107_Thermal_HKUST/DCIM/DJI_202601071424_001::sample_0085,20260107_Thermal_HKUST,HKUST,2026-01-07,DJI_202601071424_001,sample_0085,0085,data/raw/HKUST/20260107_Thermal_HKUST/DCIM/DJI_202601071424_001/DJI_20260107144342_0085_V.JPG,data/raw/HKUST/20260107_Thermal_HKUST/DCIM/DJI_202601071424_001/DJI_20260107144343_0085_T.JPG,paired,session_sample_number,1,no,fallback base names: V=DJI_20260107144342_0085; T=DJI_20260107144343_0085
20260107_Thermal_HKUST/DCIM/DJI_202601071424_001::DJI_20260107144352_0086,20260107_Thermal_HKUST,HKUST,2026-01-07,DJI_202601071424_001,DJI_20260107144352_0086,0086,data/raw/HKUST/20260107_Thermal_HKUST/DCIM/DJI_202601071424_001/DJI_20260107144352_0086_V.JPG,data/raw/HKUST/20260107_Thermal_HKUST/DCIM/DJI_202601071424_001/DJI_20260107144352_0086_T.JPG,paired,exact_base_name,0,no,
20260107_Thermal_HKUST/DCIM/DJI_202601071424_001::DJI_20260107144359_0087,20260107_Thermal_HKUST,HKUST,2026-01-07,DJI_202601071424_001,DJI_20260107144359_0087,0087,data/raw/HKUST/20260107_Thermal_HKUST/DCIM/DJI_202601071424_001/DJI_20260107144359_0087_V.JPG,data/raw/HKUST/20260107_Thermal_HKUST/DCIM/DJI_202601071424_001/DJI_20260107144359_0087_T.JPG,paired,exact_base_name,0,no,
20260107_Thermal_HKUST/DCIM/DJI_202601071424_001::sample_0088,20260107_Thermal_HKUST,HKUST,2026-01-07,DJI_202601071424_001,sample_0088,0088,data/raw/HKUST/20260107_Thermal_HKUST/DCIM/DJI_202601071424_001/DJI_20260107144405_0088_V.JPG,data/raw/HKUST/20260107_Thermal_HKUST/DCIM/DJI_202601071424_001/DJI_20260107144406_0088_T.JPG,paired,session_sample_number,1,no,fallback base names: V=DJI_20260107144405_0088; T=DJI_20260107144406_0088
20260107_Thermal_HKUST/DCIM/DJI_202601071424_001::DJI_20260107144415_0089,20260107_Thermal_HKUST,HKUST,2026-01-07,DJI_202601071424_001,DJI_20260107144415_0089,0089,data/raw/HKUST/20260107_Thermal_HKUST/DCIM/DJI_202601071424_001/DJI_20260107144415_0089_V.JPG,data/raw/HKUST/20260107_Thermal_HKUST/DCIM/DJI_202601071424_001/DJI_20260107144415_0089_T.JPG,paired,exact_base_name,0,no,
20260107_Thermal_HKUST/DCIM/DJI_202601071424_001::sample_0090,20260107_Thermal_HKUST,HKUST,2026-01-07,DJI_202601071424_001,sample_0090,0090,data/raw/HKUST/20260107_Thermal_HKUST/DCIM/DJI_202601071424_001/DJI_20260107144416_0090_V.JPG,data/raw/HKUST/20260107_Thermal_HKUST/DCIM/DJI_202601071424_001/DJI_20260107144417_0090_T.JPG,paired,session_sample_number,1,no,fallback base names: V=DJI_20260107144416_0090; T=DJI_20260107144417_0090
20260107_Thermal_HKUST/DCIM/DJI_202601071424_001::sample_0091,20260107_Thermal_HKUST,HKUST,2026-01-07,DJI_202601071424_001,sample_0091,0091,data/raw/HKUST/20260107_Thermal_HKUST/DCIM/DJI_202601071424_001/DJI_20260107144424_0091_V.JPG,data/raw/HKUST/20260107_Thermal_HKUST/DCIM/DJI_202601071424_001/DJI_20260107144425_0091_T.JPG,paired,session_sample_number,1,no,fallback base names: V=DJI_20260107144424_0091; T=DJI_20260107144425_0091
20260107_Thermal_HKUST/DCIM/DJI_202601071424_001::DJI_20260107144432_0092,20260107_Thermal_HKUST,HKUST,2026-01-07,DJI_202601071424_001,DJI_20260107144432_0092,0092,data/raw/HKUST/20260107_Thermal_HKUST/DCIM/DJI_202601071424_001/DJI_20260107144432_0092_V.JPG,data/raw/HKUST/20260107_Thermal_HKUST/DCIM/DJI_202601071424_001/DJI_20260107144432_0092_T.JPG,paired,exact_base_name,0,no,
20260107_Thermal_HKUST/DCIM/DJI_202601071424_001::sample_0093,20260107_Thermal_HKUST,HKUST,2026-01-07,DJI_202601071424_001,sample_0093,0093,data/raw/HKUST/20260107_Thermal_HKUST/DCIM/DJI_202601071424_001/DJI_20260107144439_0093_V.JPG,data/raw/HKUST/20260107_Thermal_HKUST/DCIM/DJI_202601071424_001/DJI_20260107144440_0093_T.JPG,paired,session_sample_number,1,no,fallback base names: V=DJI_20260107144439_0093; T=DJI_20260107144440_0093
20260107_Thermal_HKUST/DCIM/DJI_202601071424_001::DJI_20260107144448_0094,20260107_Thermal_HKUST,HKUST,2026-01-07,DJI_202601071424_001,DJI_20260107144448_0094,0094,data/raw/HKUST/20260107_Thermal_HKUST/DCIM/DJI_202601071424_001/DJI_20260107144448_0094_V.JPG,data/raw/HKUST/20260107_Thermal_HKUST/DCIM/DJI_202601071424_001/DJI_20260107144448_0094_T.JPG,paired,exact_base_name,0,no,
20260107_Thermal_HKUST/DCIM/DJI_202601071424_001::DJI_20260107144454_0095,20260107_Thermal_HKUST,HKUST,2026-01-07,DJI_202601071424_001,DJI_20260107144454_0095,0095,data/raw/HKUST/20260107_Thermal_HKUST/DCIM/DJI_202601071424_001/DJI_20260107144454_0095_V.JPG,data/raw/HKUST/20260107_Thermal_HKUST/DCIM/DJI_202601071424_001/DJI_20260107144454_0095_T.JPG,paired,exact_base_name,0,no,
20260107_Thermal_HKUST/DCIM/DJI_202601071424_001::DJI_20260107144501_0096,20260107_Thermal_HKUST,HKUST,2026-01-07,DJI_202601071424_001,DJI_20260107144501_0096,0096,data/raw/HKUST/20260107_Thermal_HKUST/DCIM/DJI_202601071424_001/DJI_20260107144501_0096_V.JPG,data/raw/HKUST/20260107_Thermal_HKUST/DCIM/DJI_202601071424_001/DJI_20260107144501_0096_T.JPG,paired,exact_base_name,0,no,
20260107_Thermal_HKUST/DCIM/DJI_202601071424_001::DJI_20260107144509_0097,20260107_Thermal_HKUST,HKUST,2026-01-07,DJI_202601071424_001,DJI_20260107144509_0097,0097,data/raw/HKUST/20260107_Thermal_HKUST/DCIM/DJI_202601071424_001/DJI_20260107144509_0097_V.JPG,data/raw/HKUST/20260107_Thermal_HKUST/DCIM/DJI_202601071424_001/DJI_20260107144509_0097_T.JPG,paired,exact_base_name,0,no,
20260107_Thermal_HKUST/DCIM/DJI_202601071424_001::DJI_20260107144516_0098,20260107_Thermal_HKUST,HKUST,2026-01-07,DJI_202601071424_001,DJI_20260107144516_0098,0098,data/raw/HKUST/20260107_Thermal_HKUST/DCIM/DJI_202601071424_001/DJI_20260107144516_0098_V.JPG,data/raw/HKUST/20260107_Thermal_HKUST/DCIM/DJI_202601071424_001/DJI_20260107144516_0098_T.JPG,paired,exact_base_name,0,no,
20260107_Thermal_HKUST/DCIM/DJI_202601071424_001::DJI_20260107144521_0099,20260107_Thermal_HKUST,HKUST,2026-01-07,DJI_202601071424_001,DJI_20260107144521_0099,0099,data/raw/HKUST/20260107_Thermal_HKUST/DCIM/DJI_202601071424_001/DJI_20260107144521_0099_V.JPG,data/raw/HKUST/20260107_Thermal_HKUST/DCIM/DJI_202601071424_001/DJI_20260107144521_0099_T.JPG,paired,exact_base_name,0,no,
20260107_Thermal_HKUST/DCIM/DJI_202601071424_001::DJI_20260107144530_0100,20260107_Thermal_HKUST,HKUST,2026-01-07,DJI_202601071424_001,DJI_20260107144530_0100,0100,data/raw/HKUST/20260107_Thermal_HKUST/DCIM/DJI_202601071424_001/DJI_20260107144530_0100_V.JPG,data/raw/HKUST/20260107_Thermal_HKUST/DCIM/DJI_202601071424_001/DJI_20260107144530_0100_T.JPG,paired,exact_base_name,0,no,
20260107_Thermal_HKUST/DCIM/DJI_202601071424_001::sample_0101,20260107_Thermal_HKUST,HKUST,2026-01-07,DJI_202601071424_001,sample_0101,0101,data/raw/HKUST/20260107_Thermal_HKUST/DCIM/DJI_202601071424_001/DJI_20260107144540_0101_V.JPG,data/raw/HKUST/20260107_Thermal_HKUST/DCIM/DJI_202601071424_001/DJI_20260107144541_0101_T.JPG,paired,session_sample_number,1,no,fallback base names: V=DJI_20260107144540_0101; T=DJI_20260107144541_0101
20260107_Thermal_HKUST/DCIM/DJI_202601071424_001::DJI_20260107144549_0102,20260107_Thermal_HKUST,HKUST,2026-01-07,DJI_202601071424_001,DJI_20260107144549_0102,0102,data/raw/HKUST/20260107_Thermal_HKUST/DCIM/DJI_202601071424_001/DJI_20260107144549_0102_V.JPG,data/raw/HKUST/20260107_Thermal_HKUST/DCIM/DJI_202601071424_001/DJI_20260107144549_0102_T.JPG,paired,exact_base_name,0,no,
20260107_Thermal_HKUST/DCIM/DJI_202601071424_001::DJI_20260107144558_0103,20260107_Thermal_HKUST,HKUST,2026-01-07,DJI_202601071424_001,DJI_20260107144558_0103,0103,data/raw/HKUST/20260107_Thermal_HKUST/DCIM/DJI_202601071424_001/DJI_20260107144558_0103_V.JPG,data/raw/HKUST/20260107_Thermal_HKUST/DCIM/DJI_202601071424_001/DJI_20260107144558_0103_T.JPG,paired,exact_base_name,0,no,
20260107_Thermal_HKUST/DCIM/DJI_202601071424_001::DJI_20260107144559_0104,20260107_Thermal_HKUST,HKUST,2026-01-07,DJI_202601071424_001,DJI_20260107144559_0104,0104,data/raw/HKUST/20260107_Thermal_HKUST/DCIM/DJI_202601071424_001/DJI_20260107144559_0104_V.JPG,data/raw/HKUST/20260107_Thermal_HKUST/DCIM/DJI_202601071424_001/DJI_20260107144559_0104_T.JPG,paired,exact_base_name,0,no,
20260107_Thermal_HKUST/DCIM/DJI_202601071424_001::DJI_20260107144610_0105,20260107_Thermal_HKUST,HKUST,2026-01-07,DJI_202601071424_001,DJI_20260107144610_0105,0105,data/raw/HKUST/20260107_Thermal_HKUST/DCIM/DJI_202601071424_001/DJI_20260107144610_0105_V.JPG,data/raw/HKUST/20260107_Thermal_HKUST/DCIM/DJI_202601071424_001/DJI_20260107144610_0105_T.JPG,paired,exact_base_name,0,no,
20260107_Thermal_HKUST/DCIM/DJI_202601071424_001::sample_0106,20260107_Thermal_HKUST,HKUST,2026-01-07,DJI_202601071424_001,sample_0106,0106,data/raw/HKUST/20260107_Thermal_HKUST/DCIM/DJI_202601071424_001/DJI_20260107144620_0106_V.JPG,data/raw/HKUST/20260107_Thermal_HKUST/DCIM/DJI_202601071424_001/DJI_20260107144621_0106_T.JPG,paired,session_sample_number,1,no,fallback base names: V=DJI_20260107144620_0106; T=DJI_20260107144621_0106
20260107_Thermal_HKUST/DCIM/DJI_202601071424_001::DJI_20260107144631_0107,20260107_Thermal_HKUST,HKUST,2026-01-07,DJI_202601071424_001,DJI_20260107144631_0107,0107,data/raw/HKUST/20260107_Thermal_HKUST/DCIM/DJI_202601071424_001/DJI_20260107144631_0107_V.JPG,data/raw/HKUST/20260107_Thermal_HKUST/DCIM/DJI_202601071424_001/DJI_20260107144631_0107_T.JPG,paired,exact_base_name,0,no,
20260107_Thermal_HKUST/DCIM/DJI_202601071424_001::DJI_20260107144704_0108,20260107_Thermal_HKUST,HKUST,2026-01-07,DJI_202601071424_001,DJI_20260107144704_0108,0108,data/raw/HKUST/20260107_Thermal_HKUST/DCIM/DJI_202601071424_001/DJI_20260107144704_0108_V.JPG,data/raw/HKUST/20260107_Thermal_HKUST/DCIM/DJI_202601071424_001/DJI_20260107144704_0108_T.JPG,paired,exact_base_name,0,no,
20260107_Thermal_HKUST/DCIM/DJI_202601071424_001::DJI_20260107144706_0109,20260107_Thermal_HKUST,HKUST,2026-01-07,DJI_202601071424_001,DJI_20260107144706_0109,0109,data/raw/HKUST/20260107_Thermal_HKUST/DCIM/DJI_202601071424_001/DJI_20260107144706_0109_V.JPG,data/raw/HKUST/20260107_Thermal_HKUST/DCIM/DJI_202601071424_001/DJI_20260107144706_0109_T.JPG,paired,exact_base_name,0,no,
20260107_Thermal_HKUST/DCIM/DJI_202601071424_001::DJI_20260107144708_0110,20260107_Thermal_HKUST,HKUST,2026-01-07,DJI_202601071424_001,DJI_20260107144708_0110,0110,data/raw/HKUST/20260107_Thermal_HKUST/DCIM/DJI_202601071424_001/DJI_20260107144708_0110_V.JPG,data/raw/HKUST/20260107_Thermal_HKUST/DCIM/DJI_202601071424_001/DJI_20260107144708_0110_T.JPG,paired,exact_base_name,0,no,
20260107_Thermal_HKUST/DCIM/DJI_202601071424_001::DJI_20260107144710_0111,20260107_Thermal_HKUST,HKUST,2026-01-07,DJI_202601071424_001,DJI_20260107144710_0111,0111,data/raw/HKUST/20260107_Thermal_HKUST/DCIM/DJI_202601071424_001/DJI_20260107144710_0111_V.JPG,data/raw/HKUST/20260107_Thermal_HKUST/DCIM/DJI_202601071424_001/DJI_20260107144710_0111_T.JPG,paired,exact_base_name,0,no,
20260107_Thermal_HKUST/DCIM/DJI_202601071424_001::DJI_20260107144712_0112,20260107_Thermal_HKUST,HKUST,2026-01-07,DJI_202601071424_001,DJI_20260107144712_0112,0112,data/raw/HKUST/20260107_Thermal_HKUST/DCIM/DJI_202601071424_001/DJI_20260107144712_0112_V.JPG,data/raw/HKUST/20260107_Thermal_HKUST/DCIM/DJI_202601071424_001/DJI_20260107144712_0112_T.JPG,paired,exact_base_name,0,no,
20260107_Thermal_HKUST/DCIM/DJI_202601071424_001::DJI_20260107144714_0113,20260107_Thermal_HKUST,HKUST,2026-01-07,DJI_202601071424_001,DJI_20260107144714_0113,0113,data/raw/HKUST/20260107_Thermal_HKUST/DCIM/DJI_202601071424_001/DJI_20260107144714_0113_V.JPG,data/raw/HKUST/20260107_Thermal_HKUST/DCIM/DJI_202601071424_001/DJI_20260107144714_0113_T.JPG,paired,exact_base_name,0,no,
20260107_Thermal_HKUST/DCIM/DJI_202601071424_001::DJI_20260107144716_0114,20260107_Thermal_HKUST,HKUST,2026-01-07,DJI_202601071424_001,DJI_20260107144716_0114,0114,data/raw/HKUST/20260107_Thermal_HKUST/DCIM/DJI_202601071424_001/DJI_20260107144716_0114_V.JPG,data/raw/HKUST/20260107_Thermal_HKUST/DCIM/DJI_202601071424_001/DJI_20260107144716_0114_T.JPG,paired,exact_base_name,0,no,
20260107_Thermal_HKUST/DCIM/DJI_202601071424_001::DJI_20260107144718_0115,20260107_Thermal_HKUST,HKUST,2026-01-07,DJI_202601071424_001,DJI_20260107144718_0115,0115,data/raw/HKUST/20260107_Thermal_HKUST/DCIM/DJI_202601071424_001/DJI_20260107144718_0115_V.JPG,data/raw/HKUST/20260107_Thermal_HKUST/DCIM/DJI_202601071424_001/DJI_20260107144718_0115_T.JPG,paired,exact_base_name,0,no,
20260107_Thermal_HKUST/DCIM/DJI_202601071424_001::DJI_20260107144725_0116,20260107_Thermal_HKUST,HKUST,2026-01-07,DJI_202601071424_001,DJI_20260107144725_0116,0116,data/raw/HKUST/20260107_Thermal_HKUST/DCIM/DJI_202601071424_001/DJI_20260107144725_0116_V.JPG,data/raw/HKUST/20260107_Thermal_HKUST/DCIM/DJI_202601071424_001/DJI_20260107144725_0116_T.JPG,paired,exact_base_name,0,no,
20260107_Thermal_HKUST/DCIM/DJI_202601071424_001::DJI_20260107144730_0117,20260107_Thermal_HKUST,HKUST,2026-01-07,DJI_202601071424_001,DJI_20260107144730_0117,0117,data/raw/HKUST/20260107_Thermal_HKUST/DCIM/DJI_202601071424_001/DJI_20260107144730_0117_V.JPG,data/raw/HKUST/20260107_Thermal_HKUST/DCIM/DJI_202601071424_001/DJI_20260107144730_0117_T.JPG,paired,exact_base_name,0,no,
20260107_Thermal_HKUST/DCIM/DJI_202601071424_001::DJI_20260107144735_0118,20260107_Thermal_HKUST,HKUST,2026-01-07,DJI_202601071424_001,DJI_20260107144735_0118,0118,data/raw/HKUST/20260107_Thermal_HKUST/DCIM/DJI_202601071424_001/DJI_20260107144735_0118_V.JPG,data/raw/HKUST/20260107_Thermal_HKUST/DCIM/DJI_202601071424_001/DJI_20260107144735_0118_T.JPG,paired,exact_base_name,0,no,
20260107_Thermal_HKUST/DCIM/DJI_202601071424_001::DJI_20260107144740_0119,20260107_Thermal_HKUST,HKUST,2026-01-07,DJI_202601071424_001,DJI_20260107144740_0119,0119,data/raw/HKUST/20260107_Thermal_HKUST/DCIM/DJI_202601071424_001/DJI_20260107144740_0119_V.JPG,data/raw/HKUST/20260107_Thermal_HKUST/DCIM/DJI_202601071424_001/DJI_20260107144740_0119_T.JPG,paired,exact_base_name,0,no,
20260107_Thermal_HKUST/DCIM/DJI_202601071424_001::DJI_20260107144745_0120,20260107_Thermal_HKUST,HKUST,2026-01-07,DJI_202601071424_001,DJI_20260107144745_0120,0120,data/raw/HKUST/20260107_Thermal_HKUST/DCIM/DJI_202601071424_001/DJI_20260107144745_0120_V.JPG,data/raw/HKUST/20260107_Thermal_HKUST/DCIM/DJI_202601071424_001/DJI_20260107144745_0120_T.JPG,paired,exact_base_name,0,no,
20260107_Thermal_HKUST/DCIM/DJI_202601071424_001::DJI_20260107144750_0121,20260107_Thermal_HKUST,HKUST,2026-01-07,DJI_202601071424_001,DJI_20260107144750_0121,0121,data/raw/HKUST/20260107_Thermal_HKUST/DCIM/DJI_202601071424_001/DJI_20260107144750_0121_V.JPG,data/raw/HKUST/20260107_Thermal_HKUST/DCIM/DJI_202601071424_001/DJI_20260107144750_0121_T.JPG,paired,exact_base_name,0,no,
20260107_Thermal_HKUST/DCIM/DJI_202601071424_001::DJI_20260107144755_0122,20260107_Thermal_HKUST,HKUST,2026-01-07,DJI_202601071424_001,DJI_20260107144755_0122,0122,data/raw/HKUST/20260107_Thermal_HKUST/DCIM/DJI_202601071424_001/DJI_20260107144755_0122_V.JPG,data/raw/HKUST/20260107_Thermal_HKUST/DCIM/DJI_202601071424_001/DJI_20260107144755_0122_T.JPG,paired,exact_base_name,0,no,
20260107_Thermal_HKUST/DCIM/DJI_202601071424_001::DJI_20260107144800_0123,20260107_Thermal_HKUST,HKUST,2026-01-07,DJI_202601071424_001,DJI_20260107144800_0123,0123,data/raw/HKUST/20260107_Thermal_HKUST/DCIM/DJI_202601071424_001/DJI_20260107144800_0123_V.JPG,data/raw/HKUST/20260107_Thermal_HKUST/DCIM/DJI_202601071424_001/DJI_20260107144800_0123_T.JPG,paired,exact_base_name,0,no,
20260107_Thermal_HKUST/DCIM/DJI_202601071424_001::DJI_20260107144805_0124,20260107_Thermal_HKUST,HKUST,2026-01-07,DJI_202601071424_001,DJI_20260107144805_0124,0124,data/raw/HKUST/20260107_Thermal_HKUST/DCIM/DJI_202601071424_001/DJI_20260107144805_0124_V.JPG,data/raw/HKUST/20260107_Thermal_HKUST/DCIM/DJI_202601071424_001/DJI_20260107144805_0124_T.JPG,paired,exact_base_name,0,no,
20260107_Thermal_HKUST/DCIM/DJI_202601071424_001::DJI_20260107144810_0125,20260107_Thermal_HKUST,HKUST,2026-01-07,DJI_202601071424_001,DJI_20260107144810_0125,0125,data/raw/HKUST/20260107_Thermal_HKUST/DCIM/DJI_202601071424_001/DJI_20260107144810_0125_V.JPG,data/raw/HKUST/20260107_Thermal_HKUST/DCIM/DJI_202601071424_001/DJI_20260107144810_0125_T.JPG,paired,exact_base_name,0,no,
20260107_Thermal_HKUST/DCIM/DJI_202601071424_001::DJI_20260107144815_0126,20260107_Thermal_HKUST,HKUST,2026-01-07,DJI_202601071424_001,DJI_20260107144815_0126,0126,data/raw/HKUST/20260107_Thermal_HKUST/DCIM/DJI_202601071424_001/DJI_20260107144815_0126_V.JPG,data/raw/HKUST/20260107_Thermal_HKUST/DCIM/DJI_202601071424_001/DJI_20260107144815_0126_T.JPG,paired,exact_base_name,0,no,
20260107_Thermal_HKUST/DCIM/DJI_202601071424_001::DJI_20260107144820_0127,20260107_Thermal_HKUST,HKUST,2026-01-07,DJI_202601071424_001,DJI_20260107144820_0127,0127,data/raw/HKUST/20260107_Thermal_HKUST/DCIM/DJI_202601071424_001/DJI_20260107144820_0127_V.JPG,data/raw/HKUST/20260107_Thermal_HKUST/DCIM/DJI_202601071424_001/DJI_20260107144820_0127_T.JPG,paired,exact_base_name,0,no,
20260107_Thermal_HKUST/DCIM/DJI_202601071424_001::DJI_20260107144825_0128,20260107_Thermal_HKUST,HKUST,2026-01-07,DJI_202601071424_001,DJI_20260107144825_0128,0128,data/raw/HKUST/20260107_Thermal_HKUST/DCIM/DJI_202601071424_001/DJI_20260107144825_0128_V.JPG,data/raw/HKUST/20260107_Thermal_HKUST/DCIM/DJI_202601071424_001/DJI_20260107144825_0128_T.JPG,paired,exact_base_name,0,no,
20260107_Thermal_HKUST/DCIM/DJI_202601071424_001::DJI_20260107144830_0129,20260107_Thermal_HKUST,HKUST,2026-01-07,DJI_202601071424_001,DJI_20260107144830_0129,0129,data/raw/HKUST/20260107_Thermal_HKUST/DCIM/DJI_202601071424_001/DJI_20260107144830_0129_V.JPG,data/raw/HKUST/20260107_Thermal_HKUST/DCIM/DJI_202601071424_001/DJI_20260107144830_0129_T.JPG,paired,exact_base_name,0,no,
20260107_Thermal_HKUST/DCIM/DJI_202601071424_001::DJI_20260107144835_0130,20260107_Thermal_HKUST,HKUST,2026-01-07,DJI_202601071424_001,DJI_20260107144835_0130,0130,data/raw/HKUST/20260107_Thermal_HKUST/DCIM/DJI_202601071424_001/DJI_20260107144835_0130_V.JPG,data/raw/HKUST/20260107_Thermal_HKUST/DCIM/DJI_202601071424_001/DJI_20260107144835_0130_T.JPG,paired,exact_base_name,0,no,
20260107_Thermal_HKUST/DCIM/DJI_202601071424_001::DJI_20260107144840_0131,20260107_Thermal_HKUST,HKUST,2026-01-07,DJI_202601071424_001,DJI_20260107144840_0131,0131,data/raw/HKUST/20260107_Thermal_HKUST/DCIM/DJI_202601071424_001/DJI_20260107144840_0131_V.JPG,data/raw/HKUST/20260107_Thermal_HKUST/DCIM/DJI_202601071424_001/DJI_20260107144840_0131_T.JPG,paired,exact_base_name,0,no,
20260107_Thermal_HKUST/DCIM/DJI_202601071424_001::DJI_20260107144845_0132,20260107_Thermal_HKUST,HKUST,2026-01-07,DJI_202601071424_001,DJI_20260107144845_0132,0132,data/raw/HKUST/20260107_Thermal_HKUST/DCIM/DJI_202601071424_001/DJI_20260107144845_0132_V.JPG,data/raw/HKUST/20260107_Thermal_HKUST/DCIM/DJI_202601071424_001/DJI_20260107144845_0132_T.JPG,paired,exact_base_name,0,no,
20260107_Thermal_HKUST/DCIM/DJI_202601071424_001::DJI_20260107144850_0133,20260107_Thermal_HKUST,HKUST,2026-01-07,DJI_202601071424_001,DJI_20260107144850_0133,0133,data/raw/HKUST/20260107_Thermal_HKUST/DCIM/DJI_202601071424_001/DJI_20260107144850_0133_V.JPG,data/raw/HKUST/20260107_Thermal_HKUST/DCIM/DJI_202601071424_001/DJI_20260107144850_0133_T.JPG,paired,exact_base_name,0,no,
20260107_Thermal_HKUST/DCIM/DJI_202601071424_001::DJI_20260107144855_0134,20260107_Thermal_HKUST,HKUST,2026-01-07,DJI_202601071424_001,DJI_20260107144855_0134,0134,data/raw/HKUST/20260107_Thermal_HKUST/DCIM/DJI_202601071424_001/DJI_20260107144855_0134_V.JPG,data/raw/HKUST/20260107_Thermal_HKUST/DCIM/DJI_202601071424_001/DJI_20260107144855_0134_T.JPG,paired,exact_base_name,0,no,
20260107_Thermal_HKUST/DCIM/DJI_202601071424_001::DJI_20260107144900_0135,20260107_Thermal_HKUST,HKUST,2026-01-07,DJI_202601071424_001,DJI_20260107144900_0135,0135,data/raw/HKUST/20260107_Thermal_HKUST/DCIM/DJI_202601071424_001/DJI_20260107144900_0135_V.JPG,data/raw/HKUST/20260107_Thermal_HKUST/DCIM/DJI_202601071424_001/DJI_20260107144900_0135_T.JPG,paired,exact_base_name,0,no,
20260107_Thermal_HKUST/DCIM/DJI_202601071424_001::DJI_20260107144905_0136,20260107_Thermal_HKUST,HKUST,2026-01-07,DJI_202601071424_001,DJI_20260107144905_0136,0136,data/raw/HKUST/20260107_Thermal_HKUST/DCIM/DJI_202601071424_001/DJI_20260107144905_0136_V.JPG,data/raw/HKUST/20260107_Thermal_HKUST/DCIM/DJI_202601071424_001/DJI_20260107144905_0136_T.JPG,paired,exact_base_name,0,no,
20260107_Thermal_HKUST/DCIM/DJI_202601071424_001::DJI_20260107144910_0137,20260107_Thermal_HKUST,HKUST,2026-01-07,DJI_202601071424_001,DJI_20260107144910_0137,0137,data/raw/HKUST/20260107_Thermal_HKUST/DCIM/DJI_202601071424_001/DJI_20260107144910_0137_V.JPG,data/raw/HKUST/20260107_Thermal_HKUST/DCIM/DJI_202601071424_001/DJI_20260107144910_0137_T.JPG,paired,exact_base_name,0,no,
20260107_Thermal_HKUST/DCIM/DJI_202601071424_001::DJI_20260107144915_0138,20260107_Thermal_HKUST,HKUST,2026-01-07,DJI_202601071424_001,DJI_20260107144915_0138,0138,data/raw/HKUST/20260107_Thermal_HKUST/DCIM/DJI_202601071424_001/DJI_20260107144915_0138_V.JPG,data/raw/HKUST/20260107_Thermal_HKUST/DCIM/DJI_202601071424_001/DJI_20260107144915_0138_T.JPG,paired,exact_base_name,0,no,
20260107_Thermal_HKUST/DCIM/DJI_202601071424_001::DJI_20260107144920_0139,20260107_Thermal_HKUST,HKUST,2026-01-07,DJI_202601071424_001,DJI_20260107144920_0139,0139,data/raw/HKUST/20260107_Thermal_HKUST/DCIM/DJI_202601071424_001/DJI_20260107144920_0139_V.JPG,data/raw/HKUST/20260107_Thermal_HKUST/DCIM/DJI_202601071424_001/DJI_20260107144920_0139_T.JPG,paired,exact_base_name,0,no,
20260107_Thermal_HKUST/DCIM/DJI_202601071424_001::DJI_20260107144925_0140,20260107_Thermal_HKUST,HKUST,2026-01-07,DJI_202601071424_001,DJI_20260107144925_0140,0140,data/raw/HKUST/20260107_Thermal_HKUST/DCIM/DJI_202601071424_001/DJI_20260107144925_0140_V.JPG,data/raw/HKUST/20260107_Thermal_HKUST/DCIM/DJI_202601071424_001/DJI_20260107144925_0140_T.JPG,paired,exact_base_name,0,no,
20260107_Thermal_HKUST/DCIM/DJI_202601071424_001::DJI_20260107144930_0141,20260107_Thermal_HKUST,HKUST,2026-01-07,DJI_202601071424_001,DJI_20260107144930_0141,0141,data/raw/HKUST/20260107_Thermal_HKUST/DCIM/DJI_202601071424_001/DJI_20260107144930_0141_V.JPG,data/raw/HKUST/20260107_Thermal_HKUST/DCIM/DJI_202601071424_001/DJI_20260107144930_0141_T.JPG,paired,exact_base_name,0,no,
20260107_Thermal_HKUST/DCIM/DJI_202601071424_001::DJI_20260107144935_0142,20260107_Thermal_HKUST,HKUST,2026-01-07,DJI_202601071424_001,DJI_20260107144935_0142,0142,data/raw/HKUST/20260107_Thermal_HKUST/DCIM/DJI_202601071424_001/DJI_20260107144935_0142_V.JPG,data/raw/HKUST/20260107_Thermal_HKUST/DCIM/DJI_202601071424_001/DJI_20260107144935_0142_T.JPG,paired,exact_base_name,0,no,
20260107_Thermal_HKUST/DCIM/DJI_202601071424_001::DJI_20260107144940_0143,20260107_Thermal_HKUST,HKUST,2026-01-07,DJI_202601071424_001,DJI_20260107144940_0143,0143,data/raw/HKUST/20260107_Thermal_HKUST/DCIM/DJI_202601071424_001/DJI_20260107144940_0143_V.JPG,data/raw/HKUST/20260107_Thermal_HKUST/DCIM/DJI_202601071424_001/DJI_20260107144940_0143_T.JPG,paired,exact_base_name,0,no,
20260107_Thermal_HKUST/DCIM/DJI_202601071424_001::DJI_20260107144945_0144,20260107_Thermal_HKUST,HKUST,2026-01-07,DJI_202601071424_001,DJI_20260107144945_0144,0144,data/raw/HKUST/20260107_Thermal_HKUST/DCIM/DJI_202601071424_001/DJI_20260107144945_0144_V.JPG,data/raw/HKUST/20260107_Thermal_HKUST/DCIM/DJI_202601071424_001/DJI_20260107144945_0144_T.JPG,paired,exact_base_name,0,no,
20260107_Thermal_HKUST/DCIM/DJI_202601071424_001::DJI_20260107144950_0145,20260107_Thermal_HKUST,HKUST,2026-01-07,DJI_202601071424_001,DJI_20260107144950_0145,0145,data/raw/HKUST/20260107_Thermal_HKUST/DCIM/DJI_202601071424_001/DJI_20260107144950_0145_V.JPG,data/raw/HKUST/20260107_Thermal_HKUST/DCIM/DJI_202601071424_001/DJI_20260107144950_0145_T.JPG,paired,exact_base_name,0,no,
20260107_Thermal_HKUST/DCIM/DJI_202601071424_001::DJI_20260107144955_0146,20260107_Thermal_HKUST,HKUST,2026-01-07,DJI_202601071424_001,DJI_20260107144955_0146,0146,data/raw/HKUST/20260107_Thermal_HKUST/DCIM/DJI_202601071424_001/DJI_20260107144955_0146_V.JPG,data/raw/HKUST/20260107_Thermal_HKUST/DCIM/DJI_202601071424_001/DJI_20260107144955_0146_T.JPG,paired,exact_base_name,0,no,
20260107_Thermal_HKUST/DCIM/DJI_202601071453_002::sample_0005,20260107_Thermal_HKUST,HKUST,2026-01-07,DJI_202601071453_002,sample_0005,0005,data/raw/HKUST/20260107_Thermal_HKUST/DCIM/DJI_202601071453_002/DJI_20260107150613_0005_V.JPG,data/raw/HKUST/20260107_Thermal_HKUST/DCIM/DJI_202601071453_002/DJI_20260107150614_0005_T.JPG,paired,session_sample_number,1,no,fallback base names: V=DJI_20260107150613_0005; T=DJI_20260107150614_0005
20260107_Thermal_HKUST/DCIM/DJI_202601071453_002::sample_0007,20260107_Thermal_HKUST,HKUST,2026-01-07,DJI_202601071453_002,sample_0007,0007,data/raw/HKUST/20260107_Thermal_HKUST/DCIM/DJI_202601071453_002/DJI_20260107150622_0007_V.JPG,data/raw/HKUST/20260107_Thermal_HKUST/DCIM/DJI_202601071453_002/DJI_20260107150623_0007_T.JPG,paired,session_sample_number,1,no,fallback base names: V=DJI_20260107150622_0007; T=DJI_20260107150623_0007
20260107_Thermal_HKUST/DCIM/DJI_202601071453_002::DJI_20260107150631_0008,20260107_Thermal_HKUST,HKUST,2026-01-07,DJI_202601071453_002,DJI_20260107150631_0008,0008,data/raw/HKUST/20260107_Thermal_HKUST/DCIM/DJI_202601071453_002/DJI_20260107150631_0008_V.JPG,data/raw/HKUST/20260107_Thermal_HKUST/DCIM/DJI_202601071453_002/DJI_20260107150631_0008_T.JPG,paired,exact_base_name,0,no,
20260107_Thermal_HKUST/DCIM/DJI_202601071453_002::DJI_20260107150634_0009,20260107_Thermal_HKUST,HKUST,2026-01-07,DJI_202601071453_002,DJI_20260107150634_0009,0009,data/raw/HKUST/20260107_Thermal_HKUST/DCIM/DJI_202601071453_002/DJI_20260107150634_0009_V.JPG,data/raw/HKUST/20260107_Thermal_HKUST/DCIM/DJI_202601071453_002/DJI_20260107150634_0009_T.JPG,paired,exact_base_name,0,no,
20260107_Thermal_HKUST/DCIM/DJI_202601071453_002::DJI_20260107150636_0010,20260107_Thermal_HKUST,HKUST,2026-01-07,DJI_202601071453_002,DJI_20260107150636_0010,0010,data/raw/HKUST/20260107_Thermal_HKUST/DCIM/DJI_202601071453_002/DJI_20260107150636_0010_V.JPG,data/raw/HKUST/20260107_Thermal_HKUST/DCIM/DJI_202601071453_002/DJI_20260107150636_0010_T.JPG,paired,exact_base_name,0,no,
20260107_Thermal_HKUST/DCIM/DJI_202601071453_002::DJI_20260107150641_0011,20260107_Thermal_HKUST,HKUST,2026-01-07,DJI_202601071453_002,DJI_20260107150641_0011,0011,data/raw/HKUST/20260107_Thermal_HKUST/DCIM/DJI_202601071453_002/DJI_20260107150641_0011_V.JPG,data/raw/HKUST/20260107_Thermal_HKUST/DCIM/DJI_202601071453_002/DJI_20260107150641_0011_T.JPG,paired,exact_base_name,0,no,
20260107_Thermal_HKUST/DCIM/DJI_202601071453_002::sample_0012,20260107_Thermal_HKUST,HKUST,2026-01-07,DJI_202601071453_002,sample_0012,0012,data/raw/HKUST/20260107_Thermal_HKUST/DCIM/DJI_202601071453_002/DJI_20260107150643_0012_V.JPG,data/raw/HKUST/20260107_Thermal_HKUST/DCIM/DJI_202601071453_002/DJI_20260107150644_0012_T.JPG,paired,session_sample_number,1,no,fallback base names: V=DJI_20260107150643_0012; T=DJI_20260107150644_0012
20260107_Thermal_HKUST/DCIM/DJI_202601071453_002::DJI_20260107150646_0013,20260107_Thermal_HKUST,HKUST,2026-01-07,DJI_202601071453_002,DJI_20260107150646_0013,0013,data/raw/HKUST/20260107_Thermal_HKUST/DCIM/DJI_202601071453_002/DJI_20260107150646_0013_V.JPG,data/raw/HKUST/20260107_Thermal_HKUST/DCIM/DJI_202601071453_002/DJI_20260107150646_0013_T.JPG,paired,exact_base_name,0,no,
20260107_Thermal_HKUST/DCIM/DJI_202601071453_002::DJI_20260107150649_0014,20260107_Thermal_HKUST,HKUST,2026-01-07,DJI_202601071453_002,DJI_20260107150649_0014,0014,data/raw/HKUST/20260107_Thermal_HKUST/DCIM/DJI_202601071453_002/DJI_20260107150649_0014_V.JPG,data/raw/HKUST/20260107_Thermal_HKUST/DCIM/DJI_202601071453_002/DJI_20260107150649_0014_T.JPG,paired,exact_base_name,0,no,
20260107_Thermal_HKUST/DCIM/DJI_202601071453_002::sample_0015,20260107_Thermal_HKUST,HKUST,2026-01-07,DJI_202601071453_002,sample_0015,0015,data/raw/HKUST/20260107_Thermal_HKUST/DCIM/DJI_202601071453_002/DJI_20260107150651_0015_V.JPG,data/raw/HKUST/20260107_Thermal_HKUST/DCIM/DJI_202601071453_002/DJI_20260107150652_0015_T.JPG,paired,session_sample_number,1,no,fallback base names: V=DJI_20260107150651_0015; T=DJI_20260107150652_0015
20260107_Thermal_HKUST/DCIM/DJI_202601071453_002::DJI_20260107150654_0016,20260107_Thermal_HKUST,HKUST,2026-01-07,DJI_202601071453_002,DJI_20260107150654_0016,0016,data/raw/HKUST/20260107_Thermal_HKUST/DCIM/DJI_202601071453_002/DJI_20260107150654_0016_V.JPG,data/raw/HKUST/20260107_Thermal_HKUST/DCIM/DJI_202601071453_002/DJI_20260107150654_0016_T.JPG,paired,exact_base_name,0,no,
20260107_Thermal_HKUST/DCIM/DJI_202601071453_002::DJI_20260107150658_0017,20260107_Thermal_HKUST,HKUST,2026-01-07,DJI_202601071453_002,DJI_20260107150658_0017,0017,data/raw/HKUST/20260107_Thermal_HKUST/DCIM/DJI_202601071453_002/DJI_20260107150658_0017_V.JPG,data/raw/HKUST/20260107_Thermal_HKUST/DCIM/DJI_202601071453_002/DJI_20260107150658_0017_T.JPG,paired,exact_base_name,0,no,
20260107_Thermal_HKUST/DCIM/DJI_202601071453_002::DJI_20260107150702_0018,20260107_Thermal_HKUST,HKUST,2026-01-07,DJI_202601071453_002,DJI_20260107150702_0018,0018,data/raw/HKUST/20260107_Thermal_HKUST/DCIM/DJI_202601071453_002/DJI_20260107150702_0018_V.JPG,data/raw/HKUST/20260107_Thermal_HKUST/DCIM/DJI_202601071453_002/DJI_20260107150702_0018_T.JPG,paired,exact_base_name,0,no,
20260107_Thermal_HKUST/DCIM/DJI_202601071453_002::sample_0021,20260107_Thermal_HKUST,HKUST,2026-01-07,DJI_202601071453_002,sample_0021,0021,data/raw/HKUST/20260107_Thermal_HKUST/DCIM/DJI_202601071453_002/DJI_20260107151101_0021_V.JPG,data/raw/HKUST/20260107_Thermal_HKUST/DCIM/DJI_202601071453_002/DJI_20260107151102_0021_T.JPG,paired,session_sample_number,1,no,fallback base names: V=DJI_20260107151101_0021; T=DJI_20260107151102_0021
20260107_Thermal_HKUST/DCIM/DJI_202601071453_002::DJI_20260107151107_0022,20260107_Thermal_HKUST,HKUST,2026-01-07,DJI_202601071453_002,DJI_20260107151107_0022,0022,data/raw/HKUST/20260107_Thermal_HKUST/DCIM/DJI_202601071453_002/DJI_20260107151107_0022_V.JPG,data/raw/HKUST/20260107_Thermal_HKUST/DCIM/DJI_202601071453_002/DJI_20260107151107_0022_T.JPG,paired,exact_base_name,0,no,
20260107_Thermal_HKUST/DCIM/DJI_202601071453_002::DJI_20260107151109_0023,20260107_Thermal_HKUST,HKUST,2026-01-07,DJI_202601071453_002,DJI_20260107151109_0023,0023,data/raw/HKUST/20260107_Thermal_HKUST/DCIM/DJI_202601071453_002/DJI_20260107151109_0023_V.JPG,data/raw/HKUST/20260107_Thermal_HKUST/DCIM/DJI_202601071453_002/DJI_20260107151109_0023_T.JPG,paired,exact_base_name,0,no,
20260107_Thermal_HKUST/DCIM/DJI_202601071453_002::DJI_20260107151118_0024,20260107_Thermal_HKUST,HKUST,2026-01-07,DJI_202601071453_002,DJI_20260107151118_0024,0024,data/raw/HKUST/20260107_Thermal_HKUST/DCIM/DJI_202601071453_002/DJI_20260107151118_0024_V.JPG,data/raw/HKUST/20260107_Thermal_HKUST/DCIM/DJI_202601071453_002/DJI_20260107151118_0024_T.JPG,paired,exact_base_name,0,no,
20260107_Thermal_HKUST/DCIM/DJI_202601071453_002::sample_0025,20260107_Thermal_HKUST,HKUST,2026-01-07,DJI_202601071453_002,sample_0025,0025,data/raw/HKUST/20260107_Thermal_HKUST/DCIM/DJI_202601071453_002/DJI_20260107151128_0025_V.JPG,data/raw/HKUST/20260107_Thermal_HKUST/DCIM/DJI_202601071453_002/DJI_20260107151129_0025_T.JPG,paired,session_sample_number,1,no,fallback base names: V=DJI_20260107151128_0025; T=DJI_20260107151129_0025
20260107_Thermal_HKUST/DCIM/DJI_202601071453_002::DJI_20260107151131_0026,20260107_Thermal_HKUST,HKUST,2026-01-07,DJI_202601071453_002,DJI_20260107151131_0026,0026,data/raw/HKUST/20260107_Thermal_HKUST/DCIM/DJI_202601071453_002/DJI_20260107151131_0026_V.JPG,data/raw/HKUST/20260107_Thermal_HKUST/DCIM/DJI_202601071453_002/DJI_20260107151131_0026_T.JPG,paired,exact_base_name,0,no,
20260109_Thermal_HKUST/DCIM/DJI_202601091403_001::DJI_20260109141023_0001,20260109_Thermal_HKUST,HKUST,2026-01-09,DJI_202601091403_001,DJI_20260109141023_0001,0001,data/raw/HKUST/20260109_Thermal_HKUST/DCIM/DJI_202601091403_001/DJI_20260109141023_0001_V.JPG,data/raw/HKUST/20260109_Thermal_HKUST/DCIM/DJI_202601091403_001/DJI_20260109141023_0001_T.JPG,paired,exact_base_name,0,no,
20260109_Thermal_HKUST/DCIM/DJI_202601091403_001::DJI_20260109141028_0003,20260109_Thermal_HKUST,HKUST,2026-01-09,DJI_202601091403_001,DJI_20260109141028_0003,0003,data/raw/HKUST/20260109_Thermal_HKUST/DCIM/DJI_202601091403_001/DJI_20260109141028_0003_V.JPG,data/raw/HKUST/20260109_Thermal_HKUST/DCIM/DJI_202601091403_001/DJI_20260109141028_0003_T.JPG,paired,exact_base_name,0,no,
20260109_Thermal_HKUST/DCIM/DJI_202601091403_001::DJI_20260109141039_0004,20260109_Thermal_HKUST,HKUST,2026-01-09,DJI_202601091403_001,DJI_20260109141039_0004,0004,data/raw/HKUST/20260109_Thermal_HKUST/DCIM/DJI_202601091403_001/DJI_20260109141039_0004_V.JPG,data/raw/HKUST/20260109_Thermal_HKUST/DCIM/DJI_202601091403_001/DJI_20260109141039_0004_T.JPG,paired,exact_base_name,0,no,
20260109_Thermal_HKUST/DCIM/DJI_202601091403_001::DJI_20260109141129_0005,20260109_Thermal_HKUST,HKUST,2026-01-09,DJI_202601091403_001,DJI_20260109141129_0005,0005,data/raw/HKUST/20260109_Thermal_HKUST/DCIM/DJI_202601091403_001/DJI_20260109141129_0005_V.JPG,data/raw/HKUST/20260109_Thermal_HKUST/DCIM/DJI_202601091403_001/DJI_20260109141129_0005_T.JPG,paired,exact_base_name,0,no,
20260109_Thermal_HKUST/DCIM/DJI_202601091403_001::DJI_20260109141132_0006,20260109_Thermal_HKUST,HKUST,2026-01-09,DJI_202601091403_001,DJI_20260109141132_0006,0006,data/raw/HKUST/20260109_Thermal_HKUST/DCIM/DJI_202601091403_001/DJI_20260109141132_0006_V.JPG,data/raw/HKUST/20260109_Thermal_HKUST/DCIM/DJI_202601091403_001/DJI_20260109141132_0006_T.JPG,paired,exact_base_name,0,no,
20260109_Thermal_HKUST/DCIM/DJI_202601091403_001::DJI_20260109141135_0007,20260109_Thermal_HKUST,HKUST,2026-01-09,DJI_202601091403_001,DJI_20260109141135_0007,0007,data/raw/HKUST/20260109_Thermal_HKUST/DCIM/DJI_202601091403_001/DJI_20260109141135_0007_V.JPG,data/raw/HKUST/20260109_Thermal_HKUST/DCIM/DJI_202601091403_001/DJI_20260109141135_0007_T.JPG,paired,exact_base_name,0,no,
20260109_Thermal_HKUST/DCIM/DJI_202601091403_001::DJI_20260109141150_0008,20260109_Thermal_HKUST,HKUST,2026-01-09,DJI_202601091403_001,DJI_20260109141150_0008,0008,data/raw/HKUST/20260109_Thermal_HKUST/DCIM/DJI_202601091403_001/DJI_20260109141150_0008_V.JPG,data/raw/HKUST/20260109_Thermal_HKUST/DCIM/DJI_202601091403_001/DJI_20260109141150_0008_T.JPG,paired,exact_base_name,0,no,
20260109_Thermal_HKUST/DCIM/DJI_202601091403_001::sample_0009,20260109_Thermal_HKUST,HKUST,2026-01-09,DJI_202601091403_001,sample_0009,0009,data/raw/HKUST/20260109_Thermal_HKUST/DCIM/DJI_202601091403_001/DJI_20260109141227_0009_V.JPG,data/raw/HKUST/20260109_Thermal_HKUST/DCIM/DJI_202601091403_001/DJI_20260109141228_0009_T.JPG,paired,session_sample_number,1,no,fallback base names: V=DJI_20260109141227_0009; T=DJI_20260109141228_0009
20260109_Thermal_HKUST/DCIM/DJI_202601091403_001::sample_0010,20260109_Thermal_HKUST,HKUST,2026-01-09,DJI_202601091403_001,sample_0010,0010,data/raw/HKUST/20260109_Thermal_HKUST/DCIM/DJI_202601091403_001/DJI_20260109141231_0010_V.JPG,data/raw/HKUST/20260109_Thermal_HKUST/DCIM/DJI_202601091403_001/DJI_20260109141232_0010_T.JPG,paired,session_sample_number,1,no,fallback base names: V=DJI_20260109141231_0010; T=DJI_20260109141232_0010
20260109_Thermal_HKUST/DCIM/DJI_202601091403_001::DJI_20260109141235_0011,20260109_Thermal_HKUST,HKUST,2026-01-09,DJI_202601091403_001,DJI_20260109141235_0011,0011,data/raw/HKUST/20260109_Thermal_HKUST/DCIM/DJI_202601091403_001/DJI_20260109141235_0011_V.JPG,data/raw/HKUST/20260109_Thermal_HKUST/DCIM/DJI_202601091403_001/DJI_20260109141235_0011_T.JPG,paired,exact_base_name,0,no,
20260109_Thermal_HKUST/DCIM/DJI_202601091403_001::DJI_20260109141238_0012,20260109_Thermal_HKUST,HKUST,2026-01-09,DJI_202601091403_001,DJI_20260109141238_0012,0012,data/raw/HKUST/20260109_Thermal_HKUST/DCIM/DJI_202601091403_001/DJI_20260109141238_0012_V.JPG,data/raw/HKUST/20260109_Thermal_HKUST/DCIM/DJI_202601091403_001/DJI_20260109141238_0012_T.JPG,paired,exact_base_name,0,no,
20260109_Thermal_HKUST/DCIM/DJI_202601091403_001::DJI_20260109141313_0013,20260109_Thermal_HKUST,HKUST,2026-01-09,DJI_202601091403_001,DJI_20260109141313_0013,0013,data/raw/HKUST/20260109_Thermal_HKUST/DCIM/DJI_202601091403_001/DJI_20260109141313_0013_V.JPG,data/raw/HKUST/20260109_Thermal_HKUST/DCIM/DJI_202601091403_001/DJI_20260109141313_0013_T.JPG,paired,exact_base_name,0,no,
20260109_Thermal_HKUST/DCIM/DJI_202601091403_001::DJI_20260109141317_0014,20260109_Thermal_HKUST,HKUST,2026-01-09,DJI_202601091403_001,DJI_20260109141317_0014,0014,data/raw/HKUST/20260109_Thermal_HKUST/DCIM/DJI_202601091403_001/DJI_20260109141317_0014_V.JPG,data/raw/HKUST/20260109_Thermal_HKUST/DCIM/DJI_202601091403_001/DJI_20260109141317_0014_T.JPG,paired,exact_base_name,0,no,
20260109_Thermal_HKUST/DCIM/DJI_202601091403_001::DJI_20260109141319_0015,20260109_Thermal_HKUST,HKUST,2026-01-09,DJI_202601091403_001,DJI_20260109141319_0015,0015,data/raw/HKUST/20260109_Thermal_HKUST/DCIM/DJI_202601091403_001/DJI_20260109141319_0015_V.JPG,data/raw/HKUST/20260109_Thermal_HKUST/DCIM/DJI_202601091403_001/DJI_20260109141319_0015_T.JPG,paired,exact_base_name,0,no,
20260109_Thermal_HKUST/DCIM/DJI_202601091403_001::DJI_20260109141356_0016,20260109_Thermal_HKUST,HKUST,2026-01-09,DJI_202601091403_001,DJI_20260109141356_0016,0016,data/raw/HKUST/20260109_Thermal_HKUST/DCIM/DJI_202601091403_001/DJI_20260109141356_0016_V.JPG,data/raw/HKUST/20260109_Thermal_HKUST/DCIM/DJI_202601091403_001/DJI_20260109141356_0016_T.JPG,paired,exact_base_name,0,no,
20260109_Thermal_HKUST/DCIM/DJI_202601091403_001::sample_0017,20260109_Thermal_HKUST,HKUST,2026-01-09,DJI_202601091403_001,sample_0017,0017,data/raw/HKUST/20260109_Thermal_HKUST/DCIM/DJI_202601091403_001/DJI_20260109141359_0017_V.JPG,data/raw/HKUST/20260109_Thermal_HKUST/DCIM/DJI_202601091403_001/DJI_20260109141400_0017_T.JPG,paired,session_sample_number,1,no,fallback base names: V=DJI_20260109141359_0017; T=DJI_20260109141400_0017
20260109_Thermal_HKUST/DCIM/DJI_202601091403_001::DJI_20260109141421_0018,20260109_Thermal_HKUST,HKUST,2026-01-09,DJI_202601091403_001,DJI_20260109141421_0018,0018,data/raw/HKUST/20260109_Thermal_HKUST/DCIM/DJI_202601091403_001/DJI_20260109141421_0018_V.JPG,data/raw/HKUST/20260109_Thermal_HKUST/DCIM/DJI_202601091403_001/DJI_20260109141421_0018_T.JPG,paired,exact_base_name,0,no,
20260109_Thermal_HKUST/DCIM/DJI_202601091403_001::DJI_20260109141424_0019,20260109_Thermal_HKUST,HKUST,2026-01-09,DJI_202601091403_001,DJI_20260109141424_0019,0019,data/raw/HKUST/20260109_Thermal_HKUST/DCIM/DJI_202601091403_001/DJI_20260109141424_0019_V.JPG,data/raw/HKUST/20260109_Thermal_HKUST/DCIM/DJI_202601091403_001/DJI_20260109141424_0019_T.JPG,paired,exact_base_name,0,no,
20260109_Thermal_HKUST/DCIM/DJI_202601091403_001::DJI_20260109141426_0020,20260109_Thermal_HKUST,HKUST,2026-01-09,DJI_202601091403_001,DJI_20260109141426_0020,0020,data/raw/HKUST/20260109_Thermal_HKUST/DCIM/DJI_202601091403_001/DJI_20260109141426_0020_V.JPG,data/raw/HKUST/20260109_Thermal_HKUST/DCIM/DJI_202601091403_001/DJI_20260109141426_0020_T.JPG,paired,exact_base_name,0,no,
20260109_Thermal_HKUST/DCIM/DJI_202601091403_001::sample_0021,20260109_Thermal_HKUST,HKUST,2026-01-09,DJI_202601091403_001,sample_0021,0021,data/raw/HKUST/20260109_Thermal_HKUST/DCIM/DJI_202601091403_001/DJI_20260109141431_0021_V.JPG,data/raw/HKUST/20260109_Thermal_HKUST/DCIM/DJI_202601091403_001/DJI_20260109141432_0021_T.JPG,paired,session_sample_number,1,no,fallback base names: V=DJI_20260109141431_0021; T=DJI_20260109141432_0021
20260109_Thermal_HKUST/DCIM/DJI_202601091403_001::DJI_20260109141512_0022,20260109_Thermal_HKUST,HKUST,2026-01-09,DJI_202601091403_001,DJI_20260109141512_0022,0022,data/raw/HKUST/20260109_Thermal_HKUST/DCIM/DJI_202601091403_001/DJI_20260109141512_0022_V.JPG,data/raw/HKUST/20260109_Thermal_HKUST/DCIM/DJI_202601091403_001/DJI_20260109141512_0022_T.JPG,paired,exact_base_name,0,no,
20260109_Thermal_HKUST/DCIM/DJI_202601091403_001::DJI_20260109142020_0024,20260109_Thermal_HKUST,HKUST,2026-01-09,DJI_202601091403_001,DJI_20260109142020_0024,0024,data/raw/HKUST/20260109_Thermal_HKUST/DCIM/DJI_202601091403_001/DJI_20260109142020_0024_V.JPG,data/raw/HKUST/20260109_Thermal_HKUST/DCIM/DJI_202601091403_001/DJI_20260109142020_0024_T.JPG,paired,exact_base_name,0,no,
20260202_Thermal_HKUST/DCIM/DJI_202602020853_001::DJI_20260202085709_0003,20260202_Thermal_HKUST,HKUST,2026-02-02,DJI_202602020853_001,DJI_20260202085709_0003,0003,data/raw/HKUST/20260202_Thermal_HKUST/DCIM/DJI_202602020853_001/DJI_20260202085709_0003_V.JPG,data/raw/HKUST/20260202_Thermal_HKUST/DCIM/DJI_202602020853_001/DJI_20260202085709_0003_T.JPG,paired,exact_base_name,0,no,
20260202_Thermal_HKUST/DCIM/DJI_202602020853_001::DJI_20260202085721_0004,20260202_Thermal_HKUST,HKUST,2026-02-02,DJI_202602020853_001,DJI_20260202085721_0004,0004,data/raw/HKUST/20260202_Thermal_HKUST/DCIM/DJI_202602020853_001/DJI_20260202085721_0004_V.JPG,data/raw/HKUST/20260202_Thermal_HKUST/DCIM/DJI_202602020853_001/DJI_20260202085721_0004_T.JPG,paired,exact_base_name,0,no,
20260202_Thermal_HKUST/DCIM/DJI_202602020853_001::sample_0005,20260202_Thermal_HKUST,HKUST,2026-02-02,DJI_202602020853_001,sample_0005,0005,data/raw/HKUST/20260202_Thermal_HKUST/DCIM/DJI_202602020853_001/DJI_20260202090103_0005_V.JPG,data/raw/HKUST/20260202_Thermal_HKUST/DCIM/DJI_202602020853_001/DJI_20260202090102_0005_T.JPG,paired,session_sample_number,1,no,fallback base names: V=DJI_20260202090103_0005; T=DJI_20260202090102_0005
20260202_Thermal_HKUST/DCIM/DJI_202602020853_001::sample_0006,20260202_Thermal_HKUST,HKUST,2026-02-02,DJI_202602020853_001,sample_0006,0006,data/raw/HKUST/20260202_Thermal_HKUST/DCIM/DJI_202602020853_001/DJI_20260202090141_0006_V.JPG,data/raw/HKUST/20260202_Thermal_HKUST/DCIM/DJI_202602020853_001/DJI_20260202090140_0006_T.JPG,paired,session_sample_number,1,no,fallback base names: V=DJI_20260202090141_0006; T=DJI_20260202090140_0006
20260202_Thermal_HKUST/DCIM/DJI_202602020853_001::DJI_20260202090230_0007,20260202_Thermal_HKUST,HKUST,2026-02-02,DJI_202602020853_001,DJI_20260202090230_0007,0007,data/raw/HKUST/20260202_Thermal_HKUST/DCIM/DJI_202602020853_001/DJI_20260202090230_0007_V.JPG,data/raw/HKUST/20260202_Thermal_HKUST/DCIM/DJI_202602020853_001/DJI_20260202090230_0007_T.JPG,paired,exact_base_name,0,no,
20260202_Thermal_HKUST/DCIM/DJI_202602020853_001::DJI_20260202090241_0008,20260202_Thermal_HKUST,HKUST,2026-02-02,DJI_202602020853_001,DJI_20260202090241_0008,0008,data/raw/HKUST/20260202_Thermal_HKUST/DCIM/DJI_202602020853_001/DJI_20260202090241_0008_V.JPG,data/raw/HKUST/20260202_Thermal_HKUST/DCIM/DJI_202602020853_001/DJI_20260202090241_0008_T.JPG,paired,exact_base_name,0,no,
20260202_Thermal_HKUST/DCIM/DJI_202602020853_001::DJI_20260202090258_0009,20260202_Thermal_HKUST,HKUST,2026-02-02,DJI_202602020853_001,DJI_20260202090258_0009,0009,data/raw/HKUST/20260202_Thermal_HKUST/DCIM/DJI_202602020853_001/DJI_20260202090258_0009_V.JPG,data/raw/HKUST/20260202_Thermal_HKUST/DCIM/DJI_202602020853_001/DJI_20260202090258_0009_T.JPG,paired,exact_base_name,0,no,
20260202_Thermal_HKUST/DCIM/DJI_202602020853_001::DJI_20260202090313_0010,20260202_Thermal_HKUST,HKUST,2026-02-02,DJI_202602020853_001,DJI_20260202090313_0010,0010,data/raw/HKUST/20260202_Thermal_HKUST/DCIM/DJI_202602020853_001/DJI_20260202090313_0010_V.JPG,data/raw/HKUST/20260202_Thermal_HKUST/DCIM/DJI_202602020853_001/DJI_20260202090313_0010_T.JPG,paired,exact_base_name,0,no,
20260202_Thermal_HKUST/DCIM/DJI_202602020853_001::DJI_20260202090327_0011,20260202_Thermal_HKUST,HKUST,2026-02-02,DJI_202602020853_001,DJI_20260202090327_0011,0011,data/raw/HKUST/20260202_Thermal_HKUST/DCIM/DJI_202602020853_001/DJI_20260202090327_0011_V.JPG,data/raw/HKUST/20260202_Thermal_HKUST/DCIM/DJI_202602020853_001/DJI_20260202090327_0011_T.JPG,paired,exact_base_name,0,no,
20260202_Thermal_HKUST/DCIM/DJI_202602020853_001::DJI_20260202090347_0012,20260202_Thermal_HKUST,HKUST,2026-02-02,DJI_202602020853_001,DJI_20260202090347_0012,0012,data/raw/HKUST/20260202_Thermal_HKUST/DCIM/DJI_202602020853_001/DJI_20260202090347_0012_V.JPG,data/raw/HKUST/20260202_Thermal_HKUST/DCIM/DJI_202602020853_001/DJI_20260202090347_0012_T.JPG,paired,exact_base_name,0,no,
20260202_Thermal_HKUST/DCIM/DJI_202602020853_001::DJI_20260202090406_0013,20260202_Thermal_HKUST,HKUST,2026-02-02,DJI_202602020853_001,DJI_20260202090406_0013,0013,data/raw/HKUST/20260202_Thermal_HKUST/DCIM/DJI_202602020853_001/DJI_20260202090406_0013_V.JPG,data/raw/HKUST/20260202_Thermal_HKUST/DCIM/DJI_202602020853_001/DJI_20260202090406_0013_T.JPG,paired,exact_base_name,0,no,
20260202_Thermal_HKUST/DCIM/DJI_202602020853_001::DJI_20260202090418_0014,20260202_Thermal_HKUST,HKUST,2026-02-02,DJI_202602020853_001,DJI_20260202090418_0014,0014,data/raw/HKUST/20260202_Thermal_HKUST/DCIM/DJI_202602020853_001/DJI_20260202090418_0014_V.JPG,data/raw/HKUST/20260202_Thermal_HKUST/DCIM/DJI_202602020853_001/DJI_20260202090418_0014_T.JPG,paired,exact_base_name,0,no,
20260202_Thermal_HKUST/DCIM/DJI_202602020853_001::DJI_20260202090430_0015,20260202_Thermal_HKUST,HKUST,2026-02-02,DJI_202602020853_001,DJI_20260202090430_0015,0015,data/raw/HKUST/20260202_Thermal_HKUST/DCIM/DJI_202602020853_001/DJI_20260202090430_0015_V.JPG,data/raw/HKUST/20260202_Thermal_HKUST/DCIM/DJI_202602020853_001/DJI_20260202090430_0015_T.JPG,paired,exact_base_name,0,no,
20260202_Thermal_HKUST/DCIM/DJI_202602020853_001::DJI_20260202090442_0016,20260202_Thermal_HKUST,HKUST,2026-02-02,DJI_202602020853_001,DJI_20260202090442_0016,0016,data/raw/HKUST/20260202_Thermal_HKUST/DCIM/DJI_202602020853_001/DJI_20260202090442_0016_V.JPG,data/raw/HKUST/20260202_Thermal_HKUST/DCIM/DJI_202602020853_001/DJI_20260202090442_0016_T.JPG,paired,exact_base_name,0,no,
20260202_Thermal_HKUST/DCIM/DJI_202602020853_001::DJI_20260202090451_0017,20260202_Thermal_HKUST,HKUST,2026-02-02,DJI_202602020853_001,DJI_20260202090451_0017,0017,data/raw/HKUST/20260202_Thermal_HKUST/DCIM/DJI_202602020853_001/DJI_20260202090451_0017_V.JPG,data/raw/HKUST/20260202_Thermal_HKUST/DCIM/DJI_202602020853_001/DJI_20260202090451_0017_T.JPG,paired,exact_base_name,0,no,
20260202_Thermal_HKUST/DCIM/DJI_202602020853_001::DJI_20260202090501_0018,20260202_Thermal_HKUST,HKUST,2026-02-02,DJI_202602020853_001,DJI_20260202090501_0018,0018,data/raw/HKUST/20260202_Thermal_HKUST/DCIM/DJI_202602020853_001/DJI_20260202090501_0018_V.JPG,data/raw/HKUST/20260202_Thermal_HKUST/DCIM/DJI_202602020853_001/DJI_20260202090501_0018_T.JPG,paired,exact_base_name,0,no,
20260202_Thermal_HKUST/DCIM/DJI_202602020853_001::DJI_20260202090502_0019,20260202_Thermal_HKUST,HKUST,2026-02-02,DJI_202602020853_001,DJI_20260202090502_0019,0019,data/raw/HKUST/20260202_Thermal_HKUST/DCIM/DJI_202602020853_001/DJI_20260202090502_0019_V.JPG,data/raw/HKUST/20260202_Thermal_HKUST/DCIM/DJI_202602020853_001/DJI_20260202090502_0019_T.JPG,paired,exact_base_name,0,no,
20260202_Thermal_HKUST/DCIM/DJI_202602020853_001::DJI_20260202090514_0020,20260202_Thermal_HKUST,HKUST,2026-02-02,DJI_202602020853_001,DJI_20260202090514_0020,0020,data/raw/HKUST/20260202_Thermal_HKUST/DCIM/DJI_202602020853_001/DJI_20260202090514_0020_V.JPG,data/raw/HKUST/20260202_Thermal_HKUST/DCIM/DJI_202602020853_001/DJI_20260202090514_0020_T.JPG,paired,exact_base_name,0,no,
20260202_Thermal_HKUST/DCIM/DJI_202602020853_001::DJI_20260202090523_0021,20260202_Thermal_HKUST,HKUST,2026-02-02,DJI_202602020853_001,DJI_20260202090523_0021,0021,data/raw/HKUST/20260202_Thermal_HKUST/DCIM/DJI_202602020853_001/DJI_20260202090523_0021_V.JPG,data/raw/HKUST/20260202_Thermal_HKUST/DCIM/DJI_202602020853_001/DJI_20260202090523_0021_T.JPG,paired,exact_base_name,0,no,
20260202_Thermal_HKUST/DCIM/DJI_202602020853_001::DJI_20260202090532_0022,20260202_Thermal_HKUST,HKUST,2026-02-02,DJI_202602020853_001,DJI_20260202090532_0022,0022,data/raw/HKUST/20260202_Thermal_HKUST/DCIM/DJI_202602020853_001/DJI_20260202090532_0022_V.JPG,data/raw/HKUST/20260202_Thermal_HKUST/DCIM/DJI_202602020853_001/DJI_20260202090532_0022_T.JPG,paired,exact_base_name,0,no,
20260202_Thermal_HKUST/DCIM/DJI_202602020853_001::sample_0023,20260202_Thermal_HKUST,HKUST,2026-02-02,DJI_202602020853_001,sample_0023,0023,data/raw/HKUST/20260202_Thermal_HKUST/DCIM/DJI_202602020853_001/DJI_20260202090545_0023_V.JPG,data/raw/HKUST/20260202_Thermal_HKUST/DCIM/DJI_202602020853_001/DJI_20260202090546_0023_T.JPG,paired,session_sample_number,1,no,fallback base names: V=DJI_20260202090545_0023; T=DJI_20260202090546_0023
20260202_Thermal_HKUST/DCIM/DJI_202602020853_001::DJI_20260202090556_0024,20260202_Thermal_HKUST,HKUST,2026-02-02,DJI_202602020853_001,DJI_20260202090556_0024,0024,data/raw/HKUST/20260202_Thermal_HKUST/DCIM/DJI_202602020853_001/DJI_20260202090556_0024_V.JPG,data/raw/HKUST/20260202_Thermal_HKUST/DCIM/DJI_202602020853_001/DJI_20260202090556_0024_T.JPG,paired,exact_base_name,0,no,
20260202_Thermal_HKUST/DCIM/DJI_202602020853_001::DJI_20260202090606_0025,20260202_Thermal_HKUST,HKUST,2026-02-02,DJI_202602020853_001,DJI_20260202090606_0025,0025,data/raw/HKUST/20260202_Thermal_HKUST/DCIM/DJI_202602020853_001/DJI_20260202090606_0025_V.JPG,data/raw/HKUST/20260202_Thermal_HKUST/DCIM/DJI_202602020853_001/DJI_20260202090606_0025_T.JPG,paired,exact_base_name,0,no,
20260202_Thermal_HKUST/DCIM/DJI_202602020853_001::sample_0026,20260202_Thermal_HKUST,HKUST,2026-02-02,DJI_202602020853_001,sample_0026,0026,data/raw/HKUST/20260202_Thermal_HKUST/DCIM/DJI_202602020853_001/DJI_20260202090607_0026_V.JPG,data/raw/HKUST/20260202_Thermal_HKUST/DCIM/DJI_202602020853_001/DJI_20260202090608_0026_T.JPG,paired,session_sample_number,1,no,fallback base names: V=DJI_20260202090607_0026; T=DJI_20260202090608_0026
20260202_Thermal_HKUST/DCIM/DJI_202602020853_001::DJI_20260202090619_0027,20260202_Thermal_HKUST,HKUST,2026-02-02,DJI_202602020853_001,DJI_20260202090619_0027,0027,data/raw/HKUST/20260202_Thermal_HKUST/DCIM/DJI_202602020853_001/DJI_20260202090619_0027_V.JPG,data/raw/HKUST/20260202_Thermal_HKUST/DCIM/DJI_202602020853_001/DJI_20260202090619_0027_T.JPG,paired,exact_base_name,0,no,
20260202_Thermal_HKUST/DCIM/DJI_202602020853_001::sample_0028,20260202_Thermal_HKUST,HKUST,2026-02-02,DJI_202602020853_001,sample_0028,0028,data/raw/HKUST/20260202_Thermal_HKUST/DCIM/DJI_202602020853_001/DJI_20260202090635_0028_V.JPG,data/raw/HKUST/20260202_Thermal_HKUST/DCIM/DJI_202602020853_001/DJI_20260202090636_0028_T.JPG,paired,session_sample_number,1,no,fallback base names: V=DJI_20260202090635_0028; T=DJI_20260202090636_0028
20260202_Thermal_HKUST/DCIM/DJI_202602020853_001::DJI_20260202090647_0029,20260202_Thermal_HKUST,HKUST,2026-02-02,DJI_202602020853_001,DJI_20260202090647_0029,0029,data/raw/HKUST/20260202_Thermal_HKUST/DCIM/DJI_202602020853_001/DJI_20260202090647_0029_V.JPG,data/raw/HKUST/20260202_Thermal_HKUST/DCIM/DJI_202602020853_001/DJI_20260202090647_0029_T.JPG,paired,exact_base_name,0,no,
20260202_Thermal_HKUST/DCIM/DJI_202602020853_001::DJI_20260202090648_0030,20260202_Thermal_HKUST,HKUST,2026-02-02,DJI_202602020853_001,DJI_20260202090648_0030,0030,data/raw/HKUST/20260202_Thermal_HKUST/DCIM/DJI_202602020853_001/DJI_20260202090648_0030_V.JPG,data/raw/HKUST/20260202_Thermal_HKUST/DCIM/DJI_202602020853_001/DJI_20260202090648_0030_T.JPG,paired,exact_base_name,0,no,
20260202_Thermal_HKUST/DCIM/DJI_202602020853_001::DJI_20260202090701_0031,20260202_Thermal_HKUST,HKUST,2026-02-02,DJI_202602020853_001,DJI_20260202090701_0031,0031,data/raw/HKUST/20260202_Thermal_HKUST/DCIM/DJI_202602020853_001/DJI_20260202090701_0031_V.JPG,data/raw/HKUST/20260202_Thermal_HKUST/DCIM/DJI_202602020853_001/DJI_20260202090701_0031_T.JPG,paired,exact_base_name,0,no,
20260202_Thermal_HKUST/DCIM/DJI_202602020853_001::sample_0032,20260202_Thermal_HKUST,HKUST,2026-02-02,DJI_202602020853_001,sample_0032,0032,data/raw/HKUST/20260202_Thermal_HKUST/DCIM/DJI_202602020853_001/DJI_20260202090711_0032_V.JPG,data/raw/HKUST/20260202_Thermal_HKUST/DCIM/DJI_202602020853_001/DJI_20260202090712_0032_T.JPG,paired,session_sample_number,1,no,fallback base names: V=DJI_20260202090711_0032; T=DJI_20260202090712_0032
20260202_Thermal_HKUST/DCIM/DJI_202602020853_001::DJI_20260202090713_0033,20260202_Thermal_HKUST,HKUST,2026-02-02,DJI_202602020853_001,DJI_20260202090713_0033,0033,data/raw/HKUST/20260202_Thermal_HKUST/DCIM/DJI_202602020853_001/DJI_20260202090713_0033_V.JPG,data/raw/HKUST/20260202_Thermal_HKUST/DCIM/DJI_202602020853_001/DJI_20260202090713_0033_T.JPG,paired,exact_base_name,0,no,
20260202_Thermal_HKUST/DCIM/DJI_202602020853_001::DJI_20260202090723_0034,20260202_Thermal_HKUST,HKUST,2026-02-02,DJI_202602020853_001,DJI_20260202090723_0034,0034,data/raw/HKUST/20260202_Thermal_HKUST/DCIM/DJI_202602020853_001/DJI_20260202090723_0034_V.JPG,data/raw/HKUST/20260202_Thermal_HKUST/DCIM/DJI_202602020853_001/DJI_20260202090723_0034_T.JPG,paired,exact_base_name,0,no,
20260202_Thermal_HKUST/DCIM/DJI_202602020853_001::DJI_20260202090740_0035,20260202_Thermal_HKUST,HKUST,2026-02-02,DJI_202602020853_001,DJI_20260202090740_0035,0035,data/raw/HKUST/20260202_Thermal_HKUST/DCIM/DJI_202602020853_001/DJI_20260202090740_0035_V.JPG,data/raw/HKUST/20260202_Thermal_HKUST/DCIM/DJI_202602020853_001/DJI_20260202090740_0035_T.JPG,paired,exact_base_name,0,no,
20260202_Thermal_HKUST/DCIM/DJI_202602020853_001::DJI_20260202090751_0036,20260202_Thermal_HKUST,HKUST,2026-02-02,DJI_202602020853_001,DJI_20260202090751_0036,0036,data/raw/HKUST/20260202_Thermal_HKUST/DCIM/DJI_202602020853_001/DJI_20260202090751_0036_V.JPG,data/raw/HKUST/20260202_Thermal_HKUST/DCIM/DJI_202602020853_001/DJI_20260202090751_0036_T.JPG,paired,exact_base_name,0,no,
20260202_Thermal_HKUST/DCIM/DJI_202602020853_001::DJI_20260202090802_0037,20260202_Thermal_HKUST,HKUST,2026-02-02,DJI_202602020853_001,DJI_20260202090802_0037,0037,data/raw/HKUST/20260202_Thermal_HKUST/DCIM/DJI_202602020853_001/DJI_20260202090802_0037_V.JPG,data/raw/HKUST/20260202_Thermal_HKUST/DCIM/DJI_202602020853_001/DJI_20260202090802_0037_T.JPG,paired,exact_base_name,0,no,
20260202_Thermal_HKUST/DCIM/DJI_202602020853_001::DJI_20260202090812_0038,20260202_Thermal_HKUST,HKUST,2026-02-02,DJI_202602020853_001,DJI_20260202090812_0038,0038,data/raw/HKUST/20260202_Thermal_HKUST/DCIM/DJI_202602020853_001/DJI_20260202090812_0038_V.JPG,data/raw/HKUST/20260202_Thermal_HKUST/DCIM/DJI_202602020853_001/DJI_20260202090812_0038_T.JPG,paired,exact_base_name,0,no,
20260202_Thermal_HKUST/DCIM/DJI_202602020853_001::DJI_20260202090825_0039,20260202_Thermal_HKUST,HKUST,2026-02-02,DJI_202602020853_001,DJI_20260202090825_0039,0039,data/raw/HKUST/20260202_Thermal_HKUST/DCIM/DJI_202602020853_001/DJI_20260202090825_0039_V.JPG,data/raw/HKUST/20260202_Thermal_HKUST/DCIM/DJI_202602020853_001/DJI_20260202090825_0039_T.JPG,paired,exact_base_name,0,no,
20260202_Thermal_HKUST/DCIM/DJI_202602020853_001::DJI_20260202090838_0040,20260202_Thermal_HKUST,HKUST,2026-02-02,DJI_202602020853_001,DJI_20260202090838_0040,0040,data/raw/HKUST/20260202_Thermal_HKUST/DCIM/DJI_202602020853_001/DJI_20260202090838_0040_V.JPG,data/raw/HKUST/20260202_Thermal_HKUST/DCIM/DJI_202602020853_001/DJI_20260202090838_0040_T.JPG,paired,exact_base_name,0,no,
20260202_Thermal_HKUST/DCIM/DJI_202602020853_001::DJI_20260202090840_0041,20260202_Thermal_HKUST,HKUST,2026-02-02,DJI_202602020853_001,DJI_20260202090840_0041,0041,data/raw/HKUST/20260202_Thermal_HKUST/DCIM/DJI_202602020853_001/DJI_20260202090840_0041_V.JPG,data/raw/HKUST/20260202_Thermal_HKUST/DCIM/DJI_202602020853_001/DJI_20260202090840_0041_T.JPG,paired,exact_base_name,0,no,
20260202_Thermal_HKUST/DCIM/DJI_202602020853_001::DJI_20260202090853_0042,20260202_Thermal_HKUST,HKUST,2026-02-02,DJI_202602020853_001,DJI_20260202090853_0042,0042,data/raw/HKUST/20260202_Thermal_HKUST/DCIM/DJI_202602020853_001/DJI_20260202090853_0042_V.JPG,data/raw/HKUST/20260202_Thermal_HKUST/DCIM/DJI_202602020853_001/DJI_20260202090853_0042_T.JPG,paired,exact_base_name,0,no,
20260202_Thermal_HKUST/DCIM/DJI_202602020853_001::DJI_20260202090904_0043,20260202_Thermal_HKUST,HKUST,2026-02-02,DJI_202602020853_001,DJI_20260202090904_0043,0043,data/raw/HKUST/20260202_Thermal_HKUST/DCIM/DJI_202602020853_001/DJI_20260202090904_0043_V.JPG,data/raw/HKUST/20260202_Thermal_HKUST/DCIM/DJI_202602020853_001/DJI_20260202090904_0043_T.JPG,paired,exact_base_name,0,no,
20260202_Thermal_HKUST/DCIM/DJI_202602020853_001::DJI_20260202090914_0044,20260202_Thermal_HKUST,HKUST,2026-02-02,DJI_202602020853_001,DJI_20260202090914_0044,0044,data/raw/HKUST/20260202_Thermal_HKUST/DCIM/DJI_202602020853_001/DJI_20260202090914_0044_V.JPG,data/raw/HKUST/20260202_Thermal_HKUST/DCIM/DJI_202602020853_001/DJI_20260202090914_0044_T.JPG,paired,exact_base_name,0,no,
20260202_Thermal_HKUST/DCIM/DJI_202602020853_001::DJI_20260202090915_0045,20260202_Thermal_HKUST,HKUST,2026-02-02,DJI_202602020853_001,DJI_20260202090915_0045,0045,data/raw/HKUST/20260202_Thermal_HKUST/DCIM/DJI_202602020853_001/DJI_20260202090915_0045_V.JPG,data/raw/HKUST/20260202_Thermal_HKUST/DCIM/DJI_202602020853_001/DJI_20260202090915_0045_T.JPG,paired,exact_base_name,0,no,
20260202_Thermal_HKUST/DCIM/DJI_202602020853_001::DJI_20260202090929_0046,20260202_Thermal_HKUST,HKUST,2026-02-02,DJI_202602020853_001,DJI_20260202090929_0046,0046,data/raw/HKUST/20260202_Thermal_HKUST/DCIM/DJI_202602020853_001/DJI_20260202090929_0046_V.JPG,data/raw/HKUST/20260202_Thermal_HKUST/DCIM/DJI_202602020853_001/DJI_20260202090929_0046_T.JPG,paired,exact_base_name,0,no,
20260202_Thermal_HKUST/DCIM/DJI_202602020853_001::DJI_20260202090941_0047,20260202_Thermal_HKUST,HKUST,2026-02-02,DJI_202602020853_001,DJI_20260202090941_0047,0047,data/raw/HKUST/20260202_Thermal_HKUST/DCIM/DJI_202602020853_001/DJI_20260202090941_0047_V.JPG,data/raw/HKUST/20260202_Thermal_HKUST/DCIM/DJI_202602020853_001/DJI_20260202090941_0047_T.JPG,paired,exact_base_name,0,no,
20260202_Thermal_HKUST/DCIM/DJI_202602020853_001::DJI_20260202090948_0048,20260202_Thermal_HKUST,HKUST,2026-02-02,DJI_202602020853_001,DJI_20260202090948_0048,0048,data/raw/HKUST/20260202_Thermal_HKUST/DCIM/DJI_202602020853_001/DJI_20260202090948_0048_V.JPG,data/raw/HKUST/20260202_Thermal_HKUST/DCIM/DJI_202602020853_001/DJI_20260202090948_0048_T.JPG,paired,exact_base_name,0,no,
20260202_Thermal_HKUST/DCIM/DJI_202602020853_001::DJI_20260202090956_0049,20260202_Thermal_HKUST,HKUST,2026-02-02,DJI_202602020853_001,DJI_20260202090956_0049,0049,data/raw/HKUST/20260202_Thermal_HKUST/DCIM/DJI_202602020853_001/DJI_20260202090956_0049_V.JPG,data/raw/HKUST/20260202_Thermal_HKUST/DCIM/DJI_202602020853_001/DJI_20260202090956_0049_T.JPG,paired,exact_base_name,0,no,
20260202_Thermal_HKUST/DCIM/DJI_202602020853_001::DJI_20260202090958_0050,20260202_Thermal_HKUST,HKUST,2026-02-02,DJI_202602020853_001,DJI_20260202090958_0050,0050,data/raw/HKUST/20260202_Thermal_HKUST/DCIM/DJI_202602020853_001/DJI_20260202090958_0050_V.JPG,data/raw/HKUST/20260202_Thermal_HKUST/DCIM/DJI_202602020853_001/DJI_20260202090958_0050_T.JPG,paired,exact_base_name,0,no,
20260202_Thermal_HKUST/DCIM/DJI_202602020853_001::DJI_20260202091007_0051,20260202_Thermal_HKUST,HKUST,2026-02-02,DJI_202602020853_001,DJI_20260202091007_0051,0051,data/raw/HKUST/20260202_Thermal_HKUST/DCIM/DJI_202602020853_001/DJI_20260202091007_0051_V.JPG,data/raw/HKUST/20260202_Thermal_HKUST/DCIM/DJI_202602020853_001/DJI_20260202091007_0051_T.JPG,paired,exact_base_name,0,no,
20260202_Thermal_HKUST/DCIM/DJI_202602020853_001::DJI_20260202091018_0052,20260202_Thermal_HKUST,HKUST,2026-02-02,DJI_202602020853_001,DJI_20260202091018_0052,0052,data/raw/HKUST/20260202_Thermal_HKUST/DCIM/DJI_202602020853_001/DJI_20260202091018_0052_V.JPG,data/raw/HKUST/20260202_Thermal_HKUST/DCIM/DJI_202602020853_001/DJI_20260202091018_0052_T.JPG,paired,exact_base_name,0,no,
20260202_Thermal_HKUST/DCIM/DJI_202602020853_001::DJI_20260202091030_0053,20260202_Thermal_HKUST,HKUST,2026-02-02,DJI_202602020853_001,DJI_20260202091030_0053,0053,data/raw/HKUST/20260202_Thermal_HKUST/DCIM/DJI_202602020853_001/DJI_20260202091030_0053_V.JPG,data/raw/HKUST/20260202_Thermal_HKUST/DCIM/DJI_202602020853_001/DJI_20260202091030_0053_T.JPG,paired,exact_base_name,0,no,
20260202_Thermal_HKUST/DCIM/DJI_202602020853_001::DJI_20260202091040_0054,20260202_Thermal_HKUST,HKUST,2026-02-02,DJI_202602020853_001,DJI_20260202091040_0054,0054,data/raw/HKUST/20260202_Thermal_HKUST/DCIM/DJI_202602020853_001/DJI_20260202091040_0054_V.JPG,data/raw/HKUST/20260202_Thermal_HKUST/DCIM/DJI_202602020853_001/DJI_20260202091040_0054_T.JPG,paired,exact_base_name,0,no,
20260202_Thermal_HKUST/DCIM/DJI_202602020853_001::DJI_20260202091050_0055,20260202_Thermal_HKUST,HKUST,2026-02-02,DJI_202602020853_001,DJI_20260202091050_0055,0055,data/raw/HKUST/20260202_Thermal_HKUST/DCIM/DJI_202602020853_001/DJI_20260202091050_0055_V.JPG,data/raw/HKUST/20260202_Thermal_HKUST/DCIM/DJI_202602020853_001/DJI_20260202091050_0055_T.JPG,paired,exact_base_name,0,no,
20260202_Thermal_HKUST/DCIM/DJI_202602020853_001::sample_0056,20260202_Thermal_HKUST,HKUST,2026-02-02,DJI_202602020853_001,sample_0056,0056,data/raw/HKUST/20260202_Thermal_HKUST/DCIM/DJI_202602020853_001/DJI_20260202091055_0056_V.JPG,data/raw/HKUST/20260202_Thermal_HKUST/DCIM/DJI_202602020853_001/DJI_20260202091056_0056_T.JPG,paired,session_sample_number,1,no,fallback base names: V=DJI_20260202091055_0056; T=DJI_20260202091056_0056
20260202_Thermal_HKUST/DCIM/DJI_202602020853_001::DJI_20260202091116_0057,20260202_Thermal_HKUST,HKUST,2026-02-02,DJI_202602020853_001,DJI_20260202091116_0057,0057,data/raw/HKUST/20260202_Thermal_HKUST/DCIM/DJI_202602020853_001/DJI_20260202091116_0057_V.JPG,data/raw/HKUST/20260202_Thermal_HKUST/DCIM/DJI_202602020853_001/DJI_20260202091116_0057_T.JPG,paired,exact_base_name,0,no,
20260202_Thermal_HKUST/DCIM/DJI_202602020853_001::sample_0058,20260202_Thermal_HKUST,HKUST,2026-02-02,DJI_202602020853_001,sample_0058,0058,data/raw/HKUST/20260202_Thermal_HKUST/DCIM/DJI_202602020853_001/DJI_20260202091127_0058_V.JPG,data/raw/HKUST/20260202_Thermal_HKUST/DCIM/DJI_202602020853_001/DJI_20260202091128_0058_T.JPG,paired,session_sample_number,1,no,fallback base names: V=DJI_20260202091127_0058; T=DJI_20260202091128_0058
20260202_Thermal_HKUST/DCIM/DJI_202602020853_001::sample_0059,20260202_Thermal_HKUST,HKUST,2026-02-02,DJI_202602020853_001,sample_0059,0059,data/raw/HKUST/20260202_Thermal_HKUST/DCIM/DJI_202602020853_001/DJI_20260202091128_0059_V.JPG,data/raw/HKUST/20260202_Thermal_HKUST/DCIM/DJI_202602020853_001/DJI_20260202091129_0059_T.JPG,paired,session_sample_number,1,no,fallback base names: V=DJI_20260202091128_0059; T=DJI_20260202091129_0059
20260202_Thermal_HKUST/DCIM/DJI_202602020853_001::DJI_20260202091142_0060,20260202_Thermal_HKUST,HKUST,2026-02-02,DJI_202602020853_001,DJI_20260202091142_0060,0060,data/raw/HKUST/20260202_Thermal_HKUST/DCIM/DJI_202602020853_001/DJI_20260202091142_0060_V.JPG,data/raw/HKUST/20260202_Thermal_HKUST/DCIM/DJI_202602020853_001/DJI_20260202091142_0060_T.JPG,paired,exact_base_name,0,no,
20260202_Thermal_HKUST/DCIM/DJI_202602020853_001::DJI_20260202091152_0061,20260202_Thermal_HKUST,HKUST,2026-02-02,DJI_202602020853_001,DJI_20260202091152_0061,0061,data/raw/HKUST/20260202_Thermal_HKUST/DCIM/DJI_202602020853_001/DJI_20260202091152_0061_V.JPG,data/raw/HKUST/20260202_Thermal_HKUST/DCIM/DJI_202602020853_001/DJI_20260202091152_0061_T.JPG,paired,exact_base_name,0,no,
20260202_Thermal_HKUST/DCIM/DJI_202602020954_002::DJI_20260202095854_0001,20260202_Thermal_HKUST,HKUST,2026-02-02,DJI_202602020954_002,DJI_20260202095854_0001,0001,data/raw/HKUST/20260202_Thermal_HKUST/DCIM/DJI_202602020954_002/DJI_20260202095854_0001_V.JPG,data/raw/HKUST/20260202_Thermal_HKUST/DCIM/DJI_202602020954_002/DJI_20260202095854_0001_T.JPG,paired,exact_base_name,0,no,
20260202_Thermal_HKUST/DCIM/DJI_202602020954_002::sample_0002,20260202_Thermal_HKUST,HKUST,2026-02-02,DJI_202602020954_002,sample_0002,0002,data/raw/HKUST/20260202_Thermal_HKUST/DCIM/DJI_202602020954_002/DJI_20260202095908_0002_V.JPG,data/raw/HKUST/20260202_Thermal_HKUST/DCIM/DJI_202602020954_002/DJI_20260202095909_0002_T.JPG,paired,session_sample_number,1,no,fallback base names: V=DJI_20260202095908_0002; T=DJI_20260202095909_0002
20260202_Thermal_HKUST/DCIM/DJI_202602020954_002::DJI_20260202095922_0003,20260202_Thermal_HKUST,HKUST,2026-02-02,DJI_202602020954_002,DJI_20260202095922_0003,0003,data/raw/HKUST/20260202_Thermal_HKUST/DCIM/DJI_202602020954_002/DJI_20260202095922_0003_V.JPG,data/raw/HKUST/20260202_Thermal_HKUST/DCIM/DJI_202602020954_002/DJI_20260202095922_0003_T.JPG,paired,exact_base_name,0,no,
20260202_Thermal_HKUST/DCIM/DJI_202602020954_002::DJI_20260202095937_0004,20260202_Thermal_HKUST,HKUST,2026-02-02,DJI_202602020954_002,DJI_20260202095937_0004,0004,data/raw/HKUST/20260202_Thermal_HKUST/DCIM/DJI_202602020954_002/DJI_20260202095937_0004_V.JPG,data/raw/HKUST/20260202_Thermal_HKUST/DCIM/DJI_202602020954_002/DJI_20260202095937_0004_T.JPG,paired,exact_base_name,0,no,
20260202_Thermal_HKUST/DCIM/DJI_202602020954_002::DJI_20260202095943_0005,20260202_Thermal_HKUST,HKUST,2026-02-02,DJI_202602020954_002,DJI_20260202095943_0005,0005,data/raw/HKUST/20260202_Thermal_HKUST/DCIM/DJI_202602020954_002/DJI_20260202095943_0005_V.JPG,data/raw/HKUST/20260202_Thermal_HKUST/DCIM/DJI_202602020954_002/DJI_20260202095943_0005_T.JPG,paired,exact_base_name,0,no,
20260202_Thermal_HKUST/DCIM/DJI_202602020954_002::DJI_20260202095959_0006,20260202_Thermal_HKUST,HKUST,2026-02-02,DJI_202602020954_002,DJI_20260202095959_0006,0006,data/raw/HKUST/20260202_Thermal_HKUST/DCIM/DJI_202602020954_002/DJI_20260202095959_0006_V.JPG,data/raw/HKUST/20260202_Thermal_HKUST/DCIM/DJI_202602020954_002/DJI_20260202095959_0006_T.JPG,paired,exact_base_name,0,no,
20260202_Thermal_HKUST/DCIM/DJI_202602020954_002::DJI_20260202100017_0007,20260202_Thermal_HKUST,HKUST,2026-02-02,DJI_202602020954_002,DJI_20260202100017_0007,0007,data/raw/HKUST/20260202_Thermal_HKUST/DCIM/DJI_202602020954_002/DJI_20260202100017_0007_V.JPG,data/raw/HKUST/20260202_Thermal_HKUST/DCIM/DJI_202602020954_002/DJI_20260202100017_0007_T.JPG,paired,exact_base_name,0,no,
20260202_Thermal_HKUST/DCIM/DJI_202602020954_002::DJI_20260202100035_0009,20260202_Thermal_HKUST,HKUST,2026-02-02,DJI_202602020954_002,DJI_20260202100035_0009,0009,data/raw/HKUST/20260202_Thermal_HKUST/DCIM/DJI_202602020954_002/DJI_20260202100035_0009_V.JPG,data/raw/HKUST/20260202_Thermal_HKUST/DCIM/DJI_202602020954_002/DJI_20260202100035_0009_T.JPG,paired,exact_base_name,0,no,
20260202_Thermal_HKUST/DCIM/DJI_202602020954_002::sample_0010,20260202_Thermal_HKUST,HKUST,2026-02-02,DJI_202602020954_002,sample_0010,0010,data/raw/HKUST/20260202_Thermal_HKUST/DCIM/DJI_202602020954_002/DJI_20260202100043_0010_V.JPG,data/raw/HKUST/20260202_Thermal_HKUST/DCIM/DJI_202602020954_002/DJI_20260202100044_0010_T.JPG,paired,session_sample_number,1,no,fallback base names: V=DJI_20260202100043_0010; T=DJI_20260202100044_0010
20260202_Thermal_HKUST/DCIM/DJI_202602020954_002::DJI_20260202100052_0011,20260202_Thermal_HKUST,HKUST,2026-02-02,DJI_202602020954_002,DJI_20260202100052_0011,0011,data/raw/HKUST/20260202_Thermal_HKUST/DCIM/DJI_202602020954_002/DJI_20260202100052_0011_V.JPG,data/raw/HKUST/20260202_Thermal_HKUST/DCIM/DJI_202602020954_002/DJI_20260202100052_0011_T.JPG,paired,exact_base_name,0,no,
20260202_Thermal_HKUST/DCIM/DJI_202602020954_002::DJI_20260202100053_0012,20260202_Thermal_HKUST,HKUST,2026-02-02,DJI_202602020954_002,DJI_20260202100053_0012,0012,data/raw/HKUST/20260202_Thermal_HKUST/DCIM/DJI_202602020954_002/DJI_20260202100053_0012_V.JPG,data/raw/HKUST/20260202_Thermal_HKUST/DCIM/DJI_202602020954_002/DJI_20260202100053_0012_T.JPG,paired,exact_base_name,0,no,
20260202_Thermal_HKUST/DCIM/DJI_202602020954_002::DJI_20260202100104_0013,20260202_Thermal_HKUST,HKUST,2026-02-02,DJI_202602020954_002,DJI_20260202100104_0013,0013,data/raw/HKUST/20260202_Thermal_HKUST/DCIM/DJI_202602020954_002/DJI_20260202100104_0013_V.JPG,data/raw/HKUST/20260202_Thermal_HKUST/DCIM/DJI_202602020954_002/DJI_20260202100104_0013_T.JPG,paired,exact_base_name,0,no,
20260202_Thermal_HKUST/DCIM/DJI_202602020954_002::sample_0014,20260202_Thermal_HKUST,HKUST,2026-02-02,DJI_202602020954_002,sample_0014,0014,data/raw/HKUST/20260202_Thermal_HKUST/DCIM/DJI_202602020954_002/DJI_20260202100113_0014_V.JPG,data/raw/HKUST/20260202_Thermal_HKUST/DCIM/DJI_202602020954_002/DJI_20260202100114_0014_T.JPG,paired,session_sample_number,1,no,fallback base names: V=DJI_20260202100113_0014; T=DJI_20260202100114_0014
20260202_Thermal_HKUST/DCIM/DJI_202602020954_002::DJI_20260202100124_0015,20260202_Thermal_HKUST,HKUST,2026-02-02,DJI_202602020954_002,DJI_20260202100124_0015,0015,data/raw/HKUST/20260202_Thermal_HKUST/DCIM/DJI_202602020954_002/DJI_20260202100124_0015_V.JPG,data/raw/HKUST/20260202_Thermal_HKUST/DCIM/DJI_202602020954_002/DJI_20260202100124_0015_T.JPG,paired,exact_base_name,0,no,
20260202_Thermal_HKUST/DCIM/DJI_202602020954_002::DJI_20260202100135_0016,20260202_Thermal_HKUST,HKUST,2026-02-02,DJI_202602020954_002,DJI_20260202100135_0016,0016,data/raw/HKUST/20260202_Thermal_HKUST/DCIM/DJI_202602020954_002/DJI_20260202100135_0016_V.JPG,data/raw/HKUST/20260202_Thermal_HKUST/DCIM/DJI_202602020954_002/DJI_20260202100135_0016_T.JPG,paired,exact_base_name,0,no,
20260202_Thermal_HKUST/DCIM/DJI_202602020954_002::DJI_20260202100148_0017,20260202_Thermal_HKUST,HKUST,2026-02-02,DJI_202602020954_002,DJI_20260202100148_0017,0017,data/raw/HKUST/20260202_Thermal_HKUST/DCIM/DJI_202602020954_002/DJI_20260202100148_0017_V.JPG,data/raw/HKUST/20260202_Thermal_HKUST/DCIM/DJI_202602020954_002/DJI_20260202100148_0017_T.JPG,paired,exact_base_name,0,no,
20260202_Thermal_HKUST/DCIM/DJI_202602020954_002::DJI_20260202100158_0018,20260202_Thermal_HKUST,HKUST,2026-02-02,DJI_202602020954_002,DJI_20260202100158_0018,0018,data/raw/HKUST/20260202_Thermal_HKUST/DCIM/DJI_202602020954_002/DJI_20260202100158_0018_V.JPG,data/raw/HKUST/20260202_Thermal_HKUST/DCIM/DJI_202602020954_002/DJI_20260202100158_0018_T.JPG,paired,exact_base_name,0,no,
20260202_Thermal_HKUST/DCIM/DJI_202602020954_002::DJI_20260202100209_0019,20260202_Thermal_HKUST,HKUST,2026-02-02,DJI_202602020954_002,DJI_20260202100209_0019,0019,data/raw/HKUST/20260202_Thermal_HKUST/DCIM/DJI_202602020954_002/DJI_20260202100209_0019_V.JPG,data/raw/HKUST/20260202_Thermal_HKUST/DCIM/DJI_202602020954_002/DJI_20260202100209_0019_T.JPG,paired,exact_base_name,0,no,
20260202_Thermal_HKUST/DCIM/DJI_202602020954_002::sample_0020,20260202_Thermal_HKUST,HKUST,2026-02-02,DJI_202602020954_002,sample_0020,0020,data/raw/HKUST/20260202_Thermal_HKUST/DCIM/DJI_202602020954_002/DJI_20260202100222_0020_V.JPG,data/raw/HKUST/20260202_Thermal_HKUST/DCIM/DJI_202602020954_002/DJI_20260202100223_0020_T.JPG,paired,session_sample_number,1,no,fallback base names: V=DJI_20260202100222_0020; T=DJI_20260202100223_0020
20260202_Thermal_HKUST/DCIM/DJI_202602020954_002::DJI_20260202100238_0021,20260202_Thermal_HKUST,HKUST,2026-02-02,DJI_202602020954_002,DJI_20260202100238_0021,0021,data/raw/HKUST/20260202_Thermal_HKUST/DCIM/DJI_202602020954_002/DJI_20260202100238_0021_V.JPG,data/raw/HKUST/20260202_Thermal_HKUST/DCIM/DJI_202602020954_002/DJI_20260202100238_0021_T.JPG,paired,exact_base_name,0,no,
20260202_Thermal_HKUST/DCIM/DJI_202602020954_002::DJI_20260202100252_0022,20260202_Thermal_HKUST,HKUST,2026-02-02,DJI_202602020954_002,DJI_20260202100252_0022,0022,data/raw/HKUST/20260202_Thermal_HKUST/DCIM/DJI_202602020954_002/DJI_20260202100252_0022_V.JPG,data/raw/HKUST/20260202_Thermal_HKUST/DCIM/DJI_202602020954_002/DJI_20260202100252_0022_T.JPG,paired,exact_base_name,0,no,
20260202_Thermal_HKUST/DCIM/DJI_202602020954_002::DJI_20260202100309_0023,20260202_Thermal_HKUST,HKUST,2026-02-02,DJI_202602020954_002,DJI_20260202100309_0023,0023,data/raw/HKUST/20260202_Thermal_HKUST/DCIM/DJI_202602020954_002/DJI_20260202100309_0023_V.JPG,data/raw/HKUST/20260202_Thermal_HKUST/DCIM/DJI_202602020954_002/DJI_20260202100309_0023_T.JPG,paired,exact_base_name,0,no,
20260202_Thermal_HKUST/DCIM/DJI_202602020954_002::DJI_20260202100321_0024,20260202_Thermal_HKUST,HKUST,2026-02-02,DJI_202602020954_002,DJI_20260202100321_0024,0024,data/raw/HKUST/20260202_Thermal_HKUST/DCIM/DJI_202602020954_002/DJI_20260202100321_0024_V.JPG,data/raw/HKUST/20260202_Thermal_HKUST/DCIM/DJI_202602020954_002/DJI_20260202100321_0024_T.JPG,paired,exact_base_name,0,no,
20260202_Thermal_HKUST/DCIM/DJI_202602020954_002::DJI_20260202100335_0025,20260202_Thermal_HKUST,HKUST,2026-02-02,DJI_202602020954_002,DJI_20260202100335_0025,0025,data/raw/HKUST/20260202_Thermal_HKUST/DCIM/DJI_202602020954_002/DJI_20260202100335_0025_V.JPG,data/raw/HKUST/20260202_Thermal_HKUST/DCIM/DJI_202602020954_002/DJI_20260202100335_0025_T.JPG,paired,exact_base_name,0,no,
20260202_Thermal_HKUST/DCIM/DJI_202602020954_002::sample_0026,20260202_Thermal_HKUST,HKUST,2026-02-02,DJI_202602020954_002,sample_0026,0026,data/raw/HKUST/20260202_Thermal_HKUST/DCIM/DJI_202602020954_002/DJI_20260202100336_0026_V.JPG,data/raw/HKUST/20260202_Thermal_HKUST/DCIM/DJI_202602020954_002/DJI_20260202100337_0026_T.JPG,paired,session_sample_number,1,no,fallback base names: V=DJI_20260202100336_0026; T=DJI_20260202100337_0026
20260202_Thermal_HKUST/DCIM/DJI_202602020954_002::DJI_20260202100348_0027,20260202_Thermal_HKUST,HKUST,2026-02-02,DJI_202602020954_002,DJI_20260202100348_0027,0027,data/raw/HKUST/20260202_Thermal_HKUST/DCIM/DJI_202602020954_002/DJI_20260202100348_0027_V.JPG,data/raw/HKUST/20260202_Thermal_HKUST/DCIM/DJI_202602020954_002/DJI_20260202100348_0027_T.JPG,paired,exact_base_name,0,no,
20260202_Thermal_HKUST/DCIM/DJI_202602020954_002::DJI_20260202100400_0028,20260202_Thermal_HKUST,HKUST,2026-02-02,DJI_202602020954_002,DJI_20260202100400_0028,0028,data/raw/HKUST/20260202_Thermal_HKUST/DCIM/DJI_202602020954_002/DJI_20260202100400_0028_V.JPG,data/raw/HKUST/20260202_Thermal_HKUST/DCIM/DJI_202602020954_002/DJI_20260202100400_0028_T.JPG,paired,exact_base_name,0,no,
20260202_Thermal_HKUST/DCIM/DJI_202602020954_002::DJI_20260202100411_0029,20260202_Thermal_HKUST,HKUST,2026-02-02,DJI_202602020954_002,DJI_20260202100411_0029,0029,data/raw/HKUST/20260202_Thermal_HKUST/DCIM/DJI_202602020954_002/DJI_20260202100411_0029_V.JPG,data/raw/HKUST/20260202_Thermal_HKUST/DCIM/DJI_202602020954_002/DJI_20260202100411_0029_T.JPG,paired,exact_base_name,0,no,
20260202_Thermal_HKUST/DCIM/DJI_202602020954_002::sample_0030,20260202_Thermal_HKUST,HKUST,2026-02-02,DJI_202602020954_002,sample_0030,0030,data/raw/HKUST/20260202_Thermal_HKUST/DCIM/DJI_202602020954_002/DJI_20260202100423_0030_V.JPG,data/raw/HKUST/20260202_Thermal_HKUST/DCIM/DJI_202602020954_002/DJI_20260202100424_0030_T.JPG,paired,session_sample_number,1,no,fallback base names: V=DJI_20260202100423_0030; T=DJI_20260202100424_0030
20260202_Thermal_HKUST/DCIM/DJI_202602020954_002::DJI_20260202100433_0031,20260202_Thermal_HKUST,HKUST,2026-02-02,DJI_202602020954_002,DJI_20260202100433_0031,0031,data/raw/HKUST/20260202_Thermal_HKUST/DCIM/DJI_202602020954_002/DJI_20260202100433_0031_V.JPG,data/raw/HKUST/20260202_Thermal_HKUST/DCIM/DJI_202602020954_002/DJI_20260202100433_0031_T.JPG,paired,exact_base_name,0,no,
20260202_Thermal_HKUST/DCIM/DJI_202602020954_002::sample_0032,20260202_Thermal_HKUST,HKUST,2026-02-02,DJI_202602020954_002,sample_0032,0032,data/raw/HKUST/20260202_Thermal_HKUST/DCIM/DJI_202602020954_002/DJI_20260202100444_0032_V.JPG,data/raw/HKUST/20260202_Thermal_HKUST/DCIM/DJI_202602020954_002/DJI_20260202100445_0032_T.JPG,paired,session_sample_number,1,no,fallback base names: V=DJI_20260202100444_0032; T=DJI_20260202100445_0032
20260202_Thermal_HKUST/DCIM/DJI_202602020954_002::DJI_20260202100456_0033,20260202_Thermal_HKUST,HKUST,2026-02-02,DJI_202602020954_002,DJI_20260202100456_0033,0033,data/raw/HKUST/20260202_Thermal_HKUST/DCIM/DJI_202602020954_002/DJI_20260202100456_0033_V.JPG,data/raw/HKUST/20260202_Thermal_HKUST/DCIM/DJI_202602020954_002/DJI_20260202100456_0033_T.JPG,paired,exact_base_name,0,no,
20260202_Thermal_HKUST/DCIM/DJI_202602020954_002::sample_0034,20260202_Thermal_HKUST,HKUST,2026-02-02,DJI_202602020954_002,sample_0034,0034,data/raw/HKUST/20260202_Thermal_HKUST/DCIM/DJI_202602020954_002/DJI_20260202100507_0034_V.JPG,data/raw/HKUST/20260202_Thermal_HKUST/DCIM/DJI_202602020954_002/DJI_20260202100508_0034_T.JPG,paired,session_sample_number,1,no,fallback base names: V=DJI_20260202100507_0034; T=DJI_20260202100508_0034
20260202_Thermal_HKUST/DCIM/DJI_202602020954_002::sample_0035,20260202_Thermal_HKUST,HKUST,2026-02-02,DJI_202602020954_002,sample_0035,0035,data/raw/HKUST/20260202_Thermal_HKUST/DCIM/DJI_202602020954_002/DJI_20260202100519_0035_V.JPG,data/raw/HKUST/20260202_Thermal_HKUST/DCIM/DJI_202602020954_002/DJI_20260202100520_0035_T.JPG,paired,session_sample_number,1,no,fallback base names: V=DJI_20260202100519_0035; T=DJI_20260202100520_0035
20260202_Thermal_HKUST/DCIM/DJI_202602020954_002::DJI_20260202100531_0036,20260202_Thermal_HKUST,HKUST,2026-02-02,DJI_202602020954_002,DJI_20260202100531_0036,0036,data/raw/HKUST/20260202_Thermal_HKUST/DCIM/DJI_202602020954_002/DJI_20260202100531_0036_V.JPG,data/raw/HKUST/20260202_Thermal_HKUST/DCIM/DJI_202602020954_002/DJI_20260202100531_0036_T.JPG,paired,exact_base_name,0,no,
20260202_Thermal_HKUST/DCIM/DJI_202602020954_002::DJI_20260202100539_0037,20260202_Thermal_HKUST,HKUST,2026-02-02,DJI_202602020954_002,DJI_20260202100539_0037,0037,data/raw/HKUST/20260202_Thermal_HKUST/DCIM/DJI_202602020954_002/DJI_20260202100539_0037_V.JPG,data/raw/HKUST/20260202_Thermal_HKUST/DCIM/DJI_202602020954_002/DJI_20260202100539_0037_T.JPG,paired,exact_base_name,0,no,
20260202_Thermal_HKUST/DCIM/DJI_202602020954_002::DJI_20260202100549_0038,20260202_Thermal_HKUST,HKUST,2026-02-02,DJI_202602020954_002,DJI_20260202100549_0038,0038,data/raw/HKUST/20260202_Thermal_HKUST/DCIM/DJI_202602020954_002/DJI_20260202100549_0038_V.JPG,data/raw/HKUST/20260202_Thermal_HKUST/DCIM/DJI_202602020954_002/DJI_20260202100549_0038_T.JPG,paired,exact_base_name,0,no,
20260202_Thermal_HKUST/DCIM/DJI_202602020954_002::DJI_20260202100558_0039,20260202_Thermal_HKUST,HKUST,2026-02-02,DJI_202602020954_002,DJI_20260202100558_0039,0039,data/raw/HKUST/20260202_Thermal_HKUST/DCIM/DJI_202602020954_002/DJI_20260202100558_0039_V.JPG,data/raw/HKUST/20260202_Thermal_HKUST/DCIM/DJI_202602020954_002/DJI_20260202100558_0039_T.JPG,paired,exact_base_name,0,no,
20260202_Thermal_HKUST/DCIM/DJI_202602020954_002::DJI_20260202100608_0040,20260202_Thermal_HKUST,HKUST,2026-02-02,DJI_202602020954_002,DJI_20260202100608_0040,0040,data/raw/HKUST/20260202_Thermal_HKUST/DCIM/DJI_202602020954_002/DJI_20260202100608_0040_V.JPG,data/raw/HKUST/20260202_Thermal_HKUST/DCIM/DJI_202602020954_002/DJI_20260202100608_0040_T.JPG,paired,exact_base_name,0,no,
20260202_Thermal_HKUST/DCIM/DJI_202602020954_002::DJI_20260202100609_0041,20260202_Thermal_HKUST,HKUST,2026-02-02,DJI_202602020954_002,DJI_20260202100609_0041,0041,data/raw/HKUST/20260202_Thermal_HKUST/DCIM/DJI_202602020954_002/DJI_20260202100609_0041_V.JPG,data/raw/HKUST/20260202_Thermal_HKUST/DCIM/DJI_202602020954_002/DJI_20260202100609_0041_T.JPG,paired,exact_base_name,0,no,
20260202_Thermal_HKUST/DCIM/DJI_202602020954_002::DJI_20260202100618_0042,20260202_Thermal_HKUST,HKUST,2026-02-02,DJI_202602020954_002,DJI_20260202100618_0042,0042,data/raw/HKUST/20260202_Thermal_HKUST/DCIM/DJI_202602020954_002/DJI_20260202100618_0042_V.JPG,data/raw/HKUST/20260202_Thermal_HKUST/DCIM/DJI_202602020954_002/DJI_20260202100618_0042_T.JPG,paired,exact_base_name,0,no,
20260202_Thermal_HKUST/DCIM/DJI_202602020954_002::DJI_20260202100627_0043,20260202_Thermal_HKUST,HKUST,2026-02-02,DJI_202602020954_002,DJI_20260202100627_0043,0043,data/raw/HKUST/20260202_Thermal_HKUST/DCIM/DJI_202602020954_002/DJI_20260202100627_0043_V.JPG,data/raw/HKUST/20260202_Thermal_HKUST/DCIM/DJI_202602020954_002/DJI_20260202100627_0043_T.JPG,paired,exact_base_name,0,no,
20260202_Thermal_HKUST/DCIM/DJI_202602020954_002::DJI_20260202100641_0044,20260202_Thermal_HKUST,HKUST,2026-02-02,DJI_202602020954_002,DJI_20260202100641_0044,0044,data/raw/HKUST/20260202_Thermal_HKUST/DCIM/DJI_202602020954_002/DJI_20260202100641_0044_V.JPG,data/raw/HKUST/20260202_Thermal_HKUST/DCIM/DJI_202602020954_002/DJI_20260202100641_0044_T.JPG,paired,exact_base_name,0,no,
20260202_Thermal_HKUST/DCIM/DJI_202602020954_002::DJI_20260202100653_0045,20260202_Thermal_HKUST,HKUST,2026-02-02,DJI_202602020954_002,DJI_20260202100653_0045,0045,data/raw/HKUST/20260202_Thermal_HKUST/DCIM/DJI_202602020954_002/DJI_20260202100653_0045_V.JPG,data/raw/HKUST/20260202_Thermal_HKUST/DCIM/DJI_202602020954_002/DJI_20260202100653_0045_T.JPG,paired,exact_base_name,0,no,
20260202_Thermal_HKUST/DCIM/DJI_202602020954_002::DJI_20260202100706_0046,20260202_Thermal_HKUST,HKUST,2026-02-02,DJI_202602020954_002,DJI_20260202100706_0046,0046,data/raw/HKUST/20260202_Thermal_HKUST/DCIM/DJI_202602020954_002/DJI_20260202100706_0046_V.JPG,data/raw/HKUST/20260202_Thermal_HKUST/DCIM/DJI_202602020954_002/DJI_20260202100706_0046_T.JPG,paired,exact_base_name,0,no,
20260202_Thermal_HKUST/DCIM/DJI_202602020954_002::DJI_20260202100717_0047,20260202_Thermal_HKUST,HKUST,2026-02-02,DJI_202602020954_002,DJI_20260202100717_0047,0047,data/raw/HKUST/20260202_Thermal_HKUST/DCIM/DJI_202602020954_002/DJI_20260202100717_0047_V.JPG,data/raw/HKUST/20260202_Thermal_HKUST/DCIM/DJI_202602020954_002/DJI_20260202100717_0047_T.JPG,paired,exact_base_name,0,no,
20260202_Thermal_HKUST/DCIM/DJI_202602020954_002::DJI_20260202100728_0048,20260202_Thermal_HKUST,HKUST,2026-02-02,DJI_202602020954_002,DJI_20260202100728_0048,0048,data/raw/HKUST/20260202_Thermal_HKUST/DCIM/DJI_202602020954_002/DJI_20260202100728_0048_V.JPG,data/raw/HKUST/20260202_Thermal_HKUST/DCIM/DJI_202602020954_002/DJI_20260202100728_0048_T.JPG,paired,exact_base_name,0,no,
20260202_Thermal_HKUST/DCIM/DJI_202602020954_002::DJI_20260202100739_0049,20260202_Thermal_HKUST,HKUST,2026-02-02,DJI_202602020954_002,DJI_20260202100739_0049,0049,data/raw/HKUST/20260202_Thermal_HKUST/DCIM/DJI_202602020954_002/DJI_20260202100739_0049_V.JPG,data/raw/HKUST/20260202_Thermal_HKUST/DCIM/DJI_202602020954_002/DJI_20260202100739_0049_T.JPG,paired,exact_base_name,0,no,
20260202_Thermal_HKUST/DCIM/DJI_202602020954_002::DJI_20260202100750_0050,20260202_Thermal_HKUST,HKUST,2026-02-02,DJI_202602020954_002,DJI_20260202100750_0050,0050,data/raw/HKUST/20260202_Thermal_HKUST/DCIM/DJI_202602020954_002/DJI_20260202100750_0050_V.JPG,data/raw/HKUST/20260202_Thermal_HKUST/DCIM/DJI_202602020954_002/DJI_20260202100750_0050_T.JPG,paired,exact_base_name,0,no,
20260202_Thermal_HKUST/DCIM/DJI_202602020954_002::sample_0051,20260202_Thermal_HKUST,HKUST,2026-02-02,DJI_202602020954_002,sample_0051,0051,data/raw/HKUST/20260202_Thermal_HKUST/DCIM/DJI_202602020954_002/DJI_20260202100800_0051_V.JPG,data/raw/HKUST/20260202_Thermal_HKUST/DCIM/DJI_202602020954_002/DJI_20260202100801_0051_T.JPG,paired,session_sample_number,1,no,fallback base names: V=DJI_20260202100800_0051; T=DJI_20260202100801_0051
20260202_Thermal_HKUST/DCIM/DJI_202602020954_002::DJI_20260202100802_0052,20260202_Thermal_HKUST,HKUST,2026-02-02,DJI_202602020954_002,DJI_20260202100802_0052,0052,data/raw/HKUST/20260202_Thermal_HKUST/DCIM/DJI_202602020954_002/DJI_20260202100802_0052_V.JPG,data/raw/HKUST/20260202_Thermal_HKUST/DCIM/DJI_202602020954_002/DJI_20260202100802_0052_T.JPG,paired,exact_base_name,0,no,
20260202_Thermal_HKUST/DCIM/DJI_202602020954_002::DJI_20260202100803_0053,20260202_Thermal_HKUST,HKUST,2026-02-02,DJI_202602020954_002,DJI_20260202100803_0053,0053,data/raw/HKUST/20260202_Thermal_HKUST/DCIM/DJI_202602020954_002/DJI_20260202100803_0053_V.JPG,data/raw/HKUST/20260202_Thermal_HKUST/DCIM/DJI_202602020954_002/DJI_20260202100803_0053_T.JPG,paired,exact_base_name,0,no,
20260202_Thermal_HKUST/DCIM/DJI_202602020954_002::DJI_20260202100816_0054,20260202_Thermal_HKUST,HKUST,2026-02-02,DJI_202602020954_002,DJI_20260202100816_0054,0054,data/raw/HKUST/20260202_Thermal_HKUST/DCIM/DJI_202602020954_002/DJI_20260202100816_0054_V.JPG,data/raw/HKUST/20260202_Thermal_HKUST/DCIM/DJI_202602020954_002/DJI_20260202100816_0054_T.JPG,paired,exact_base_name,0,no,
20260202_Thermal_HKUST/DCIM/DJI_202602020954_002::DJI_20260202100828_0055,20260202_Thermal_HKUST,HKUST,2026-02-02,DJI_202602020954_002,DJI_20260202100828_0055,0055,data/raw/HKUST/20260202_Thermal_HKUST/DCIM/DJI_202602020954_002/DJI_20260202100828_0055_V.JPG,data/raw/HKUST/20260202_Thermal_HKUST/DCIM/DJI_202602020954_002/DJI_20260202100828_0055_T.JPG,paired,exact_base_name,0,no,
20260202_Thermal_HKUST/DCIM/DJI_202602020954_002::DJI_20260202100840_0056,20260202_Thermal_HKUST,HKUST,2026-02-02,DJI_202602020954_002,DJI_20260202100840_0056,0056,data/raw/HKUST/20260202_Thermal_HKUST/DCIM/DJI_202602020954_002/DJI_20260202100840_0056_V.JPG,data/raw/HKUST/20260202_Thermal_HKUST/DCIM/DJI_202602020954_002/DJI_20260202100840_0056_T.JPG,paired,exact_base_name,0,no,
20260202_Thermal_HKUST/DCIM/DJI_202602020954_002::DJI_20260202100853_0057,20260202_Thermal_HKUST,HKUST,2026-02-02,DJI_202602020954_002,DJI_20260202100853_0057,0057,data/raw/HKUST/20260202_Thermal_HKUST/DCIM/DJI_202602020954_002/DJI_20260202100853_0057_V.JPG,data/raw/HKUST/20260202_Thermal_HKUST/DCIM/DJI_202602020954_002/DJI_20260202100853_0057_T.JPG,paired,exact_base_name,0,no,
20260202_Thermal_HKUST/DCIM/DJI_202602020954_002::DJI_20260202100902_0058,20260202_Thermal_HKUST,HKUST,2026-02-02,DJI_202602020954_002,DJI_20260202100902_0058,0058,data/raw/HKUST/20260202_Thermal_HKUST/DCIM/DJI_202602020954_002/DJI_20260202100902_0058_V.JPG,data/raw/HKUST/20260202_Thermal_HKUST/DCIM/DJI_202602020954_002/DJI_20260202100902_0058_T.JPG,paired,exact_base_name,0,no,
20260202_Thermal_HKUST/DCIM/DJI_202602020954_002::DJI_20260202100912_0059,20260202_Thermal_HKUST,HKUST,2026-02-02,DJI_202602020954_002,DJI_20260202100912_0059,0059,data/raw/HKUST/20260202_Thermal_HKUST/DCIM/DJI_202602020954_002/DJI_20260202100912_0059_V.JPG,data/raw/HKUST/20260202_Thermal_HKUST/DCIM/DJI_202602020954_002/DJI_20260202100912_0059_T.JPG,paired,exact_base_name,0,no,
20260202_Thermal_HKUST/DCIM/DJI_202602020954_002::DJI_20260202100918_0060,20260202_Thermal_HKUST,HKUST,2026-02-02,DJI_202602020954_002,DJI_20260202100918_0060,0060,data/raw/HKUST/20260202_Thermal_HKUST/DCIM/DJI_202602020954_002/DJI_20260202100918_0060_V.JPG,data/raw/HKUST/20260202_Thermal_HKUST/DCIM/DJI_202602020954_002/DJI_20260202100918_0060_T.JPG,paired,exact_base_name,0,no,
20260202_Thermal_HKUST/DCIM/DJI_202602020954_002::DJI_20260202100924_0061,20260202_Thermal_HKUST,HKUST,2026-02-02,DJI_202602020954_002,DJI_20260202100924_0061,0061,data/raw/HKUST/20260202_Thermal_HKUST/DCIM/DJI_202602020954_002/DJI_20260202100924_0061_V.JPG,data/raw/HKUST/20260202_Thermal_HKUST/DCIM/DJI_202602020954_002/DJI_20260202100924_0061_T.JPG,paired,exact_base_name,0,no,
20260202_Thermal_HKUST/DCIM/DJI_202602020954_002::DJI_20260202100935_0062,20260202_Thermal_HKUST,HKUST,2026-02-02,DJI_202602020954_002,DJI_20260202100935_0062,0062,data/raw/HKUST/20260202_Thermal_HKUST/DCIM/DJI_202602020954_002/DJI_20260202100935_0062_V.JPG,data/raw/HKUST/20260202_Thermal_HKUST/DCIM/DJI_202602020954_002/DJI_20260202100935_0062_T.JPG,paired,exact_base_name,0,no,
20260202_Thermal_HKUST/DCIM/DJI_202602020954_002::DJI_20260202100945_0063,20260202_Thermal_HKUST,HKUST,2026-02-02,DJI_202602020954_002,DJI_20260202100945_0063,0063,data/raw/HKUST/20260202_Thermal_HKUST/DCIM/DJI_202602020954_002/DJI_20260202100945_0063_V.JPG,data/raw/HKUST/20260202_Thermal_HKUST/DCIM/DJI_202602020954_002/DJI_20260202100945_0063_T.JPG,paired,exact_base_name,0,no,
20260202_Thermal_HKUST/DCIM/DJI_202602020954_002::DJI_20260202100957_0064,20260202_Thermal_HKUST,HKUST,2026-02-02,DJI_202602020954_002,DJI_20260202100957_0064,0064,data/raw/HKUST/20260202_Thermal_HKUST/DCIM/DJI_202602020954_002/DJI_20260202100957_0064_V.JPG,data/raw/HKUST/20260202_Thermal_HKUST/DCIM/DJI_202602020954_002/DJI_20260202100957_0064_T.JPG,paired,exact_base_name,0,no,
20260202_Thermal_HKUST/DCIM/DJI_202602020954_002::sample_0065,20260202_Thermal_HKUST,HKUST,2026-02-02,DJI_202602020954_002,sample_0065,0065,data/raw/HKUST/20260202_Thermal_HKUST/DCIM/DJI_202602020954_002/DJI_20260202101008_0065_V.JPG,data/raw/HKUST/20260202_Thermal_HKUST/DCIM/DJI_202602020954_002/DJI_20260202101009_0065_T.JPG,paired,session_sample_number,1,no,fallback base names: V=DJI_20260202101008_0065; T=DJI_20260202101009_0065
20260202_Thermal_HKUST/DCIM/DJI_202602020954_002::DJI_20260202101010_0066,20260202_Thermal_HKUST,HKUST,2026-02-02,DJI_202602020954_002,DJI_20260202101010_0066,0066,data/raw/HKUST/20260202_Thermal_HKUST/DCIM/DJI_202602020954_002/DJI_20260202101010_0066_V.JPG,data/raw/HKUST/20260202_Thermal_HKUST/DCIM/DJI_202602020954_002/DJI_20260202101010_0066_T.JPG,paired,exact_base_name,0,no,
20260202_Thermal_HKUST/DCIM/DJI_202602020954_002::DJI_20260202101025_0067,20260202_Thermal_HKUST,HKUST,2026-02-02,DJI_202602020954_002,DJI_20260202101025_0067,0067,data/raw/HKUST/20260202_Thermal_HKUST/DCIM/DJI_202602020954_002/DJI_20260202101025_0067_V.JPG,data/raw/HKUST/20260202_Thermal_HKUST/DCIM/DJI_202602020954_002/DJI_20260202101025_0067_T.JPG,paired,exact_base_name,0,no,
20260202_Thermal_HKUST/DCIM/DJI_202602020954_002::DJI_20260202101037_0068,20260202_Thermal_HKUST,HKUST,2026-02-02,DJI_202602020954_002,DJI_20260202101037_0068,0068,data/raw/HKUST/20260202_Thermal_HKUST/DCIM/DJI_202602020954_002/DJI_20260202101037_0068_V.JPG,data/raw/HKUST/20260202_Thermal_HKUST/DCIM/DJI_202602020954_002/DJI_20260202101037_0068_T.JPG,paired,exact_base_name,0,no,
20260202_Thermal_HKUST/DCIM/DJI_202602020954_002::DJI_20260202101049_0069,20260202_Thermal_HKUST,HKUST,2026-02-02,DJI_202602020954_002,DJI_20260202101049_0069,0069,data/raw/HKUST/20260202_Thermal_HKUST/DCIM/DJI_202602020954_002/DJI_20260202101049_0069_V.JPG,data/raw/HKUST/20260202_Thermal_HKUST/DCIM/DJI_202602020954_002/DJI_20260202101049_0069_T.JPG,paired,exact_base_name,0,no,
20260202_Thermal_HKUST/DCIM/DJI_202602020954_002::DJI_20260202101101_0070,20260202_Thermal_HKUST,HKUST,2026-02-02,DJI_202602020954_002,DJI_20260202101101_0070,0070,data/raw/HKUST/20260202_Thermal_HKUST/DCIM/DJI_202602020954_002/DJI_20260202101101_0070_V.JPG,data/raw/HKUST/20260202_Thermal_HKUST/DCIM/DJI_202602020954_002/DJI_20260202101101_0070_T.JPG,paired,exact_base_name,0,no,
20260202_Thermal_HKUST/DCIM/DJI_202602020954_002::DJI_20260202101113_0071,20260202_Thermal_HKUST,HKUST,2026-02-02,DJI_202602020954_002,DJI_20260202101113_0071,0071,data/raw/HKUST/20260202_Thermal_HKUST/DCIM/DJI_202602020954_002/DJI_20260202101113_0071_V.JPG,data/raw/HKUST/20260202_Thermal_HKUST/DCIM/DJI_202602020954_002/DJI_20260202101113_0071_T.JPG,paired,exact_base_name,0,no,
20260202_Thermal_HKUST/DCIM/DJI_202602020954_002::DJI_20260202101124_0072,20260202_Thermal_HKUST,HKUST,2026-02-02,DJI_202602020954_002,DJI_20260202101124_0072,0072,data/raw/HKUST/20260202_Thermal_HKUST/DCIM/DJI_202602020954_002/DJI_20260202101124_0072_V.JPG,data/raw/HKUST/20260202_Thermal_HKUST/DCIM/DJI_202602020954_002/DJI_20260202101124_0072_T.JPG,paired,exact_base_name,0,no,
20260202_Thermal_HKUST/DCIM/DJI_202602020954_002::DJI_20260202101136_0073,20260202_Thermal_HKUST,HKUST,2026-02-02,DJI_202602020954_002,DJI_20260202101136_0073,0073,data/raw/HKUST/20260202_Thermal_HKUST/DCIM/DJI_202602020954_002/DJI_20260202101136_0073_V.JPG,data/raw/HKUST/20260202_Thermal_HKUST/DCIM/DJI_202602020954_002/DJI_20260202101136_0073_T.JPG,paired,exact_base_name,0,no,
20260202_Thermal_HKUST/DCIM/DJI_202602021048_003::DJI_20260202105215_0001,20260202_Thermal_HKUST,HKUST,2026-02-02,DJI_202602021048_003,DJI_20260202105215_0001,0001,data/raw/HKUST/20260202_Thermal_HKUST/DCIM/DJI_202602021048_003/DJI_20260202105215_0001_V.JPG,data/raw/HKUST/20260202_Thermal_HKUST/DCIM/DJI_202602021048_003/DJI_20260202105215_0001_T.JPG,paired,exact_base_name,0,no,
20260202_Thermal_HKUST/DCIM/DJI_202602021048_003::DJI_20260202105217_0002,20260202_Thermal_HKUST,HKUST,2026-02-02,DJI_202602021048_003,DJI_20260202105217_0002,0002,data/raw/HKUST/20260202_Thermal_HKUST/DCIM/DJI_202602021048_003/DJI_20260202105217_0002_V.JPG,data/raw/HKUST/20260202_Thermal_HKUST/DCIM/DJI_202602021048_003/DJI_20260202105217_0002_T.JPG,paired,exact_base_name,0,no,
20260202_Thermal_HKUST/DCIM/DJI_202602021048_003::sample_0003,20260202_Thermal_HKUST,HKUST,2026-02-02,DJI_202602021048_003,sample_0003,0003,data/raw/HKUST/20260202_Thermal_HKUST/DCIM/DJI_202602021048_003/DJI_20260202105226_0003_V.JPG,data/raw/HKUST/20260202_Thermal_HKUST/DCIM/DJI_202602021048_003/DJI_20260202105227_0003_T.JPG,paired,session_sample_number,1,no,fallback base names: V=DJI_20260202105226_0003; T=DJI_20260202105227_0003
20260202_Thermal_HKUST/DCIM/DJI_202602021048_003::DJI_20260202105240_0004,20260202_Thermal_HKUST,HKUST,2026-02-02,DJI_202602021048_003,DJI_20260202105240_0004,0004,data/raw/HKUST/20260202_Thermal_HKUST/DCIM/DJI_202602021048_003/DJI_20260202105240_0004_V.JPG,data/raw/HKUST/20260202_Thermal_HKUST/DCIM/DJI_202602021048_003/DJI_20260202105240_0004_T.JPG,paired,exact_base_name,0,no,
20260202_Thermal_HKUST/DCIM/DJI_202602021048_003::sample_0005,20260202_Thermal_HKUST,HKUST,2026-02-02,DJI_202602021048_003,sample_0005,0005,data/raw/HKUST/20260202_Thermal_HKUST/DCIM/DJI_202602021048_003/DJI_20260202105252_0005_V.JPG,data/raw/HKUST/20260202_Thermal_HKUST/DCIM/DJI_202602021048_003/DJI_20260202105253_0005_T.JPG,paired,session_sample_number,1,no,fallback base names: V=DJI_20260202105252_0005; T=DJI_20260202105253_0005
20260202_Thermal_HKUST/DCIM/DJI_202602021048_003::DJI_20260202105303_0006,20260202_Thermal_HKUST,HKUST,2026-02-02,DJI_202602021048_003,DJI_20260202105303_0006,0006,data/raw/HKUST/20260202_Thermal_HKUST/DCIM/DJI_202602021048_003/DJI_20260202105303_0006_V.JPG,data/raw/HKUST/20260202_Thermal_HKUST/DCIM/DJI_202602021048_003/DJI_20260202105303_0006_T.JPG,paired,exact_base_name,0,no,
20260202_Thermal_HKUST/DCIM/DJI_202602021048_003::DJI_20260202105315_0007,20260202_Thermal_HKUST,HKUST,2026-02-02,DJI_202602021048_003,DJI_20260202105315_0007,0007,data/raw/HKUST/20260202_Thermal_HKUST/DCIM/DJI_202602021048_003/DJI_20260202105315_0007_V.JPG,data/raw/HKUST/20260202_Thermal_HKUST/DCIM/DJI_202602021048_003/DJI_20260202105315_0007_T.JPG,paired,exact_base_name,0,no,
20260202_Thermal_HKUST/DCIM/DJI_202602021048_003::DJI_20260202105327_0008,20260202_Thermal_HKUST,HKUST,2026-02-02,DJI_202602021048_003,DJI_20260202105327_0008,0008,data/raw/HKUST/20260202_Thermal_HKUST/DCIM/DJI_202602021048_003/DJI_20260202105327_0008_V.JPG,data/raw/HKUST/20260202_Thermal_HKUST/DCIM/DJI_202602021048_003/DJI_20260202105327_0008_T.JPG,paired,exact_base_name,0,no,
20260202_Thermal_HKUST/DCIM/DJI_202602021048_003::DJI_20260202105339_0009,20260202_Thermal_HKUST,HKUST,2026-02-02,DJI_202602021048_003,DJI_20260202105339_0009,0009,data/raw/HKUST/20260202_Thermal_HKUST/DCIM/DJI_202602021048_003/DJI_20260202105339_0009_V.JPG,data/raw/HKUST/20260202_Thermal_HKUST/DCIM/DJI_202602021048_003/DJI_20260202105339_0009_T.JPG,paired,exact_base_name,0,no,
20260202_Thermal_HKUST/DCIM/DJI_202602021048_003::DJI_20260202105352_0010,20260202_Thermal_HKUST,HKUST,2026-02-02,DJI_202602021048_003,DJI_20260202105352_0010,0010,data/raw/HKUST/20260202_Thermal_HKUST/DCIM/DJI_202602021048_003/DJI_20260202105352_0010_V.JPG,data/raw/HKUST/20260202_Thermal_HKUST/DCIM/DJI_202602021048_003/DJI_20260202105352_0010_T.JPG,paired,exact_base_name,0,no,
20260202_Thermal_HKUST/DCIM/DJI_202602021048_003::DJI_20260202105403_0011,20260202_Thermal_HKUST,HKUST,2026-02-02,DJI_202602021048_003,DJI_20260202105403_0011,0011,data/raw/HKUST/20260202_Thermal_HKUST/DCIM/DJI_202602021048_003/DJI_20260202105403_0011_V.JPG,data/raw/HKUST/20260202_Thermal_HKUST/DCIM/DJI_202602021048_003/DJI_20260202105403_0011_T.JPG,paired,exact_base_name,0,no,
20260202_Thermal_HKUST/DCIM/DJI_202602021048_003::DJI_20260202105415_0012,20260202_Thermal_HKUST,HKUST,2026-02-02,DJI_202602021048_003,DJI_20260202105415_0012,0012,data/raw/HKUST/20260202_Thermal_HKUST/DCIM/DJI_202602021048_003/DJI_20260202105415_0012_V.JPG,data/raw/HKUST/20260202_Thermal_HKUST/DCIM/DJI_202602021048_003/DJI_20260202105415_0012_T.JPG,paired,exact_base_name,0,no,
20260202_Thermal_HKUST/DCIM/DJI_202602021048_003::DJI_20260202105423_0013,20260202_Thermal_HKUST,HKUST,2026-02-02,DJI_202602021048_003,DJI_20260202105423_0013,0013,data/raw/HKUST/20260202_Thermal_HKUST/DCIM/DJI_202602021048_003/DJI_20260202105423_0013_V.JPG,data/raw/HKUST/20260202_Thermal_HKUST/DCIM/DJI_202602021048_003/DJI_20260202105423_0013_T.JPG,paired,exact_base_name,0,no,
20260202_Thermal_HKUST/DCIM/DJI_202602021048_003::DJI_20260202105433_0014,20260202_Thermal_HKUST,HKUST,2026-02-02,DJI_202602021048_003,DJI_20260202105433_0014,0014,data/raw/HKUST/20260202_Thermal_HKUST/DCIM/DJI_202602021048_003/DJI_20260202105433_0014_V.JPG,data/raw/HKUST/20260202_Thermal_HKUST/DCIM/DJI_202602021048_003/DJI_20260202105433_0014_T.JPG,paired,exact_base_name,0,no,
20260202_Thermal_HKUST/DCIM/DJI_202602021048_003::DJI_20260202105443_0015,20260202_Thermal_HKUST,HKUST,2026-02-02,DJI_202602021048_003,DJI_20260202105443_0015,0015,data/raw/HKUST/20260202_Thermal_HKUST/DCIM/DJI_202602021048_003/DJI_20260202105443_0015_V.JPG,data/raw/HKUST/20260202_Thermal_HKUST/DCIM/DJI_202602021048_003/DJI_20260202105443_0015_T.JPG,paired,exact_base_name,0,no,
20260202_Thermal_HKUST/DCIM/DJI_202602021048_003::sample_0016,20260202_Thermal_HKUST,HKUST,2026-02-02,DJI_202602021048_003,sample_0016,0016,data/raw/HKUST/20260202_Thermal_HKUST/DCIM/DJI_202602021048_003/DJI_20260202105452_0016_V.JPG,data/raw/HKUST/20260202_Thermal_HKUST/DCIM/DJI_202602021048_003/DJI_20260202105453_0016_T.JPG,paired,session_sample_number,1,no,fallback base names: V=DJI_20260202105452_0016; T=DJI_20260202105453_0016
20260202_Thermal_HKUST/DCIM/DJI_202602021048_003::DJI_20260202105504_0017,20260202_Thermal_HKUST,HKUST,2026-02-02,DJI_202602021048_003,DJI_20260202105504_0017,0017,data/raw/HKUST/20260202_Thermal_HKUST/DCIM/DJI_202602021048_003/DJI_20260202105504_0017_V.JPG,data/raw/HKUST/20260202_Thermal_HKUST/DCIM/DJI_202602021048_003/DJI_20260202105504_0017_T.JPG,paired,exact_base_name,0,no,
20260202_Thermal_HKUST/DCIM/DJI_202602021048_003::DJI_20260202105519_0018,20260202_Thermal_HKUST,HKUST,2026-02-02,DJI_202602021048_003,DJI_20260202105519_0018,0018,data/raw/HKUST/20260202_Thermal_HKUST/DCIM/DJI_202602021048_003/DJI_20260202105519_0018_V.JPG,data/raw/HKUST/20260202_Thermal_HKUST/DCIM/DJI_202602021048_003/DJI_20260202105519_0018_T.JPG,paired,exact_base_name,0,no,
20260202_Thermal_HKUST/DCIM/DJI_202602021048_003::sample_0019,20260202_Thermal_HKUST,HKUST,2026-02-02,DJI_202602021048_003,sample_0019,0019,data/raw/HKUST/20260202_Thermal_HKUST/DCIM/DJI_202602021048_003/DJI_20260202105530_0019_V.JPG,data/raw/HKUST/20260202_Thermal_HKUST/DCIM/DJI_202602021048_003/DJI_20260202105531_0019_T.JPG,paired,session_sample_number,1,no,fallback base names: V=DJI_20260202105530_0019; T=DJI_20260202105531_0019
20260202_Thermal_HKUST/DCIM/DJI_202602021048_003::sample_0020,20260202_Thermal_HKUST,HKUST,2026-02-02,DJI_202602021048_003,sample_0020,0020,data/raw/HKUST/20260202_Thermal_HKUST/DCIM/DJI_202602021048_003/DJI_20260202105543_0020_V.JPG,data/raw/HKUST/20260202_Thermal_HKUST/DCIM/DJI_202602021048_003/DJI_20260202105544_0020_T.JPG,paired,session_sample_number,1,no,fallback base names: V=DJI_20260202105543_0020; T=DJI_20260202105544_0020
20260202_Thermal_HKUST/DCIM/DJI_202602021048_003::DJI_20260202105600_0021,20260202_Thermal_HKUST,HKUST,2026-02-02,DJI_202602021048_003,DJI_20260202105600_0021,0021,data/raw/HKUST/20260202_Thermal_HKUST/DCIM/DJI_202602021048_003/DJI_20260202105600_0021_V.JPG,data/raw/HKUST/20260202_Thermal_HKUST/DCIM/DJI_202602021048_003/DJI_20260202105600_0021_T.JPG,paired,exact_base_name,0,no,
20260202_Thermal_HKUST/DCIM/DJI_202602021048_003::DJI_20260202105612_0022,20260202_Thermal_HKUST,HKUST,2026-02-02,DJI_202602021048_003,DJI_20260202105612_0022,0022,data/raw/HKUST/20260202_Thermal_HKUST/DCIM/DJI_202602021048_003/DJI_20260202105612_0022_V.JPG,data/raw/HKUST/20260202_Thermal_HKUST/DCIM/DJI_202602021048_003/DJI_20260202105612_0022_T.JPG,paired,exact_base_name,0,no,
20260202_Thermal_HKUST/DCIM/DJI_202602021048_003::sample_0023,20260202_Thermal_HKUST,HKUST,2026-02-02,DJI_202602021048_003,sample_0023,0023,data/raw/HKUST/20260202_Thermal_HKUST/DCIM/DJI_202602021048_003/DJI_20260202105624_0023_V.JPG,data/raw/HKUST/20260202_Thermal_HKUST/DCIM/DJI_202602021048_003/DJI_20260202105625_0023_T.JPG,paired,session_sample_number,1,no,fallback base names: V=DJI_20260202105624_0023; T=DJI_20260202105625_0023
20260202_Thermal_HKUST/DCIM/DJI_202602021048_003::sample_0024,20260202_Thermal_HKUST,HKUST,2026-02-02,DJI_202602021048_003,sample_0024,0024,data/raw/HKUST/20260202_Thermal_HKUST/DCIM/DJI_202602021048_003/DJI_20260202105636_0024_V.JPG,data/raw/HKUST/20260202_Thermal_HKUST/DCIM/DJI_202602021048_003/DJI_20260202105637_0024_T.JPG,paired,session_sample_number,1,no,fallback base names: V=DJI_20260202105636_0024; T=DJI_20260202105637_0024
20260202_Thermal_HKUST/DCIM/DJI_202602021048_003::DJI_20260202105649_0025,20260202_Thermal_HKUST,HKUST,2026-02-02,DJI_202602021048_003,DJI_20260202105649_0025,0025,data/raw/HKUST/20260202_Thermal_HKUST/DCIM/DJI_202602021048_003/DJI_20260202105649_0025_V.JPG,data/raw/HKUST/20260202_Thermal_HKUST/DCIM/DJI_202602021048_003/DJI_20260202105649_0025_T.JPG,paired,exact_base_name,0,no,
20260202_Thermal_HKUST/DCIM/DJI_202602021048_003::DJI_20260202105704_0026,20260202_Thermal_HKUST,HKUST,2026-02-02,DJI_202602021048_003,DJI_20260202105704_0026,0026,data/raw/HKUST/20260202_Thermal_HKUST/DCIM/DJI_202602021048_003/DJI_20260202105704_0026_V.JPG,data/raw/HKUST/20260202_Thermal_HKUST/DCIM/DJI_202602021048_003/DJI_20260202105704_0026_T.JPG,paired,exact_base_name,0,no,
20260202_Thermal_HKUST/DCIM/DJI_202602021048_003::DJI_20260202105718_0027,20260202_Thermal_HKUST,HKUST,2026-02-02,DJI_202602021048_003,DJI_20260202105718_0027,0027,data/raw/HKUST/20260202_Thermal_HKUST/DCIM/DJI_202602021048_003/DJI_20260202105718_0027_V.JPG,data/raw/HKUST/20260202_Thermal_HKUST/DCIM/DJI_202602021048_003/DJI_20260202105718_0027_T.JPG,paired,exact_base_name,0,no,
20260202_Thermal_HKUST/DCIM/DJI_202602021048_003::DJI_20260202105732_0028,20260202_Thermal_HKUST,HKUST,2026-02-02,DJI_202602021048_003,DJI_20260202105732_0028,0028,data/raw/HKUST/20260202_Thermal_HKUST/DCIM/DJI_202602021048_003/DJI_20260202105732_0028_V.JPG,data/raw/HKUST/20260202_Thermal_HKUST/DCIM/DJI_202602021048_003/DJI_20260202105732_0028_T.JPG,paired,exact_base_name,0,no,
20260202_Thermal_HKUST/DCIM/DJI_202602021048_003::DJI_20260202105748_0029,20260202_Thermal_HKUST,HKUST,2026-02-02,DJI_202602021048_003,DJI_20260202105748_0029,0029,data/raw/HKUST/20260202_Thermal_HKUST/DCIM/DJI_202602021048_003/DJI_20260202105748_0029_V.JPG,data/raw/HKUST/20260202_Thermal_HKUST/DCIM/DJI_202602021048_003/DJI_20260202105748_0029_T.JPG,paired,exact_base_name,0,no,
20260202_Thermal_HKUST/DCIM/DJI_202602021048_003::sample_0030,20260202_Thermal_HKUST,HKUST,2026-02-02,DJI_202602021048_003,sample_0030,0030,data/raw/HKUST/20260202_Thermal_HKUST/DCIM/DJI_202602021048_003/DJI_20260202105757_0030_V.JPG,data/raw/HKUST/20260202_Thermal_HKUST/DCIM/DJI_202602021048_003/DJI_20260202105758_0030_T.JPG,paired,session_sample_number,1,no,fallback base names: V=DJI_20260202105757_0030; T=DJI_20260202105758_0030
20260202_Thermal_HKUST/DCIM/DJI_202602021048_003::sample_0031,20260202_Thermal_HKUST,HKUST,2026-02-02,DJI_202602021048_003,sample_0031,0031,data/raw/HKUST/20260202_Thermal_HKUST/DCIM/DJI_202602021048_003/DJI_20260202105808_0031_V.JPG,data/raw/HKUST/20260202_Thermal_HKUST/DCIM/DJI_202602021048_003/DJI_20260202105809_0031_T.JPG,paired,session_sample_number,1,no,fallback base names: V=DJI_20260202105808_0031; T=DJI_20260202105809_0031
20260202_Thermal_HKUST/DCIM/DJI_202602021048_003::DJI_20260202105823_0032,20260202_Thermal_HKUST,HKUST,2026-02-02,DJI_202602021048_003,DJI_20260202105823_0032,0032,data/raw/HKUST/20260202_Thermal_HKUST/DCIM/DJI_202602021048_003/DJI_20260202105823_0032_V.JPG,data/raw/HKUST/20260202_Thermal_HKUST/DCIM/DJI_202602021048_003/DJI_20260202105823_0032_T.JPG,paired,exact_base_name,0,no,
20260202_Thermal_HKUST/DCIM/DJI_202602021048_003::DJI_20260202105837_0033,20260202_Thermal_HKUST,HKUST,2026-02-02,DJI_202602021048_003,DJI_20260202105837_0033,0033,data/raw/HKUST/20260202_Thermal_HKUST/DCIM/DJI_202602021048_003/DJI_20260202105837_0033_V.JPG,data/raw/HKUST/20260202_Thermal_HKUST/DCIM/DJI_202602021048_003/DJI_20260202105837_0033_T.JPG,paired,exact_base_name,0,no,
20260202_Thermal_HKUST/DCIM/DJI_202602021048_003::DJI_20260202105849_0034,20260202_Thermal_HKUST,HKUST,2026-02-02,DJI_202602021048_003,DJI_20260202105849_0034,0034,data/raw/HKUST/20260202_Thermal_HKUST/DCIM/DJI_202602021048_003/DJI_20260202105849_0034_V.JPG,data/raw/HKUST/20260202_Thermal_HKUST/DCIM/DJI_202602021048_003/DJI_20260202105849_0034_T.JPG,paired,exact_base_name,0,no,
20260202_Thermal_HKUST/DCIM/DJI_202602021048_003::DJI_20260202105858_0035,20260202_Thermal_HKUST,HKUST,2026-02-02,DJI_202602021048_003,DJI_20260202105858_0035,0035,data/raw/HKUST/20260202_Thermal_HKUST/DCIM/DJI_202602021048_003/DJI_20260202105858_0035_V.JPG,data/raw/HKUST/20260202_Thermal_HKUST/DCIM/DJI_202602021048_003/DJI_20260202105858_0035_T.JPG,paired,exact_base_name,0,no,
20260202_Thermal_HKUST/DCIM/DJI_202602021048_003::sample_0036,20260202_Thermal_HKUST,HKUST,2026-02-02,DJI_202602021048_003,sample_0036,0036,data/raw/HKUST/20260202_Thermal_HKUST/DCIM/DJI_202602021048_003/DJI_20260202105908_0036_V.JPG,data/raw/HKUST/20260202_Thermal_HKUST/DCIM/DJI_202602021048_003/DJI_20260202105907_0036_T.JPG,paired,session_sample_number,1,no,fallback base names: V=DJI_20260202105908_0036; T=DJI_20260202105907_0036
20260202_Thermal_HKUST/DCIM/DJI_202602021048_003::sample_0037,20260202_Thermal_HKUST,HKUST,2026-02-02,DJI_202602021048_003,sample_0037,0037,data/raw/HKUST/20260202_Thermal_HKUST/DCIM/DJI_202602021048_003/DJI_20260202105917_0037_V.JPG,data/raw/HKUST/20260202_Thermal_HKUST/DCIM/DJI_202602021048_003/DJI_20260202105918_0037_T.JPG,paired,session_sample_number,1,no,fallback base names: V=DJI_20260202105917_0037; T=DJI_20260202105918_0037
20260202_Thermal_HKUST/DCIM/DJI_202602021048_003::DJI_20260202105927_0038,20260202_Thermal_HKUST,HKUST,2026-02-02,DJI_202602021048_003,DJI_20260202105927_0038,0038,data/raw/HKUST/20260202_Thermal_HKUST/DCIM/DJI_202602021048_003/DJI_20260202105927_0038_V.JPG,data/raw/HKUST/20260202_Thermal_HKUST/DCIM/DJI_202602021048_003/DJI_20260202105927_0038_T.JPG,paired,exact_base_name,0,no,
20260202_Thermal_HKUST/DCIM/DJI_202602021048_003::DJI_20260202105938_0039,20260202_Thermal_HKUST,HKUST,2026-02-02,DJI_202602021048_003,DJI_20260202105938_0039,0039,data/raw/HKUST/20260202_Thermal_HKUST/DCIM/DJI_202602021048_003/DJI_20260202105938_0039_V.JPG,data/raw/HKUST/20260202_Thermal_HKUST/DCIM/DJI_202602021048_003/DJI_20260202105938_0039_T.JPG,paired,exact_base_name,0,no,
20260202_Thermal_HKUST/DCIM/DJI_202602021048_003::DJI_20260202105951_0040,20260202_Thermal_HKUST,HKUST,2026-02-02,DJI_202602021048_003,DJI_20260202105951_0040,0040,data/raw/HKUST/20260202_Thermal_HKUST/DCIM/DJI_202602021048_003/DJI_20260202105951_0040_V.JPG,data/raw/HKUST/20260202_Thermal_HKUST/DCIM/DJI_202602021048_003/DJI_20260202105951_0040_T.JPG,paired,exact_base_name,0,no,
20260202_Thermal_HKUST/DCIM/DJI_202602021048_003::DJI_20260202110003_0041,20260202_Thermal_HKUST,HKUST,2026-02-02,DJI_202602021048_003,DJI_20260202110003_0041,0041,data/raw/HKUST/20260202_Thermal_HKUST/DCIM/DJI_202602021048_003/DJI_20260202110003_0041_V.JPG,data/raw/HKUST/20260202_Thermal_HKUST/DCIM/DJI_202602021048_003/DJI_20260202110003_0041_T.JPG,paired,exact_base_name,0,no,
20260202_Thermal_HKUST/DCIM/DJI_202602021048_003::DJI_20260202110016_0042,20260202_Thermal_HKUST,HKUST,2026-02-02,DJI_202602021048_003,DJI_20260202110016_0042,0042,data/raw/HKUST/20260202_Thermal_HKUST/DCIM/DJI_202602021048_003/DJI_20260202110016_0042_V.JPG,data/raw/HKUST/20260202_Thermal_HKUST/DCIM/DJI_202602021048_003/DJI_20260202110016_0042_T.JPG,paired,exact_base_name,0,no,
20260202_Thermal_HKUST/DCIM/DJI_202602021048_003::sample_0043,20260202_Thermal_HKUST,HKUST,2026-02-02,DJI_202602021048_003,sample_0043,0043,data/raw/HKUST/20260202_Thermal_HKUST/DCIM/DJI_202602021048_003/DJI_20260202110108_0043_V.JPG,data/raw/HKUST/20260202_Thermal_HKUST/DCIM/DJI_202602021048_003/DJI_20260202110109_0043_T.JPG,paired,session_sample_number,1,no,fallback base names: V=DJI_20260202110108_0043; T=DJI_20260202110109_0043
20260202_Thermal_HKUST/DCIM/DJI_202602021048_003::sample_0044,20260202_Thermal_HKUST,HKUST,2026-02-02,DJI_202602021048_003,sample_0044,0044,data/raw/HKUST/20260202_Thermal_HKUST/DCIM/DJI_202602021048_003/DJI_20260202110120_0044_V.JPG,data/raw/HKUST/20260202_Thermal_HKUST/DCIM/DJI_202602021048_003/DJI_20260202110121_0044_T.JPG,paired,session_sample_number,1,no,fallback base names: V=DJI_20260202110120_0044; T=DJI_20260202110121_0044
20260202_Thermal_HKUST/DCIM/DJI_202602021048_003::DJI_20260202110133_0045,20260202_Thermal_HKUST,HKUST,2026-02-02,DJI_202602021048_003,DJI_20260202110133_0045,0045,data/raw/HKUST/20260202_Thermal_HKUST/DCIM/DJI_202602021048_003/DJI_20260202110133_0045_V.JPG,data/raw/HKUST/20260202_Thermal_HKUST/DCIM/DJI_202602021048_003/DJI_20260202110133_0045_T.JPG,paired,exact_base_name,0,no,
20260202_Thermal_HKUST/DCIM/DJI_202602021048_003::sample_0046,20260202_Thermal_HKUST,HKUST,2026-02-02,DJI_202602021048_003,sample_0046,0046,data/raw/HKUST/20260202_Thermal_HKUST/DCIM/DJI_202602021048_003/DJI_20260202110147_0046_V.JPG,data/raw/HKUST/20260202_Thermal_HKUST/DCIM/DJI_202602021048_003/DJI_20260202110148_0046_T.JPG,paired,session_sample_number,1,no,fallback base names: V=DJI_20260202110147_0046; T=DJI_20260202110148_0046
20260202_Thermal_HKUST/DCIM/DJI_202602021048_003::DJI_20260202110201_0047,20260202_Thermal_HKUST,HKUST,2026-02-02,DJI_202602021048_003,DJI_20260202110201_0047,0047,data/raw/HKUST/20260202_Thermal_HKUST/DCIM/DJI_202602021048_003/DJI_20260202110201_0047_V.JPG,data/raw/HKUST/20260202_Thermal_HKUST/DCIM/DJI_202602021048_003/DJI_20260202110201_0047_T.JPG,paired,exact_base_name,0,no,
20260202_Thermal_HKUST/DCIM/DJI_202602021048_003::DJI_20260202110214_0048,20260202_Thermal_HKUST,HKUST,2026-02-02,DJI_202602021048_003,DJI_20260202110214_0048,0048,data/raw/HKUST/20260202_Thermal_HKUST/DCIM/DJI_202602021048_003/DJI_20260202110214_0048_V.JPG,data/raw/HKUST/20260202_Thermal_HKUST/DCIM/DJI_202602021048_003/DJI_20260202110214_0048_T.JPG,paired,exact_base_name,0,no,
20260202_Thermal_HKUST/DCIM/DJI_202602021048_003::sample_0049,20260202_Thermal_HKUST,HKUST,2026-02-02,DJI_202602021048_003,sample_0049,0049,data/raw/HKUST/20260202_Thermal_HKUST/DCIM/DJI_202602021048_003/DJI_20260202110225_0049_V.JPG,data/raw/HKUST/20260202_Thermal_HKUST/DCIM/DJI_202602021048_003/DJI_20260202110226_0049_T.JPG,paired,session_sample_number,1,no,fallback base names: V=DJI_20260202110225_0049; T=DJI_20260202110226_0049
20260202_Thermal_HKUST/DCIM/DJI_202602021048_003::DJI_20260202110237_0050,20260202_Thermal_HKUST,HKUST,2026-02-02,DJI_202602021048_003,DJI_20260202110237_0050,0050,data/raw/HKUST/20260202_Thermal_HKUST/DCIM/DJI_202602021048_003/DJI_20260202110237_0050_V.JPG,data/raw/HKUST/20260202_Thermal_HKUST/DCIM/DJI_202602021048_003/DJI_20260202110237_0050_T.JPG,paired,exact_base_name,0,no,
20260202_Thermal_HKUST/DCIM/DJI_202602021048_003::DJI_20260202110248_0051,20260202_Thermal_HKUST,HKUST,2026-02-02,DJI_202602021048_003,DJI_20260202110248_0051,0051,data/raw/HKUST/20260202_Thermal_HKUST/DCIM/DJI_202602021048_003/DJI_20260202110248_0051_V.JPG,data/raw/HKUST/20260202_Thermal_HKUST/DCIM/DJI_202602021048_003/DJI_20260202110248_0051_T.JPG,paired,exact_base_name,0,no,
20260202_Thermal_HKUST/DCIM/DJI_202602021048_003::DJI_20260202110259_0052,20260202_Thermal_HKUST,HKUST,2026-02-02,DJI_202602021048_003,DJI_20260202110259_0052,0052,data/raw/HKUST/20260202_Thermal_HKUST/DCIM/DJI_202602021048_003/DJI_20260202110259_0052_V.JPG,data/raw/HKUST/20260202_Thermal_HKUST/DCIM/DJI_202602021048_003/DJI_20260202110259_0052_T.JPG,paired,exact_base_name,0,no,
20260202_Thermal_HKUST/DCIM/DJI_202602021048_003::DJI_20260202110311_0053,20260202_Thermal_HKUST,HKUST,2026-02-02,DJI_202602021048_003,DJI_20260202110311_0053,0053,data/raw/HKUST/20260202_Thermal_HKUST/DCIM/DJI_202602021048_003/DJI_20260202110311_0053_V.JPG,data/raw/HKUST/20260202_Thermal_HKUST/DCIM/DJI_202602021048_003/DJI_20260202110311_0053_T.JPG,paired,exact_base_name,0,no,
20260202_Thermal_HKUST/DCIM/DJI_202602021048_003::DJI_20260202110324_0054,20260202_Thermal_HKUST,HKUST,2026-02-02,DJI_202602021048_003,DJI_20260202110324_0054,0054,data/raw/HKUST/20260202_Thermal_HKUST/DCIM/DJI_202602021048_003/DJI_20260202110324_0054_V.JPG,data/raw/HKUST/20260202_Thermal_HKUST/DCIM/DJI_202602021048_003/DJI_20260202110324_0054_T.JPG,paired,exact_base_name,0,no,
20260202_Thermal_HKUST/DCIM/DJI_202602021048_003::DJI_20260202110337_0055,20260202_Thermal_HKUST,HKUST,2026-02-02,DJI_202602021048_003,DJI_20260202110337_0055,0055,data/raw/HKUST/20260202_Thermal_HKUST/DCIM/DJI_202602021048_003/DJI_20260202110337_0055_V.JPG,data/raw/HKUST/20260202_Thermal_HKUST/DCIM/DJI_202602021048_003/DJI_20260202110337_0055_T.JPG,paired,exact_base_name,0,no,
20260202_Thermal_HKUST/DCIM/DJI_202602021048_003::DJI_20260202110349_0056,20260202_Thermal_HKUST,HKUST,2026-02-02,DJI_202602021048_003,DJI_20260202110349_0056,0056,data/raw/HKUST/20260202_Thermal_HKUST/DCIM/DJI_202602021048_003/DJI_20260202110349_0056_V.JPG,data/raw/HKUST/20260202_Thermal_HKUST/DCIM/DJI_202602021048_003/DJI_20260202110349_0056_T.JPG,paired,exact_base_name,0,no,
20260202_Thermal_HKUST/DCIM/DJI_202602021048_003::DJI_20260202110401_0057,20260202_Thermal_HKUST,HKUST,2026-02-02,DJI_202602021048_003,DJI_20260202110401_0057,0057,data/raw/HKUST/20260202_Thermal_HKUST/DCIM/DJI_202602021048_003/DJI_20260202110401_0057_V.JPG,data/raw/HKUST/20260202_Thermal_HKUST/DCIM/DJI_202602021048_003/DJI_20260202110401_0057_T.JPG,paired,exact_base_name,0,no,
20260202_Thermal_HKUST/DCIM/DJI_202602021048_003::DJI_20260202110416_0058,20260202_Thermal_HKUST,HKUST,2026-02-02,DJI_202602021048_003,DJI_20260202110416_0058,0058,data/raw/HKUST/20260202_Thermal_HKUST/DCIM/DJI_202602021048_003/DJI_20260202110416_0058_V.JPG,data/raw/HKUST/20260202_Thermal_HKUST/DCIM/DJI_202602021048_003/DJI_20260202110416_0058_T.JPG,paired,exact_base_name,0,no,
20260202_Thermal_HKUST/DCIM/DJI_202602021048_003::DJI_20260202110426_0059,20260202_Thermal_HKUST,HKUST,2026-02-02,DJI_202602021048_003,DJI_20260202110426_0059,0059,data/raw/HKUST/20260202_Thermal_HKUST/DCIM/DJI_202602021048_003/DJI_20260202110426_0059_V.JPG,data/raw/HKUST/20260202_Thermal_HKUST/DCIM/DJI_202602021048_003/DJI_20260202110426_0059_T.JPG,paired,exact_base_name,0,no,
20260202_Thermal_HKUST/DCIM/DJI_202602021048_003::DJI_20260202110437_0060,20260202_Thermal_HKUST,HKUST,2026-02-02,DJI_202602021048_003,DJI_20260202110437_0060,0060,data/raw/HKUST/20260202_Thermal_HKUST/DCIM/DJI_202602021048_003/DJI_20260202110437_0060_V.JPG,data/raw/HKUST/20260202_Thermal_HKUST/DCIM/DJI_202602021048_003/DJI_20260202110437_0060_T.JPG,paired,exact_base_name,0,no,
20260202_Thermal_HKUST/DCIM/DJI_202602021048_003::sample_0061,20260202_Thermal_HKUST,HKUST,2026-02-02,DJI_202602021048_003,sample_0061,0061,data/raw/HKUST/20260202_Thermal_HKUST/DCIM/DJI_202602021048_003/DJI_20260202110451_0061_V.JPG,data/raw/HKUST/20260202_Thermal_HKUST/DCIM/DJI_202602021048_003/DJI_20260202110452_0061_T.JPG,paired,session_sample_number,1,no,fallback base names: V=DJI_20260202110451_0061; T=DJI_20260202110452_0061
20260202_Thermal_HKUST/DCIM/DJI_202602021048_003::DJI_20260202110504_0062,20260202_Thermal_HKUST,HKUST,2026-02-02,DJI_202602021048_003,DJI_20260202110504_0062,0062,data/raw/HKUST/20260202_Thermal_HKUST/DCIM/DJI_202602021048_003/DJI_20260202110504_0062_V.JPG,data/raw/HKUST/20260202_Thermal_HKUST/DCIM/DJI_202602021048_003/DJI_20260202110504_0062_T.JPG,paired,exact_base_name,0,no,
20260202_Thermal_HKUST/DCIM/DJI_202602021048_003::DJI_20260202110516_0063,20260202_Thermal_HKUST,HKUST,2026-02-02,DJI_202602021048_003,DJI_20260202110516_0063,0063,data/raw/HKUST/20260202_Thermal_HKUST/DCIM/DJI_202602021048_003/DJI_20260202110516_0063_V.JPG,data/raw/HKUST/20260202_Thermal_HKUST/DCIM/DJI_202602021048_003/DJI_20260202110516_0063_T.JPG,paired,exact_base_name,0,no,
20260202_Thermal_HKUST/DCIM/DJI_202602021048_003::sample_0064,20260202_Thermal_HKUST,HKUST,2026-02-02,DJI_202602021048_003,sample_0064,0064,data/raw/HKUST/20260202_Thermal_HKUST/DCIM/DJI_202602021048_003/DJI_20260202110528_0064_V.JPG,data/raw/HKUST/20260202_Thermal_HKUST/DCIM/DJI_202602021048_003/DJI_20260202110529_0064_T.JPG,paired,session_sample_number,1,no,fallback base names: V=DJI_20260202110528_0064; T=DJI_20260202110529_0064
20260202_Thermal_HKUST/DCIM/DJI_202602021048_003::sample_0065,20260202_Thermal_HKUST,HKUST,2026-02-02,DJI_202602021048_003,sample_0065,0065,data/raw/HKUST/20260202_Thermal_HKUST/DCIM/DJI_202602021048_003/DJI_20260202110545_0065_V.JPG,data/raw/HKUST/20260202_Thermal_HKUST/DCIM/DJI_202602021048_003/DJI_20260202110546_0065_T.JPG,paired,session_sample_number,1,no,fallback base names: V=DJI_20260202110545_0065; T=DJI_20260202110546_0065
20260202_Thermal_HKUST/DCIM/DJI_202602021048_003::DJI_20260202110600_0066,20260202_Thermal_HKUST,HKUST,2026-02-02,DJI_202602021048_003,DJI_20260202110600_0066,0066,data/raw/HKUST/20260202_Thermal_HKUST/DCIM/DJI_202602021048_003/DJI_20260202110600_0066_V.JPG,data/raw/HKUST/20260202_Thermal_HKUST/DCIM/DJI_202602021048_003/DJI_20260202110600_0066_T.JPG,paired,exact_base_name,0,no,
20260202_Thermal_HKUST/DCIM/DJI_202602021048_003::DJI_20260202110612_0067,20260202_Thermal_HKUST,HKUST,2026-02-02,DJI_202602021048_003,DJI_20260202110612_0067,0067,data/raw/HKUST/20260202_Thermal_HKUST/DCIM/DJI_202602021048_003/DJI_20260202110612_0067_V.JPG,data/raw/HKUST/20260202_Thermal_HKUST/DCIM/DJI_202602021048_003/DJI_20260202110612_0067_T.JPG,paired,exact_base_name,0,no,
20260202_Thermal_HKUST/DCIM/DJI_202602021048_003::DJI_20260202110626_0068,20260202_Thermal_HKUST,HKUST,2026-02-02,DJI_202602021048_003,DJI_20260202110626_0068,0068,data/raw/HKUST/20260202_Thermal_HKUST/DCIM/DJI_202602021048_003/DJI_20260202110626_0068_V.JPG,data/raw/HKUST/20260202_Thermal_HKUST/DCIM/DJI_202602021048_003/DJI_20260202110626_0068_T.JPG,paired,exact_base_name,0,no,
20260202_Thermal_HKUST/DCIM/DJI_202602021048_003::DJI_20260202110640_0069,20260202_Thermal_HKUST,HKUST,2026-02-02,DJI_202602021048_003,DJI_20260202110640_0069,0069,data/raw/HKUST/20260202_Thermal_HKUST/DCIM/DJI_202602021048_003/DJI_20260202110640_0069_V.JPG,data/raw/HKUST/20260202_Thermal_HKUST/DCIM/DJI_202602021048_003/DJI_20260202110640_0069_T.JPG,paired,exact_base_name,0,no,
20260202_Thermal_HKUST/DCIM/DJI_202602021048_003::DJI_20260202110702_0070,20260202_Thermal_HKUST,HKUST,2026-02-02,DJI_202602021048_003,DJI_20260202110702_0070,0070,data/raw/HKUST/20260202_Thermal_HKUST/DCIM/DJI_202602021048_003/DJI_20260202110702_0070_V.JPG,data/raw/HKUST/20260202_Thermal_HKUST/DCIM/DJI_202602021048_003/DJI_20260202110702_0070_T.JPG,paired,exact_base_name,0,no,
20260202_Thermal_HKUST/DCIM/DJI_202602021048_003::DJI_20260202110706_0071,20260202_Thermal_HKUST,HKUST,2026-02-02,DJI_202602021048_003,DJI_20260202110706_0071,0071,data/raw/HKUST/20260202_Thermal_HKUST/DCIM/DJI_202602021048_003/DJI_20260202110706_0071_V.JPG,data/raw/HKUST/20260202_Thermal_HKUST/DCIM/DJI_202602021048_003/DJI_20260202110706_0071_T.JPG,paired,exact_base_name,0,no,
20260202_Thermal_HKUST/DCIM/DJI_202602021048_003::DJI_20260202110715_0072,20260202_Thermal_HKUST,HKUST,2026-02-02,DJI_202602021048_003,DJI_20260202110715_0072,0072,data/raw/HKUST/20260202_Thermal_HKUST/DCIM/DJI_202602021048_003/DJI_20260202110715_0072_V.JPG,data/raw/HKUST/20260202_Thermal_HKUST/DCIM/DJI_202602021048_003/DJI_20260202110715_0072_T.JPG,paired,exact_base_name,0,no,
20260202_Thermal_HKUST/DCIM/DJI_202602021048_003::DJI_20260202110727_0073,20260202_Thermal_HKUST,HKUST,2026-02-02,DJI_202602021048_003,DJI_20260202110727_0073,0073,data/raw/HKUST/20260202_Thermal_HKUST/DCIM/DJI_202602021048_003/DJI_20260202110727_0073_V.JPG,data/raw/HKUST/20260202_Thermal_HKUST/DCIM/DJI_202602021048_003/DJI_20260202110727_0073_T.JPG,paired,exact_base_name,0,no,
20260202_Thermal_HKUST/DCIM/DJI_202602021048_003::DJI_20260202110741_0074,20260202_Thermal_HKUST,HKUST,2026-02-02,DJI_202602021048_003,DJI_20260202110741_0074,0074,data/raw/HKUST/20260202_Thermal_HKUST/DCIM/DJI_202602021048_003/DJI_20260202110741_0074_V.JPG,data/raw/HKUST/20260202_Thermal_HKUST/DCIM/DJI_202602021048_003/DJI_20260202110741_0074_T.JPG,paired,exact_base_name,0,no,
20260202_Thermal_HKUST/DCIM/DJI_202602021048_003::sample_0075,20260202_Thermal_HKUST,HKUST,2026-02-02,DJI_202602021048_003,sample_0075,0075,data/raw/HKUST/20260202_Thermal_HKUST/DCIM/DJI_202602021048_003/DJI_20260202110752_0075_V.JPG,data/raw/HKUST/20260202_Thermal_HKUST/DCIM/DJI_202602021048_003/DJI_20260202110753_0075_T.JPG,paired,session_sample_number,1,no,fallback base names: V=DJI_20260202110752_0075; T=DJI_20260202110753_0075
20260202_Thermal_HKUST/DCIM/DJI_202602021048_003::DJI_20260202110804_0076,20260202_Thermal_HKUST,HKUST,2026-02-02,DJI_202602021048_003,DJI_20260202110804_0076,0076,data/raw/HKUST/20260202_Thermal_HKUST/DCIM/DJI_202602021048_003/DJI_20260202110804_0076_V.JPG,data/raw/HKUST/20260202_Thermal_HKUST/DCIM/DJI_202602021048_003/DJI_20260202110804_0076_T.JPG,paired,exact_base_name,0,no,
20260202_Thermal_HKUST/DCIM/DJI_202602021048_003::DJI_20260202110816_0077,20260202_Thermal_HKUST,HKUST,2026-02-02,DJI_202602021048_003,DJI_20260202110816_0077,0077,data/raw/HKUST/20260202_Thermal_HKUST/DCIM/DJI_202602021048_003/DJI_20260202110816_0077_V.JPG,data/raw/HKUST/20260202_Thermal_HKUST/DCIM/DJI_202602021048_003/DJI_20260202110816_0077_T.JPG,paired,exact_base_name,0,no,
20260202_Thermal_HKUST/DCIM/DJI_202602021048_003::DJI_20260202110828_0078,20260202_Thermal_HKUST,HKUST,2026-02-02,DJI_202602021048_003,DJI_20260202110828_0078,0078,data/raw/HKUST/20260202_Thermal_HKUST/DCIM/DJI_202602021048_003/DJI_20260202110828_0078_V.JPG,data/raw/HKUST/20260202_Thermal_HKUST/DCIM/DJI_202602021048_003/DJI_20260202110828_0078_T.JPG,paired,exact_base_name,0,no,
20260202_Thermal_HKUST/DCIM/DJI_202602021048_003::DJI_20260202110843_0079,20260202_Thermal_HKUST,HKUST,2026-02-02,DJI_202602021048_003,DJI_20260202110843_0079,0079,data/raw/HKUST/20260202_Thermal_HKUST/DCIM/DJI_202602021048_003/DJI_20260202110843_0079_V.JPG,data/raw/HKUST/20260202_Thermal_HKUST/DCIM/DJI_202602021048_003/DJI_20260202110843_0079_T.JPG,paired,exact_base_name,0,no,
20260202_Thermal_HKUST/DCIM/DJI_202602021048_003::DJI_20260202110900_0080,20260202_Thermal_HKUST,HKUST,2026-02-02,DJI_202602021048_003,DJI_20260202110900_0080,0080,data/raw/HKUST/20260202_Thermal_HKUST/DCIM/DJI_202602021048_003/DJI_20260202110900_0080_V.JPG,data/raw/HKUST/20260202_Thermal_HKUST/DCIM/DJI_202602021048_003/DJI_20260202110900_0080_T.JPG,paired,exact_base_name,0,no,
20260202_Thermal_HKUST/DCIM/DJI_202602021048_003::DJI_20260202110909_0081,20260202_Thermal_HKUST,HKUST,2026-02-02,DJI_202602021048_003,DJI_20260202110909_0081,0081,data/raw/HKUST/20260202_Thermal_HKUST/DCIM/DJI_202602021048_003/DJI_20260202110909_0081_V.JPG,data/raw/HKUST/20260202_Thermal_HKUST/DCIM/DJI_202602021048_003/DJI_20260202110909_0081_T.JPG,paired,exact_base_name,0,no,
20260202_Thermal_HKUST/DCIM/DJI_202602021048_003::DJI_20260202110923_0082,20260202_Thermal_HKUST,HKUST,2026-02-02,DJI_202602021048_003,DJI_20260202110923_0082,0082,data/raw/HKUST/20260202_Thermal_HKUST/DCIM/DJI_202602021048_003/DJI_20260202110923_0082_V.JPG,data/raw/HKUST/20260202_Thermal_HKUST/DCIM/DJI_202602021048_003/DJI_20260202110923_0082_T.JPG,paired,exact_base_name,0,no,
20260202_Thermal_HKUST/DCIM/DJI_202602021048_003::DJI_20260202110938_0083,20260202_Thermal_HKUST,HKUST,2026-02-02,DJI_202602021048_003,DJI_20260202110938_0083,0083,data/raw/HKUST/20260202_Thermal_HKUST/DCIM/DJI_202602021048_003/DJI_20260202110938_0083_V.JPG,data/raw/HKUST/20260202_Thermal_HKUST/DCIM/DJI_202602021048_003/DJI_20260202110938_0083_T.JPG,paired,exact_base_name,0,no,
20260202_Thermal_HKUST/DCIM/DJI_202602021048_003::DJI_20260202110948_0084,20260202_Thermal_HKUST,HKUST,2026-02-02,DJI_202602021048_003,DJI_20260202110948_0084,0084,data/raw/HKUST/20260202_Thermal_HKUST/DCIM/DJI_202602021048_003/DJI_20260202110948_0084_V.JPG,data/raw/HKUST/20260202_Thermal_HKUST/DCIM/DJI_202602021048_003/DJI_20260202110948_0084_T.JPG,paired,exact_base_name,0,no,
20260202_Thermal_HKUST/DCIM/DJI_202602021048_003::DJI_20260202111001_0085,20260202_Thermal_HKUST,HKUST,2026-02-02,DJI_202602021048_003,DJI_20260202111001_0085,0085,data/raw/HKUST/20260202_Thermal_HKUST/DCIM/DJI_202602021048_003/DJI_20260202111001_0085_V.JPG,data/raw/HKUST/20260202_Thermal_HKUST/DCIM/DJI_202602021048_003/DJI_20260202111001_0085_T.JPG,paired,exact_base_name,0,no,
20260202_Thermal_HKUST/DCIM/DJI_202602021048_003::DJI_20260202111014_0086,20260202_Thermal_HKUST,HKUST,2026-02-02,DJI_202602021048_003,DJI_20260202111014_0086,0086,data/raw/HKUST/20260202_Thermal_HKUST/DCIM/DJI_202602021048_003/DJI_20260202111014_0086_V.JPG,data/raw/HKUST/20260202_Thermal_HKUST/DCIM/DJI_202602021048_003/DJI_20260202111014_0086_T.JPG,paired,exact_base_name,0,no,
20260202_Thermal_HKUST/DCIM/DJI_202602021048_003::DJI_20260202111024_0087,20260202_Thermal_HKUST,HKUST,2026-02-02,DJI_202602021048_003,DJI_20260202111024_0087,0087,data/raw/HKUST/20260202_Thermal_HKUST/DCIM/DJI_202602021048_003/DJI_20260202111024_0087_V.JPG,data/raw/HKUST/20260202_Thermal_HKUST/DCIM/DJI_202602021048_003/DJI_20260202111024_0087_T.JPG,paired,exact_base_name,0,no,
20260202_Thermal_HKUST/DCIM/DJI_202602021048_003::DJI_20260202111039_0088,20260202_Thermal_HKUST,HKUST,2026-02-02,DJI_202602021048_003,DJI_20260202111039_0088,0088,data/raw/HKUST/20260202_Thermal_HKUST/DCIM/DJI_202602021048_003/DJI_20260202111039_0088_V.JPG,data/raw/HKUST/20260202_Thermal_HKUST/DCIM/DJI_202602021048_003/DJI_20260202111039_0088_T.JPG,paired,exact_base_name,0,no,
20260202_Thermal_HKUST/DCIM/DJI_202602021048_003::DJI_20260202111053_0089,20260202_Thermal_HKUST,HKUST,2026-02-02,DJI_202602021048_003,DJI_20260202111053_0089,0089,data/raw/HKUST/20260202_Thermal_HKUST/DCIM/DJI_202602021048_003/DJI_20260202111053_0089_V.JPG,data/raw/HKUST/20260202_Thermal_HKUST/DCIM/DJI_202602021048_003/DJI_20260202111053_0089_T.JPG,paired,exact_base_name,0,no,
20260202_Thermal_HKUST/DCIM/DJI_202602021048_003::DJI_20260202111104_0090,20260202_Thermal_HKUST,HKUST,2026-02-02,DJI_202602021048_003,DJI_20260202111104_0090,0090,data/raw/HKUST/20260202_Thermal_HKUST/DCIM/DJI_202602021048_003/DJI_20260202111104_0090_V.JPG,data/raw/HKUST/20260202_Thermal_HKUST/DCIM/DJI_202602021048_003/DJI_20260202111104_0090_T.JPG,paired,exact_base_name,0,no,
20260202_Thermal_HKUST/DCIM/DJI_202602021048_003::DJI_20260202111117_0091,20260202_Thermal_HKUST,HKUST,2026-02-02,DJI_202602021048_003,DJI_20260202111117_0091,0091,data/raw/HKUST/20260202_Thermal_HKUST/DCIM/DJI_202602021048_003/DJI_20260202111117_0091_V.JPG,data/raw/HKUST/20260202_Thermal_HKUST/DCIM/DJI_202602021048_003/DJI_20260202111117_0091_T.JPG,paired,exact_base_name,0,no,
20260202_Thermal_HKUST/DCIM/DJI_202602021048_003::DJI_20260202111129_0092,20260202_Thermal_HKUST,HKUST,2026-02-02,DJI_202602021048_003,DJI_20260202111129_0092,0092,data/raw/HKUST/20260202_Thermal_HKUST/DCIM/DJI_202602021048_003/DJI_20260202111129_0092_V.JPG,data/raw/HKUST/20260202_Thermal_HKUST/DCIM/DJI_202602021048_003/DJI_20260202111129_0092_T.JPG,paired,exact_base_name,0,no,
20260202_Thermal_HKUST/DCIM/DJI_202602021048_003::DJI_20260202111139_0093,20260202_Thermal_HKUST,HKUST,2026-02-02,DJI_202602021048_003,DJI_20260202111139_0093,0093,data/raw/HKUST/20260202_Thermal_HKUST/DCIM/DJI_202602021048_003/DJI_20260202111139_0093_V.JPG,data/raw/HKUST/20260202_Thermal_HKUST/DCIM/DJI_202602021048_003/DJI_20260202111139_0093_T.JPG,paired,exact_base_name,0,no,
20260202_Thermal_HKUST/DCIM/DJI_202602021048_003::DJI_20260202111203_0094,20260202_Thermal_HKUST,HKUST,2026-02-02,DJI_202602021048_003,DJI_20260202111203_0094,0094,data/raw/HKUST/20260202_Thermal_HKUST/DCIM/DJI_202602021048_003/DJI_20260202111203_0094_V.JPG,data/raw/HKUST/20260202_Thermal_HKUST/DCIM/DJI_202602021048_003/DJI_20260202111203_0094_T.JPG,paired,exact_base_name,0,no,
20260202_Thermal_HKUST/DCIM/DJI_202602021048_003::DJI_20260202111213_0095,20260202_Thermal_HKUST,HKUST,2026-02-02,DJI_202602021048_003,DJI_20260202111213_0095,0095,data/raw/HKUST/20260202_Thermal_HKUST/DCIM/DJI_202602021048_003/DJI_20260202111213_0095_V.JPG,data/raw/HKUST/20260202_Thermal_HKUST/DCIM/DJI_202602021048_003/DJI_20260202111213_0095_T.JPG,paired,exact_base_name,0,no,
20260202_Thermal_HKUST/DCIM/DJI_202602021048_003::DJI_20260202111223_0096,20260202_Thermal_HKUST,HKUST,2026-02-02,DJI_202602021048_003,DJI_20260202111223_0096,0096,data/raw/HKUST/20260202_Thermal_HKUST/DCIM/DJI_202602021048_003/DJI_20260202111223_0096_V.JPG,data/raw/HKUST/20260202_Thermal_HKUST/DCIM/DJI_202602021048_003/DJI_20260202111223_0096_T.JPG,paired,exact_base_name,0,no,
20260202_Thermal_HKUST/DCIM/DJI_202602021048_003::DJI_20260202111233_0097,20260202_Thermal_HKUST,HKUST,2026-02-02,DJI_202602021048_003,DJI_20260202111233_0097,0097,data/raw/HKUST/20260202_Thermal_HKUST/DCIM/DJI_202602021048_003/DJI_20260202111233_0097_V.JPG,data/raw/HKUST/20260202_Thermal_HKUST/DCIM/DJI_202602021048_003/DJI_20260202111233_0097_T.JPG,paired,exact_base_name,0,no,
20260202_Thermal_HKUST/DCIM/DJI_202602021048_003::DJI_20260202111243_0098,20260202_Thermal_HKUST,HKUST,2026-02-02,DJI_202602021048_003,DJI_20260202111243_0098,0098,data/raw/HKUST/20260202_Thermal_HKUST/DCIM/DJI_202602021048_003/DJI_20260202111243_0098_V.JPG,data/raw/HKUST/20260202_Thermal_HKUST/DCIM/DJI_202602021048_003/DJI_20260202111243_0098_T.JPG,paired,exact_base_name,0,no,
20260202_Thermal_HKUST/DCIM/DJI_202602021048_003::DJI_20260202111255_0099,20260202_Thermal_HKUST,HKUST,2026-02-02,DJI_202602021048_003,DJI_20260202111255_0099,0099,data/raw/HKUST/20260202_Thermal_HKUST/DCIM/DJI_202602021048_003/DJI_20260202111255_0099_V.JPG,data/raw/HKUST/20260202_Thermal_HKUST/DCIM/DJI_202602021048_003/DJI_20260202111255_0099_T.JPG,paired,exact_base_name,0,no,
20260202_Thermal_HKUST/DCIM/DJI_202602021048_003::sample_0100,20260202_Thermal_HKUST,HKUST,2026-02-02,DJI_202602021048_003,sample_0100,0100,data/raw/HKUST/20260202_Thermal_HKUST/DCIM/DJI_202602021048_003/DJI_20260202111307_0100_V.JPG,data/raw/HKUST/20260202_Thermal_HKUST/DCIM/DJI_202602021048_003/DJI_20260202111308_0100_T.JPG,paired,session_sample_number,1,no,fallback base names: V=DJI_20260202111307_0100; T=DJI_20260202111308_0100
20260202_Thermal_HKUST/DCIM/DJI_202602021048_003::DJI_20260202111317_0101,20260202_Thermal_HKUST,HKUST,2026-02-02,DJI_202602021048_003,DJI_20260202111317_0101,0101,data/raw/HKUST/20260202_Thermal_HKUST/DCIM/DJI_202602021048_003/DJI_20260202111317_0101_V.JPG,data/raw/HKUST/20260202_Thermal_HKUST/DCIM/DJI_202602021048_003/DJI_20260202111317_0101_T.JPG,paired,exact_base_name,0,no,
20260202_Thermal_HKUST/DCIM/DJI_202602021145_004::DJI_20260202114927_0001,20260202_Thermal_HKUST,HKUST,2026-02-02,DJI_202602021145_004,DJI_20260202114927_0001,0001,data/raw/HKUST/20260202_Thermal_HKUST/DCIM/DJI_202602021145_004/DJI_20260202114927_0001_V.JPG,data/raw/HKUST/20260202_Thermal_HKUST/DCIM/DJI_202602021145_004/DJI_20260202114927_0001_T.JPG,paired,exact_base_name,0,no,
20260202_Thermal_HKUST/DCIM/DJI_202602021145_004::sample_0002,20260202_Thermal_HKUST,HKUST,2026-02-02,DJI_202602021145_004,sample_0002,0002,data/raw/HKUST/20260202_Thermal_HKUST/DCIM/DJI_202602021145_004/DJI_20260202114938_0002_V.JPG,data/raw/HKUST/20260202_Thermal_HKUST/DCIM/DJI_202602021145_004/DJI_20260202114939_0002_T.JPG,paired,session_sample_number,1,no,fallback base names: V=DJI_20260202114938_0002; T=DJI_20260202114939_0002
20260202_Thermal_HKUST/DCIM/DJI_202602021145_004::DJI_20260202115011_0003,20260202_Thermal_HKUST,HKUST,2026-02-02,DJI_202602021145_004,DJI_20260202115011_0003,0003,data/raw/HKUST/20260202_Thermal_HKUST/DCIM/DJI_202602021145_004/DJI_20260202115011_0003_V.JPG,data/raw/HKUST/20260202_Thermal_HKUST/DCIM/DJI_202602021145_004/DJI_20260202115011_0003_T.JPG,paired,exact_base_name,0,no,
20260202_Thermal_HKUST/DCIM/DJI_202602021145_004::DJI_20260202115032_0004,20260202_Thermal_HKUST,HKUST,2026-02-02,DJI_202602021145_004,DJI_20260202115032_0004,0004,data/raw/HKUST/20260202_Thermal_HKUST/DCIM/DJI_202602021145_004/DJI_20260202115032_0004_V.JPG,data/raw/HKUST/20260202_Thermal_HKUST/DCIM/DJI_202602021145_004/DJI_20260202115032_0004_T.JPG,paired,exact_base_name,0,no,
20260202_Thermal_HKUST/DCIM/DJI_202602021145_004::DJI_20260202115048_0005,20260202_Thermal_HKUST,HKUST,2026-02-02,DJI_202602021145_004,DJI_20260202115048_0005,0005,data/raw/HKUST/20260202_Thermal_HKUST/DCIM/DJI_202602021145_004/DJI_20260202115048_0005_V.JPG,data/raw/HKUST/20260202_Thermal_HKUST/DCIM/DJI_202602021145_004/DJI_20260202115048_0005_T.JPG,paired,exact_base_name,0,no,
20260202_Thermal_HKUST/DCIM/DJI_202602021145_004::DJI_20260202115107_0006,20260202_Thermal_HKUST,HKUST,2026-02-02,DJI_202602021145_004,DJI_20260202115107_0006,0006,data/raw/HKUST/20260202_Thermal_HKUST/DCIM/DJI_202602021145_004/DJI_20260202115107_0006_V.JPG,data/raw/HKUST/20260202_Thermal_HKUST/DCIM/DJI_202602021145_004/DJI_20260202115107_0006_T.JPG,paired,exact_base_name,0,no,
20260202_Thermal_HKUST/DCIM/DJI_202602021145_004::DJI_20260202115136_0007,20260202_Thermal_HKUST,HKUST,2026-02-02,DJI_202602021145_004,DJI_20260202115136_0007,0007,data/raw/HKUST/20260202_Thermal_HKUST/DCIM/DJI_202602021145_004/DJI_20260202115136_0007_V.JPG,data/raw/HKUST/20260202_Thermal_HKUST/DCIM/DJI_202602021145_004/DJI_20260202115136_0007_T.JPG,paired,exact_base_name,0,no,
20260202_Thermal_HKUST/DCIM/DJI_202602021145_004::sample_0008,20260202_Thermal_HKUST,HKUST,2026-02-02,DJI_202602021145_004,sample_0008,0008,data/raw/HKUST/20260202_Thermal_HKUST/DCIM/DJI_202602021145_004/DJI_20260202115152_0008_V.JPG,data/raw/HKUST/20260202_Thermal_HKUST/DCIM/DJI_202602021145_004/DJI_20260202115153_0008_T.JPG,paired,session_sample_number,1,no,fallback base names: V=DJI_20260202115152_0008; T=DJI_20260202115153_0008
20260202_Thermal_HKUST/DCIM/DJI_202602021145_004::sample_0009,20260202_Thermal_HKUST,HKUST,2026-02-02,DJI_202602021145_004,sample_0009,0009,data/raw/HKUST/20260202_Thermal_HKUST/DCIM/DJI_202602021145_004/DJI_20260202115211_0009_V.JPG,data/raw/HKUST/20260202_Thermal_HKUST/DCIM/DJI_202602021145_004/DJI_20260202115212_0009_T.JPG,paired,session_sample_number,1,no,fallback base names: V=DJI_20260202115211_0009; T=DJI_20260202115212_0009
20260202_Thermal_HKUST/DCIM/DJI_202602021145_004::sample_0010,20260202_Thermal_HKUST,HKUST,2026-02-02,DJI_202602021145_004,sample_0010,0010,data/raw/HKUST/20260202_Thermal_HKUST/DCIM/DJI_202602021145_004/DJI_20260202115227_0010_V.JPG,data/raw/HKUST/20260202_Thermal_HKUST/DCIM/DJI_202602021145_004/DJI_20260202115228_0010_T.JPG,paired,session_sample_number,1,no,fallback base names: V=DJI_20260202115227_0010; T=DJI_20260202115228_0010
20260202_Thermal_HKUST/DCIM/DJI_202602021145_004::sample_0011,20260202_Thermal_HKUST,HKUST,2026-02-02,DJI_202602021145_004,sample_0011,0011,data/raw/HKUST/20260202_Thermal_HKUST/DCIM/DJI_202602021145_004/DJI_20260202115244_0011_V.JPG,data/raw/HKUST/20260202_Thermal_HKUST/DCIM/DJI_202602021145_004/DJI_20260202115245_0011_T.JPG,paired,session_sample_number,1,no,fallback base names: V=DJI_20260202115244_0011; T=DJI_20260202115245_0011
20260202_Thermal_HKUST/DCIM/DJI_202602021145_004::DJI_20260202115303_0012,20260202_Thermal_HKUST,HKUST,2026-02-02,DJI_202602021145_004,DJI_20260202115303_0012,0012,data/raw/HKUST/20260202_Thermal_HKUST/DCIM/DJI_202602021145_004/DJI_20260202115303_0012_V.JPG,data/raw/HKUST/20260202_Thermal_HKUST/DCIM/DJI_202602021145_004/DJI_20260202115303_0012_T.JPG,paired,exact_base_name,0,no,
20260202_Thermal_HKUST/DCIM/DJI_202602021145_004::DJI_20260202115321_0013,20260202_Thermal_HKUST,HKUST,2026-02-02,DJI_202602021145_004,DJI_20260202115321_0013,0013,data/raw/HKUST/20260202_Thermal_HKUST/DCIM/DJI_202602021145_004/DJI_20260202115321_0013_V.JPG,data/raw/HKUST/20260202_Thermal_HKUST/DCIM/DJI_202602021145_004/DJI_20260202115321_0013_T.JPG,paired,exact_base_name,0,no,
20260202_Thermal_HKUST/DCIM/DJI_202602021145_004::sample_0014,20260202_Thermal_HKUST,HKUST,2026-02-02,DJI_202602021145_004,sample_0014,0014,data/raw/HKUST/20260202_Thermal_HKUST/DCIM/DJI_202602021145_004/DJI_20260202115337_0014_V.JPG,data/raw/HKUST/20260202_Thermal_HKUST/DCIM/DJI_202602021145_004/DJI_20260202115338_0014_T.JPG,paired,session_sample_number,1,no,fallback base names: V=DJI_20260202115337_0014; T=DJI_20260202115338_0014
20260202_Thermal_HKUST/DCIM/DJI_202602021145_004::DJI_20260202115354_0015,20260202_Thermal_HKUST,HKUST,2026-02-02,DJI_202602021145_004,DJI_20260202115354_0015,0015,data/raw/HKUST/20260202_Thermal_HKUST/DCIM/DJI_202602021145_004/DJI_20260202115354_0015_V.JPG,data/raw/HKUST/20260202_Thermal_HKUST/DCIM/DJI_202602021145_004/DJI_20260202115354_0015_T.JPG,paired,exact_base_name,0,no,
20260202_Thermal_HKUST/DCIM/DJI_202602021145_004::DJI_20260202115409_0016,20260202_Thermal_HKUST,HKUST,2026-02-02,DJI_202602021145_004,DJI_20260202115409_0016,0016,data/raw/HKUST/20260202_Thermal_HKUST/DCIM/DJI_202602021145_004/DJI_20260202115409_0016_V.JPG,data/raw/HKUST/20260202_Thermal_HKUST/DCIM/DJI_202602021145_004/DJI_20260202115409_0016_T.JPG,paired,exact_base_name,0,no,
20260202_Thermal_HKUST/DCIM/DJI_202602021145_004::DJI_20260202115429_0017,20260202_Thermal_HKUST,HKUST,2026-02-02,DJI_202602021145_004,DJI_20260202115429_0017,0017,data/raw/HKUST/20260202_Thermal_HKUST/DCIM/DJI_202602021145_004/DJI_20260202115429_0017_V.JPG,data/raw/HKUST/20260202_Thermal_HKUST/DCIM/DJI_202602021145_004/DJI_20260202115429_0017_T.JPG,paired,exact_base_name,0,no,
20260202_Thermal_HKUST/DCIM/DJI_202602021145_004::sample_0018,20260202_Thermal_HKUST,HKUST,2026-02-02,DJI_202602021145_004,sample_0018,0018,data/raw/HKUST/20260202_Thermal_HKUST/DCIM/DJI_202602021145_004/DJI_20260202115429_0018_V.JPG,data/raw/HKUST/20260202_Thermal_HKUST/DCIM/DJI_202602021145_004/DJI_20260202115430_0018_T.JPG,paired,session_sample_number,1,no,fallback base names: V=DJI_20260202115429_0018; T=DJI_20260202115430_0018
20260202_Thermal_HKUST/DCIM/DJI_202602021145_004::DJI_20260202115446_0019,20260202_Thermal_HKUST,HKUST,2026-02-02,DJI_202602021145_004,DJI_20260202115446_0019,0019,data/raw/HKUST/20260202_Thermal_HKUST/DCIM/DJI_202602021145_004/DJI_20260202115446_0019_V.JPG,data/raw/HKUST/20260202_Thermal_HKUST/DCIM/DJI_202602021145_004/DJI_20260202115446_0019_T.JPG,paired,exact_base_name,0,no,
20260202_Thermal_HKUST/DCIM/DJI_202602021145_004::DJI_20260202115504_0020,20260202_Thermal_HKUST,HKUST,2026-02-02,DJI_202602021145_004,DJI_20260202115504_0020,0020,data/raw/HKUST/20260202_Thermal_HKUST/DCIM/DJI_202602021145_004/DJI_20260202115504_0020_V.JPG,data/raw/HKUST/20260202_Thermal_HKUST/DCIM/DJI_202602021145_004/DJI_20260202115504_0020_T.JPG,paired,exact_base_name,0,no,
20260202_Thermal_HKUST/DCIM/DJI_202602021145_004::DJI_20260202115520_0021,20260202_Thermal_HKUST,HKUST,2026-02-02,DJI_202602021145_004,DJI_20260202115520_0021,0021,data/raw/HKUST/20260202_Thermal_HKUST/DCIM/DJI_202602021145_004/DJI_20260202115520_0021_V.JPG,data/raw/HKUST/20260202_Thermal_HKUST/DCIM/DJI_202602021145_004/DJI_20260202115520_0021_T.JPG,paired,exact_base_name,0,no,
20260202_Thermal_HKUST/DCIM/DJI_202602021145_004::DJI_20260202115532_0022,20260202_Thermal_HKUST,HKUST,2026-02-02,DJI_202602021145_004,DJI_20260202115532_0022,0022,data/raw/HKUST/20260202_Thermal_HKUST/DCIM/DJI_202602021145_004/DJI_20260202115532_0022_V.JPG,data/raw/HKUST/20260202_Thermal_HKUST/DCIM/DJI_202602021145_004/DJI_20260202115532_0022_T.JPG,paired,exact_base_name,0,no,
20260202_Thermal_HKUST/DCIM/DJI_202602021145_004::DJI_20260202115546_0023,20260202_Thermal_HKUST,HKUST,2026-02-02,DJI_202602021145_004,DJI_20260202115546_0023,0023,data/raw/HKUST/20260202_Thermal_HKUST/DCIM/DJI_202602021145_004/DJI_20260202115546_0023_V.JPG,data/raw/HKUST/20260202_Thermal_HKUST/DCIM/DJI_202602021145_004/DJI_20260202115546_0023_T.JPG,paired,exact_base_name,0,no,
20260202_Thermal_HKUST/DCIM/DJI_202602021145_004::DJI_20260202115600_0024,20260202_Thermal_HKUST,HKUST,2026-02-02,DJI_202602021145_004,DJI_20260202115600_0024,0024,data/raw/HKUST/20260202_Thermal_HKUST/DCIM/DJI_202602021145_004/DJI_20260202115600_0024_V.JPG,data/raw/HKUST/20260202_Thermal_HKUST/DCIM/DJI_202602021145_004/DJI_20260202115600_0024_T.JPG,paired,exact_base_name,0,no,
20260202_Thermal_HKUST/DCIM/DJI_202602021145_004::DJI_20260202115617_0025,20260202_Thermal_HKUST,HKUST,2026-02-02,DJI_202602021145_004,DJI_20260202115617_0025,0025,data/raw/HKUST/20260202_Thermal_HKUST/DCIM/DJI_202602021145_004/DJI_20260202115617_0025_V.JPG,data/raw/HKUST/20260202_Thermal_HKUST/DCIM/DJI_202602021145_004/DJI_20260202115617_0025_T.JPG,paired,exact_base_name,0,no,
20260202_Thermal_HKUST/DCIM/DJI_202602021145_004::sample_0026,20260202_Thermal_HKUST,HKUST,2026-02-02,DJI_202602021145_004,sample_0026,0026,data/raw/HKUST/20260202_Thermal_HKUST/DCIM/DJI_202602021145_004/DJI_20260202115632_0026_V.JPG,data/raw/HKUST/20260202_Thermal_HKUST/DCIM/DJI_202602021145_004/DJI_20260202115633_0026_T.JPG,paired,session_sample_number,1,no,fallback base names: V=DJI_20260202115632_0026; T=DJI_20260202115633_0026
20260202_Thermal_HKUST/DCIM/DJI_202602021145_004::DJI_20260202115651_0027,20260202_Thermal_HKUST,HKUST,2026-02-02,DJI_202602021145_004,DJI_20260202115651_0027,0027,data/raw/HKUST/20260202_Thermal_HKUST/DCIM/DJI_202602021145_004/DJI_20260202115651_0027_V.JPG,data/raw/HKUST/20260202_Thermal_HKUST/DCIM/DJI_202602021145_004/DJI_20260202115651_0027_T.JPG,paired,exact_base_name,0,no,
20260202_Thermal_HKUST/DCIM/DJI_202602021145_004::sample_0028,20260202_Thermal_HKUST,HKUST,2026-02-02,DJI_202602021145_004,sample_0028,0028,data/raw/HKUST/20260202_Thermal_HKUST/DCIM/DJI_202602021145_004/DJI_20260202115706_0028_V.JPG,data/raw/HKUST/20260202_Thermal_HKUST/DCIM/DJI_202602021145_004/DJI_20260202115707_0028_T.JPG,paired,session_sample_number,1,no,fallback base names: V=DJI_20260202115706_0028; T=DJI_20260202115707_0028
20260202_Thermal_HKUST/DCIM/DJI_202602021145_004::DJI_20260202115724_0029,20260202_Thermal_HKUST,HKUST,2026-02-02,DJI_202602021145_004,DJI_20260202115724_0029,0029,data/raw/HKUST/20260202_Thermal_HKUST/DCIM/DJI_202602021145_004/DJI_20260202115724_0029_V.JPG,data/raw/HKUST/20260202_Thermal_HKUST/DCIM/DJI_202602021145_004/DJI_20260202115724_0029_T.JPG,paired,exact_base_name,0,no,
20260202_Thermal_HKUST/DCIM/DJI_202602021145_004::DJI_20260202115737_0030,20260202_Thermal_HKUST,HKUST,2026-02-02,DJI_202602021145_004,DJI_20260202115737_0030,0030,data/raw/HKUST/20260202_Thermal_HKUST/DCIM/DJI_202602021145_004/DJI_20260202115737_0030_V.JPG,data/raw/HKUST/20260202_Thermal_HKUST/DCIM/DJI_202602021145_004/DJI_20260202115737_0030_T.JPG,paired,exact_base_name,0,no,
20260202_Thermal_HKUST/DCIM/DJI_202602021145_004::DJI_20260202115753_0031,20260202_Thermal_HKUST,HKUST,2026-02-02,DJI_202602021145_004,DJI_20260202115753_0031,0031,data/raw/HKUST/20260202_Thermal_HKUST/DCIM/DJI_202602021145_004/DJI_20260202115753_0031_V.JPG,data/raw/HKUST/20260202_Thermal_HKUST/DCIM/DJI_202602021145_004/DJI_20260202115753_0031_T.JPG,paired,exact_base_name,0,no,
20260202_Thermal_HKUST/DCIM/DJI_202602021145_004::DJI_20260202115808_0032,20260202_Thermal_HKUST,HKUST,2026-02-02,DJI_202602021145_004,DJI_20260202115808_0032,0032,data/raw/HKUST/20260202_Thermal_HKUST/DCIM/DJI_202602021145_004/DJI_20260202115808_0032_V.JPG,data/raw/HKUST/20260202_Thermal_HKUST/DCIM/DJI_202602021145_004/DJI_20260202115808_0032_T.JPG,paired,exact_base_name,0,no,
20260202_Thermal_HKUST/DCIM/DJI_202602021145_004::DJI_20260202115824_0033,20260202_Thermal_HKUST,HKUST,2026-02-02,DJI_202602021145_004,DJI_20260202115824_0033,0033,data/raw/HKUST/20260202_Thermal_HKUST/DCIM/DJI_202602021145_004/DJI_20260202115824_0033_V.JPG,data/raw/HKUST/20260202_Thermal_HKUST/DCIM/DJI_202602021145_004/DJI_20260202115824_0033_T.JPG,paired,exact_base_name,0,no,
20260202_Thermal_HKUST/DCIM/DJI_202602021145_004::sample_0034,20260202_Thermal_HKUST,HKUST,2026-02-02,DJI_202602021145_004,sample_0034,0034,data/raw/HKUST/20260202_Thermal_HKUST/DCIM/DJI_202602021145_004/DJI_20260202115839_0034_V.JPG,data/raw/HKUST/20260202_Thermal_HKUST/DCIM/DJI_202602021145_004/DJI_20260202115840_0034_T.JPG,paired,session_sample_number,1,no,fallback base names: V=DJI_20260202115839_0034; T=DJI_20260202115840_0034
20260202_Thermal_HKUST/DCIM/DJI_202602021145_004::sample_0035,20260202_Thermal_HKUST,HKUST,2026-02-02,DJI_202602021145_004,sample_0035,0035,data/raw/HKUST/20260202_Thermal_HKUST/DCIM/DJI_202602021145_004/DJI_20260202115857_0035_V.JPG,data/raw/HKUST/20260202_Thermal_HKUST/DCIM/DJI_202602021145_004/DJI_20260202115858_0035_T.JPG,paired,session_sample_number,1,no,fallback base names: V=DJI_20260202115857_0035; T=DJI_20260202115858_0035
20260202_Thermal_HKUST/DCIM/DJI_202602021145_004::DJI_20260202115942_0036,20260202_Thermal_HKUST,HKUST,2026-02-02,DJI_202602021145_004,DJI_20260202115942_0036,0036,data/raw/HKUST/20260202_Thermal_HKUST/DCIM/DJI_202602021145_004/DJI_20260202115942_0036_V.JPG,data/raw/HKUST/20260202_Thermal_HKUST/DCIM/DJI_202602021145_004/DJI_20260202115942_0036_T.JPG,paired,exact_base_name,0,no,
20260202_Thermal_HKUST/DCIM/DJI_202602021145_004::DJI_20260202115958_0037,20260202_Thermal_HKUST,HKUST,2026-02-02,DJI_202602021145_004,DJI_20260202115958_0037,0037,data/raw/HKUST/20260202_Thermal_HKUST/DCIM/DJI_202602021145_004/DJI_20260202115958_0037_V.JPG,data/raw/HKUST/20260202_Thermal_HKUST/DCIM/DJI_202602021145_004/DJI_20260202115958_0037_T.JPG,paired,exact_base_name,0,no,
20260202_Thermal_HKUST/DCIM/DJI_202602021145_004::DJI_20260202120020_0038,20260202_Thermal_HKUST,HKUST,2026-02-02,DJI_202602021145_004,DJI_20260202120020_0038,0038,data/raw/HKUST/20260202_Thermal_HKUST/DCIM/DJI_202602021145_004/DJI_20260202120020_0038_V.JPG,data/raw/HKUST/20260202_Thermal_HKUST/DCIM/DJI_202602021145_004/DJI_20260202120020_0038_T.JPG,paired,exact_base_name,0,no,
20260202_Thermal_HKUST/DCIM/DJI_202602021145_004::DJI_20260202120035_0039,20260202_Thermal_HKUST,HKUST,2026-02-02,DJI_202602021145_004,DJI_20260202120035_0039,0039,data/raw/HKUST/20260202_Thermal_HKUST/DCIM/DJI_202602021145_004/DJI_20260202120035_0039_V.JPG,data/raw/HKUST/20260202_Thermal_HKUST/DCIM/DJI_202602021145_004/DJI_20260202120035_0039_T.JPG,paired,exact_base_name,0,no,
20260202_Thermal_HKUST/DCIM/DJI_202602021145_004::DJI_20260202120051_0040,20260202_Thermal_HKUST,HKUST,2026-02-02,DJI_202602021145_004,DJI_20260202120051_0040,0040,data/raw/HKUST/20260202_Thermal_HKUST/DCIM/DJI_202602021145_004/DJI_20260202120051_0040_V.JPG,data/raw/HKUST/20260202_Thermal_HKUST/DCIM/DJI_202602021145_004/DJI_20260202120051_0040_T.JPG,paired,exact_base_name,0,no,
20260202_Thermal_HKUST/DCIM/DJI_202602021145_004::DJI_20260202120052_0041,20260202_Thermal_HKUST,HKUST,2026-02-02,DJI_202602021145_004,DJI_20260202120052_0041,0041,data/raw/HKUST/20260202_Thermal_HKUST/DCIM/DJI_202602021145_004/DJI_20260202120052_0041_V.JPG,data/raw/HKUST/20260202_Thermal_HKUST/DCIM/DJI_202602021145_004/DJI_20260202120052_0041_T.JPG,paired,exact_base_name,0,no,
20260202_Thermal_HKUST/DCIM/DJI_202602021145_004::DJI_20260202120106_0042,20260202_Thermal_HKUST,HKUST,2026-02-02,DJI_202602021145_004,DJI_20260202120106_0042,0042,data/raw/HKUST/20260202_Thermal_HKUST/DCIM/DJI_202602021145_004/DJI_20260202120106_0042_V.JPG,data/raw/HKUST/20260202_Thermal_HKUST/DCIM/DJI_202602021145_004/DJI_20260202120106_0042_T.JPG,paired,exact_base_name,0,no,
20260202_Thermal_HKUST/DCIM/DJI_202602021145_004::DJI_20260202120118_0043,20260202_Thermal_HKUST,HKUST,2026-02-02,DJI_202602021145_004,DJI_20260202120118_0043,0043,data/raw/HKUST/20260202_Thermal_HKUST/DCIM/DJI_202602021145_004/DJI_20260202120118_0043_V.JPG,data/raw/HKUST/20260202_Thermal_HKUST/DCIM/DJI_202602021145_004/DJI_20260202120118_0043_T.JPG,paired,exact_base_name,0,no,
20260202_Thermal_HKUST/DCIM/DJI_202602021145_004::DJI_20260202120132_0044,20260202_Thermal_HKUST,HKUST,2026-02-02,DJI_202602021145_004,DJI_20260202120132_0044,0044,data/raw/HKUST/20260202_Thermal_HKUST/DCIM/DJI_202602021145_004/DJI_20260202120132_0044_V.JPG,data/raw/HKUST/20260202_Thermal_HKUST/DCIM/DJI_202602021145_004/DJI_20260202120132_0044_T.JPG,paired,exact_base_name,0,no,
20260202_Thermal_HKUST/DCIM/DJI_202602021145_004::DJI_20260202120151_0045,20260202_Thermal_HKUST,HKUST,2026-02-02,DJI_202602021145_004,DJI_20260202120151_0045,0045,data/raw/HKUST/20260202_Thermal_HKUST/DCIM/DJI_202602021145_004/DJI_20260202120151_0045_V.JPG,data/raw/HKUST/20260202_Thermal_HKUST/DCIM/DJI_202602021145_004/DJI_20260202120151_0045_T.JPG,paired,exact_base_name,0,no,
20260202_Thermal_HKUST/DCIM/DJI_202602021145_004::DJI_20260202120205_0046,20260202_Thermal_HKUST,HKUST,2026-02-02,DJI_202602021145_004,DJI_20260202120205_0046,0046,data/raw/HKUST/20260202_Thermal_HKUST/DCIM/DJI_202602021145_004/DJI_20260202120205_0046_V.JPG,data/raw/HKUST/20260202_Thermal_HKUST/DCIM/DJI_202602021145_004/DJI_20260202120205_0046_T.JPG,paired,exact_base_name,0,no,
20260202_Thermal_HKUST/DCIM/DJI_202602021145_004::DJI_20260202120215_0047,20260202_Thermal_HKUST,HKUST,2026-02-02,DJI_202602021145_004,DJI_20260202120215_0047,0047,data/raw/HKUST/20260202_Thermal_HKUST/DCIM/DJI_202602021145_004/DJI_20260202120215_0047_V.JPG,data/raw/HKUST/20260202_Thermal_HKUST/DCIM/DJI_202602021145_004/DJI_20260202120215_0047_T.JPG,paired,exact_base_name,0,no,
20260202_Thermal_HKUST/DCIM/DJI_202602021145_004::DJI_20260202120227_0048,20260202_Thermal_HKUST,HKUST,2026-02-02,DJI_202602021145_004,DJI_20260202120227_0048,0048,data/raw/HKUST/20260202_Thermal_HKUST/DCIM/DJI_202602021145_004/DJI_20260202120227_0048_V.JPG,data/raw/HKUST/20260202_Thermal_HKUST/DCIM/DJI_202602021145_004/DJI_20260202120227_0048_T.JPG,paired,exact_base_name,0,no,
20260202_Thermal_HKUST/DCIM/DJI_202602021145_004::DJI_20260202120240_0049,20260202_Thermal_HKUST,HKUST,2026-02-02,DJI_202602021145_004,DJI_20260202120240_0049,0049,data/raw/HKUST/20260202_Thermal_HKUST/DCIM/DJI_202602021145_004/DJI_20260202120240_0049_V.JPG,data/raw/HKUST/20260202_Thermal_HKUST/DCIM/DJI_202602021145_004/DJI_20260202120240_0049_T.JPG,paired,exact_base_name,0,no,
20260202_Thermal_HKUST/DCIM/DJI_202602021145_004::DJI_20260202120254_0050,20260202_Thermal_HKUST,HKUST,2026-02-02,DJI_202602021145_004,DJI_20260202120254_0050,0050,data/raw/HKUST/20260202_Thermal_HKUST/DCIM/DJI_202602021145_004/DJI_20260202120254_0050_V.JPG,data/raw/HKUST/20260202_Thermal_HKUST/DCIM/DJI_202602021145_004/DJI_20260202120254_0050_T.JPG,paired,exact_base_name,0,no,
20260202_Thermal_HKUST/DCIM/DJI_202602021145_004::DJI_20260202120306_0051,20260202_Thermal_HKUST,HKUST,2026-02-02,DJI_202602021145_004,DJI_20260202120306_0051,0051,data/raw/HKUST/20260202_Thermal_HKUST/DCIM/DJI_202602021145_004/DJI_20260202120306_0051_V.JPG,data/raw/HKUST/20260202_Thermal_HKUST/DCIM/DJI_202602021145_004/DJI_20260202120306_0051_T.JPG,paired,exact_base_name,0,no,
20260202_Thermal_HKUST/DCIM/DJI_202602021145_004::DJI_20260202120322_0052,20260202_Thermal_HKUST,HKUST,2026-02-02,DJI_202602021145_004,DJI_20260202120322_0052,0052,data/raw/HKUST/20260202_Thermal_HKUST/DCIM/DJI_202602021145_004/DJI_20260202120322_0052_V.JPG,data/raw/HKUST/20260202_Thermal_HKUST/DCIM/DJI_202602021145_004/DJI_20260202120322_0052_T.JPG,paired,exact_base_name,0,no,
20260202_Thermal_HKUST/DCIM/DJI_202602021145_004::DJI_20260202120337_0053,20260202_Thermal_HKUST,HKUST,2026-02-02,DJI_202602021145_004,DJI_20260202120337_0053,0053,data/raw/HKUST/20260202_Thermal_HKUST/DCIM/DJI_202602021145_004/DJI_20260202120337_0053_V.JPG,data/raw/HKUST/20260202_Thermal_HKUST/DCIM/DJI_202602021145_004/DJI_20260202120337_0053_T.JPG,paired,exact_base_name,0,no,
20260202_Thermal_HKUST/DCIM/DJI_202602021145_004::DJI_20260202120349_0054,20260202_Thermal_HKUST,HKUST,2026-02-02,DJI_202602021145_004,DJI_20260202120349_0054,0054,data/raw/HKUST/20260202_Thermal_HKUST/DCIM/DJI_202602021145_004/DJI_20260202120349_0054_V.JPG,data/raw/HKUST/20260202_Thermal_HKUST/DCIM/DJI_202602021145_004/DJI_20260202120349_0054_T.JPG,paired,exact_base_name,0,no,
20260202_Thermal_HKUST/DCIM/DJI_202602021145_004::DJI_20260202120402_0055,20260202_Thermal_HKUST,HKUST,2026-02-02,DJI_202602021145_004,DJI_20260202120402_0055,0055,data/raw/HKUST/20260202_Thermal_HKUST/DCIM/DJI_202602021145_004/DJI_20260202120402_0055_V.JPG,data/raw/HKUST/20260202_Thermal_HKUST/DCIM/DJI_202602021145_004/DJI_20260202120402_0055_T.JPG,paired,exact_base_name,0,no,
20260202_Thermal_HKUST/DCIM/DJI_202602021145_004::sample_0056,20260202_Thermal_HKUST,HKUST,2026-02-02,DJI_202602021145_004,sample_0056,0056,data/raw/HKUST/20260202_Thermal_HKUST/DCIM/DJI_202602021145_004/DJI_20260202120420_0056_V.JPG,data/raw/HKUST/20260202_Thermal_HKUST/DCIM/DJI_202602021145_004/DJI_20260202120421_0056_T.JPG,paired,session_sample_number,1,no,fallback base names: V=DJI_20260202120420_0056; T=DJI_20260202120421_0056
20260202_Thermal_HKUST/DCIM/DJI_202602021145_004::sample_0057,20260202_Thermal_HKUST,HKUST,2026-02-02,DJI_202602021145_004,sample_0057,0057,data/raw/HKUST/20260202_Thermal_HKUST/DCIM/DJI_202602021145_004/DJI_20260202120424_0057_V.JPG,data/raw/HKUST/20260202_Thermal_HKUST/DCIM/DJI_202602021145_004/DJI_20260202120425_0057_T.JPG,paired,session_sample_number,1,no,fallback base names: V=DJI_20260202120424_0057; T=DJI_20260202120425_0057
20260202_Thermal_HKUST/DCIM/DJI_202602021145_004::DJI_20260202120436_0058,20260202_Thermal_HKUST,HKUST,2026-02-02,DJI_202602021145_004,DJI_20260202120436_0058,0058,data/raw/HKUST/20260202_Thermal_HKUST/DCIM/DJI_202602021145_004/DJI_20260202120436_0058_V.JPG,data/raw/HKUST/20260202_Thermal_HKUST/DCIM/DJI_202602021145_004/DJI_20260202120436_0058_T.JPG,paired,exact_base_name,0,no,
20260202_Thermal_HKUST/DCIM/DJI_202602021145_004::sample_0059,20260202_Thermal_HKUST,HKUST,2026-02-02,DJI_202602021145_004,sample_0059,0059,data/raw/HKUST/20260202_Thermal_HKUST/DCIM/DJI_202602021145_004/DJI_20260202120449_0059_V.JPG,data/raw/HKUST/20260202_Thermal_HKUST/DCIM/DJI_202602021145_004/DJI_20260202120450_0059_T.JPG,paired,session_sample_number,1,no,fallback base names: V=DJI_20260202120449_0059; T=DJI_20260202120450_0059
20260202_Thermal_HKUST/DCIM/DJI_202602021145_004::DJI_20260202120503_0060,20260202_Thermal_HKUST,HKUST,2026-02-02,DJI_202602021145_004,DJI_20260202120503_0060,0060,data/raw/HKUST/20260202_Thermal_HKUST/DCIM/DJI_202602021145_004/DJI_20260202120503_0060_V.JPG,data/raw/HKUST/20260202_Thermal_HKUST/DCIM/DJI_202602021145_004/DJI_20260202120503_0060_T.JPG,paired,exact_base_name,0,no,
20260202_Thermal_HKUST/DCIM/DJI_202602021145_004::sample_0061,20260202_Thermal_HKUST,HKUST,2026-02-02,DJI_202602021145_004,sample_0061,0061,data/raw/HKUST/20260202_Thermal_HKUST/DCIM/DJI_202602021145_004/DJI_20260202120520_0061_V.JPG,data/raw/HKUST/20260202_Thermal_HKUST/DCIM/DJI_202602021145_004/DJI_20260202120521_0061_T.JPG,paired,session_sample_number,1,no,fallback base names: V=DJI_20260202120520_0061; T=DJI_20260202120521_0061
20260202_Thermal_HKUST/DCIM/DJI_202602021145_004::DJI_20260202120532_0062,20260202_Thermal_HKUST,HKUST,2026-02-02,DJI_202602021145_004,DJI_20260202120532_0062,0062,data/raw/HKUST/20260202_Thermal_HKUST/DCIM/DJI_202602021145_004/DJI_20260202120532_0062_V.JPG,data/raw/HKUST/20260202_Thermal_HKUST/DCIM/DJI_202602021145_004/DJI_20260202120532_0062_T.JPG,paired,exact_base_name,0,no,
20260202_Thermal_HKUST/DCIM/DJI_202602021145_004::sample_0063,20260202_Thermal_HKUST,HKUST,2026-02-02,DJI_202602021145_004,sample_0063,0063,data/raw/HKUST/20260202_Thermal_HKUST/DCIM/DJI_202602021145_004/DJI_20260202120533_0063_V.JPG,data/raw/HKUST/20260202_Thermal_HKUST/DCIM/DJI_202602021145_004/DJI_20260202120534_0063_T.JPG,paired,session_sample_number,1,no,fallback base names: V=DJI_20260202120533_0063; T=DJI_20260202120534_0063
20260202_Thermal_HKUST/DCIM/DJI_202602021249_005::DJI_20260202125157_0001,20260202_Thermal_HKUST,HKUST,2026-02-02,DJI_202602021249_005,DJI_20260202125157_0001,0001,data/raw/HKUST/20260202_Thermal_HKUST/DCIM/DJI_202602021249_005/DJI_20260202125157_0001_V.JPG,data/raw/HKUST/20260202_Thermal_HKUST/DCIM/DJI_202602021249_005/DJI_20260202125157_0001_T.JPG,paired,exact_base_name,0,no,
20260202_Thermal_HKUST/DCIM/DJI_202602021249_005::DJI_20260202125220_0002,20260202_Thermal_HKUST,HKUST,2026-02-02,DJI_202602021249_005,DJI_20260202125220_0002,0002,data/raw/HKUST/20260202_Thermal_HKUST/DCIM/DJI_202602021249_005/DJI_20260202125220_0002_V.JPG,data/raw/HKUST/20260202_Thermal_HKUST/DCIM/DJI_202602021249_005/DJI_20260202125220_0002_T.JPG,paired,exact_base_name,0,no,
20260202_Thermal_HKUST/DCIM/DJI_202602021249_005::sample_0003,20260202_Thermal_HKUST,HKUST,2026-02-02,DJI_202602021249_005,sample_0003,0003,data/raw/HKUST/20260202_Thermal_HKUST/DCIM/DJI_202602021249_005/DJI_20260202125239_0003_V.JPG,data/raw/HKUST/20260202_Thermal_HKUST/DCIM/DJI_202602021249_005/DJI_20260202125240_0003_T.JPG,paired,session_sample_number,1,no,fallback base names: V=DJI_20260202125239_0003; T=DJI_20260202125240_0003
20260202_Thermal_HKUST/DCIM/DJI_202602021249_005::DJI_20260202125300_0004,20260202_Thermal_HKUST,HKUST,2026-02-02,DJI_202602021249_005,DJI_20260202125300_0004,0004,data/raw/HKUST/20260202_Thermal_HKUST/DCIM/DJI_202602021249_005/DJI_20260202125300_0004_V.JPG,data/raw/HKUST/20260202_Thermal_HKUST/DCIM/DJI_202602021249_005/DJI_20260202125300_0004_T.JPG,paired,exact_base_name,0,no,
20260202_Thermal_HKUST/DCIM/DJI_202602021249_005::DJI_20260202125318_0005,20260202_Thermal_HKUST,HKUST,2026-02-02,DJI_202602021249_005,DJI_20260202125318_0005,0005,data/raw/HKUST/20260202_Thermal_HKUST/DCIM/DJI_202602021249_005/DJI_20260202125318_0005_V.JPG,data/raw/HKUST/20260202_Thermal_HKUST/DCIM/DJI_202602021249_005/DJI_20260202125318_0005_T.JPG,paired,exact_base_name,0,no,
20260202_Thermal_HKUST/DCIM/DJI_202602021249_005::DJI_20260202125333_0006,20260202_Thermal_HKUST,HKUST,2026-02-02,DJI_202602021249_005,DJI_20260202125333_0006,0006,data/raw/HKUST/20260202_Thermal_HKUST/DCIM/DJI_202602021249_005/DJI_20260202125333_0006_V.JPG,data/raw/HKUST/20260202_Thermal_HKUST/DCIM/DJI_202602021249_005/DJI_20260202125333_0006_T.JPG,paired,exact_base_name,0,no,
20260202_Thermal_HKUST/DCIM/DJI_202602021249_005::DJI_20260202125358_0007,20260202_Thermal_HKUST,HKUST,2026-02-02,DJI_202602021249_005,DJI_20260202125358_0007,0007,data/raw/HKUST/20260202_Thermal_HKUST/DCIM/DJI_202602021249_005/DJI_20260202125358_0007_V.JPG,data/raw/HKUST/20260202_Thermal_HKUST/DCIM/DJI_202602021249_005/DJI_20260202125358_0007_T.JPG,paired,exact_base_name,0,no,
20260202_Thermal_HKUST/DCIM/DJI_202602021249_005::DJI_20260202125410_0008,20260202_Thermal_HKUST,HKUST,2026-02-02,DJI_202602021249_005,DJI_20260202125410_0008,0008,data/raw/HKUST/20260202_Thermal_HKUST/DCIM/DJI_202602021249_005/DJI_20260202125410_0008_V.JPG,data/raw/HKUST/20260202_Thermal_HKUST/DCIM/DJI_202602021249_005/DJI_20260202125410_0008_T.JPG,paired,exact_base_name,0,no,
20260202_Thermal_HKUST/DCIM/DJI_202602021249_005::sample_0009,20260202_Thermal_HKUST,HKUST,2026-02-02,DJI_202602021249_005,sample_0009,0009,data/raw/HKUST/20260202_Thermal_HKUST/DCIM/DJI_202602021249_005/DJI_20260202125427_0009_V.JPG,data/raw/HKUST/20260202_Thermal_HKUST/DCIM/DJI_202602021249_005/DJI_20260202125428_0009_T.JPG,paired,session_sample_number,1,no,fallback base names: V=DJI_20260202125427_0009; T=DJI_20260202125428_0009
20260202_Thermal_HKUST/DCIM/DJI_202602021249_005::sample_0010,20260202_Thermal_HKUST,HKUST,2026-02-02,DJI_202602021249_005,sample_0010,0010,data/raw/HKUST/20260202_Thermal_HKUST/DCIM/DJI_202602021249_005/DJI_20260202125439_0010_V.JPG,data/raw/HKUST/20260202_Thermal_HKUST/DCIM/DJI_202602021249_005/DJI_20260202125440_0010_T.JPG,paired,session_sample_number,1,no,fallback base names: V=DJI_20260202125439_0010; T=DJI_20260202125440_0010
20260202_Thermal_HKUST/DCIM/DJI_202602021249_005::DJI_20260202125454_0011,20260202_Thermal_HKUST,HKUST,2026-02-02,DJI_202602021249_005,DJI_20260202125454_0011,0011,data/raw/HKUST/20260202_Thermal_HKUST/DCIM/DJI_202602021249_005/DJI_20260202125454_0011_V.JPG,data/raw/HKUST/20260202_Thermal_HKUST/DCIM/DJI_202602021249_005/DJI_20260202125454_0011_T.JPG,paired,exact_base_name,0,no,
20260202_Thermal_HKUST/DCIM/DJI_202602021249_005::DJI_20260202125511_0012,20260202_Thermal_HKUST,HKUST,2026-02-02,DJI_202602021249_005,DJI_20260202125511_0012,0012,data/raw/HKUST/20260202_Thermal_HKUST/DCIM/DJI_202602021249_005/DJI_20260202125511_0012_V.JPG,data/raw/HKUST/20260202_Thermal_HKUST/DCIM/DJI_202602021249_005/DJI_20260202125511_0012_T.JPG,paired,exact_base_name,0,no,
20260202_Thermal_HKUST/DCIM/DJI_202602021249_005::DJI_20260202125527_0013,20260202_Thermal_HKUST,HKUST,2026-02-02,DJI_202602021249_005,DJI_20260202125527_0013,0013,data/raw/HKUST/20260202_Thermal_HKUST/DCIM/DJI_202602021249_005/DJI_20260202125527_0013_V.JPG,data/raw/HKUST/20260202_Thermal_HKUST/DCIM/DJI_202602021249_005/DJI_20260202125527_0013_T.JPG,paired,exact_base_name,0,no,
20260202_Thermal_HKUST/DCIM/DJI_202602021249_005::DJI_20260202125541_0014,20260202_Thermal_HKUST,HKUST,2026-02-02,DJI_202602021249_005,DJI_20260202125541_0014,0014,data/raw/HKUST/20260202_Thermal_HKUST/DCIM/DJI_202602021249_005/DJI_20260202125541_0014_V.JPG,data/raw/HKUST/20260202_Thermal_HKUST/DCIM/DJI_202602021249_005/DJI_20260202125541_0014_T.JPG,paired,exact_base_name,0,no,
20260202_Thermal_HKUST/DCIM/DJI_202602021249_005::DJI_20260202125601_0015,20260202_Thermal_HKUST,HKUST,2026-02-02,DJI_202602021249_005,DJI_20260202125601_0015,0015,data/raw/HKUST/20260202_Thermal_HKUST/DCIM/DJI_202602021249_005/DJI_20260202125601_0015_V.JPG,data/raw/HKUST/20260202_Thermal_HKUST/DCIM/DJI_202602021249_005/DJI_20260202125601_0015_T.JPG,paired,exact_base_name,0,no,
20260202_Thermal_HKUST/DCIM/DJI_202602021249_005::sample_0016,20260202_Thermal_HKUST,HKUST,2026-02-02,DJI_202602021249_005,sample_0016,0016,data/raw/HKUST/20260202_Thermal_HKUST/DCIM/DJI_202602021249_005/DJI_20260202125611_0016_V.JPG,data/raw/HKUST/20260202_Thermal_HKUST/DCIM/DJI_202602021249_005/DJI_20260202125612_0016_T.JPG,paired,session_sample_number,1,no,fallback base names: V=DJI_20260202125611_0016; T=DJI_20260202125612_0016
20260202_Thermal_HKUST/DCIM/DJI_202602021249_005::DJI_20260202125624_0017,20260202_Thermal_HKUST,HKUST,2026-02-02,DJI_202602021249_005,DJI_20260202125624_0017,0017,data/raw/HKUST/20260202_Thermal_HKUST/DCIM/DJI_202602021249_005/DJI_20260202125624_0017_V.JPG,data/raw/HKUST/20260202_Thermal_HKUST/DCIM/DJI_202602021249_005/DJI_20260202125624_0017_T.JPG,paired,exact_base_name,0,no,
20260202_Thermal_HKUST/DCIM/DJI_202602021249_005::sample_0018,20260202_Thermal_HKUST,HKUST,2026-02-02,DJI_202602021249_005,sample_0018,0018,data/raw/HKUST/20260202_Thermal_HKUST/DCIM/DJI_202602021249_005/DJI_20260202125634_0018_V.JPG,data/raw/HKUST/20260202_Thermal_HKUST/DCIM/DJI_202602021249_005/DJI_20260202125635_0018_T.JPG,paired,session_sample_number,1,no,fallback base names: V=DJI_20260202125634_0018; T=DJI_20260202125635_0018
20260202_Thermal_HKUST/DCIM/DJI_202602021249_005::DJI_20260202125649_0019,20260202_Thermal_HKUST,HKUST,2026-02-02,DJI_202602021249_005,DJI_20260202125649_0019,0019,data/raw/HKUST/20260202_Thermal_HKUST/DCIM/DJI_202602021249_005/DJI_20260202125649_0019_V.JPG,data/raw/HKUST/20260202_Thermal_HKUST/DCIM/DJI_202602021249_005/DJI_20260202125649_0019_T.JPG,paired,exact_base_name,0,no,
20260202_Thermal_HKUST/DCIM/DJI_202602021249_005::DJI_20260202125703_0020,20260202_Thermal_HKUST,HKUST,2026-02-02,DJI_202602021249_005,DJI_20260202125703_0020,0020,data/raw/HKUST/20260202_Thermal_HKUST/DCIM/DJI_202602021249_005/DJI_20260202125703_0020_V.JPG,data/raw/HKUST/20260202_Thermal_HKUST/DCIM/DJI_202602021249_005/DJI_20260202125703_0020_T.JPG,paired,exact_base_name,0,no,
20260202_Thermal_HKUST/DCIM/DJI_202602021249_005::sample_0021,20260202_Thermal_HKUST,HKUST,2026-02-02,DJI_202602021249_005,sample_0021,0021,data/raw/HKUST/20260202_Thermal_HKUST/DCIM/DJI_202602021249_005/DJI_20260202125716_0021_V.JPG,data/raw/HKUST/20260202_Thermal_HKUST/DCIM/DJI_202602021249_005/DJI_20260202125717_0021_T.JPG,paired,session_sample_number,1,no,fallback base names: V=DJI_20260202125716_0021; T=DJI_20260202125717_0021
20260202_Thermal_HKUST/DCIM/DJI_202602021249_005::sample_0022,20260202_Thermal_HKUST,HKUST,2026-02-02,DJI_202602021249_005,sample_0022,0022,data/raw/HKUST/20260202_Thermal_HKUST/DCIM/DJI_202602021249_005/DJI_20260202125734_0022_V.JPG,data/raw/HKUST/20260202_Thermal_HKUST/DCIM/DJI_202602021249_005/DJI_20260202125735_0022_T.JPG,paired,session_sample_number,1,no,fallback base names: V=DJI_20260202125734_0022; T=DJI_20260202125735_0022
20260202_Thermal_HKUST/DCIM/DJI_202602021249_005::DJI_20260202125748_0023,20260202_Thermal_HKUST,HKUST,2026-02-02,DJI_202602021249_005,DJI_20260202125748_0023,0023,data/raw/HKUST/20260202_Thermal_HKUST/DCIM/DJI_202602021249_005/DJI_20260202125748_0023_V.JPG,data/raw/HKUST/20260202_Thermal_HKUST/DCIM/DJI_202602021249_005/DJI_20260202125748_0023_T.JPG,paired,exact_base_name,0,no,
20260202_Thermal_HKUST/DCIM/DJI_202602021249_005::DJI_20260202125801_0024,20260202_Thermal_HKUST,HKUST,2026-02-02,DJI_202602021249_005,DJI_20260202125801_0024,0024,data/raw/HKUST/20260202_Thermal_HKUST/DCIM/DJI_202602021249_005/DJI_20260202125801_0024_V.JPG,data/raw/HKUST/20260202_Thermal_HKUST/DCIM/DJI_202602021249_005/DJI_20260202125801_0024_T.JPG,paired,exact_base_name,0,no,
20260202_Thermal_HKUST/DCIM/DJI_202602021249_005::DJI_20260202125817_0025,20260202_Thermal_HKUST,HKUST,2026-02-02,DJI_202602021249_005,DJI_20260202125817_0025,0025,data/raw/HKUST/20260202_Thermal_HKUST/DCIM/DJI_202602021249_005/DJI_20260202125817_0025_V.JPG,data/raw/HKUST/20260202_Thermal_HKUST/DCIM/DJI_202602021249_005/DJI_20260202125817_0025_T.JPG,paired,exact_base_name,0,no,
20260202_Thermal_HKUST/DCIM/DJI_202602021249_005::sample_0026,20260202_Thermal_HKUST,HKUST,2026-02-02,DJI_202602021249_005,sample_0026,0026,data/raw/HKUST/20260202_Thermal_HKUST/DCIM/DJI_202602021249_005/DJI_20260202125831_0026_V.JPG,data/raw/HKUST/20260202_Thermal_HKUST/DCIM/DJI_202602021249_005/DJI_20260202125832_0026_T.JPG,paired,session_sample_number,1,no,fallback base names: V=DJI_20260202125831_0026; T=DJI_20260202125832_0026
20260202_Thermal_HKUST/DCIM/DJI_202602021249_005::DJI_20260202125844_0027,20260202_Thermal_HKUST,HKUST,2026-02-02,DJI_202602021249_005,DJI_20260202125844_0027,0027,data/raw/HKUST/20260202_Thermal_HKUST/DCIM/DJI_202602021249_005/DJI_20260202125844_0027_V.JPG,data/raw/HKUST/20260202_Thermal_HKUST/DCIM/DJI_202602021249_005/DJI_20260202125844_0027_T.JPG,paired,exact_base_name,0,no,
20260202_Thermal_HKUST/DCIM/DJI_202602021249_005::DJI_20260202125846_0028,20260202_Thermal_HKUST,HKUST,2026-02-02,DJI_202602021249_005,DJI_20260202125846_0028,0028,data/raw/HKUST/20260202_Thermal_HKUST/DCIM/DJI_202602021249_005/DJI_20260202125846_0028_V.JPG,data/raw/HKUST/20260202_Thermal_HKUST/DCIM/DJI_202602021249_005/DJI_20260202125846_0028_T.JPG,paired,exact_base_name,0,no,
20260202_Thermal_HKUST/DCIM/DJI_202602021249_005::DJI_20260202125901_0029,20260202_Thermal_HKUST,HKUST,2026-02-02,DJI_202602021249_005,DJI_20260202125901_0029,0029,data/raw/HKUST/20260202_Thermal_HKUST/DCIM/DJI_202602021249_005/DJI_20260202125901_0029_V.JPG,data/raw/HKUST/20260202_Thermal_HKUST/DCIM/DJI_202602021249_005/DJI_20260202125901_0029_T.JPG,paired,exact_base_name,0,no,
20260202_Thermal_HKUST/DCIM/DJI_202602021249_005::DJI_20260202125916_0030,20260202_Thermal_HKUST,HKUST,2026-02-02,DJI_202602021249_005,DJI_20260202125916_0030,0030,data/raw/HKUST/20260202_Thermal_HKUST/DCIM/DJI_202602021249_005/DJI_20260202125916_0030_V.JPG,data/raw/HKUST/20260202_Thermal_HKUST/DCIM/DJI_202602021249_005/DJI_20260202125916_0030_T.JPG,paired,exact_base_name,0,no,
20260202_Thermal_HKUST/DCIM/DJI_202602021249_005::DJI_20260202125927_0031,20260202_Thermal_HKUST,HKUST,2026-02-02,DJI_202602021249_005,DJI_20260202125927_0031,0031,data/raw/HKUST/20260202_Thermal_HKUST/DCIM/DJI_202602021249_005/DJI_20260202125927_0031_V.JPG,data/raw/HKUST/20260202_Thermal_HKUST/DCIM/DJI_202602021249_005/DJI_20260202125927_0031_T.JPG,paired,exact_base_name,0,no,
20260202_Thermal_HKUST/DCIM/DJI_202602021249_005::DJI_20260202125942_0032,20260202_Thermal_HKUST,HKUST,2026-02-02,DJI_202602021249_005,DJI_20260202125942_0032,0032,data/raw/HKUST/20260202_Thermal_HKUST/DCIM/DJI_202602021249_005/DJI_20260202125942_0032_V.JPG,data/raw/HKUST/20260202_Thermal_HKUST/DCIM/DJI_202602021249_005/DJI_20260202125942_0032_T.JPG,paired,exact_base_name,0,no,
20260202_Thermal_HKUST/DCIM/DJI_202602021249_005::DJI_20260202125956_0033,20260202_Thermal_HKUST,HKUST,2026-02-02,DJI_202602021249_005,DJI_20260202125956_0033,0033,data/raw/HKUST/20260202_Thermal_HKUST/DCIM/DJI_202602021249_005/DJI_20260202125956_0033_V.JPG,data/raw/HKUST/20260202_Thermal_HKUST/DCIM/DJI_202602021249_005/DJI_20260202125956_0033_T.JPG,paired,exact_base_name,0,no,
20260202_Thermal_HKUST/DCIM/DJI_202602021249_005::DJI_20260202130007_0034,20260202_Thermal_HKUST,HKUST,2026-02-02,DJI_202602021249_005,DJI_20260202130007_0034,0034,data/raw/HKUST/20260202_Thermal_HKUST/DCIM/DJI_202602021249_005/DJI_20260202130007_0034_V.JPG,data/raw/HKUST/20260202_Thermal_HKUST/DCIM/DJI_202602021249_005/DJI_20260202130007_0034_T.JPG,paired,exact_base_name,0,no,
20260202_Thermal_HKUST/DCIM/DJI_202602021249_005::DJI_20260202130011_0035,20260202_Thermal_HKUST,HKUST,2026-02-02,DJI_202602021249_005,DJI_20260202130011_0035,0035,data/raw/HKUST/20260202_Thermal_HKUST/DCIM/DJI_202602021249_005/DJI_20260202130011_0035_V.JPG,data/raw/HKUST/20260202_Thermal_HKUST/DCIM/DJI_202602021249_005/DJI_20260202130011_0035_T.JPG,paired,exact_base_name,0,no,
20260202_Thermal_HKUST/DCIM/DJI_202602021249_005::DJI_20260202130019_0036,20260202_Thermal_HKUST,HKUST,2026-02-02,DJI_202602021249_005,DJI_20260202130019_0036,0036,data/raw/HKUST/20260202_Thermal_HKUST/DCIM/DJI_202602021249_005/DJI_20260202130019_0036_V.JPG,data/raw/HKUST/20260202_Thermal_HKUST/DCIM/DJI_202602021249_005/DJI_20260202130019_0036_T.JPG,paired,exact_base_name,0,no,
20260202_Thermal_HKUST/DCIM/DJI_202602021249_005::DJI_20260202130020_0037,20260202_Thermal_HKUST,HKUST,2026-02-02,DJI_202602021249_005,DJI_20260202130020_0037,0037,data/raw/HKUST/20260202_Thermal_HKUST/DCIM/DJI_202602021249_005/DJI_20260202130020_0037_V.JPG,data/raw/HKUST/20260202_Thermal_HKUST/DCIM/DJI_202602021249_005/DJI_20260202130020_0037_T.JPG,paired,exact_base_name,0,no,
20260202_Thermal_HKUST/DCIM/DJI_202602021249_005::DJI_20260202130032_0038,20260202_Thermal_HKUST,HKUST,2026-02-02,DJI_202602021249_005,DJI_20260202130032_0038,0038,data/raw/HKUST/20260202_Thermal_HKUST/DCIM/DJI_202602021249_005/DJI_20260202130032_0038_V.JPG,data/raw/HKUST/20260202_Thermal_HKUST/DCIM/DJI_202602021249_005/DJI_20260202130032_0038_T.JPG,paired,exact_base_name,0,no,
20260202_Thermal_HKUST/DCIM/DJI_202602021249_005::DJI_20260202130045_0039,20260202_Thermal_HKUST,HKUST,2026-02-02,DJI_202602021249_005,DJI_20260202130045_0039,0039,data/raw/HKUST/20260202_Thermal_HKUST/DCIM/DJI_202602021249_005/DJI_20260202130045_0039_V.JPG,data/raw/HKUST/20260202_Thermal_HKUST/DCIM/DJI_202602021249_005/DJI_20260202130045_0039_T.JPG,paired,exact_base_name,0,no,
20260202_Thermal_HKUST/DCIM/DJI_202602021249_005::DJI_20260202130054_0040,20260202_Thermal_HKUST,HKUST,2026-02-02,DJI_202602021249_005,DJI_20260202130054_0040,0040,data/raw/HKUST/20260202_Thermal_HKUST/DCIM/DJI_202602021249_005/DJI_20260202130054_0040_V.JPG,data/raw/HKUST/20260202_Thermal_HKUST/DCIM/DJI_202602021249_005/DJI_20260202130054_0040_T.JPG,paired,exact_base_name,0,no,
20260202_Thermal_HKUST/DCIM/DJI_202602021249_005::DJI_20260202130109_0041,20260202_Thermal_HKUST,HKUST,2026-02-02,DJI_202602021249_005,DJI_20260202130109_0041,0041,data/raw/HKUST/20260202_Thermal_HKUST/DCIM/DJI_202602021249_005/DJI_20260202130109_0041_V.JPG,data/raw/HKUST/20260202_Thermal_HKUST/DCIM/DJI_202602021249_005/DJI_20260202130109_0041_T.JPG,paired,exact_base_name,0,no,
20260202_Thermal_HKUST/DCIM/DJI_202602021249_005::DJI_20260202130122_0042,20260202_Thermal_HKUST,HKUST,2026-02-02,DJI_202602021249_005,DJI_20260202130122_0042,0042,data/raw/HKUST/20260202_Thermal_HKUST/DCIM/DJI_202602021249_005/DJI_20260202130122_0042_V.JPG,data/raw/HKUST/20260202_Thermal_HKUST/DCIM/DJI_202602021249_005/DJI_20260202130122_0042_T.JPG,paired,exact_base_name,0,no,
20260202_Thermal_HKUST/DCIM/DJI_202602021249_005::sample_0043,20260202_Thermal_HKUST,HKUST,2026-02-02,DJI_202602021249_005,sample_0043,0043,data/raw/HKUST/20260202_Thermal_HKUST/DCIM/DJI_202602021249_005/DJI_20260202130132_0043_V.JPG,data/raw/HKUST/20260202_Thermal_HKUST/DCIM/DJI_202602021249_005/DJI_20260202130133_0043_T.JPG,paired,session_sample_number,1,no,fallback base names: V=DJI_20260202130132_0043; T=DJI_20260202130133_0043
20260202_Thermal_HKUST/DCIM/DJI_202602021249_005::sample_0044,20260202_Thermal_HKUST,HKUST,2026-02-02,DJI_202602021249_005,sample_0044,0044,data/raw/HKUST/20260202_Thermal_HKUST/DCIM/DJI_202602021249_005/DJI_20260202130141_0044_V.JPG,data/raw/HKUST/20260202_Thermal_HKUST/DCIM/DJI_202602021249_005/DJI_20260202130142_0044_T.JPG,paired,session_sample_number,1,no,fallback base names: V=DJI_20260202130141_0044; T=DJI_20260202130142_0044
20260202_Thermal_HKUST/DCIM/DJI_202602021249_005::DJI_20260202130154_0045,20260202_Thermal_HKUST,HKUST,2026-02-02,DJI_202602021249_005,DJI_20260202130154_0045,0045,data/raw/HKUST/20260202_Thermal_HKUST/DCIM/DJI_202602021249_005/DJI_20260202130154_0045_V.JPG,data/raw/HKUST/20260202_Thermal_HKUST/DCIM/DJI_202602021249_005/DJI_20260202130154_0045_T.JPG,paired,exact_base_name,0,no,
20260202_Thermal_HKUST/DCIM/DJI_202602021249_005::DJI_20260202130207_0046,20260202_Thermal_HKUST,HKUST,2026-02-02,DJI_202602021249_005,DJI_20260202130207_0046,0046,data/raw/HKUST/20260202_Thermal_HKUST/DCIM/DJI_202602021249_005/DJI_20260202130207_0046_V.JPG,data/raw/HKUST/20260202_Thermal_HKUST/DCIM/DJI_202602021249_005/DJI_20260202130207_0046_T.JPG,paired,exact_base_name,0,no,
20260202_Thermal_HKUST/DCIM/DJI_202602021249_005::DJI_20260202130217_0047,20260202_Thermal_HKUST,HKUST,2026-02-02,DJI_202602021249_005,DJI_20260202130217_0047,0047,data/raw/HKUST/20260202_Thermal_HKUST/DCIM/DJI_202602021249_005/DJI_20260202130217_0047_V.JPG,data/raw/HKUST/20260202_Thermal_HKUST/DCIM/DJI_202602021249_005/DJI_20260202130217_0047_T.JPG,paired,exact_base_name,0,no,
20260202_Thermal_HKUST/DCIM/DJI_202602021249_005::sample_0048,20260202_Thermal_HKUST,HKUST,2026-02-02,DJI_202602021249_005,sample_0048,0048,data/raw/HKUST/20260202_Thermal_HKUST/DCIM/DJI_202602021249_005/DJI_20260202130231_0048_V.JPG,data/raw/HKUST/20260202_Thermal_HKUST/DCIM/DJI_202602021249_005/DJI_20260202130232_0048_T.JPG,paired,session_sample_number,1,no,fallback base names: V=DJI_20260202130231_0048; T=DJI_20260202130232_0048
20260202_Thermal_HKUST/DCIM/DJI_202602021249_005::DJI_20260202130244_0049,20260202_Thermal_HKUST,HKUST,2026-02-02,DJI_202602021249_005,DJI_20260202130244_0049,0049,data/raw/HKUST/20260202_Thermal_HKUST/DCIM/DJI_202602021249_005/DJI_20260202130244_0049_V.JPG,data/raw/HKUST/20260202_Thermal_HKUST/DCIM/DJI_202602021249_005/DJI_20260202130244_0049_T.JPG,paired,exact_base_name,0,no,
20260202_Thermal_HKUST/DCIM/DJI_202602021249_005::sample_0050,20260202_Thermal_HKUST,HKUST,2026-02-02,DJI_202602021249_005,sample_0050,0050,data/raw/HKUST/20260202_Thermal_HKUST/DCIM/DJI_202602021249_005/DJI_20260202130253_0050_V.JPG,data/raw/HKUST/20260202_Thermal_HKUST/DCIM/DJI_202602021249_005/DJI_20260202130254_0050_T.JPG,paired,session_sample_number,1,no,fallback base names: V=DJI_20260202130253_0050; T=DJI_20260202130254_0050
20260202_Thermal_HKUST/DCIM/DJI_202602021249_005::sample_0051,20260202_Thermal_HKUST,HKUST,2026-02-02,DJI_202602021249_005,sample_0051,0051,data/raw/HKUST/20260202_Thermal_HKUST/DCIM/DJI_202602021249_005/DJI_20260202130307_0051_V.JPG,data/raw/HKUST/20260202_Thermal_HKUST/DCIM/DJI_202602021249_005/DJI_20260202130308_0051_T.JPG,paired,session_sample_number,1,no,fallback base names: V=DJI_20260202130307_0051; T=DJI_20260202130308_0051
20260202_Thermal_HKUST/DCIM/DJI_202602021249_005::DJI_20260202130323_0052,20260202_Thermal_HKUST,HKUST,2026-02-02,DJI_202602021249_005,DJI_20260202130323_0052,0052,data/raw/HKUST/20260202_Thermal_HKUST/DCIM/DJI_202602021249_005/DJI_20260202130323_0052_V.JPG,data/raw/HKUST/20260202_Thermal_HKUST/DCIM/DJI_202602021249_005/DJI_20260202130323_0052_T.JPG,paired,exact_base_name,0,no,
20260202_Thermal_HKUST/DCIM/DJI_202602021249_005::DJI_20260202130336_0053,20260202_Thermal_HKUST,HKUST,2026-02-02,DJI_202602021249_005,DJI_20260202130336_0053,0053,data/raw/HKUST/20260202_Thermal_HKUST/DCIM/DJI_202602021249_005/DJI_20260202130336_0053_V.JPG,data/raw/HKUST/20260202_Thermal_HKUST/DCIM/DJI_202602021249_005/DJI_20260202130336_0053_T.JPG,paired,exact_base_name,0,no,
20260202_Thermal_HKUST/DCIM/DJI_202602021249_005::DJI_20260202130337_0054,20260202_Thermal_HKUST,HKUST,2026-02-02,DJI_202602021249_005,DJI_20260202130337_0054,0054,data/raw/HKUST/20260202_Thermal_HKUST/DCIM/DJI_202602021249_005/DJI_20260202130337_0054_V.JPG,data/raw/HKUST/20260202_Thermal_HKUST/DCIM/DJI_202602021249_005/DJI_20260202130337_0054_T.JPG,paired,exact_base_name,0,no,
20260202_Thermal_HKUST/DCIM/DJI_202602021249_005::sample_0055,20260202_Thermal_HKUST,HKUST,2026-02-02,DJI_202602021249_005,sample_0055,0055,data/raw/HKUST/20260202_Thermal_HKUST/DCIM/DJI_202602021249_005/DJI_20260202130352_0055_V.JPG,data/raw/HKUST/20260202_Thermal_HKUST/DCIM/DJI_202602021249_005/DJI_20260202130353_0055_T.JPG,paired,session_sample_number,1,no,fallback base names: V=DJI_20260202130352_0055; T=DJI_20260202130353_0055
20260202_Thermal_HKUST/DCIM/DJI_202602021249_005::DJI_20260202130354_0056,20260202_Thermal_HKUST,HKUST,2026-02-02,DJI_202602021249_005,DJI_20260202130354_0056,0056,data/raw/HKUST/20260202_Thermal_HKUST/DCIM/DJI_202602021249_005/DJI_20260202130354_0056_V.JPG,data/raw/HKUST/20260202_Thermal_HKUST/DCIM/DJI_202602021249_005/DJI_20260202130354_0056_T.JPG,paired,exact_base_name,0,no,
20260202_Thermal_HKUST/DCIM/DJI_202602021249_005::DJI_20260202130409_0057,20260202_Thermal_HKUST,HKUST,2026-02-02,DJI_202602021249_005,DJI_20260202130409_0057,0057,data/raw/HKUST/20260202_Thermal_HKUST/DCIM/DJI_202602021249_005/DJI_20260202130409_0057_V.JPG,data/raw/HKUST/20260202_Thermal_HKUST/DCIM/DJI_202602021249_005/DJI_20260202130409_0057_T.JPG,paired,exact_base_name,0,no,
20260202_Thermal_HKUST/DCIM/DJI_202602021249_005::DJI_20260202130420_0058,20260202_Thermal_HKUST,HKUST,2026-02-02,DJI_202602021249_005,DJI_20260202130420_0058,0058,data/raw/HKUST/20260202_Thermal_HKUST/DCIM/DJI_202602021249_005/DJI_20260202130420_0058_V.JPG,data/raw/HKUST/20260202_Thermal_HKUST/DCIM/DJI_202602021249_005/DJI_20260202130420_0058_T.JPG,paired,exact_base_name,0,no,
20260202_Thermal_HKUST/DCIM/DJI_202602021249_005::DJI_20260202130432_0059,20260202_Thermal_HKUST,HKUST,2026-02-02,DJI_202602021249_005,DJI_20260202130432_0059,0059,data/raw/HKUST/20260202_Thermal_HKUST/DCIM/DJI_202602021249_005/DJI_20260202130432_0059_V.JPG,data/raw/HKUST/20260202_Thermal_HKUST/DCIM/DJI_202602021249_005/DJI_20260202130432_0059_T.JPG,paired,exact_base_name,0,no,
20260202_Thermal_HKUST/DCIM/DJI_202602021249_005::sample_0060,20260202_Thermal_HKUST,HKUST,2026-02-02,DJI_202602021249_005,sample_0060,0060,data/raw/HKUST/20260202_Thermal_HKUST/DCIM/DJI_202602021249_005/DJI_20260202130446_0060_V.JPG,data/raw/HKUST/20260202_Thermal_HKUST/DCIM/DJI_202602021249_005/DJI_20260202130447_0060_T.JPG,paired,session_sample_number,1,no,fallback base names: V=DJI_20260202130446_0060; T=DJI_20260202130447_0060
20260202_Thermal_HKUST/DCIM/DJI_202602021249_005::sample_0061,20260202_Thermal_HKUST,HKUST,2026-02-02,DJI_202602021249_005,sample_0061,0061,data/raw/HKUST/20260202_Thermal_HKUST/DCIM/DJI_202602021249_005/DJI_20260202130500_0061_V.JPG,data/raw/HKUST/20260202_Thermal_HKUST/DCIM/DJI_202602021249_005/DJI_20260202130501_0061_T.JPG,paired,session_sample_number,1,no,fallback base names: V=DJI_20260202130500_0061; T=DJI_20260202130501_0061
20260202_Thermal_HKUST/DCIM/DJI_202602021249_005::DJI_20260202130512_0062,20260202_Thermal_HKUST,HKUST,2026-02-02,DJI_202602021249_005,DJI_20260202130512_0062,0062,data/raw/HKUST/20260202_Thermal_HKUST/DCIM/DJI_202602021249_005/DJI_20260202130512_0062_V.JPG,data/raw/HKUST/20260202_Thermal_HKUST/DCIM/DJI_202602021249_005/DJI_20260202130512_0062_T.JPG,paired,exact_base_name,0,no,
20260202_Thermal_HKUST/DCIM/DJI_202602021249_005::DJI_20260202130526_0063,20260202_Thermal_HKUST,HKUST,2026-02-02,DJI_202602021249_005,DJI_20260202130526_0063,0063,data/raw/HKUST/20260202_Thermal_HKUST/DCIM/DJI_202602021249_005/DJI_20260202130526_0063_V.JPG,data/raw/HKUST/20260202_Thermal_HKUST/DCIM/DJI_202602021249_005/DJI_20260202130526_0063_T.JPG,paired,exact_base_name,0,no,
20260202_Thermal_HKUST/DCIM/DJI_202602021249_005::sample_0064,20260202_Thermal_HKUST,HKUST,2026-02-02,DJI_202602021249_005,sample_0064,0064,data/raw/HKUST/20260202_Thermal_HKUST/DCIM/DJI_202602021249_005/DJI_20260202130537_0064_V.JPG,data/raw/HKUST/20260202_Thermal_HKUST/DCIM/DJI_202602021249_005/DJI_20260202130538_0064_T.JPG,paired,session_sample_number,1,no,fallback base names: V=DJI_20260202130537_0064; T=DJI_20260202130538_0064
20260202_Thermal_HKUST/DCIM/DJI_202602021249_005::DJI_20260202130549_0065,20260202_Thermal_HKUST,HKUST,2026-02-02,DJI_202602021249_005,DJI_20260202130549_0065,0065,data/raw/HKUST/20260202_Thermal_HKUST/DCIM/DJI_202602021249_005/DJI_20260202130549_0065_V.JPG,data/raw/HKUST/20260202_Thermal_HKUST/DCIM/DJI_202602021249_005/DJI_20260202130549_0065_T.JPG,paired,exact_base_name,0,no,
20260202_Thermal_HKUST/DCIM/DJI_202602021249_005::sample_0066,20260202_Thermal_HKUST,HKUST,2026-02-02,DJI_202602021249_005,sample_0066,0066,data/raw/HKUST/20260202_Thermal_HKUST/DCIM/DJI_202602021249_005/DJI_20260202130603_0066_V.JPG,data/raw/HKUST/20260202_Thermal_HKUST/DCIM/DJI_202602021249_005/DJI_20260202130604_0066_T.JPG,paired,session_sample_number,1,no,fallback base names: V=DJI_20260202130603_0066; T=DJI_20260202130604_0066
20260202_Thermal_HKUST/DCIM/DJI_202602021249_005::sample_0067,20260202_Thermal_HKUST,HKUST,2026-02-02,DJI_202602021249_005,sample_0067,0067,data/raw/HKUST/20260202_Thermal_HKUST/DCIM/DJI_202602021249_005/DJI_20260202130604_0067_V.JPG,data/raw/HKUST/20260202_Thermal_HKUST/DCIM/DJI_202602021249_005/DJI_20260202130605_0067_T.JPG,paired,session_sample_number,1,no,fallback base names: V=DJI_20260202130604_0067; T=DJI_20260202130605_0067
20260202_Thermal_HKUST/DCIM/DJI_202602021249_005::DJI_20260202130617_0068,20260202_Thermal_HKUST,HKUST,2026-02-02,DJI_202602021249_005,DJI_20260202130617_0068,0068,data/raw/HKUST/20260202_Thermal_HKUST/DCIM/DJI_202602021249_005/DJI_20260202130617_0068_V.JPG,data/raw/HKUST/20260202_Thermal_HKUST/DCIM/DJI_202602021249_005/DJI_20260202130617_0068_T.JPG,paired,exact_base_name,0,no,
20260202_Thermal_HKUST/DCIM/DJI_202602021249_005::DJI_20260202130635_0069,20260202_Thermal_HKUST,HKUST,2026-02-02,DJI_202602021249_005,DJI_20260202130635_0069,0069,data/raw/HKUST/20260202_Thermal_HKUST/DCIM/DJI_202602021249_005/DJI_20260202130635_0069_V.JPG,data/raw/HKUST/20260202_Thermal_HKUST/DCIM/DJI_202602021249_005/DJI_20260202130635_0069_T.JPG,paired,exact_base_name,0,no,
20260202_Thermal_HKUST/DCIM/DJI_202602021249_005::DJI_20260202130649_0070,20260202_Thermal_HKUST,HKUST,2026-02-02,DJI_202602021249_005,DJI_20260202130649_0070,0070,data/raw/HKUST/20260202_Thermal_HKUST/DCIM/DJI_202602021249_005/DJI_20260202130649_0070_V.JPG,data/raw/HKUST/20260202_Thermal_HKUST/DCIM/DJI_202602021249_005/DJI_20260202130649_0070_T.JPG,paired,exact_base_name,0,no,
20260202_Thermal_HKUST/DCIM/DJI_202602021249_005::DJI_20260202130657_0071,20260202_Thermal_HKUST,HKUST,2026-02-02,DJI_202602021249_005,DJI_20260202130657_0071,0071,data/raw/HKUST/20260202_Thermal_HKUST/DCIM/DJI_202602021249_005/DJI_20260202130657_0071_V.JPG,data/raw/HKUST/20260202_Thermal_HKUST/DCIM/DJI_202602021249_005/DJI_20260202130657_0071_T.JPG,paired,exact_base_name,0,no,
20260202_Thermal_HKUST/DCIM/DJI_202602021249_005::sample_0072,20260202_Thermal_HKUST,HKUST,2026-02-02,DJI_202602021249_005,sample_0072,0072,data/raw/HKUST/20260202_Thermal_HKUST/DCIM/DJI_202602021249_005/DJI_20260202130707_0072_V.JPG,data/raw/HKUST/20260202_Thermal_HKUST/DCIM/DJI_202602021249_005/DJI_20260202130708_0072_T.JPG,paired,session_sample_number,1,no,fallback base names: V=DJI_20260202130707_0072; T=DJI_20260202130708_0072
20260202_Thermal_HKUST/DCIM/DJI_202602021249_005::DJI_20260202130724_0073,20260202_Thermal_HKUST,HKUST,2026-02-02,DJI_202602021249_005,DJI_20260202130724_0073,0073,data/raw/HKUST/20260202_Thermal_HKUST/DCIM/DJI_202602021249_005/DJI_20260202130724_0073_V.JPG,data/raw/HKUST/20260202_Thermal_HKUST/DCIM/DJI_202602021249_005/DJI_20260202130724_0073_T.JPG,paired,exact_base_name,0,no,
20260202_Thermal_HKUST/DCIM/DJI_202602021249_005::DJI_20260202130735_0074,20260202_Thermal_HKUST,HKUST,2026-02-02,DJI_202602021249_005,DJI_20260202130735_0074,0074,data/raw/HKUST/20260202_Thermal_HKUST/DCIM/DJI_202602021249_005/DJI_20260202130735_0074_V.JPG,data/raw/HKUST/20260202_Thermal_HKUST/DCIM/DJI_202602021249_005/DJI_20260202130735_0074_T.JPG,paired,exact_base_name,0,no,
20260202_Thermal_HKUST/DCIM/DJI_202602021249_005::DJI_20260202130741_0075,20260202_Thermal_HKUST,HKUST,2026-02-02,DJI_202602021249_005,DJI_20260202130741_0075,0075,data/raw/HKUST/20260202_Thermal_HKUST/DCIM/DJI_202602021249_005/DJI_20260202130741_0075_V.JPG,data/raw/HKUST/20260202_Thermal_HKUST/DCIM/DJI_202602021249_005/DJI_20260202130741_0075_T.JPG,paired,exact_base_name,0,no,
20260202_Thermal_HKUST/DCIM/DJI_202602021249_005::DJI_20260202130754_0076,20260202_Thermal_HKUST,HKUST,2026-02-02,DJI_202602021249_005,DJI_20260202130754_0076,0076,data/raw/HKUST/20260202_Thermal_HKUST/DCIM/DJI_202602021249_005/DJI_20260202130754_0076_V.JPG,data/raw/HKUST/20260202_Thermal_HKUST/DCIM/DJI_202602021249_005/DJI_20260202130754_0076_T.JPG,paired,exact_base_name,0,no,
20260202_Thermal_HKUST/DCIM/DJI_202602021249_005::DJI_20260202130755_0077,20260202_Thermal_HKUST,HKUST,2026-02-02,DJI_202602021249_005,DJI_20260202130755_0077,0077,data/raw/HKUST/20260202_Thermal_HKUST/DCIM/DJI_202602021249_005/DJI_20260202130755_0077_V.JPG,data/raw/HKUST/20260202_Thermal_HKUST/DCIM/DJI_202602021249_005/DJI_20260202130755_0077_T.JPG,paired,exact_base_name,0,no,
20260202_Thermal_HKUST/DCIM/DJI_202602021249_005::DJI_20260202130803_0078,20260202_Thermal_HKUST,HKUST,2026-02-02,DJI_202602021249_005,DJI_20260202130803_0078,0078,data/raw/HKUST/20260202_Thermal_HKUST/DCIM/DJI_202602021249_005/DJI_20260202130803_0078_V.JPG,data/raw/HKUST/20260202_Thermal_HKUST/DCIM/DJI_202602021249_005/DJI_20260202130803_0078_T.JPG,paired,exact_base_name,0,no,
20260202_Thermal_HKUST/DCIM/DJI_202602021249_005::DJI_20260202130816_0079,20260202_Thermal_HKUST,HKUST,2026-02-02,DJI_202602021249_005,DJI_20260202130816_0079,0079,data/raw/HKUST/20260202_Thermal_HKUST/DCIM/DJI_202602021249_005/DJI_20260202130816_0079_V.JPG,data/raw/HKUST/20260202_Thermal_HKUST/DCIM/DJI_202602021249_005/DJI_20260202130816_0079_T.JPG,paired,exact_base_name,0,no,
20260202_Thermal_HKUST/DCIM/DJI_202602021249_005::sample_0080,20260202_Thermal_HKUST,HKUST,2026-02-02,DJI_202602021249_005,sample_0080,0080,data/raw/HKUST/20260202_Thermal_HKUST/DCIM/DJI_202602021249_005/DJI_20260202130832_0080_V.JPG,data/raw/HKUST/20260202_Thermal_HKUST/DCIM/DJI_202602021249_005/DJI_20260202130833_0080_T.JPG,paired,session_sample_number,1,no,fallback base names: V=DJI_20260202130832_0080; T=DJI_20260202130833_0080
20260202_Thermal_HKUST/DCIM/DJI_202602021249_005::DJI_20260202130843_0081,20260202_Thermal_HKUST,HKUST,2026-02-02,DJI_202602021249_005,DJI_20260202130843_0081,0081,data/raw/HKUST/20260202_Thermal_HKUST/DCIM/DJI_202602021249_005/DJI_20260202130843_0081_V.JPG,data/raw/HKUST/20260202_Thermal_HKUST/DCIM/DJI_202602021249_005/DJI_20260202130843_0081_T.JPG,paired,exact_base_name,0,no,
20260202_Thermal_HKUST/DCIM/DJI_202602021249_005::DJI_20260202130844_0082,20260202_Thermal_HKUST,HKUST,2026-02-02,DJI_202602021249_005,DJI_20260202130844_0082,0082,data/raw/HKUST/20260202_Thermal_HKUST/DCIM/DJI_202602021249_005/DJI_20260202130844_0082_V.JPG,data/raw/HKUST/20260202_Thermal_HKUST/DCIM/DJI_202602021249_005/DJI_20260202130844_0082_T.JPG,paired,exact_base_name,0,no,
20260202_Thermal_HKUST/DCIM/DJI_202602021249_005::DJI_20260202130908_0083,20260202_Thermal_HKUST,HKUST,2026-02-02,DJI_202602021249_005,DJI_20260202130908_0083,0083,data/raw/HKUST/20260202_Thermal_HKUST/DCIM/DJI_202602021249_005/DJI_20260202130908_0083_V.JPG,data/raw/HKUST/20260202_Thermal_HKUST/DCIM/DJI_202602021249_005/DJI_20260202130908_0083_T.JPG,paired,exact_base_name,0,no,
20260202_Thermal_HKUST/DCIM/DJI_202602021249_005::DJI_20260202130927_0084,20260202_Thermal_HKUST,HKUST,2026-02-02,DJI_202602021249_005,DJI_20260202130927_0084,0084,data/raw/HKUST/20260202_Thermal_HKUST/DCIM/DJI_202602021249_005/DJI_20260202130927_0084_V.JPG,data/raw/HKUST/20260202_Thermal_HKUST/DCIM/DJI_202602021249_005/DJI_20260202130927_0084_T.JPG,paired,exact_base_name,0,no,
20260202_Thermal_HKUST/DCIM/DJI_202602021249_005::DJI_20260202130938_0085,20260202_Thermal_HKUST,HKUST,2026-02-02,DJI_202602021249_005,DJI_20260202130938_0085,0085,data/raw/HKUST/20260202_Thermal_HKUST/DCIM/DJI_202602021249_005/DJI_20260202130938_0085_V.JPG,data/raw/HKUST/20260202_Thermal_HKUST/DCIM/DJI_202602021249_005/DJI_20260202130938_0085_T.JPG,paired,exact_base_name,0,no,
20260202_Thermal_HKUST/DCIM/DJI_202602021249_005::DJI_20260202130939_0086,20260202_Thermal_HKUST,HKUST,2026-02-02,DJI_202602021249_005,DJI_20260202130939_0086,0086,data/raw/HKUST/20260202_Thermal_HKUST/DCIM/DJI_202602021249_005/DJI_20260202130939_0086_V.JPG,data/raw/HKUST/20260202_Thermal_HKUST/DCIM/DJI_202602021249_005/DJI_20260202130939_0086_T.JPG,paired,exact_base_name,0,no,
20260202_Thermal_HKUST/DCIM/DJI_202602021249_005::DJI_20260202130949_0087,20260202_Thermal_HKUST,HKUST,2026-02-02,DJI_202602021249_005,DJI_20260202130949_0087,0087,data/raw/HKUST/20260202_Thermal_HKUST/DCIM/DJI_202602021249_005/DJI_20260202130949_0087_V.JPG,data/raw/HKUST/20260202_Thermal_HKUST/DCIM/DJI_202602021249_005/DJI_20260202130949_0087_T.JPG,paired,exact_base_name,0,no,
20260202_Thermal_HKUST/DCIM/DJI_202602021249_005::DJI_20260202131003_0088,20260202_Thermal_HKUST,HKUST,2026-02-02,DJI_202602021249_005,DJI_20260202131003_0088,0088,data/raw/HKUST/20260202_Thermal_HKUST/DCIM/DJI_202602021249_005/DJI_20260202131003_0088_V.JPG,data/raw/HKUST/20260202_Thermal_HKUST/DCIM/DJI_202602021249_005/DJI_20260202131003_0088_T.JPG,paired,exact_base_name,0,no,
20260202_Thermal_HKUST/DCIM/DJI_202602021249_005::DJI_20260202131015_0089,20260202_Thermal_HKUST,HKUST,2026-02-02,DJI_202602021249_005,DJI_20260202131015_0089,0089,data/raw/HKUST/20260202_Thermal_HKUST/DCIM/DJI_202602021249_005/DJI_20260202131015_0089_V.JPG,data/raw/HKUST/20260202_Thermal_HKUST/DCIM/DJI_202602021249_005/DJI_20260202131015_0089_T.JPG,paired,exact_base_name,0,no,
20260202_Thermal_HKUST/DCIM/DJI_202602021249_005::sample_0090,20260202_Thermal_HKUST,HKUST,2026-02-02,DJI_202602021249_005,sample_0090,0090,data/raw/HKUST/20260202_Thermal_HKUST/DCIM/DJI_202602021249_005/DJI_20260202131030_0090_V.JPG,data/raw/HKUST/20260202_Thermal_HKUST/DCIM/DJI_202602021249_005/DJI_20260202131031_0090_T.JPG,paired,session_sample_number,1,no,fallback base names: V=DJI_20260202131030_0090; T=DJI_20260202131031_0090
20260202_Thermal_HKUST/DCIM/DJI_202602021249_005::DJI_20260202131044_0091,20260202_Thermal_HKUST,HKUST,2026-02-02,DJI_202602021249_005,DJI_20260202131044_0091,0091,data/raw/HKUST/20260202_Thermal_HKUST/DCIM/DJI_202602021249_005/DJI_20260202131044_0091_V.JPG,data/raw/HKUST/20260202_Thermal_HKUST/DCIM/DJI_202602021249_005/DJI_20260202131044_0091_T.JPG,paired,exact_base_name,0,no,
20260202_Thermal_HKUST/DCIM/DJI_202602021249_005::DJI_20260202131058_0092,20260202_Thermal_HKUST,HKUST,2026-02-02,DJI_202602021249_005,DJI_20260202131058_0092,0092,data/raw/HKUST/20260202_Thermal_HKUST/DCIM/DJI_202602021249_005/DJI_20260202131058_0092_V.JPG,data/raw/HKUST/20260202_Thermal_HKUST/DCIM/DJI_202602021249_005/DJI_20260202131058_0092_T.JPG,paired,exact_base_name,0,no,
20260202_Thermal_HKUST/DCIM/DJI_202602021249_005::DJI_20260202131112_0093,20260202_Thermal_HKUST,HKUST,2026-02-02,DJI_202602021249_005,DJI_20260202131112_0093,0093,data/raw/HKUST/20260202_Thermal_HKUST/DCIM/DJI_202602021249_005/DJI_20260202131112_0093_V.JPG,data/raw/HKUST/20260202_Thermal_HKUST/DCIM/DJI_202602021249_005/DJI_20260202131112_0093_T.JPG,paired,exact_base_name,0,no,
20260202_Thermal_HKUST/DCIM/DJI_202602021249_005::DJI_20260202131122_0094,20260202_Thermal_HKUST,HKUST,2026-02-02,DJI_202602021249_005,DJI_20260202131122_0094,0094,data/raw/HKUST/20260202_Thermal_HKUST/DCIM/DJI_202602021249_005/DJI_20260202131122_0094_V.JPG,data/raw/HKUST/20260202_Thermal_HKUST/DCIM/DJI_202602021249_005/DJI_20260202131122_0094_T.JPG,paired,exact_base_name,0,no,
20260202_Thermal_HKUST/DCIM/DJI_202602021249_005::DJI_20260202131137_0095,20260202_Thermal_HKUST,HKUST,2026-02-02,DJI_202602021249_005,DJI_20260202131137_0095,0095,data/raw/HKUST/20260202_Thermal_HKUST/DCIM/DJI_202602021249_005/DJI_20260202131137_0095_V.JPG,data/raw/HKUST/20260202_Thermal_HKUST/DCIM/DJI_202602021249_005/DJI_20260202131137_0095_T.JPG,paired,exact_base_name,0,no,
20260202_Thermal_HKUST/DCIM/DJI_202602021249_005::DJI_20260202131152_0096,20260202_Thermal_HKUST,HKUST,2026-02-02,DJI_202602021249_005,DJI_20260202131152_0096,0096,data/raw/HKUST/20260202_Thermal_HKUST/DCIM/DJI_202602021249_005/DJI_20260202131152_0096_V.JPG,data/raw/HKUST/20260202_Thermal_HKUST/DCIM/DJI_202602021249_005/DJI_20260202131152_0096_T.JPG,paired,exact_base_name,0,no,
20260202_Thermal_HKUST/DCIM/DJI_202602021249_005::DJI_20260202131202_0097,20260202_Thermal_HKUST,HKUST,2026-02-02,DJI_202602021249_005,DJI_20260202131202_0097,0097,data/raw/HKUST/20260202_Thermal_HKUST/DCIM/DJI_202602021249_005/DJI_20260202131202_0097_V.JPG,data/raw/HKUST/20260202_Thermal_HKUST/DCIM/DJI_202602021249_005/DJI_20260202131202_0097_T.JPG,paired,exact_base_name,0,no,
20260202_Thermal_HKUST/DCIM/DJI_202602021352_006::DJI_20260202135501_0001,20260202_Thermal_HKUST,HKUST,2026-02-02,DJI_202602021352_006,DJI_20260202135501_0001,0001,data/raw/HKUST/20260202_Thermal_HKUST/DCIM/DJI_202602021352_006/DJI_20260202135501_0001_V.JPG,data/raw/HKUST/20260202_Thermal_HKUST/DCIM/DJI_202602021352_006/DJI_20260202135501_0001_T.JPG,paired,exact_base_name,0,no,
20260202_Thermal_HKUST/DCIM/DJI_202602021352_006::DJI_20260202135628_0002,20260202_Thermal_HKUST,HKUST,2026-02-02,DJI_202602021352_006,DJI_20260202135628_0002,0002,data/raw/HKUST/20260202_Thermal_HKUST/DCIM/DJI_202602021352_006/DJI_20260202135628_0002_V.JPG,data/raw/HKUST/20260202_Thermal_HKUST/DCIM/DJI_202602021352_006/DJI_20260202135628_0002_T.JPG,paired,exact_base_name,0,no,
20260202_Thermal_HKUST/DCIM/DJI_202602021352_006::DJI_20260202135643_0003,20260202_Thermal_HKUST,HKUST,2026-02-02,DJI_202602021352_006,DJI_20260202135643_0003,0003,data/raw/HKUST/20260202_Thermal_HKUST/DCIM/DJI_202602021352_006/DJI_20260202135643_0003_V.JPG,data/raw/HKUST/20260202_Thermal_HKUST/DCIM/DJI_202602021352_006/DJI_20260202135643_0003_T.JPG,paired,exact_base_name,0,no,
20260202_Thermal_HKUST/DCIM/DJI_202602021352_006::DJI_20260202135645_0004,20260202_Thermal_HKUST,HKUST,2026-02-02,DJI_202602021352_006,DJI_20260202135645_0004,0004,data/raw/HKUST/20260202_Thermal_HKUST/DCIM/DJI_202602021352_006/DJI_20260202135645_0004_V.JPG,data/raw/HKUST/20260202_Thermal_HKUST/DCIM/DJI_202602021352_006/DJI_20260202135645_0004_T.JPG,paired,exact_base_name,0,no,
20260202_Thermal_HKUST/DCIM/DJI_202602021352_006::sample_0005,20260202_Thermal_HKUST,HKUST,2026-02-02,DJI_202602021352_006,sample_0005,0005,data/raw/HKUST/20260202_Thermal_HKUST/DCIM/DJI_202602021352_006/DJI_20260202135706_0005_V.JPG,data/raw/HKUST/20260202_Thermal_HKUST/DCIM/DJI_202602021352_006/DJI_20260202135707_0005_T.JPG,paired,session_sample_number,1,no,fallback base names: V=DJI_20260202135706_0005; T=DJI_20260202135707_0005
20260202_Thermal_HKUST/DCIM/DJI_202602021352_006::DJI_20260202135722_0006,20260202_Thermal_HKUST,HKUST,2026-02-02,DJI_202602021352_006,DJI_20260202135722_0006,0006,data/raw/HKUST/20260202_Thermal_HKUST/DCIM/DJI_202602021352_006/DJI_20260202135722_0006_V.JPG,data/raw/HKUST/20260202_Thermal_HKUST/DCIM/DJI_202602021352_006/DJI_20260202135722_0006_T.JPG,paired,exact_base_name,0,no,
20260202_Thermal_HKUST/DCIM/DJI_202602021352_006::DJI_20260202135739_0007,20260202_Thermal_HKUST,HKUST,2026-02-02,DJI_202602021352_006,DJI_20260202135739_0007,0007,data/raw/HKUST/20260202_Thermal_HKUST/DCIM/DJI_202602021352_006/DJI_20260202135739_0007_V.JPG,data/raw/HKUST/20260202_Thermal_HKUST/DCIM/DJI_202602021352_006/DJI_20260202135739_0007_T.JPG,paired,exact_base_name,0,no,
20260202_Thermal_HKUST/DCIM/DJI_202602021352_006::DJI_20260202135751_0008,20260202_Thermal_HKUST,HKUST,2026-02-02,DJI_202602021352_006,DJI_20260202135751_0008,0008,data/raw/HKUST/20260202_Thermal_HKUST/DCIM/DJI_202602021352_006/DJI_20260202135751_0008_V.JPG,data/raw/HKUST/20260202_Thermal_HKUST/DCIM/DJI_202602021352_006/DJI_20260202135751_0008_T.JPG,paired,exact_base_name,0,no,
20260202_Thermal_HKUST/DCIM/DJI_202602021352_006::DJI_20260202135807_0009,20260202_Thermal_HKUST,HKUST,2026-02-02,DJI_202602021352_006,DJI_20260202135807_0009,0009,data/raw/HKUST/20260202_Thermal_HKUST/DCIM/DJI_202602021352_006/DJI_20260202135807_0009_V.JPG,data/raw/HKUST/20260202_Thermal_HKUST/DCIM/DJI_202602021352_006/DJI_20260202135807_0009_T.JPG,paired,exact_base_name,0,no,
20260202_Thermal_HKUST/DCIM/DJI_202602021352_006::DJI_20260202135821_0010,20260202_Thermal_HKUST,HKUST,2026-02-02,DJI_202602021352_006,DJI_20260202135821_0010,0010,data/raw/HKUST/20260202_Thermal_HKUST/DCIM/DJI_202602021352_006/DJI_20260202135821_0010_V.JPG,data/raw/HKUST/20260202_Thermal_HKUST/DCIM/DJI_202602021352_006/DJI_20260202135821_0010_T.JPG,paired,exact_base_name,0,no,
20260202_Thermal_HKUST/DCIM/DJI_202602021352_006::DJI_20260202135834_0011,20260202_Thermal_HKUST,HKUST,2026-02-02,DJI_202602021352_006,DJI_20260202135834_0011,0011,data/raw/HKUST/20260202_Thermal_HKUST/DCIM/DJI_202602021352_006/DJI_20260202135834_0011_V.JPG,data/raw/HKUST/20260202_Thermal_HKUST/DCIM/DJI_202602021352_006/DJI_20260202135834_0011_T.JPG,paired,exact_base_name,0,no,
20260202_Thermal_HKUST/DCIM/DJI_202602021352_006::sample_0012,20260202_Thermal_HKUST,HKUST,2026-02-02,DJI_202602021352_006,sample_0012,0012,data/raw/HKUST/20260202_Thermal_HKUST/DCIM/DJI_202602021352_006/DJI_20260202135845_0012_V.JPG,data/raw/HKUST/20260202_Thermal_HKUST/DCIM/DJI_202602021352_006/DJI_20260202135846_0012_T.JPG,paired,session_sample_number,1,no,fallback base names: V=DJI_20260202135845_0012; T=DJI_20260202135846_0012
20260202_Thermal_HKUST/DCIM/DJI_202602021352_006::DJI_20260202135900_0013,20260202_Thermal_HKUST,HKUST,2026-02-02,DJI_202602021352_006,DJI_20260202135900_0013,0013,data/raw/HKUST/20260202_Thermal_HKUST/DCIM/DJI_202602021352_006/DJI_20260202135900_0013_V.JPG,data/raw/HKUST/20260202_Thermal_HKUST/DCIM/DJI_202602021352_006/DJI_20260202135900_0013_T.JPG,paired,exact_base_name,0,no,
20260202_Thermal_HKUST/DCIM/DJI_202602021352_006::DJI_20260202135913_0014,20260202_Thermal_HKUST,HKUST,2026-02-02,DJI_202602021352_006,DJI_20260202135913_0014,0014,data/raw/HKUST/20260202_Thermal_HKUST/DCIM/DJI_202602021352_006/DJI_20260202135913_0014_V.JPG,data/raw/HKUST/20260202_Thermal_HKUST/DCIM/DJI_202602021352_006/DJI_20260202135913_0014_T.JPG,paired,exact_base_name,0,no,
20260202_Thermal_HKUST/DCIM/DJI_202602021352_006::DJI_20260202135928_0015,20260202_Thermal_HKUST,HKUST,2026-02-02,DJI_202602021352_006,DJI_20260202135928_0015,0015,data/raw/HKUST/20260202_Thermal_HKUST/DCIM/DJI_202602021352_006/DJI_20260202135928_0015_V.JPG,data/raw/HKUST/20260202_Thermal_HKUST/DCIM/DJI_202602021352_006/DJI_20260202135928_0015_T.JPG,paired,exact_base_name,0,no,
20260202_Thermal_HKUST/DCIM/DJI_202602021352_006::DJI_20260202135942_0016,20260202_Thermal_HKUST,HKUST,2026-02-02,DJI_202602021352_006,DJI_20260202135942_0016,0016,data/raw/HKUST/20260202_Thermal_HKUST/DCIM/DJI_202602021352_006/DJI_20260202135942_0016_V.JPG,data/raw/HKUST/20260202_Thermal_HKUST/DCIM/DJI_202602021352_006/DJI_20260202135942_0016_T.JPG,paired,exact_base_name,0,no,
20260202_Thermal_HKUST/DCIM/DJI_202602021352_006::sample_0017,20260202_Thermal_HKUST,HKUST,2026-02-02,DJI_202602021352_006,sample_0017,0017,data/raw/HKUST/20260202_Thermal_HKUST/DCIM/DJI_202602021352_006/DJI_20260202135943_0017_V.JPG,data/raw/HKUST/20260202_Thermal_HKUST/DCIM/DJI_202602021352_006/DJI_20260202135944_0017_T.JPG,paired,session_sample_number,1,no,fallback base names: V=DJI_20260202135943_0017; T=DJI_20260202135944_0017
20260202_Thermal_HKUST/DCIM/DJI_202602021352_006::sample_0018,20260202_Thermal_HKUST,HKUST,2026-02-02,DJI_202602021352_006,sample_0018,0018,data/raw/HKUST/20260202_Thermal_HKUST/DCIM/DJI_202602021352_006/DJI_20260202135954_0018_V.JPG,data/raw/HKUST/20260202_Thermal_HKUST/DCIM/DJI_202602021352_006/DJI_20260202135955_0018_T.JPG,paired,session_sample_number,1,no,fallback base names: V=DJI_20260202135954_0018; T=DJI_20260202135955_0018
20260202_Thermal_HKUST/DCIM/DJI_202602021352_006::DJI_20260202135956_0019,20260202_Thermal_HKUST,HKUST,2026-02-02,DJI_202602021352_006,DJI_20260202135956_0019,0019,data/raw/HKUST/20260202_Thermal_HKUST/DCIM/DJI_202602021352_006/DJI_20260202135956_0019_V.JPG,data/raw/HKUST/20260202_Thermal_HKUST/DCIM/DJI_202602021352_006/DJI_20260202135956_0019_T.JPG,paired,exact_base_name,0,no,
20260202_Thermal_HKUST/DCIM/DJI_202602021352_006::DJI_20260202140010_0020,20260202_Thermal_HKUST,HKUST,2026-02-02,DJI_202602021352_006,DJI_20260202140010_0020,0020,data/raw/HKUST/20260202_Thermal_HKUST/DCIM/DJI_202602021352_006/DJI_20260202140010_0020_V.JPG,data/raw/HKUST/20260202_Thermal_HKUST/DCIM/DJI_202602021352_006/DJI_20260202140010_0020_T.JPG,paired,exact_base_name,0,no,
20260202_Thermal_HKUST/DCIM/DJI_202602021352_006::DJI_20260202140027_0021,20260202_Thermal_HKUST,HKUST,2026-02-02,DJI_202602021352_006,DJI_20260202140027_0021,0021,data/raw/HKUST/20260202_Thermal_HKUST/DCIM/DJI_202602021352_006/DJI_20260202140027_0021_V.JPG,data/raw/HKUST/20260202_Thermal_HKUST/DCIM/DJI_202602021352_006/DJI_20260202140027_0021_T.JPG,paired,exact_base_name,0,no,
20260202_Thermal_HKUST/DCIM/DJI_202602021352_006::DJI_20260202140054_0022,20260202_Thermal_HKUST,HKUST,2026-02-02,DJI_202602021352_006,DJI_20260202140054_0022,0022,data/raw/HKUST/20260202_Thermal_HKUST/DCIM/DJI_202602021352_006/DJI_20260202140054_0022_V.JPG,data/raw/HKUST/20260202_Thermal_HKUST/DCIM/DJI_202602021352_006/DJI_20260202140054_0022_T.JPG,paired,exact_base_name,0,no,
20260202_Thermal_HKUST/DCIM/DJI_202602021352_006::DJI_20260202140110_0023,20260202_Thermal_HKUST,HKUST,2026-02-02,DJI_202602021352_006,DJI_20260202140110_0023,0023,data/raw/HKUST/20260202_Thermal_HKUST/DCIM/DJI_202602021352_006/DJI_20260202140110_0023_V.JPG,data/raw/HKUST/20260202_Thermal_HKUST/DCIM/DJI_202602021352_006/DJI_20260202140110_0023_T.JPG,paired,exact_base_name,0,no,
20260202_Thermal_HKUST/DCIM/DJI_202602021352_006::DJI_20260202140125_0024,20260202_Thermal_HKUST,HKUST,2026-02-02,DJI_202602021352_006,DJI_20260202140125_0024,0024,data/raw/HKUST/20260202_Thermal_HKUST/DCIM/DJI_202602021352_006/DJI_20260202140125_0024_V.JPG,data/raw/HKUST/20260202_Thermal_HKUST/DCIM/DJI_202602021352_006/DJI_20260202140125_0024_T.JPG,paired,exact_base_name,0,no,
20260202_Thermal_HKUST/DCIM/DJI_202602021352_006::DJI_20260202140142_0025,20260202_Thermal_HKUST,HKUST,2026-02-02,DJI_202602021352_006,DJI_20260202140142_0025,0025,data/raw/HKUST/20260202_Thermal_HKUST/DCIM/DJI_202602021352_006/DJI_20260202140142_0025_V.JPG,data/raw/HKUST/20260202_Thermal_HKUST/DCIM/DJI_202602021352_006/DJI_20260202140142_0025_T.JPG,paired,exact_base_name,0,no,
20260202_Thermal_HKUST/DCIM/DJI_202602021352_006::DJI_20260202140157_0026,20260202_Thermal_HKUST,HKUST,2026-02-02,DJI_202602021352_006,DJI_20260202140157_0026,0026,data/raw/HKUST/20260202_Thermal_HKUST/DCIM/DJI_202602021352_006/DJI_20260202140157_0026_V.JPG,data/raw/HKUST/20260202_Thermal_HKUST/DCIM/DJI_202602021352_006/DJI_20260202140157_0026_T.JPG,paired,exact_base_name,0,no,
20260202_Thermal_HKUST/DCIM/DJI_202602021352_006::DJI_20260202140215_0027,20260202_Thermal_HKUST,HKUST,2026-02-02,DJI_202602021352_006,DJI_20260202140215_0027,0027,data/raw/HKUST/20260202_Thermal_HKUST/DCIM/DJI_202602021352_006/DJI_20260202140215_0027_V.JPG,data/raw/HKUST/20260202_Thermal_HKUST/DCIM/DJI_202602021352_006/DJI_20260202140215_0027_T.JPG,paired,exact_base_name,0,no,
20260202_Thermal_HKUST/DCIM/DJI_202602021352_006::DJI_20260202140230_0028,20260202_Thermal_HKUST,HKUST,2026-02-02,DJI_202602021352_006,DJI_20260202140230_0028,0028,data/raw/HKUST/20260202_Thermal_HKUST/DCIM/DJI_202602021352_006/DJI_20260202140230_0028_V.JPG,data/raw/HKUST/20260202_Thermal_HKUST/DCIM/DJI_202602021352_006/DJI_20260202140230_0028_T.JPG,paired,exact_base_name,0,no,
20260202_Thermal_HKUST/DCIM/DJI_202602021352_006::DJI_20260202140245_0029,20260202_Thermal_HKUST,HKUST,2026-02-02,DJI_202602021352_006,DJI_20260202140245_0029,0029,data/raw/HKUST/20260202_Thermal_HKUST/DCIM/DJI_202602021352_006/DJI_20260202140245_0029_V.JPG,data/raw/HKUST/20260202_Thermal_HKUST/DCIM/DJI_202602021352_006/DJI_20260202140245_0029_T.JPG,paired,exact_base_name,0,no,
20260202_Thermal_HKUST/DCIM/DJI_202602021352_006::DJI_20260202140301_0030,20260202_Thermal_HKUST,HKUST,2026-02-02,DJI_202602021352_006,DJI_20260202140301_0030,0030,data/raw/HKUST/20260202_Thermal_HKUST/DCIM/DJI_202602021352_006/DJI_20260202140301_0030_V.JPG,data/raw/HKUST/20260202_Thermal_HKUST/DCIM/DJI_202602021352_006/DJI_20260202140301_0030_T.JPG,paired,exact_base_name,0,no,
20260202_Thermal_HKUST/DCIM/DJI_202602021352_006::DJI_20260202140321_0031,20260202_Thermal_HKUST,HKUST,2026-02-02,DJI_202602021352_006,DJI_20260202140321_0031,0031,data/raw/HKUST/20260202_Thermal_HKUST/DCIM/DJI_202602021352_006/DJI_20260202140321_0031_V.JPG,data/raw/HKUST/20260202_Thermal_HKUST/DCIM/DJI_202602021352_006/DJI_20260202140321_0031_T.JPG,paired,exact_base_name,0,no,
20260202_Thermal_HKUST/DCIM/DJI_202602021352_006::DJI_20260202140336_0032,20260202_Thermal_HKUST,HKUST,2026-02-02,DJI_202602021352_006,DJI_20260202140336_0032,0032,data/raw/HKUST/20260202_Thermal_HKUST/DCIM/DJI_202602021352_006/DJI_20260202140336_0032_V.JPG,data/raw/HKUST/20260202_Thermal_HKUST/DCIM/DJI_202602021352_006/DJI_20260202140336_0032_T.JPG,paired,exact_base_name,0,no,
20260202_Thermal_HKUST/DCIM/DJI_202602021352_006::DJI_20260202140337_0033,20260202_Thermal_HKUST,HKUST,2026-02-02,DJI_202602021352_006,DJI_20260202140337_0033,0033,data/raw/HKUST/20260202_Thermal_HKUST/DCIM/DJI_202602021352_006/DJI_20260202140337_0033_V.JPG,data/raw/HKUST/20260202_Thermal_HKUST/DCIM/DJI_202602021352_006/DJI_20260202140337_0033_T.JPG,paired,exact_base_name,0,no,
20260202_Thermal_HKUST/DCIM/DJI_202602021352_006::DJI_20260202140352_0034,20260202_Thermal_HKUST,HKUST,2026-02-02,DJI_202602021352_006,DJI_20260202140352_0034,0034,data/raw/HKUST/20260202_Thermal_HKUST/DCIM/DJI_202602021352_006/DJI_20260202140352_0034_V.JPG,data/raw/HKUST/20260202_Thermal_HKUST/DCIM/DJI_202602021352_006/DJI_20260202140352_0034_T.JPG,paired,exact_base_name,0,no,
20260202_Thermal_HKUST/DCIM/DJI_202602021352_006::DJI_20260202140405_0035,20260202_Thermal_HKUST,HKUST,2026-02-02,DJI_202602021352_006,DJI_20260202140405_0035,0035,data/raw/HKUST/20260202_Thermal_HKUST/DCIM/DJI_202602021352_006/DJI_20260202140405_0035_V.JPG,data/raw/HKUST/20260202_Thermal_HKUST/DCIM/DJI_202602021352_006/DJI_20260202140405_0035_T.JPG,paired,exact_base_name,0,no,
20260202_Thermal_HKUST/DCIM/DJI_202602021352_006::sample_0036,20260202_Thermal_HKUST,HKUST,2026-02-02,DJI_202602021352_006,sample_0036,0036,data/raw/HKUST/20260202_Thermal_HKUST/DCIM/DJI_202602021352_006/DJI_20260202140406_0036_V.JPG,data/raw/HKUST/20260202_Thermal_HKUST/DCIM/DJI_202602021352_006/DJI_20260202140407_0036_T.JPG,paired,session_sample_number,1,no,fallback base names: V=DJI_20260202140406_0036; T=DJI_20260202140407_0036
20260202_Thermal_HKUST/DCIM/DJI_202602021352_006::DJI_20260202140408_0037,20260202_Thermal_HKUST,HKUST,2026-02-02,DJI_202602021352_006,DJI_20260202140408_0037,0037,data/raw/HKUST/20260202_Thermal_HKUST/DCIM/DJI_202602021352_006/DJI_20260202140408_0037_V.JPG,data/raw/HKUST/20260202_Thermal_HKUST/DCIM/DJI_202602021352_006/DJI_20260202140408_0037_T.JPG,paired,exact_base_name,0,no,
20260202_Thermal_HKUST/DCIM/DJI_202602021352_006::DJI_20260202140422_0038,20260202_Thermal_HKUST,HKUST,2026-02-02,DJI_202602021352_006,DJI_20260202140422_0038,0038,data/raw/HKUST/20260202_Thermal_HKUST/DCIM/DJI_202602021352_006/DJI_20260202140422_0038_V.JPG,data/raw/HKUST/20260202_Thermal_HKUST/DCIM/DJI_202602021352_006/DJI_20260202140422_0038_T.JPG,paired,exact_base_name,0,no,
20260202_Thermal_HKUST/DCIM/DJI_202602021352_006::sample_0039,20260202_Thermal_HKUST,HKUST,2026-02-02,DJI_202602021352_006,sample_0039,0039,data/raw/HKUST/20260202_Thermal_HKUST/DCIM/DJI_202602021352_006/DJI_20260202140438_0039_V.JPG,data/raw/HKUST/20260202_Thermal_HKUST/DCIM/DJI_202602021352_006/DJI_20260202140439_0039_T.JPG,paired,session_sample_number,1,no,fallback base names: V=DJI_20260202140438_0039; T=DJI_20260202140439_0039
20260202_Thermal_HKUST/DCIM/DJI_202602021352_006::DJI_20260202140449_0040,20260202_Thermal_HKUST,HKUST,2026-02-02,DJI_202602021352_006,DJI_20260202140449_0040,0040,data/raw/HKUST/20260202_Thermal_HKUST/DCIM/DJI_202602021352_006/DJI_20260202140449_0040_V.JPG,data/raw/HKUST/20260202_Thermal_HKUST/DCIM/DJI_202602021352_006/DJI_20260202140449_0040_T.JPG,paired,exact_base_name,0,no,
20260202_Thermal_HKUST/DCIM/DJI_202602021352_006::DJI_20260202140506_0041,20260202_Thermal_HKUST,HKUST,2026-02-02,DJI_202602021352_006,DJI_20260202140506_0041,0041,data/raw/HKUST/20260202_Thermal_HKUST/DCIM/DJI_202602021352_006/DJI_20260202140506_0041_V.JPG,data/raw/HKUST/20260202_Thermal_HKUST/DCIM/DJI_202602021352_006/DJI_20260202140506_0041_T.JPG,paired,exact_base_name,0,no,
20260202_Thermal_HKUST/DCIM/DJI_202602021352_006::DJI_20260202140520_0042,20260202_Thermal_HKUST,HKUST,2026-02-02,DJI_202602021352_006,DJI_20260202140520_0042,0042,data/raw/HKUST/20260202_Thermal_HKUST/DCIM/DJI_202602021352_006/DJI_20260202140520_0042_V.JPG,data/raw/HKUST/20260202_Thermal_HKUST/DCIM/DJI_202602021352_006/DJI_20260202140520_0042_T.JPG,paired,exact_base_name,0,no,
20260202_Thermal_HKUST/DCIM/DJI_202602021352_006::DJI_20260202140531_0043,20260202_Thermal_HKUST,HKUST,2026-02-02,DJI_202602021352_006,DJI_20260202140531_0043,0043,data/raw/HKUST/20260202_Thermal_HKUST/DCIM/DJI_202602021352_006/DJI_20260202140531_0043_V.JPG,data/raw/HKUST/20260202_Thermal_HKUST/DCIM/DJI_202602021352_006/DJI_20260202140531_0043_T.JPG,paired,exact_base_name,0,no,
20260202_Thermal_HKUST/DCIM/DJI_202602021352_006::DJI_20260202140539_0044,20260202_Thermal_HKUST,HKUST,2026-02-02,DJI_202602021352_006,DJI_20260202140539_0044,0044,data/raw/HKUST/20260202_Thermal_HKUST/DCIM/DJI_202602021352_006/DJI_20260202140539_0044_V.JPG,data/raw/HKUST/20260202_Thermal_HKUST/DCIM/DJI_202602021352_006/DJI_20260202140539_0044_T.JPG,paired,exact_base_name,0,no,
20260202_Thermal_HKUST/DCIM/DJI_202602021352_006::sample_0045,20260202_Thermal_HKUST,HKUST,2026-02-02,DJI_202602021352_006,sample_0045,0045,data/raw/HKUST/20260202_Thermal_HKUST/DCIM/DJI_202602021352_006/DJI_20260202140552_0045_V.JPG,data/raw/HKUST/20260202_Thermal_HKUST/DCIM/DJI_202602021352_006/DJI_20260202140553_0045_T.JPG,paired,session_sample_number,1,no,fallback base names: V=DJI_20260202140552_0045; T=DJI_20260202140553_0045
20260202_Thermal_HKUST/DCIM/DJI_202602021352_006::sample_0046,20260202_Thermal_HKUST,HKUST,2026-02-02,DJI_202602021352_006,sample_0046,0046,data/raw/HKUST/20260202_Thermal_HKUST/DCIM/DJI_202602021352_006/DJI_20260202140602_0046_V.JPG,data/raw/HKUST/20260202_Thermal_HKUST/DCIM/DJI_202602021352_006/DJI_20260202140603_0046_T.JPG,paired,session_sample_number,1,no,fallback base names: V=DJI_20260202140602_0046; T=DJI_20260202140603_0046
20260202_Thermal_HKUST/DCIM/DJI_202602021352_006::sample_0047,20260202_Thermal_HKUST,HKUST,2026-02-02,DJI_202602021352_006,sample_0047,0047,data/raw/HKUST/20260202_Thermal_HKUST/DCIM/DJI_202602021352_006/DJI_20260202140619_0047_V.JPG,data/raw/HKUST/20260202_Thermal_HKUST/DCIM/DJI_202602021352_006/DJI_20260202140620_0047_T.JPG,paired,session_sample_number,1,no,fallback base names: V=DJI_20260202140619_0047; T=DJI_20260202140620_0047
20260202_Thermal_HKUST/DCIM/DJI_202602021352_006::DJI_20260202140635_0048,20260202_Thermal_HKUST,HKUST,2026-02-02,DJI_202602021352_006,DJI_20260202140635_0048,0048,data/raw/HKUST/20260202_Thermal_HKUST/DCIM/DJI_202602021352_006/DJI_20260202140635_0048_V.JPG,data/raw/HKUST/20260202_Thermal_HKUST/DCIM/DJI_202602021352_006/DJI_20260202140635_0048_T.JPG,paired,exact_base_name,0,no,
20260202_Thermal_HKUST/DCIM/DJI_202602021352_006::DJI_20260202140650_0049,20260202_Thermal_HKUST,HKUST,2026-02-02,DJI_202602021352_006,DJI_20260202140650_0049,0049,data/raw/HKUST/20260202_Thermal_HKUST/DCIM/DJI_202602021352_006/DJI_20260202140650_0049_V.JPG,data/raw/HKUST/20260202_Thermal_HKUST/DCIM/DJI_202602021352_006/DJI_20260202140650_0049_T.JPG,paired,exact_base_name,0,no,
20260202_Thermal_HKUST/DCIM/DJI_202602021352_006::DJI_20260202140709_0050,20260202_Thermal_HKUST,HKUST,2026-02-02,DJI_202602021352_006,DJI_20260202140709_0050,0050,data/raw/HKUST/20260202_Thermal_HKUST/DCIM/DJI_202602021352_006/DJI_20260202140709_0050_V.JPG,data/raw/HKUST/20260202_Thermal_HKUST/DCIM/DJI_202602021352_006/DJI_20260202140709_0050_T.JPG,paired,exact_base_name,0,no,
20260202_Thermal_HKUST/DCIM/DJI_202602021352_006::DJI_20260202140725_0051,20260202_Thermal_HKUST,HKUST,2026-02-02,DJI_202602021352_006,DJI_20260202140725_0051,0051,data/raw/HKUST/20260202_Thermal_HKUST/DCIM/DJI_202602021352_006/DJI_20260202140725_0051_V.JPG,data/raw/HKUST/20260202_Thermal_HKUST/DCIM/DJI_202602021352_006/DJI_20260202140725_0051_T.JPG,paired,exact_base_name,0,no,
20260202_Thermal_HKUST/DCIM/DJI_202602021352_006::DJI_20260202140740_0052,20260202_Thermal_HKUST,HKUST,2026-02-02,DJI_202602021352_006,DJI_20260202140740_0052,0052,data/raw/HKUST/20260202_Thermal_HKUST/DCIM/DJI_202602021352_006/DJI_20260202140740_0052_V.JPG,data/raw/HKUST/20260202_Thermal_HKUST/DCIM/DJI_202602021352_006/DJI_20260202140740_0052_T.JPG,paired,exact_base_name,0,no,
20260202_Thermal_HKUST/DCIM/DJI_202602021352_006::DJI_20260202140750_0053,20260202_Thermal_HKUST,HKUST,2026-02-02,DJI_202602021352_006,DJI_20260202140750_0053,0053,data/raw/HKUST/20260202_Thermal_HKUST/DCIM/DJI_202602021352_006/DJI_20260202140750_0053_V.JPG,data/raw/HKUST/20260202_Thermal_HKUST/DCIM/DJI_202602021352_006/DJI_20260202140750_0053_T.JPG,paired,exact_base_name,0,no,
20260202_Thermal_HKUST/DCIM/DJI_202602021352_006::DJI_20260202140815_0054,20260202_Thermal_HKUST,HKUST,2026-02-02,DJI_202602021352_006,DJI_20260202140815_0054,0054,data/raw/HKUST/20260202_Thermal_HKUST/DCIM/DJI_202602021352_006/DJI_20260202140815_0054_V.JPG,data/raw/HKUST/20260202_Thermal_HKUST/DCIM/DJI_202602021352_006/DJI_20260202140815_0054_T.JPG,paired,exact_base_name,0,no,
20260202_Thermal_HKUST/DCIM/DJI_202602021352_006::DJI_20260202140833_0055,20260202_Thermal_HKUST,HKUST,2026-02-02,DJI_202602021352_006,DJI_20260202140833_0055,0055,data/raw/HKUST/20260202_Thermal_HKUST/DCIM/DJI_202602021352_006/DJI_20260202140833_0055_V.JPG,data/raw/HKUST/20260202_Thermal_HKUST/DCIM/DJI_202602021352_006/DJI_20260202140833_0055_T.JPG,paired,exact_base_name,0,no,
20260202_Thermal_HKUST/DCIM/DJI_202602021352_006::DJI_20260202140850_0056,20260202_Thermal_HKUST,HKUST,2026-02-02,DJI_202602021352_006,DJI_20260202140850_0056,0056,data/raw/HKUST/20260202_Thermal_HKUST/DCIM/DJI_202602021352_006/DJI_20260202140850_0056_V.JPG,data/raw/HKUST/20260202_Thermal_HKUST/DCIM/DJI_202602021352_006/DJI_20260202140850_0056_T.JPG,paired,exact_base_name,0,no,
20260202_Thermal_HKUST/DCIM/DJI_202602021452_007::DJI_20260202145633_0001,20260202_Thermal_HKUST,HKUST,2026-02-02,DJI_202602021452_007,DJI_20260202145633_0001,0001,data/raw/HKUST/20260202_Thermal_HKUST/DCIM/DJI_202602021452_007/DJI_20260202145633_0001_V.JPG,data/raw/HKUST/20260202_Thermal_HKUST/DCIM/DJI_202602021452_007/DJI_20260202145633_0001_T.JPG,paired,exact_base_name,0,no,
20260202_Thermal_HKUST/DCIM/DJI_202602021452_007::DJI_20260202145644_0002,20260202_Thermal_HKUST,HKUST,2026-02-02,DJI_202602021452_007,DJI_20260202145644_0002,0002,data/raw/HKUST/20260202_Thermal_HKUST/DCIM/DJI_202602021452_007/DJI_20260202145644_0002_V.JPG,data/raw/HKUST/20260202_Thermal_HKUST/DCIM/DJI_202602021452_007/DJI_20260202145644_0002_T.JPG,paired,exact_base_name,0,no,
20260202_Thermal_HKUST/DCIM/DJI_202602021452_007::DJI_20260202145907_0003,20260202_Thermal_HKUST,HKUST,2026-02-02,DJI_202602021452_007,DJI_20260202145907_0003,0003,data/raw/HKUST/20260202_Thermal_HKUST/DCIM/DJI_202602021452_007/DJI_20260202145907_0003_V.JPG,data/raw/HKUST/20260202_Thermal_HKUST/DCIM/DJI_202602021452_007/DJI_20260202145907_0003_T.JPG,paired,exact_base_name,0,no,
20260202_Thermal_HKUST/DCIM/DJI_202602021452_007::DJI_20260202145918_0004,20260202_Thermal_HKUST,HKUST,2026-02-02,DJI_202602021452_007,DJI_20260202145918_0004,0004,data/raw/HKUST/20260202_Thermal_HKUST/DCIM/DJI_202602021452_007/DJI_20260202145918_0004_V.JPG,data/raw/HKUST/20260202_Thermal_HKUST/DCIM/DJI_202602021452_007/DJI_20260202145918_0004_T.JPG,paired,exact_base_name,0,no,
20260202_Thermal_HKUST/DCIM/DJI_202602021452_007::DJI_20260202145934_0005,20260202_Thermal_HKUST,HKUST,2026-02-02,DJI_202602021452_007,DJI_20260202145934_0005,0005,data/raw/HKUST/20260202_Thermal_HKUST/DCIM/DJI_202602021452_007/DJI_20260202145934_0005_V.JPG,data/raw/HKUST/20260202_Thermal_HKUST/DCIM/DJI_202602021452_007/DJI_20260202145934_0005_T.JPG,paired,exact_base_name,0,no,
20260202_Thermal_HKUST/DCIM/DJI_202602021452_007::DJI_20260202145949_0006,20260202_Thermal_HKUST,HKUST,2026-02-02,DJI_202602021452_007,DJI_20260202145949_0006,0006,data/raw/HKUST/20260202_Thermal_HKUST/DCIM/DJI_202602021452_007/DJI_20260202145949_0006_V.JPG,data/raw/HKUST/20260202_Thermal_HKUST/DCIM/DJI_202602021452_007/DJI_20260202145949_0006_T.JPG,paired,exact_base_name,0,no,
20260202_Thermal_HKUST/DCIM/DJI_202602021452_007::DJI_20260202150002_0007,20260202_Thermal_HKUST,HKUST,2026-02-02,DJI_202602021452_007,DJI_20260202150002_0007,0007,data/raw/HKUST/20260202_Thermal_HKUST/DCIM/DJI_202602021452_007/DJI_20260202150002_0007_V.JPG,data/raw/HKUST/20260202_Thermal_HKUST/DCIM/DJI_202602021452_007/DJI_20260202150002_0007_T.JPG,paired,exact_base_name,0,no,
20260202_Thermal_HKUST/DCIM/DJI_202602021452_007::DJI_20260202150013_0008,20260202_Thermal_HKUST,HKUST,2026-02-02,DJI_202602021452_007,DJI_20260202150013_0008,0008,data/raw/HKUST/20260202_Thermal_HKUST/DCIM/DJI_202602021452_007/DJI_20260202150013_0008_V.JPG,data/raw/HKUST/20260202_Thermal_HKUST/DCIM/DJI_202602021452_007/DJI_20260202150013_0008_T.JPG,paired,exact_base_name,0,no,
20260202_Thermal_HKUST/DCIM/DJI_202602021452_007::DJI_20260202150027_0009,20260202_Thermal_HKUST,HKUST,2026-02-02,DJI_202602021452_007,DJI_20260202150027_0009,0009,data/raw/HKUST/20260202_Thermal_HKUST/DCIM/DJI_202602021452_007/DJI_20260202150027_0009_V.JPG,data/raw/HKUST/20260202_Thermal_HKUST/DCIM/DJI_202602021452_007/DJI_20260202150027_0009_T.JPG,paired,exact_base_name,0,no,
20260202_Thermal_HKUST/DCIM/DJI_202602021452_007::DJI_20260202150043_0010,20260202_Thermal_HKUST,HKUST,2026-02-02,DJI_202602021452_007,DJI_20260202150043_0010,0010,data/raw/HKUST/20260202_Thermal_HKUST/DCIM/DJI_202602021452_007/DJI_20260202150043_0010_V.JPG,data/raw/HKUST/20260202_Thermal_HKUST/DCIM/DJI_202602021452_007/DJI_20260202150043_0010_T.JPG,paired,exact_base_name,0,no,
20260202_Thermal_HKUST/DCIM/DJI_202602021452_007::DJI_20260202150058_0011,20260202_Thermal_HKUST,HKUST,2026-02-02,DJI_202602021452_007,DJI_20260202150058_0011,0011,data/raw/HKUST/20260202_Thermal_HKUST/DCIM/DJI_202602021452_007/DJI_20260202150058_0011_V.JPG,data/raw/HKUST/20260202_Thermal_HKUST/DCIM/DJI_202602021452_007/DJI_20260202150058_0011_T.JPG,paired,exact_base_name,0,no,
20260202_Thermal_HKUST/DCIM/DJI_202602021452_007::DJI_20260202150114_0012,20260202_Thermal_HKUST,HKUST,2026-02-02,DJI_202602021452_007,DJI_20260202150114_0012,0012,data/raw/HKUST/20260202_Thermal_HKUST/DCIM/DJI_202602021452_007/DJI_20260202150114_0012_V.JPG,data/raw/HKUST/20260202_Thermal_HKUST/DCIM/DJI_202602021452_007/DJI_20260202150114_0012_T.JPG,paired,exact_base_name,0,no,
20260202_Thermal_HKUST/DCIM/DJI_202602021452_007::DJI_20260202150124_0013,20260202_Thermal_HKUST,HKUST,2026-02-02,DJI_202602021452_007,DJI_20260202150124_0013,0013,data/raw/HKUST/20260202_Thermal_HKUST/DCIM/DJI_202602021452_007/DJI_20260202150124_0013_V.JPG,data/raw/HKUST/20260202_Thermal_HKUST/DCIM/DJI_202602021452_007/DJI_20260202150124_0013_T.JPG,paired,exact_base_name,0,no,
20260202_Thermal_HKUST/DCIM/DJI_202602021452_007::DJI_20260202150137_0014,20260202_Thermal_HKUST,HKUST,2026-02-02,DJI_202602021452_007,DJI_20260202150137_0014,0014,data/raw/HKUST/20260202_Thermal_HKUST/DCIM/DJI_202602021452_007/DJI_20260202150137_0014_V.JPG,data/raw/HKUST/20260202_Thermal_HKUST/DCIM/DJI_202602021452_007/DJI_20260202150137_0014_T.JPG,paired,exact_base_name,0,no,
20260202_Thermal_HKUST/DCIM/DJI_202602021452_007::DJI_20260202150149_0015,20260202_Thermal_HKUST,HKUST,2026-02-02,DJI_202602021452_007,DJI_20260202150149_0015,0015,data/raw/HKUST/20260202_Thermal_HKUST/DCIM/DJI_202602021452_007/DJI_20260202150149_0015_V.JPG,data/raw/HKUST/20260202_Thermal_HKUST/DCIM/DJI_202602021452_007/DJI_20260202150149_0015_T.JPG,paired,exact_base_name,0,no,
20260202_Thermal_HKUST/DCIM/DJI_202602021452_007::DJI_20260202150201_0016,20260202_Thermal_HKUST,HKUST,2026-02-02,DJI_202602021452_007,DJI_20260202150201_0016,0016,data/raw/HKUST/20260202_Thermal_HKUST/DCIM/DJI_202602021452_007/DJI_20260202150201_0016_V.JPG,data/raw/HKUST/20260202_Thermal_HKUST/DCIM/DJI_202602021452_007/DJI_20260202150201_0016_T.JPG,paired,exact_base_name,0,no,
20260202_Thermal_HKUST/DCIM/DJI_202602021452_007::DJI_20260202150202_0017,20260202_Thermal_HKUST,HKUST,2026-02-02,DJI_202602021452_007,DJI_20260202150202_0017,0017,data/raw/HKUST/20260202_Thermal_HKUST/DCIM/DJI_202602021452_007/DJI_20260202150202_0017_V.JPG,data/raw/HKUST/20260202_Thermal_HKUST/DCIM/DJI_202602021452_007/DJI_20260202150202_0017_T.JPG,paired,exact_base_name,0,no,
20260202_Thermal_HKUST/DCIM/DJI_202602021452_007::DJI_20260202150210_0018,20260202_Thermal_HKUST,HKUST,2026-02-02,DJI_202602021452_007,DJI_20260202150210_0018,0018,data/raw/HKUST/20260202_Thermal_HKUST/DCIM/DJI_202602021452_007/DJI_20260202150210_0018_V.JPG,data/raw/HKUST/20260202_Thermal_HKUST/DCIM/DJI_202602021452_007/DJI_20260202150210_0018_T.JPG,paired,exact_base_name,0,no,
20260202_Thermal_HKUST/DCIM/DJI_202602021452_007::DJI_20260202150225_0019,20260202_Thermal_HKUST,HKUST,2026-02-02,DJI_202602021452_007,DJI_20260202150225_0019,0019,data/raw/HKUST/20260202_Thermal_HKUST/DCIM/DJI_202602021452_007/DJI_20260202150225_0019_V.JPG,data/raw/HKUST/20260202_Thermal_HKUST/DCIM/DJI_202602021452_007/DJI_20260202150225_0019_T.JPG,paired,exact_base_name,0,no,
20260202_Thermal_HKUST/DCIM/DJI_202602021452_007::DJI_20260202150240_0020,20260202_Thermal_HKUST,HKUST,2026-02-02,DJI_202602021452_007,DJI_20260202150240_0020,0020,data/raw/HKUST/20260202_Thermal_HKUST/DCIM/DJI_202602021452_007/DJI_20260202150240_0020_V.JPG,data/raw/HKUST/20260202_Thermal_HKUST/DCIM/DJI_202602021452_007/DJI_20260202150240_0020_T.JPG,paired,exact_base_name,0,no,
20260202_Thermal_HKUST/DCIM/DJI_202602021452_007::sample_0021,20260202_Thermal_HKUST,HKUST,2026-02-02,DJI_202602021452_007,sample_0021,0021,data/raw/HKUST/20260202_Thermal_HKUST/DCIM/DJI_202602021452_007/DJI_20260202150241_0021_V.JPG,data/raw/HKUST/20260202_Thermal_HKUST/DCIM/DJI_202602021452_007/DJI_20260202150242_0021_T.JPG,paired,session_sample_number,1,no,fallback base names: V=DJI_20260202150241_0021; T=DJI_20260202150242_0021
20260202_Thermal_HKUST/DCIM/DJI_202602021452_007::DJI_20260202150257_0022,20260202_Thermal_HKUST,HKUST,2026-02-02,DJI_202602021452_007,DJI_20260202150257_0022,0022,data/raw/HKUST/20260202_Thermal_HKUST/DCIM/DJI_202602021452_007/DJI_20260202150257_0022_V.JPG,data/raw/HKUST/20260202_Thermal_HKUST/DCIM/DJI_202602021452_007/DJI_20260202150257_0022_T.JPG,paired,exact_base_name,0,no,
20260202_Thermal_HKUST/DCIM/DJI_202602021452_007::sample_0023,20260202_Thermal_HKUST,HKUST,2026-02-02,DJI_202602021452_007,sample_0023,0023,data/raw/HKUST/20260202_Thermal_HKUST/DCIM/DJI_202602021452_007/DJI_20260202150313_0023_V.JPG,data/raw/HKUST/20260202_Thermal_HKUST/DCIM/DJI_202602021452_007/DJI_20260202150314_0023_T.JPG,paired,session_sample_number,1,no,fallback base names: V=DJI_20260202150313_0023; T=DJI_20260202150314_0023
20260202_Thermal_HKUST/DCIM/DJI_202602021452_007::sample_0024,20260202_Thermal_HKUST,HKUST,2026-02-02,DJI_202602021452_007,sample_0024,0024,data/raw/HKUST/20260202_Thermal_HKUST/DCIM/DJI_202602021452_007/DJI_20260202150323_0024_V.JPG,data/raw/HKUST/20260202_Thermal_HKUST/DCIM/DJI_202602021452_007/DJI_20260202150324_0024_T.JPG,paired,session_sample_number,1,no,fallback base names: V=DJI_20260202150323_0024; T=DJI_20260202150324_0024
20260202_Thermal_HKUST/DCIM/DJI_202602021452_007::DJI_20260202150339_0025,20260202_Thermal_HKUST,HKUST,2026-02-02,DJI_202602021452_007,DJI_20260202150339_0025,0025,data/raw/HKUST/20260202_Thermal_HKUST/DCIM/DJI_202602021452_007/DJI_20260202150339_0025_V.JPG,data/raw/HKUST/20260202_Thermal_HKUST/DCIM/DJI_202602021452_007/DJI_20260202150339_0025_T.JPG,paired,exact_base_name,0,no,
20260202_Thermal_HKUST/DCIM/DJI_202602021452_007::DJI_20260202150355_0026,20260202_Thermal_HKUST,HKUST,2026-02-02,DJI_202602021452_007,DJI_20260202150355_0026,0026,data/raw/HKUST/20260202_Thermal_HKUST/DCIM/DJI_202602021452_007/DJI_20260202150355_0026_V.JPG,data/raw/HKUST/20260202_Thermal_HKUST/DCIM/DJI_202602021452_007/DJI_20260202150355_0026_T.JPG,paired,exact_base_name,0,no,
20260202_Thermal_HKUST/DCIM/DJI_202602021452_007::DJI_20260202150412_0027,20260202_Thermal_HKUST,HKUST,2026-02-02,DJI_202602021452_007,DJI_20260202150412_0027,0027,data/raw/HKUST/20260202_Thermal_HKUST/DCIM/DJI_202602021452_007/DJI_20260202150412_0027_V.JPG,data/raw/HKUST/20260202_Thermal_HKUST/DCIM/DJI_202602021452_007/DJI_20260202150412_0027_T.JPG,paired,exact_base_name,0,no,
20260202_Thermal_HKUST/DCIM/DJI_202602021452_007::DJI_20260202150427_0028,20260202_Thermal_HKUST,HKUST,2026-02-02,DJI_202602021452_007,DJI_20260202150427_0028,0028,data/raw/HKUST/20260202_Thermal_HKUST/DCIM/DJI_202602021452_007/DJI_20260202150427_0028_V.JPG,data/raw/HKUST/20260202_Thermal_HKUST/DCIM/DJI_202602021452_007/DJI_20260202150427_0028_T.JPG,paired,exact_base_name,0,no,
20260202_Thermal_HKUST/DCIM/DJI_202602021452_007::DJI_20260202150445_0029,20260202_Thermal_HKUST,HKUST,2026-02-02,DJI_202602021452_007,DJI_20260202150445_0029,0029,data/raw/HKUST/20260202_Thermal_HKUST/DCIM/DJI_202602021452_007/DJI_20260202150445_0029_V.JPG,data/raw/HKUST/20260202_Thermal_HKUST/DCIM/DJI_202602021452_007/DJI_20260202150445_0029_T.JPG,paired,exact_base_name,0,no,
20260202_Thermal_HKUST/DCIM/DJI_202602021452_007::DJI_20260202150459_0030,20260202_Thermal_HKUST,HKUST,2026-02-02,DJI_202602021452_007,DJI_20260202150459_0030,0030,data/raw/HKUST/20260202_Thermal_HKUST/DCIM/DJI_202602021452_007/DJI_20260202150459_0030_V.JPG,data/raw/HKUST/20260202_Thermal_HKUST/DCIM/DJI_202602021452_007/DJI_20260202150459_0030_T.JPG,paired,exact_base_name,0,no,
20260202_Thermal_HKUST/DCIM/DJI_202602021452_007::sample_0031,20260202_Thermal_HKUST,HKUST,2026-02-02,DJI_202602021452_007,sample_0031,0031,data/raw/HKUST/20260202_Thermal_HKUST/DCIM/DJI_202602021452_007/DJI_20260202150514_0031_V.JPG,data/raw/HKUST/20260202_Thermal_HKUST/DCIM/DJI_202602021452_007/DJI_20260202150515_0031_T.JPG,paired,session_sample_number,1,no,fallback base names: V=DJI_20260202150514_0031; T=DJI_20260202150515_0031
20260202_Thermal_HKUST/DCIM/DJI_202602021452_007::DJI_20260202150532_0032,20260202_Thermal_HKUST,HKUST,2026-02-02,DJI_202602021452_007,DJI_20260202150532_0032,0032,data/raw/HKUST/20260202_Thermal_HKUST/DCIM/DJI_202602021452_007/DJI_20260202150532_0032_V.JPG,data/raw/HKUST/20260202_Thermal_HKUST/DCIM/DJI_202602021452_007/DJI_20260202150532_0032_T.JPG,paired,exact_base_name,0,no,
20260202_Thermal_HKUST/DCIM/DJI_202602021452_007::DJI_20260202150548_0033,20260202_Thermal_HKUST,HKUST,2026-02-02,DJI_202602021452_007,DJI_20260202150548_0033,0033,data/raw/HKUST/20260202_Thermal_HKUST/DCIM/DJI_202602021452_007/DJI_20260202150548_0033_V.JPG,data/raw/HKUST/20260202_Thermal_HKUST/DCIM/DJI_202602021452_007/DJI_20260202150548_0033_T.JPG,paired,exact_base_name,0,no,
20260202_Thermal_HKUST/DCIM/DJI_202602021452_007::DJI_20260202150604_0034,20260202_Thermal_HKUST,HKUST,2026-02-02,DJI_202602021452_007,DJI_20260202150604_0034,0034,data/raw/HKUST/20260202_Thermal_HKUST/DCIM/DJI_202602021452_007/DJI_20260202150604_0034_V.JPG,data/raw/HKUST/20260202_Thermal_HKUST/DCIM/DJI_202602021452_007/DJI_20260202150604_0034_T.JPG,paired,exact_base_name,0,no,
20260202_Thermal_HKUST/DCIM/DJI_202602021452_007::DJI_20260202150620_0035,20260202_Thermal_HKUST,HKUST,2026-02-02,DJI_202602021452_007,DJI_20260202150620_0035,0035,data/raw/HKUST/20260202_Thermal_HKUST/DCIM/DJI_202602021452_007/DJI_20260202150620_0035_V.JPG,data/raw/HKUST/20260202_Thermal_HKUST/DCIM/DJI_202602021452_007/DJI_20260202150620_0035_T.JPG,paired,exact_base_name,0,no,
20260202_Thermal_HKUST/DCIM/DJI_202602021452_007::sample_0036,20260202_Thermal_HKUST,HKUST,2026-02-02,DJI_202602021452_007,sample_0036,0036,data/raw/HKUST/20260202_Thermal_HKUST/DCIM/DJI_202602021452_007/DJI_20260202150633_0036_V.JPG,data/raw/HKUST/20260202_Thermal_HKUST/DCIM/DJI_202602021452_007/DJI_20260202150634_0036_T.JPG,paired,session_sample_number,1,no,fallback base names: V=DJI_20260202150633_0036; T=DJI_20260202150634_0036
20260202_Thermal_HKUST/DCIM/DJI_202602021452_007::DJI_20260202150646_0037,20260202_Thermal_HKUST,HKUST,2026-02-02,DJI_202602021452_007,DJI_20260202150646_0037,0037,data/raw/HKUST/20260202_Thermal_HKUST/DCIM/DJI_202602021452_007/DJI_20260202150646_0037_V.JPG,data/raw/HKUST/20260202_Thermal_HKUST/DCIM/DJI_202602021452_007/DJI_20260202150646_0037_T.JPG,paired,exact_base_name,0,no,
20260202_Thermal_HKUST/DCIM/DJI_202602021452_007::sample_0038,20260202_Thermal_HKUST,HKUST,2026-02-02,DJI_202602021452_007,sample_0038,0038,data/raw/HKUST/20260202_Thermal_HKUST/DCIM/DJI_202602021452_007/DJI_20260202150702_0038_V.JPG,data/raw/HKUST/20260202_Thermal_HKUST/DCIM/DJI_202602021452_007/DJI_20260202150703_0038_T.JPG,paired,session_sample_number,1,no,fallback base names: V=DJI_20260202150702_0038; T=DJI_20260202150703_0038
20260202_Thermal_HKUST/DCIM/DJI_202602021452_007::DJI_20260202150708_0039,20260202_Thermal_HKUST,HKUST,2026-02-02,DJI_202602021452_007,DJI_20260202150708_0039,0039,data/raw/HKUST/20260202_Thermal_HKUST/DCIM/DJI_202602021452_007/DJI_20260202150708_0039_V.JPG,data/raw/HKUST/20260202_Thermal_HKUST/DCIM/DJI_202602021452_007/DJI_20260202150708_0039_T.JPG,paired,exact_base_name,0,no,
20260202_Thermal_HKUST/DCIM/DJI_202602021452_007::DJI_20260202150955_0040,20260202_Thermal_HKUST,HKUST,2026-02-02,DJI_202602021452_007,DJI_20260202150955_0040,0040,data/raw/HKUST/20260202_Thermal_HKUST/DCIM/DJI_202602021452_007/DJI_20260202150955_0040_V.JPG,data/raw/HKUST/20260202_Thermal_HKUST/DCIM/DJI_202602021452_007/DJI_20260202150955_0040_T.JPG,paired,exact_base_name,0,no,
20260202_Thermal_HKUST/DCIM/DJI_202602021452_007::DJI_20260202151004_0042,20260202_Thermal_HKUST,HKUST,2026-02-02,DJI_202602021452_007,DJI_20260202151004_0042,0042,data/raw/HKUST/20260202_Thermal_HKUST/DCIM/DJI_202602021452_007/DJI_20260202151004_0042_V.JPG,data/raw/HKUST/20260202_Thermal_HKUST/DCIM/DJI_202602021452_007/DJI_20260202151004_0042_T.JPG,paired,exact_base_name,0,no,
20260202_Thermal_HKUST/DCIM/DJI_202602021452_007::DJI_20260202151035_0043,20260202_Thermal_HKUST,HKUST,2026-02-02,DJI_202602021452_007,DJI_20260202151035_0043,0043,data/raw/HKUST/20260202_Thermal_HKUST/DCIM/DJI_202602021452_007/DJI_20260202151035_0043_V.JPG,data/raw/HKUST/20260202_Thermal_HKUST/DCIM/DJI_202602021452_007/DJI_20260202151035_0043_T.JPG,paired,exact_base_name,0,no,
20260202_Thermal_HKUST/DCIM/DJI_202602021452_007::sample_0044,20260202_Thermal_HKUST,HKUST,2026-02-02,DJI_202602021452_007,sample_0044,0044,data/raw/HKUST/20260202_Thermal_HKUST/DCIM/DJI_202602021452_007/DJI_20260202151051_0044_V.JPG,data/raw/HKUST/20260202_Thermal_HKUST/DCIM/DJI_202602021452_007/DJI_20260202151052_0044_T.JPG,paired,session_sample_number,1,no,fallback base names: V=DJI_20260202151051_0044; T=DJI_20260202151052_0044
20260202_Thermal_HKUST/DCIM/DJI_202602021452_007::DJI_20260202151053_0045,20260202_Thermal_HKUST,HKUST,2026-02-02,DJI_202602021452_007,DJI_20260202151053_0045,0045,data/raw/HKUST/20260202_Thermal_HKUST/DCIM/DJI_202602021452_007/DJI_20260202151053_0045_V.JPG,data/raw/HKUST/20260202_Thermal_HKUST/DCIM/DJI_202602021452_007/DJI_20260202151053_0045_T.JPG,paired,exact_base_name,0,no,
20260202_Thermal_HKUST/DCIM/DJI_202602021452_007::DJI_20260202151106_0046,20260202_Thermal_HKUST,HKUST,2026-02-02,DJI_202602021452_007,DJI_20260202151106_0046,0046,data/raw/HKUST/20260202_Thermal_HKUST/DCIM/DJI_202602021452_007/DJI_20260202151106_0046_V.JPG,data/raw/HKUST/20260202_Thermal_HKUST/DCIM/DJI_202602021452_007/DJI_20260202151106_0046_T.JPG,paired,exact_base_name,0,no,
20260202_Thermal_HKUST/DCIM/DJI_202602021452_007::DJI_20260202151123_0047,20260202_Thermal_HKUST,HKUST,2026-02-02,DJI_202602021452_007,DJI_20260202151123_0047,0047,data/raw/HKUST/20260202_Thermal_HKUST/DCIM/DJI_202602021452_007/DJI_20260202151123_0047_V.JPG,data/raw/HKUST/20260202_Thermal_HKUST/DCIM/DJI_202602021452_007/DJI_20260202151123_0047_T.JPG,paired,exact_base_name,0,no,
20260202_Thermal_HKUST/DCIM/DJI_202602021452_007::DJI_20260202151144_0048,20260202_Thermal_HKUST,HKUST,2026-02-02,DJI_202602021452_007,DJI_20260202151144_0048,0048,data/raw/HKUST/20260202_Thermal_HKUST/DCIM/DJI_202602021452_007/DJI_20260202151144_0048_V.JPG,data/raw/HKUST/20260202_Thermal_HKUST/DCIM/DJI_202602021452_007/DJI_20260202151144_0048_T.JPG,paired,exact_base_name,0,no,
20260202_Thermal_HKUST/DCIM/DJI_202602021452_007::DJI_20260202151154_0049,20260202_Thermal_HKUST,HKUST,2026-02-02,DJI_202602021452_007,DJI_20260202151154_0049,0049,data/raw/HKUST/20260202_Thermal_HKUST/DCIM/DJI_202602021452_007/DJI_20260202151154_0049_V.JPG,data/raw/HKUST/20260202_Thermal_HKUST/DCIM/DJI_202602021452_007/DJI_20260202151154_0049_T.JPG,paired,exact_base_name,0,no,
20260202_Thermal_HKUST/DCIM/DJI_202602021452_007::DJI_20260202151203_0050,20260202_Thermal_HKUST,HKUST,2026-02-02,DJI_202602021452_007,DJI_20260202151203_0050,0050,data/raw/HKUST/20260202_Thermal_HKUST/DCIM/DJI_202602021452_007/DJI_20260202151203_0050_V.JPG,data/raw/HKUST/20260202_Thermal_HKUST/DCIM/DJI_202602021452_007/DJI_20260202151203_0050_T.JPG,paired,exact_base_name,0,no,
20260202_Thermal_HKUST/DCIM/DJI_202602021452_007::DJI_20260202151217_0051,20260202_Thermal_HKUST,HKUST,2026-02-02,DJI_202602021452_007,DJI_20260202151217_0051,0051,data/raw/HKUST/20260202_Thermal_HKUST/DCIM/DJI_202602021452_007/DJI_20260202151217_0051_V.JPG,data/raw/HKUST/20260202_Thermal_HKUST/DCIM/DJI_202602021452_007/DJI_20260202151217_0051_T.JPG,paired,exact_base_name,0,no,
20260202_Thermal_HKUST/DCIM/DJI_202602021452_007::sample_0052,20260202_Thermal_HKUST,HKUST,2026-02-02,DJI_202602021452_007,sample_0052,0052,data/raw/HKUST/20260202_Thermal_HKUST/DCIM/DJI_202602021452_007/DJI_20260202151232_0052_V.JPG,data/raw/HKUST/20260202_Thermal_HKUST/DCIM/DJI_202602021452_007/DJI_20260202151233_0052_T.JPG,paired,session_sample_number,1,no,fallback base names: V=DJI_20260202151232_0052; T=DJI_20260202151233_0052
20260202_Thermal_HKUST/DCIM/DJI_202602021452_007::DJI_20260202151249_0053,20260202_Thermal_HKUST,HKUST,2026-02-02,DJI_202602021452_007,DJI_20260202151249_0053,0053,data/raw/HKUST/20260202_Thermal_HKUST/DCIM/DJI_202602021452_007/DJI_20260202151249_0053_V.JPG,data/raw/HKUST/20260202_Thermal_HKUST/DCIM/DJI_202602021452_007/DJI_20260202151249_0053_T.JPG,paired,exact_base_name,0,no,
20260202_Thermal_HKUST/DCIM/DJI_202602021452_007::DJI_20260202151305_0054,20260202_Thermal_HKUST,HKUST,2026-02-02,DJI_202602021452_007,DJI_20260202151305_0054,0054,data/raw/HKUST/20260202_Thermal_HKUST/DCIM/DJI_202602021452_007/DJI_20260202151305_0054_V.JPG,data/raw/HKUST/20260202_Thermal_HKUST/DCIM/DJI_202602021452_007/DJI_20260202151305_0054_T.JPG,paired,exact_base_name,0,no,
20260202_Thermal_HKUST/DCIM/DJI_202602021452_007::DJI_20260202151321_0055,20260202_Thermal_HKUST,HKUST,2026-02-02,DJI_202602021452_007,DJI_20260202151321_0055,0055,data/raw/HKUST/20260202_Thermal_HKUST/DCIM/DJI_202602021452_007/DJI_20260202151321_0055_V.JPG,data/raw/HKUST/20260202_Thermal_HKUST/DCIM/DJI_202602021452_007/DJI_20260202151321_0055_T.JPG,paired,exact_base_name,0,no,
20260202_Thermal_HKUST/DCIM/DJI_202602021452_007::sample_0056,20260202_Thermal_HKUST,HKUST,2026-02-02,DJI_202602021452_007,sample_0056,0056,data/raw/HKUST/20260202_Thermal_HKUST/DCIM/DJI_202602021452_007/DJI_20260202151336_0056_V.JPG,data/raw/HKUST/20260202_Thermal_HKUST/DCIM/DJI_202602021452_007/DJI_20260202151337_0056_T.JPG,paired,session_sample_number,1,no,fallback base names: V=DJI_20260202151336_0056; T=DJI_20260202151337_0056
20260202_Thermal_HKUST/DCIM/DJI_202602021452_007::DJI_20260202151353_0057,20260202_Thermal_HKUST,HKUST,2026-02-02,DJI_202602021452_007,DJI_20260202151353_0057,0057,data/raw/HKUST/20260202_Thermal_HKUST/DCIM/DJI_202602021452_007/DJI_20260202151353_0057_V.JPG,data/raw/HKUST/20260202_Thermal_HKUST/DCIM/DJI_202602021452_007/DJI_20260202151353_0057_T.JPG,paired,exact_base_name,0,no,
20260202_Thermal_HKUST/DCIM/DJI_202602021452_007::DJI_20260202151403_0058,20260202_Thermal_HKUST,HKUST,2026-02-02,DJI_202602021452_007,DJI_20260202151403_0058,0058,data/raw/HKUST/20260202_Thermal_HKUST/DCIM/DJI_202602021452_007/DJI_20260202151403_0058_V.JPG,data/raw/HKUST/20260202_Thermal_HKUST/DCIM/DJI_202602021452_007/DJI_20260202151403_0058_T.JPG,paired,exact_base_name,0,no,
20260202_Thermal_HKUST/DCIM/DJI_202602021452_007::sample_0059,20260202_Thermal_HKUST,HKUST,2026-02-02,DJI_202602021452_007,sample_0059,0059,data/raw/HKUST/20260202_Thermal_HKUST/DCIM/DJI_202602021452_007/DJI_20260202151414_0059_V.JPG,data/raw/HKUST/20260202_Thermal_HKUST/DCIM/DJI_202602021452_007/DJI_20260202151415_0059_T.JPG,paired,session_sample_number,1,no,fallback base names: V=DJI_20260202151414_0059; T=DJI_20260202151415_0059
20260202_Thermal_HKUST/DCIM/DJI_202602021452_007::DJI_20260202151425_0060,20260202_Thermal_HKUST,HKUST,2026-02-02,DJI_202602021452_007,DJI_20260202151425_0060,0060,data/raw/HKUST/20260202_Thermal_HKUST/DCIM/DJI_202602021452_007/DJI_20260202151425_0060_V.JPG,data/raw/HKUST/20260202_Thermal_HKUST/DCIM/DJI_202602021452_007/DJI_20260202151425_0060_T.JPG,paired,exact_base_name,0,no,
20260202_Thermal_HKUST/DCIM/DJI_202602021452_007::DJI_20260202151439_0061,20260202_Thermal_HKUST,HKUST,2026-02-02,DJI_202602021452_007,DJI_20260202151439_0061,0061,data/raw/HKUST/20260202_Thermal_HKUST/DCIM/DJI_202602021452_007/DJI_20260202151439_0061_V.JPG,data/raw/HKUST/20260202_Thermal_HKUST/DCIM/DJI_202602021452_007/DJI_20260202151439_0061_T.JPG,paired,exact_base_name,0,no,
20260202_Thermal_HKUST/DCIM/DJI_202602021452_007::DJI_20260202151453_0062,20260202_Thermal_HKUST,HKUST,2026-02-02,DJI_202602021452_007,DJI_20260202151453_0062,0062,data/raw/HKUST/20260202_Thermal_HKUST/DCIM/DJI_202602021452_007/DJI_20260202151453_0062_V.JPG,data/raw/HKUST/20260202_Thermal_HKUST/DCIM/DJI_202602021452_007/DJI_20260202151453_0062_T.JPG,paired,exact_base_name,0,no,
20260202_Thermal_HKUST/DCIM/DJI_202602021452_007::DJI_20260202151507_0063,20260202_Thermal_HKUST,HKUST,2026-02-02,DJI_202602021452_007,DJI_20260202151507_0063,0063,data/raw/HKUST/20260202_Thermal_HKUST/DCIM/DJI_202602021452_007/DJI_20260202151507_0063_V.JPG,data/raw/HKUST/20260202_Thermal_HKUST/DCIM/DJI_202602021452_007/DJI_20260202151507_0063_T.JPG,paired,exact_base_name,0,no,
20260202_Thermal_HKUST/DCIM/DJI_202602021452_007::sample_0064,20260202_Thermal_HKUST,HKUST,2026-02-02,DJI_202602021452_007,sample_0064,0064,data/raw/HKUST/20260202_Thermal_HKUST/DCIM/DJI_202602021452_007/DJI_20260202151522_0064_V.JPG,data/raw/HKUST/20260202_Thermal_HKUST/DCIM/DJI_202602021452_007/DJI_20260202151523_0064_T.JPG,paired,session_sample_number,1,no,fallback base names: V=DJI_20260202151522_0064; T=DJI_20260202151523_0064
20260202_Thermal_HKUST/DCIM/DJI_202602021452_007::sample_0065,20260202_Thermal_HKUST,HKUST,2026-02-02,DJI_202602021452_007,sample_0065,0065,data/raw/HKUST/20260202_Thermal_HKUST/DCIM/DJI_202602021452_007/DJI_20260202151540_0065_V.JPG,data/raw/HKUST/20260202_Thermal_HKUST/DCIM/DJI_202602021452_007/DJI_20260202151541_0065_T.JPG,paired,session_sample_number,1,no,fallback base names: V=DJI_20260202151540_0065; T=DJI_20260202151541_0065
20260202_Thermal_HKUST/DCIM/DJI_202602021452_007::DJI_20260202151544_0066,20260202_Thermal_HKUST,HKUST,2026-02-02,DJI_202602021452_007,DJI_20260202151544_0066,0066,data/raw/HKUST/20260202_Thermal_HKUST/DCIM/DJI_202602021452_007/DJI_20260202151544_0066_V.JPG,data/raw/HKUST/20260202_Thermal_HKUST/DCIM/DJI_202602021452_007/DJI_20260202151544_0066_T.JPG,paired,exact_base_name,0,no,
20260202_Thermal_HKUST/DCIM/DJI_202602021452_007::DJI_20260202151550_0067,20260202_Thermal_HKUST,HKUST,2026-02-02,DJI_202602021452_007,DJI_20260202151550_0067,0067,data/raw/HKUST/20260202_Thermal_HKUST/DCIM/DJI_202602021452_007/DJI_20260202151550_0067_V.JPG,data/raw/HKUST/20260202_Thermal_HKUST/DCIM/DJI_202602021452_007/DJI_20260202151550_0067_T.JPG,paired,exact_base_name,0,no,
20260202_Thermal_HKUST/DCIM/DJI_202602021452_007::DJI_20260202151613_0068,20260202_Thermal_HKUST,HKUST,2026-02-02,DJI_202602021452_007,DJI_20260202151613_0068,0068,data/raw/HKUST/20260202_Thermal_HKUST/DCIM/DJI_202602021452_007/DJI_20260202151613_0068_V.JPG,data/raw/HKUST/20260202_Thermal_HKUST/DCIM/DJI_202602021452_007/DJI_20260202151613_0068_T.JPG,paired,exact_base_name,0,no,
20260202_Thermal_HKUST/DCIM/DJI_202602021452_007::DJI_20260202151628_0069,20260202_Thermal_HKUST,HKUST,2026-02-02,DJI_202602021452_007,DJI_20260202151628_0069,0069,data/raw/HKUST/20260202_Thermal_HKUST/DCIM/DJI_202602021452_007/DJI_20260202151628_0069_V.JPG,data/raw/HKUST/20260202_Thermal_HKUST/DCIM/DJI_202602021452_007/DJI_20260202151628_0069_T.JPG,paired,exact_base_name,0,no,
20260202_Thermal_HKUST/DCIM/DJI_202602021452_007::DJI_20260202151629_0070,20260202_Thermal_HKUST,HKUST,2026-02-02,DJI_202602021452_007,DJI_20260202151629_0070,0070,data/raw/HKUST/20260202_Thermal_HKUST/DCIM/DJI_202602021452_007/DJI_20260202151629_0070_V.JPG,data/raw/HKUST/20260202_Thermal_HKUST/DCIM/DJI_202602021452_007/DJI_20260202151629_0070_T.JPG,paired,exact_base_name,0,no,
20260202_Thermal_HKUST/DCIM/DJI_202602021452_007::DJI_20260202151641_0071,20260202_Thermal_HKUST,HKUST,2026-02-02,DJI_202602021452_007,DJI_20260202151641_0071,0071,data/raw/HKUST/20260202_Thermal_HKUST/DCIM/DJI_202602021452_007/DJI_20260202151641_0071_V.JPG,data/raw/HKUST/20260202_Thermal_HKUST/DCIM/DJI_202602021452_007/DJI_20260202151641_0071_T.JPG,paired,exact_base_name,0,no,
20260202_Thermal_HKUST/DCIM/DJI_202602021556_008::DJI_20260202160129_0001,20260202_Thermal_HKUST,HKUST,2026-02-02,DJI_202602021556_008,DJI_20260202160129_0001,0001,data/raw/HKUST/20260202_Thermal_HKUST/DCIM/DJI_202602021556_008/DJI_20260202160129_0001_V.JPG,data/raw/HKUST/20260202_Thermal_HKUST/DCIM/DJI_202602021556_008/DJI_20260202160129_0001_T.JPG,paired,exact_base_name,0,no,
20260202_Thermal_HKUST/DCIM/DJI_202602021556_008::DJI_20260202160200_0002,20260202_Thermal_HKUST,HKUST,2026-02-02,DJI_202602021556_008,DJI_20260202160200_0002,0002,data/raw/HKUST/20260202_Thermal_HKUST/DCIM/DJI_202602021556_008/DJI_20260202160200_0002_V.JPG,data/raw/HKUST/20260202_Thermal_HKUST/DCIM/DJI_202602021556_008/DJI_20260202160200_0002_T.JPG,paired,exact_base_name,0,no,
20260202_Thermal_HKUST/DCIM/DJI_202602021556_008::DJI_20260202160220_0003,20260202_Thermal_HKUST,HKUST,2026-02-02,DJI_202602021556_008,DJI_20260202160220_0003,0003,data/raw/HKUST/20260202_Thermal_HKUST/DCIM/DJI_202602021556_008/DJI_20260202160220_0003_V.JPG,data/raw/HKUST/20260202_Thermal_HKUST/DCIM/DJI_202602021556_008/DJI_20260202160220_0003_T.JPG,paired,exact_base_name,0,no,
20260202_Thermal_HKUST/DCIM/DJI_202602021556_008::DJI_20260202160241_0004,20260202_Thermal_HKUST,HKUST,2026-02-02,DJI_202602021556_008,DJI_20260202160241_0004,0004,data/raw/HKUST/20260202_Thermal_HKUST/DCIM/DJI_202602021556_008/DJI_20260202160241_0004_V.JPG,data/raw/HKUST/20260202_Thermal_HKUST/DCIM/DJI_202602021556_008/DJI_20260202160241_0004_T.JPG,paired,exact_base_name,0,no,
20260202_Thermal_HKUST/DCIM/DJI_202602021556_008::sample_0005,20260202_Thermal_HKUST,HKUST,2026-02-02,DJI_202602021556_008,sample_0005,0005,data/raw/HKUST/20260202_Thermal_HKUST/DCIM/DJI_202602021556_008/DJI_20260202160307_0005_V.JPG,data/raw/HKUST/20260202_Thermal_HKUST/DCIM/DJI_202602021556_008/DJI_20260202160308_0005_T.JPG,paired,session_sample_number,1,no,fallback base names: V=DJI_20260202160307_0005; T=DJI_20260202160308_0005
20260202_Thermal_HKUST/DCIM/DJI_202602021556_008::DJI_20260202160327_0006,20260202_Thermal_HKUST,HKUST,2026-02-02,DJI_202602021556_008,DJI_20260202160327_0006,0006,data/raw/HKUST/20260202_Thermal_HKUST/DCIM/DJI_202602021556_008/DJI_20260202160327_0006_V.JPG,data/raw/HKUST/20260202_Thermal_HKUST/DCIM/DJI_202602021556_008/DJI_20260202160327_0006_T.JPG,paired,exact_base_name,0,no,
20260202_Thermal_HKUST/DCIM/DJI_202602021556_008::sample_0007,20260202_Thermal_HKUST,HKUST,2026-02-02,DJI_202602021556_008,sample_0007,0007,data/raw/HKUST/20260202_Thermal_HKUST/DCIM/DJI_202602021556_008/DJI_20260202160344_0007_V.JPG,data/raw/HKUST/20260202_Thermal_HKUST/DCIM/DJI_202602021556_008/DJI_20260202160345_0007_T.JPG,paired,session_sample_number,1,no,fallback base names: V=DJI_20260202160344_0007; T=DJI_20260202160345_0007
20260202_Thermal_HKUST/DCIM/DJI_202602021556_008::DJI_20260202160400_0008,20260202_Thermal_HKUST,HKUST,2026-02-02,DJI_202602021556_008,DJI_20260202160400_0008,0008,data/raw/HKUST/20260202_Thermal_HKUST/DCIM/DJI_202602021556_008/DJI_20260202160400_0008_V.JPG,data/raw/HKUST/20260202_Thermal_HKUST/DCIM/DJI_202602021556_008/DJI_20260202160400_0008_T.JPG,paired,exact_base_name,0,no,
20260202_Thermal_HKUST/DCIM/DJI_202602021556_008::DJI_20260202160416_0009,20260202_Thermal_HKUST,HKUST,2026-02-02,DJI_202602021556_008,DJI_20260202160416_0009,0009,data/raw/HKUST/20260202_Thermal_HKUST/DCIM/DJI_202602021556_008/DJI_20260202160416_0009_V.JPG,data/raw/HKUST/20260202_Thermal_HKUST/DCIM/DJI_202602021556_008/DJI_20260202160416_0009_T.JPG,paired,exact_base_name,0,no,
20260202_Thermal_HKUST/DCIM/DJI_202602021556_008::DJI_20260202160434_0010,20260202_Thermal_HKUST,HKUST,2026-02-02,DJI_202602021556_008,DJI_20260202160434_0010,0010,data/raw/HKUST/20260202_Thermal_HKUST/DCIM/DJI_202602021556_008/DJI_20260202160434_0010_V.JPG,data/raw/HKUST/20260202_Thermal_HKUST/DCIM/DJI_202602021556_008/DJI_20260202160434_0010_T.JPG,paired,exact_base_name,0,no,
20260202_Thermal_HKUST/DCIM/DJI_202602021556_008::DJI_20260202160452_0011,20260202_Thermal_HKUST,HKUST,2026-02-02,DJI_202602021556_008,DJI_20260202160452_0011,0011,data/raw/HKUST/20260202_Thermal_HKUST/DCIM/DJI_202602021556_008/DJI_20260202160452_0011_V.JPG,data/raw/HKUST/20260202_Thermal_HKUST/DCIM/DJI_202602021556_008/DJI_20260202160452_0011_T.JPG,paired,exact_base_name,0,no,
20260202_Thermal_HKUST/DCIM/DJI_202602021556_008::sample_0012,20260202_Thermal_HKUST,HKUST,2026-02-02,DJI_202602021556_008,sample_0012,0012,data/raw/HKUST/20260202_Thermal_HKUST/DCIM/DJI_202602021556_008/DJI_20260202160521_0012_V.JPG,data/raw/HKUST/20260202_Thermal_HKUST/DCIM/DJI_202602021556_008/DJI_20260202160522_0012_T.JPG,paired,session_sample_number,1,no,fallback base names: V=DJI_20260202160521_0012; T=DJI_20260202160522_0012
20260202_Thermal_HKUST/DCIM/DJI_202602021556_008::DJI_20260202160536_0013,20260202_Thermal_HKUST,HKUST,2026-02-02,DJI_202602021556_008,DJI_20260202160536_0013,0013,data/raw/HKUST/20260202_Thermal_HKUST/DCIM/DJI_202602021556_008/DJI_20260202160536_0013_V.JPG,data/raw/HKUST/20260202_Thermal_HKUST/DCIM/DJI_202602021556_008/DJI_20260202160536_0013_T.JPG,paired,exact_base_name,0,no,
20260202_Thermal_HKUST/DCIM/DJI_202602021556_008::DJI_20260202160557_0014,20260202_Thermal_HKUST,HKUST,2026-02-02,DJI_202602021556_008,DJI_20260202160557_0014,0014,data/raw/HKUST/20260202_Thermal_HKUST/DCIM/DJI_202602021556_008/DJI_20260202160557_0014_V.JPG,data/raw/HKUST/20260202_Thermal_HKUST/DCIM/DJI_202602021556_008/DJI_20260202160557_0014_T.JPG,paired,exact_base_name,0,no,
20260202_Thermal_HKUST/DCIM/DJI_202602021556_008::DJI_20260202160614_0015,20260202_Thermal_HKUST,HKUST,2026-02-02,DJI_202602021556_008,DJI_20260202160614_0015,0015,data/raw/HKUST/20260202_Thermal_HKUST/DCIM/DJI_202602021556_008/DJI_20260202160614_0015_V.JPG,data/raw/HKUST/20260202_Thermal_HKUST/DCIM/DJI_202602021556_008/DJI_20260202160614_0015_T.JPG,paired,exact_base_name,0,no,
20260202_Thermal_HKUST/DCIM/DJI_202602021556_008::DJI_20260202160636_0016,20260202_Thermal_HKUST,HKUST,2026-02-02,DJI_202602021556_008,DJI_20260202160636_0016,0016,data/raw/HKUST/20260202_Thermal_HKUST/DCIM/DJI_202602021556_008/DJI_20260202160636_0016_V.JPG,data/raw/HKUST/20260202_Thermal_HKUST/DCIM/DJI_202602021556_008/DJI_20260202160636_0016_T.JPG,paired,exact_base_name,0,no,
20260202_Thermal_HKUST/DCIM/DJI_202602021556_008::DJI_20260202160654_0017,20260202_Thermal_HKUST,HKUST,2026-02-02,DJI_202602021556_008,DJI_20260202160654_0017,0017,data/raw/HKUST/20260202_Thermal_HKUST/DCIM/DJI_202602021556_008/DJI_20260202160654_0017_V.JPG,data/raw/HKUST/20260202_Thermal_HKUST/DCIM/DJI_202602021556_008/DJI_20260202160654_0017_T.JPG,paired,exact_base_name,0,no,
20260202_Thermal_HKUST/DCIM/DJI_202602021556_008::DJI_20260202160708_0018,20260202_Thermal_HKUST,HKUST,2026-02-02,DJI_202602021556_008,DJI_20260202160708_0018,0018,data/raw/HKUST/20260202_Thermal_HKUST/DCIM/DJI_202602021556_008/DJI_20260202160708_0018_V.JPG,data/raw/HKUST/20260202_Thermal_HKUST/DCIM/DJI_202602021556_008/DJI_20260202160708_0018_T.JPG,paired,exact_base_name,0,no,
20260202_Thermal_HKUST/DCIM/DJI_202602021556_008::DJI_20260202160724_0019,20260202_Thermal_HKUST,HKUST,2026-02-02,DJI_202602021556_008,DJI_20260202160724_0019,0019,data/raw/HKUST/20260202_Thermal_HKUST/DCIM/DJI_202602021556_008/DJI_20260202160724_0019_V.JPG,data/raw/HKUST/20260202_Thermal_HKUST/DCIM/DJI_202602021556_008/DJI_20260202160724_0019_T.JPG,paired,exact_base_name,0,no,
20260202_Thermal_HKUST/DCIM/DJI_202602021556_008::DJI_20260202160838_0020,20260202_Thermal_HKUST,HKUST,2026-02-02,DJI_202602021556_008,DJI_20260202160838_0020,0020,data/raw/HKUST/20260202_Thermal_HKUST/DCIM/DJI_202602021556_008/DJI_20260202160838_0020_V.JPG,data/raw/HKUST/20260202_Thermal_HKUST/DCIM/DJI_202602021556_008/DJI_20260202160838_0020_T.JPG,paired,exact_base_name,0,no,
20260202_Thermal_HKUST/DCIM/DJI_202602021556_008::DJI_20260202160851_0021,20260202_Thermal_HKUST,HKUST,2026-02-02,DJI_202602021556_008,DJI_20260202160851_0021,0021,data/raw/HKUST/20260202_Thermal_HKUST/DCIM/DJI_202602021556_008/DJI_20260202160851_0021_V.JPG,data/raw/HKUST/20260202_Thermal_HKUST/DCIM/DJI_202602021556_008/DJI_20260202160851_0021_T.JPG,paired,exact_base_name,0,no,
20260202_Thermal_HKUST/DCIM/DJI_202602021556_008::DJI_20260202160919_0022,20260202_Thermal_HKUST,HKUST,2026-02-02,DJI_202602021556_008,DJI_20260202160919_0022,0022,data/raw/HKUST/20260202_Thermal_HKUST/DCIM/DJI_202602021556_008/DJI_20260202160919_0022_V.JPG,data/raw/HKUST/20260202_Thermal_HKUST/DCIM/DJI_202602021556_008/DJI_20260202160919_0022_T.JPG,paired,exact_base_name,0,no,
20260202_Thermal_HKUST/DCIM/DJI_202602021556_008::DJI_20260202160935_0023,20260202_Thermal_HKUST,HKUST,2026-02-02,DJI_202602021556_008,DJI_20260202160935_0023,0023,data/raw/HKUST/20260202_Thermal_HKUST/DCIM/DJI_202602021556_008/DJI_20260202160935_0023_V.JPG,data/raw/HKUST/20260202_Thermal_HKUST/DCIM/DJI_202602021556_008/DJI_20260202160935_0023_T.JPG,paired,exact_base_name,0,no,
20260202_Thermal_HKUST/DCIM/DJI_202602021556_008::DJI_20260202160951_0024,20260202_Thermal_HKUST,HKUST,2026-02-02,DJI_202602021556_008,DJI_20260202160951_0024,0024,data/raw/HKUST/20260202_Thermal_HKUST/DCIM/DJI_202602021556_008/DJI_20260202160951_0024_V.JPG,data/raw/HKUST/20260202_Thermal_HKUST/DCIM/DJI_202602021556_008/DJI_20260202160951_0024_T.JPG,paired,exact_base_name,0,no,
20260202_Thermal_HKUST/DCIM/DJI_202602021556_008::DJI_20260202161009_0025,20260202_Thermal_HKUST,HKUST,2026-02-02,DJI_202602021556_008,DJI_20260202161009_0025,0025,data/raw/HKUST/20260202_Thermal_HKUST/DCIM/DJI_202602021556_008/DJI_20260202161009_0025_V.JPG,data/raw/HKUST/20260202_Thermal_HKUST/DCIM/DJI_202602021556_008/DJI_20260202161009_0025_T.JPG,paired,exact_base_name,0,no,
20260202_Thermal_HKUST/DCIM/DJI_202602021556_008::DJI_20260202161050_0026,20260202_Thermal_HKUST,HKUST,2026-02-02,DJI_202602021556_008,DJI_20260202161050_0026,0026,data/raw/HKUST/20260202_Thermal_HKUST/DCIM/DJI_202602021556_008/DJI_20260202161050_0026_V.JPG,data/raw/HKUST/20260202_Thermal_HKUST/DCIM/DJI_202602021556_008/DJI_20260202161050_0026_T.JPG,paired,exact_base_name,0,no,
20260202_Thermal_HKUST/DCIM/DJI_202602021556_008::DJI_20260202161105_0027,20260202_Thermal_HKUST,HKUST,2026-02-02,DJI_202602021556_008,DJI_20260202161105_0027,0027,data/raw/HKUST/20260202_Thermal_HKUST/DCIM/DJI_202602021556_008/DJI_20260202161105_0027_V.JPG,data/raw/HKUST/20260202_Thermal_HKUST/DCIM/DJI_202602021556_008/DJI_20260202161105_0027_T.JPG,paired,exact_base_name,0,no,
20260202_Thermal_HKUST/DCIM/DJI_202602021556_008::DJI_20260202161123_0028,20260202_Thermal_HKUST,HKUST,2026-02-02,DJI_202602021556_008,DJI_20260202161123_0028,0028,data/raw/HKUST/20260202_Thermal_HKUST/DCIM/DJI_202602021556_008/DJI_20260202161123_0028_V.JPG,data/raw/HKUST/20260202_Thermal_HKUST/DCIM/DJI_202602021556_008/DJI_20260202161123_0028_T.JPG,paired,exact_base_name,0,no,
20260202_Thermal_HKUST/DCIM/DJI_202602021556_008::DJI_20260202161143_0029,20260202_Thermal_HKUST,HKUST,2026-02-02,DJI_202602021556_008,DJI_20260202161143_0029,0029,data/raw/HKUST/20260202_Thermal_HKUST/DCIM/DJI_202602021556_008/DJI_20260202161143_0029_V.JPG,data/raw/HKUST/20260202_Thermal_HKUST/DCIM/DJI_202602021556_008/DJI_20260202161143_0029_T.JPG,paired,exact_base_name,0,no,
20260202_Thermal_HKUST/DCIM/DJI_202602021556_008::sample_0030,20260202_Thermal_HKUST,HKUST,2026-02-02,DJI_202602021556_008,sample_0030,0030,data/raw/HKUST/20260202_Thermal_HKUST/DCIM/DJI_202602021556_008/DJI_20260202161159_0030_V.JPG,data/raw/HKUST/20260202_Thermal_HKUST/DCIM/DJI_202602021556_008/DJI_20260202161200_0030_T.JPG,paired,session_sample_number,1,no,fallback base names: V=DJI_20260202161159_0030; T=DJI_20260202161200_0030
20260202_Thermal_HKUST/DCIM/DJI_202602021556_008::DJI_20260202161228_0031,20260202_Thermal_HKUST,HKUST,2026-02-02,DJI_202602021556_008,DJI_20260202161228_0031,0031,data/raw/HKUST/20260202_Thermal_HKUST/DCIM/DJI_202602021556_008/DJI_20260202161228_0031_V.JPG,data/raw/HKUST/20260202_Thermal_HKUST/DCIM/DJI_202602021556_008/DJI_20260202161228_0031_T.JPG,paired,exact_base_name,0,no,
20260202_Thermal_HKUST/DCIM/DJI_202602021556_008::DJI_20260202161240_0032,20260202_Thermal_HKUST,HKUST,2026-02-02,DJI_202602021556_008,DJI_20260202161240_0032,0032,data/raw/HKUST/20260202_Thermal_HKUST/DCIM/DJI_202602021556_008/DJI_20260202161240_0032_V.JPG,data/raw/HKUST/20260202_Thermal_HKUST/DCIM/DJI_202602021556_008/DJI_20260202161240_0032_T.JPG,paired,exact_base_name,0,no,
20260202_Thermal_HKUST/DCIM/DJI_202602021556_008::DJI_20260202161255_0033,20260202_Thermal_HKUST,HKUST,2026-02-02,DJI_202602021556_008,DJI_20260202161255_0033,0033,data/raw/HKUST/20260202_Thermal_HKUST/DCIM/DJI_202602021556_008/DJI_20260202161255_0033_V.JPG,data/raw/HKUST/20260202_Thermal_HKUST/DCIM/DJI_202602021556_008/DJI_20260202161255_0033_T.JPG,paired,exact_base_name,0,no,
20260202_Thermal_HKUST/DCIM/DJI_202602021556_008::sample_0034,20260202_Thermal_HKUST,HKUST,2026-02-02,DJI_202602021556_008,sample_0034,0034,data/raw/HKUST/20260202_Thermal_HKUST/DCIM/DJI_202602021556_008/DJI_20260202161313_0034_V.JPG,data/raw/HKUST/20260202_Thermal_HKUST/DCIM/DJI_202602021556_008/DJI_20260202161314_0034_T.JPG,paired,session_sample_number,1,no,fallback base names: V=DJI_20260202161313_0034; T=DJI_20260202161314_0034
20260202_Thermal_HKUST/DCIM/DJI_202602021556_008::DJI_20260202161332_0035,20260202_Thermal_HKUST,HKUST,2026-02-02,DJI_202602021556_008,DJI_20260202161332_0035,0035,data/raw/HKUST/20260202_Thermal_HKUST/DCIM/DJI_202602021556_008/DJI_20260202161332_0035_V.JPG,data/raw/HKUST/20260202_Thermal_HKUST/DCIM/DJI_202602021556_008/DJI_20260202161332_0035_T.JPG,paired,exact_base_name,0,no,
20260202_Thermal_HKUST/DCIM/DJI_202602021556_008::DJI_20260202161413_0036,20260202_Thermal_HKUST,HKUST,2026-02-02,DJI_202602021556_008,DJI_20260202161413_0036,0036,data/raw/HKUST/20260202_Thermal_HKUST/DCIM/DJI_202602021556_008/DJI_20260202161413_0036_V.JPG,data/raw/HKUST/20260202_Thermal_HKUST/DCIM/DJI_202602021556_008/DJI_20260202161413_0036_T.JPG,paired,exact_base_name,0,no,
20260202_Thermal_HKUST/DCIM/DJI_202602021556_008::sample_0037,20260202_Thermal_HKUST,HKUST,2026-02-02,DJI_202602021556_008,sample_0037,0037,data/raw/HKUST/20260202_Thermal_HKUST/DCIM/DJI_202602021556_008/DJI_20260202161438_0037_V.JPG,data/raw/HKUST/20260202_Thermal_HKUST/DCIM/DJI_202602021556_008/DJI_20260202161439_0037_T.JPG,paired,session_sample_number,1,no,fallback base names: V=DJI_20260202161438_0037; T=DJI_20260202161439_0037
20260202_Thermal_HKUST/DCIM/DJI_202602021556_008::DJI_20260202161454_0038,20260202_Thermal_HKUST,HKUST,2026-02-02,DJI_202602021556_008,DJI_20260202161454_0038,0038,data/raw/HKUST/20260202_Thermal_HKUST/DCIM/DJI_202602021556_008/DJI_20260202161454_0038_V.JPG,data/raw/HKUST/20260202_Thermal_HKUST/DCIM/DJI_202602021556_008/DJI_20260202161454_0038_T.JPG,paired,exact_base_name,0,no,
20260202_Thermal_HKUST/DCIM/DJI_202602021556_008::sample_0039,20260202_Thermal_HKUST,HKUST,2026-02-02,DJI_202602021556_008,sample_0039,0039,data/raw/HKUST/20260202_Thermal_HKUST/DCIM/DJI_202602021556_008/DJI_20260202161516_0039_V.JPG,data/raw/HKUST/20260202_Thermal_HKUST/DCIM/DJI_202602021556_008/DJI_20260202161517_0039_T.JPG,paired,session_sample_number,1,no,fallback base names: V=DJI_20260202161516_0039; T=DJI_20260202161517_0039
20260202_Thermal_HKUST/DCIM/DJI_202602021556_008::DJI_20260202161532_0040,20260202_Thermal_HKUST,HKUST,2026-02-02,DJI_202602021556_008,DJI_20260202161532_0040,0040,data/raw/HKUST/20260202_Thermal_HKUST/DCIM/DJI_202602021556_008/DJI_20260202161532_0040_V.JPG,data/raw/HKUST/20260202_Thermal_HKUST/DCIM/DJI_202602021556_008/DJI_20260202161532_0040_T.JPG,paired,exact_base_name,0,no,
20260202_Thermal_HKUST/DCIM/DJI_202602021556_008::DJI_20260202161549_0041,20260202_Thermal_HKUST,HKUST,2026-02-02,DJI_202602021556_008,DJI_20260202161549_0041,0041,data/raw/HKUST/20260202_Thermal_HKUST/DCIM/DJI_202602021556_008/DJI_20260202161549_0041_V.JPG,data/raw/HKUST/20260202_Thermal_HKUST/DCIM/DJI_202602021556_008/DJI_20260202161549_0041_T.JPG,paired,exact_base_name,0,no,
20260202_Thermal_HKUST/DCIM/DJI_202602021556_008::DJI_20260202161611_0042,20260202_Thermal_HKUST,HKUST,2026-02-02,DJI_202602021556_008,DJI_20260202161611_0042,0042,data/raw/HKUST/20260202_Thermal_HKUST/DCIM/DJI_202602021556_008/DJI_20260202161611_0042_V.JPG,data/raw/HKUST/20260202_Thermal_HKUST/DCIM/DJI_202602021556_008/DJI_20260202161611_0042_T.JPG,paired,exact_base_name,0,no,
20260202_Thermal_HKUST/DCIM/DJI_202602021556_008::DJI_20260202161629_0043,20260202_Thermal_HKUST,HKUST,2026-02-02,DJI_202602021556_008,DJI_20260202161629_0043,0043,data/raw/HKUST/20260202_Thermal_HKUST/DCIM/DJI_202602021556_008/DJI_20260202161629_0043_V.JPG,data/raw/HKUST/20260202_Thermal_HKUST/DCIM/DJI_202602021556_008/DJI_20260202161629_0043_T.JPG,paired,exact_base_name,0,no,
20260202_Thermal_HKUST/DCIM/DJI_202602021556_008::DJI_20260202161643_0044,20260202_Thermal_HKUST,HKUST,2026-02-02,DJI_202602021556_008,DJI_20260202161643_0044,0044,data/raw/HKUST/20260202_Thermal_HKUST/DCIM/DJI_202602021556_008/DJI_20260202161643_0044_V.JPG,data/raw/HKUST/20260202_Thermal_HKUST/DCIM/DJI_202602021556_008/DJI_20260202161643_0044_T.JPG,paired,exact_base_name,0,no,
20260202_Thermal_HKUST/DCIM/DJI_202602021556_008::DJI_20260202161658_0045,20260202_Thermal_HKUST,HKUST,2026-02-02,DJI_202602021556_008,DJI_20260202161658_0045,0045,data/raw/HKUST/20260202_Thermal_HKUST/DCIM/DJI_202602021556_008/DJI_20260202161658_0045_V.JPG,data/raw/HKUST/20260202_Thermal_HKUST/DCIM/DJI_202602021556_008/DJI_20260202161658_0045_T.JPG,paired,exact_base_name,0,no,
20260202_Thermal_HKUST/DCIM/DJI_202602021556_008::DJI_20260202161712_0046,20260202_Thermal_HKUST,HKUST,2026-02-02,DJI_202602021556_008,DJI_20260202161712_0046,0046,data/raw/HKUST/20260202_Thermal_HKUST/DCIM/DJI_202602021556_008/DJI_20260202161712_0046_V.JPG,data/raw/HKUST/20260202_Thermal_HKUST/DCIM/DJI_202602021556_008/DJI_20260202161712_0046_T.JPG,paired,exact_base_name,0,no,
20260202_Thermal_HKUST/DCIM/DJI_202602021556_008::sample_0047,20260202_Thermal_HKUST,HKUST,2026-02-02,DJI_202602021556_008,sample_0047,0047,data/raw/HKUST/20260202_Thermal_HKUST/DCIM/DJI_202602021556_008/DJI_20260202161726_0047_V.JPG,data/raw/HKUST/20260202_Thermal_HKUST/DCIM/DJI_202602021556_008/DJI_20260202161727_0047_T.JPG,paired,session_sample_number,1,no,fallback base names: V=DJI_20260202161726_0047; T=DJI_20260202161727_0047
20260202_Thermal_HKUST/DCIM/DJI_202602021650_009::sample_0001,20260202_Thermal_HKUST,HKUST,2026-02-02,DJI_202602021650_009,sample_0001,0001,data/raw/HKUST/20260202_Thermal_HKUST/DCIM/DJI_202602021650_009/DJI_20260202165446_0001_V.JPG,data/raw/HKUST/20260202_Thermal_HKUST/DCIM/DJI_202602021650_009/DJI_20260202165447_0001_T.JPG,paired,session_sample_number,1,no,fallback base names: V=DJI_20260202165446_0001; T=DJI_20260202165447_0001
20260202_Thermal_HKUST/DCIM/DJI_202602021650_009::DJI_20260202165511_0003,20260202_Thermal_HKUST,HKUST,2026-02-02,DJI_202602021650_009,DJI_20260202165511_0003,0003,data/raw/HKUST/20260202_Thermal_HKUST/DCIM/DJI_202602021650_009/DJI_20260202165511_0003_V.JPG,data/raw/HKUST/20260202_Thermal_HKUST/DCIM/DJI_202602021650_009/DJI_20260202165511_0003_T.JPG,paired,exact_base_name,0,no,
20260202_Thermal_HKUST/DCIM/DJI_202602021650_009::sample_0004,20260202_Thermal_HKUST,HKUST,2026-02-02,DJI_202602021650_009,sample_0004,0004,data/raw/HKUST/20260202_Thermal_HKUST/DCIM/DJI_202602021650_009/DJI_20260202165527_0004_V.JPG,data/raw/HKUST/20260202_Thermal_HKUST/DCIM/DJI_202602021650_009/DJI_20260202165528_0004_T.JPG,paired,session_sample_number,1,no,fallback base names: V=DJI_20260202165527_0004; T=DJI_20260202165528_0004
20260202_Thermal_HKUST/DCIM/DJI_202602021650_009::DJI_20260202165544_0005,20260202_Thermal_HKUST,HKUST,2026-02-02,DJI_202602021650_009,DJI_20260202165544_0005,0005,data/raw/HKUST/20260202_Thermal_HKUST/DCIM/DJI_202602021650_009/DJI_20260202165544_0005_V.JPG,data/raw/HKUST/20260202_Thermal_HKUST/DCIM/DJI_202602021650_009/DJI_20260202165544_0005_T.JPG,paired,exact_base_name,0,no,
20260202_Thermal_HKUST/DCIM/DJI_202602021650_009::sample_0006,20260202_Thermal_HKUST,HKUST,2026-02-02,DJI_202602021650_009,sample_0006,0006,data/raw/HKUST/20260202_Thermal_HKUST/DCIM/DJI_202602021650_009/DJI_20260202165604_0006_V.JPG,data/raw/HKUST/20260202_Thermal_HKUST/DCIM/DJI_202602021650_009/DJI_20260202165605_0006_T.JPG,paired,session_sample_number,1,no,fallback base names: V=DJI_20260202165604_0006; T=DJI_20260202165605_0006
20260202_Thermal_HKUST/DCIM/DJI_202602021650_009::DJI_20260202165608_0007,20260202_Thermal_HKUST,HKUST,2026-02-02,DJI_202602021650_009,DJI_20260202165608_0007,0007,data/raw/HKUST/20260202_Thermal_HKUST/DCIM/DJI_202602021650_009/DJI_20260202165608_0007_V.JPG,data/raw/HKUST/20260202_Thermal_HKUST/DCIM/DJI_202602021650_009/DJI_20260202165608_0007_T.JPG,paired,exact_base_name,0,no,
20260202_Thermal_HKUST/DCIM/DJI_202602021650_009::DJI_20260202165609_0008,20260202_Thermal_HKUST,HKUST,2026-02-02,DJI_202602021650_009,DJI_20260202165609_0008,0008,data/raw/HKUST/20260202_Thermal_HKUST/DCIM/DJI_202602021650_009/DJI_20260202165609_0008_V.JPG,data/raw/HKUST/20260202_Thermal_HKUST/DCIM/DJI_202602021650_009/DJI_20260202165609_0008_T.JPG,paired,exact_base_name,0,no,
20260202_Thermal_HKUST/DCIM/DJI_202602021650_009::DJI_20260202165612_0009,20260202_Thermal_HKUST,HKUST,2026-02-02,DJI_202602021650_009,DJI_20260202165612_0009,0009,data/raw/HKUST/20260202_Thermal_HKUST/DCIM/DJI_202602021650_009/DJI_20260202165612_0009_V.JPG,data/raw/HKUST/20260202_Thermal_HKUST/DCIM/DJI_202602021650_009/DJI_20260202165612_0009_T.JPG,paired,exact_base_name,0,no,
20260202_Thermal_HKUST/DCIM/DJI_202602021650_009::DJI_20260202165708_0010,20260202_Thermal_HKUST,HKUST,2026-02-02,DJI_202602021650_009,DJI_20260202165708_0010,0010,data/raw/HKUST/20260202_Thermal_HKUST/DCIM/DJI_202602021650_009/DJI_20260202165708_0010_V.JPG,data/raw/HKUST/20260202_Thermal_HKUST/DCIM/DJI_202602021650_009/DJI_20260202165708_0010_T.JPG,paired,exact_base_name,0,no,
20260202_Thermal_HKUST/DCIM/DJI_202602021650_009::DJI_20260202165735_0011,20260202_Thermal_HKUST,HKUST,2026-02-02,DJI_202602021650_009,DJI_20260202165735_0011,0011,data/raw/HKUST/20260202_Thermal_HKUST/DCIM/DJI_202602021650_009/DJI_20260202165735_0011_V.JPG,data/raw/HKUST/20260202_Thermal_HKUST/DCIM/DJI_202602021650_009/DJI_20260202165735_0011_T.JPG,paired,exact_base_name,0,no,
20260202_Thermal_HKUST/DCIM/DJI_202602021650_009::DJI_20260202165737_0012,20260202_Thermal_HKUST,HKUST,2026-02-02,DJI_202602021650_009,DJI_20260202165737_0012,0012,data/raw/HKUST/20260202_Thermal_HKUST/DCIM/DJI_202602021650_009/DJI_20260202165737_0012_V.JPG,data/raw/HKUST/20260202_Thermal_HKUST/DCIM/DJI_202602021650_009/DJI_20260202165737_0012_T.JPG,paired,exact_base_name,0,no,
20260202_Thermal_HKUST/DCIM/DJI_202602021650_009::DJI_20260202165749_0013,20260202_Thermal_HKUST,HKUST,2026-02-02,DJI_202602021650_009,DJI_20260202165749_0013,0013,data/raw/HKUST/20260202_Thermal_HKUST/DCIM/DJI_202602021650_009/DJI_20260202165749_0013_V.JPG,data/raw/HKUST/20260202_Thermal_HKUST/DCIM/DJI_202602021650_009/DJI_20260202165749_0013_T.JPG,paired,exact_base_name,0,no,
20260202_Thermal_HKUST/DCIM/DJI_202602021650_009::DJI_20260202165802_0014,20260202_Thermal_HKUST,HKUST,2026-02-02,DJI_202602021650_009,DJI_20260202165802_0014,0014,data/raw/HKUST/20260202_Thermal_HKUST/DCIM/DJI_202602021650_009/DJI_20260202165802_0014_V.JPG,data/raw/HKUST/20260202_Thermal_HKUST/DCIM/DJI_202602021650_009/DJI_20260202165802_0014_T.JPG,paired,exact_base_name,0,no,
20260202_Thermal_HKUST/DCIM/DJI_202602021650_009::DJI_20260202165816_0015,20260202_Thermal_HKUST,HKUST,2026-02-02,DJI_202602021650_009,DJI_20260202165816_0015,0015,data/raw/HKUST/20260202_Thermal_HKUST/DCIM/DJI_202602021650_009/DJI_20260202165816_0015_V.JPG,data/raw/HKUST/20260202_Thermal_HKUST/DCIM/DJI_202602021650_009/DJI_20260202165816_0015_T.JPG,paired,exact_base_name,0,no,
20260202_Thermal_HKUST/DCIM/DJI_202602021650_009::DJI_20260202165829_0016,20260202_Thermal_HKUST,HKUST,2026-02-02,DJI_202602021650_009,DJI_20260202165829_0016,0016,data/raw/HKUST/20260202_Thermal_HKUST/DCIM/DJI_202602021650_009/DJI_20260202165829_0016_V.JPG,data/raw/HKUST/20260202_Thermal_HKUST/DCIM/DJI_202602021650_009/DJI_20260202165829_0016_T.JPG,paired,exact_base_name,0,no,
20260202_Thermal_HKUST/DCIM/DJI_202602021650_009::DJI_20260202165839_0017,20260202_Thermal_HKUST,HKUST,2026-02-02,DJI_202602021650_009,DJI_20260202165839_0017,0017,data/raw/HKUST/20260202_Thermal_HKUST/DCIM/DJI_202602021650_009/DJI_20260202165839_0017_V.JPG,data/raw/HKUST/20260202_Thermal_HKUST/DCIM/DJI_202602021650_009/DJI_20260202165839_0017_T.JPG,paired,exact_base_name,0,no,
20260202_Thermal_HKUST/DCIM/DJI_202602021650_009::DJI_20260202165844_0018,20260202_Thermal_HKUST,HKUST,2026-02-02,DJI_202602021650_009,DJI_20260202165844_0018,0018,data/raw/HKUST/20260202_Thermal_HKUST/DCIM/DJI_202602021650_009/DJI_20260202165844_0018_V.JPG,data/raw/HKUST/20260202_Thermal_HKUST/DCIM/DJI_202602021650_009/DJI_20260202165844_0018_T.JPG,paired,exact_base_name,0,no,
20260202_Thermal_HKUST/DCIM/DJI_202602021650_009::DJI_20260202165858_0019,20260202_Thermal_HKUST,HKUST,2026-02-02,DJI_202602021650_009,DJI_20260202165858_0019,0019,data/raw/HKUST/20260202_Thermal_HKUST/DCIM/DJI_202602021650_009/DJI_20260202165858_0019_V.JPG,data/raw/HKUST/20260202_Thermal_HKUST/DCIM/DJI_202602021650_009/DJI_20260202165858_0019_T.JPG,paired,exact_base_name,0,no,
20260202_Thermal_HKUST/DCIM/DJI_202602021650_009::DJI_20260202165920_0020,20260202_Thermal_HKUST,HKUST,2026-02-02,DJI_202602021650_009,DJI_20260202165920_0020,0020,data/raw/HKUST/20260202_Thermal_HKUST/DCIM/DJI_202602021650_009/DJI_20260202165920_0020_V.JPG,data/raw/HKUST/20260202_Thermal_HKUST/DCIM/DJI_202602021650_009/DJI_20260202165920_0020_T.JPG,paired,exact_base_name,0,no,
20260202_Thermal_HKUST/DCIM/DJI_202602021650_009::sample_0021,20260202_Thermal_HKUST,HKUST,2026-02-02,DJI_202602021650_009,sample_0021,0021,data/raw/HKUST/20260202_Thermal_HKUST/DCIM/DJI_202602021650_009/DJI_20260202165939_0021_V.JPG,data/raw/HKUST/20260202_Thermal_HKUST/DCIM/DJI_202602021650_009/DJI_20260202165940_0021_T.JPG,paired,session_sample_number,1,no,fallback base names: V=DJI_20260202165939_0021; T=DJI_20260202165940_0021
20260202_Thermal_HKUST/DCIM/DJI_202602021650_009::DJI_20260202165954_0022,20260202_Thermal_HKUST,HKUST,2026-02-02,DJI_202602021650_009,DJI_20260202165954_0022,0022,data/raw/HKUST/20260202_Thermal_HKUST/DCIM/DJI_202602021650_009/DJI_20260202165954_0022_V.JPG,data/raw/HKUST/20260202_Thermal_HKUST/DCIM/DJI_202602021650_009/DJI_20260202165954_0022_T.JPG,paired,exact_base_name,0,no,
20260202_Thermal_HKUST/DCIM/DJI_202602021650_009::DJI_20260202170006_0023,20260202_Thermal_HKUST,HKUST,2026-02-02,DJI_202602021650_009,DJI_20260202170006_0023,0023,data/raw/HKUST/20260202_Thermal_HKUST/DCIM/DJI_202602021650_009/DJI_20260202170006_0023_V.JPG,data/raw/HKUST/20260202_Thermal_HKUST/DCIM/DJI_202602021650_009/DJI_20260202170006_0023_T.JPG,paired,exact_base_name,0,no,
20260202_Thermal_HKUST/DCIM/DJI_202602021650_009::DJI_20260202170016_0024,20260202_Thermal_HKUST,HKUST,2026-02-02,DJI_202602021650_009,DJI_20260202170016_0024,0024,data/raw/HKUST/20260202_Thermal_HKUST/DCIM/DJI_202602021650_009/DJI_20260202170016_0024_V.JPG,data/raw/HKUST/20260202_Thermal_HKUST/DCIM/DJI_202602021650_009/DJI_20260202170016_0024_T.JPG,paired,exact_base_name,0,no,
20260202_Thermal_HKUST/DCIM/DJI_202602021650_009::sample_0025,20260202_Thermal_HKUST,HKUST,2026-02-02,DJI_202602021650_009,sample_0025,0025,data/raw/HKUST/20260202_Thermal_HKUST/DCIM/DJI_202602021650_009/DJI_20260202170033_0025_V.JPG,data/raw/HKUST/20260202_Thermal_HKUST/DCIM/DJI_202602021650_009/DJI_20260202170032_0025_T.JPG,paired,session_sample_number,1,no,fallback base names: V=DJI_20260202170033_0025; T=DJI_20260202170032_0025
20260202_Thermal_HKUST/DCIM/DJI_202602021650_009::DJI_20260202170034_0026,20260202_Thermal_HKUST,HKUST,2026-02-02,DJI_202602021650_009,DJI_20260202170034_0026,0026,data/raw/HKUST/20260202_Thermal_HKUST/DCIM/DJI_202602021650_009/DJI_20260202170034_0026_V.JPG,data/raw/HKUST/20260202_Thermal_HKUST/DCIM/DJI_202602021650_009/DJI_20260202170034_0026_T.JPG,paired,exact_base_name,0,no,
20260202_Thermal_HKUST/DCIM/DJI_202602021650_009::sample_0027,20260202_Thermal_HKUST,HKUST,2026-02-02,DJI_202602021650_009,sample_0027,0027,data/raw/HKUST/20260202_Thermal_HKUST/DCIM/DJI_202602021650_009/DJI_20260202170046_0027_V.JPG,data/raw/HKUST/20260202_Thermal_HKUST/DCIM/DJI_202602021650_009/DJI_20260202170047_0027_T.JPG,paired,session_sample_number,1,no,fallback base names: V=DJI_20260202170046_0027; T=DJI_20260202170047_0027
20260202_Thermal_HKUST/DCIM/DJI_202602021650_009::DJI_20260202170102_0028,20260202_Thermal_HKUST,HKUST,2026-02-02,DJI_202602021650_009,DJI_20260202170102_0028,0028,data/raw/HKUST/20260202_Thermal_HKUST/DCIM/DJI_202602021650_009/DJI_20260202170102_0028_V.JPG,data/raw/HKUST/20260202_Thermal_HKUST/DCIM/DJI_202602021650_009/DJI_20260202170102_0028_T.JPG,paired,exact_base_name,0,no,
20260202_Thermal_HKUST/DCIM/DJI_202602021650_009::DJI_20260202170119_0029,20260202_Thermal_HKUST,HKUST,2026-02-02,DJI_202602021650_009,DJI_20260202170119_0029,0029,data/raw/HKUST/20260202_Thermal_HKUST/DCIM/DJI_202602021650_009/DJI_20260202170119_0029_V.JPG,data/raw/HKUST/20260202_Thermal_HKUST/DCIM/DJI_202602021650_009/DJI_20260202170119_0029_T.JPG,paired,exact_base_name,0,no,
20260202_Thermal_HKUST/DCIM/DJI_202602021650_009::sample_0030,20260202_Thermal_HKUST,HKUST,2026-02-02,DJI_202602021650_009,sample_0030,0030,data/raw/HKUST/20260202_Thermal_HKUST/DCIM/DJI_202602021650_009/DJI_20260202170132_0030_V.JPG,data/raw/HKUST/20260202_Thermal_HKUST/DCIM/DJI_202602021650_009/DJI_20260202170133_0030_T.JPG,paired,session_sample_number,1,no,fallback base names: V=DJI_20260202170132_0030; T=DJI_20260202170133_0030
20260202_Thermal_HKUST/DCIM/DJI_202602021650_009::DJI_20260202170143_0031,20260202_Thermal_HKUST,HKUST,2026-02-02,DJI_202602021650_009,DJI_20260202170143_0031,0031,data/raw/HKUST/20260202_Thermal_HKUST/DCIM/DJI_202602021650_009/DJI_20260202170143_0031_V.JPG,data/raw/HKUST/20260202_Thermal_HKUST/DCIM/DJI_202602021650_009/DJI_20260202170143_0031_T.JPG,paired,exact_base_name,0,no,
20260202_Thermal_HKUST/DCIM/DJI_202602021650_009::sample_0032,20260202_Thermal_HKUST,HKUST,2026-02-02,DJI_202602021650_009,sample_0032,0032,data/raw/HKUST/20260202_Thermal_HKUST/DCIM/DJI_202602021650_009/DJI_20260202170156_0032_V.JPG,data/raw/HKUST/20260202_Thermal_HKUST/DCIM/DJI_202602021650_009/DJI_20260202170157_0032_T.JPG,paired,session_sample_number,1,no,fallback base names: V=DJI_20260202170156_0032; T=DJI_20260202170157_0032
20260202_Thermal_HKUST/DCIM/DJI_202602021650_009::DJI_20260202170217_0033,20260202_Thermal_HKUST,HKUST,2026-02-02,DJI_202602021650_009,DJI_20260202170217_0033,0033,data/raw/HKUST/20260202_Thermal_HKUST/DCIM/DJI_202602021650_009/DJI_20260202170217_0033_V.JPG,data/raw/HKUST/20260202_Thermal_HKUST/DCIM/DJI_202602021650_009/DJI_20260202170217_0033_T.JPG,paired,exact_base_name,0,no,
20260202_Thermal_HKUST/DCIM/DJI_202602021650_009::DJI_20260202170235_0034,20260202_Thermal_HKUST,HKUST,2026-02-02,DJI_202602021650_009,DJI_20260202170235_0034,0034,data/raw/HKUST/20260202_Thermal_HKUST/DCIM/DJI_202602021650_009/DJI_20260202170235_0034_V.JPG,data/raw/HKUST/20260202_Thermal_HKUST/DCIM/DJI_202602021650_009/DJI_20260202170235_0034_T.JPG,paired,exact_base_name,0,no,
20260202_Thermal_HKUST/DCIM/DJI_202602021650_009::DJI_20260202170247_0035,20260202_Thermal_HKUST,HKUST,2026-02-02,DJI_202602021650_009,DJI_20260202170247_0035,0035,data/raw/HKUST/20260202_Thermal_HKUST/DCIM/DJI_202602021650_009/DJI_20260202170247_0035_V.JPG,data/raw/HKUST/20260202_Thermal_HKUST/DCIM/DJI_202602021650_009/DJI_20260202170247_0035_T.JPG,paired,exact_base_name,0,no,
20260202_Thermal_HKUST/DCIM/DJI_202602021650_009::DJI_20260202170248_0036,20260202_Thermal_HKUST,HKUST,2026-02-02,DJI_202602021650_009,DJI_20260202170248_0036,0036,data/raw/HKUST/20260202_Thermal_HKUST/DCIM/DJI_202602021650_009/DJI_20260202170248_0036_V.JPG,data/raw/HKUST/20260202_Thermal_HKUST/DCIM/DJI_202602021650_009/DJI_20260202170248_0036_T.JPG,paired,exact_base_name,0,no,
20260202_Thermal_HKUST/DCIM/DJI_202602021650_009::DJI_20260202170300_0037,20260202_Thermal_HKUST,HKUST,2026-02-02,DJI_202602021650_009,DJI_20260202170300_0037,0037,data/raw/HKUST/20260202_Thermal_HKUST/DCIM/DJI_202602021650_009/DJI_20260202170300_0037_V.JPG,data/raw/HKUST/20260202_Thermal_HKUST/DCIM/DJI_202602021650_009/DJI_20260202170300_0037_T.JPG,paired,exact_base_name,0,no,
20260202_Thermal_HKUST/DCIM/DJI_202602021650_009::DJI_20260202170313_0038,20260202_Thermal_HKUST,HKUST,2026-02-02,DJI_202602021650_009,DJI_20260202170313_0038,0038,data/raw/HKUST/20260202_Thermal_HKUST/DCIM/DJI_202602021650_009/DJI_20260202170313_0038_V.JPG,data/raw/HKUST/20260202_Thermal_HKUST/DCIM/DJI_202602021650_009/DJI_20260202170313_0038_T.JPG,paired,exact_base_name,0,no,
20260202_Thermal_HKUST/DCIM/DJI_202602021650_009::DJI_20260202170323_0039,20260202_Thermal_HKUST,HKUST,2026-02-02,DJI_202602021650_009,DJI_20260202170323_0039,0039,data/raw/HKUST/20260202_Thermal_HKUST/DCIM/DJI_202602021650_009/DJI_20260202170323_0039_V.JPG,data/raw/HKUST/20260202_Thermal_HKUST/DCIM/DJI_202602021650_009/DJI_20260202170323_0039_T.JPG,paired,exact_base_name,0,no,
20260202_Thermal_HKUST/DCIM/DJI_202602021650_009::DJI_20260202170338_0040,20260202_Thermal_HKUST,HKUST,2026-02-02,DJI_202602021650_009,DJI_20260202170338_0040,0040,data/raw/HKUST/20260202_Thermal_HKUST/DCIM/DJI_202602021650_009/DJI_20260202170338_0040_V.JPG,data/raw/HKUST/20260202_Thermal_HKUST/DCIM/DJI_202602021650_009/DJI_20260202170338_0040_T.JPG,paired,exact_base_name,0,no,
20260202_Thermal_HKUST/DCIM/DJI_202602021650_009::DJI_20260202170355_0041,20260202_Thermal_HKUST,HKUST,2026-02-02,DJI_202602021650_009,DJI_20260202170355_0041,0041,data/raw/HKUST/20260202_Thermal_HKUST/DCIM/DJI_202602021650_009/DJI_20260202170355_0041_V.JPG,data/raw/HKUST/20260202_Thermal_HKUST/DCIM/DJI_202602021650_009/DJI_20260202170355_0041_T.JPG,paired,exact_base_name,0,no,
20260202_Thermal_HKUST/DCIM/DJI_202602021650_009::DJI_20260202170412_0042,20260202_Thermal_HKUST,HKUST,2026-02-02,DJI_202602021650_009,DJI_20260202170412_0042,0042,data/raw/HKUST/20260202_Thermal_HKUST/DCIM/DJI_202602021650_009/DJI_20260202170412_0042_V.JPG,data/raw/HKUST/20260202_Thermal_HKUST/DCIM/DJI_202602021650_009/DJI_20260202170412_0042_T.JPG,paired,exact_base_name,0,no,
20260202_Thermal_HKUST/DCIM/DJI_202602021650_009::DJI_20260202170413_0043,20260202_Thermal_HKUST,HKUST,2026-02-02,DJI_202602021650_009,DJI_20260202170413_0043,0043,data/raw/HKUST/20260202_Thermal_HKUST/DCIM/DJI_202602021650_009/DJI_20260202170413_0043_V.JPG,data/raw/HKUST/20260202_Thermal_HKUST/DCIM/DJI_202602021650_009/DJI_20260202170413_0043_T.JPG,paired,exact_base_name,0,no,
20260202_Thermal_HKUST/DCIM/DJI_202602021650_009::DJI_20260202170432_0044,20260202_Thermal_HKUST,HKUST,2026-02-02,DJI_202602021650_009,DJI_20260202170432_0044,0044,data/raw/HKUST/20260202_Thermal_HKUST/DCIM/DJI_202602021650_009/DJI_20260202170432_0044_V.JPG,data/raw/HKUST/20260202_Thermal_HKUST/DCIM/DJI_202602021650_009/DJI_20260202170432_0044_T.JPG,paired,exact_base_name,0,no,
20260202_Thermal_HKUST/DCIM/DJI_202602021650_009::sample_0045,20260202_Thermal_HKUST,HKUST,2026-02-02,DJI_202602021650_009,sample_0045,0045,data/raw/HKUST/20260202_Thermal_HKUST/DCIM/DJI_202602021650_009/DJI_20260202170452_0045_V.JPG,data/raw/HKUST/20260202_Thermal_HKUST/DCIM/DJI_202602021650_009/DJI_20260202170453_0045_T.JPG,paired,session_sample_number,1,no,fallback base names: V=DJI_20260202170452_0045; T=DJI_20260202170453_0045
20260202_Thermal_HKUST/DCIM/DJI_202602021650_009::sample_0046,20260202_Thermal_HKUST,HKUST,2026-02-02,DJI_202602021650_009,sample_0046,0046,data/raw/HKUST/20260202_Thermal_HKUST/DCIM/DJI_202602021650_009/DJI_20260202170457_0046_V.JPG,data/raw/HKUST/20260202_Thermal_HKUST/DCIM/DJI_202602021650_009/DJI_20260202170458_0046_T.JPG,paired,session_sample_number,1,no,fallback base names: V=DJI_20260202170457_0046; T=DJI_20260202170458_0046
20260202_Thermal_HKUST/DCIM/DJI_202602021650_009::DJI_20260202170517_0047,20260202_Thermal_HKUST,HKUST,2026-02-02,DJI_202602021650_009,DJI_20260202170517_0047,0047,data/raw/HKUST/20260202_Thermal_HKUST/DCIM/DJI_202602021650_009/DJI_20260202170517_0047_V.JPG,data/raw/HKUST/20260202_Thermal_HKUST/DCIM/DJI_202602021650_009/DJI_20260202170517_0047_T.JPG,paired,exact_base_name,0,no,
20260202_Thermal_HKUST/DCIM/DJI_202602021650_009::DJI_20260202170532_0048,20260202_Thermal_HKUST,HKUST,2026-02-02,DJI_202602021650_009,DJI_20260202170532_0048,0048,data/raw/HKUST/20260202_Thermal_HKUST/DCIM/DJI_202602021650_009/DJI_20260202170532_0048_V.JPG,data/raw/HKUST/20260202_Thermal_HKUST/DCIM/DJI_202602021650_009/DJI_20260202170532_0048_T.JPG,paired,exact_base_name,0,no,
20260202_Thermal_HKUST/DCIM/DJI_202602021650_009::DJI_20260202170551_0049,20260202_Thermal_HKUST,HKUST,2026-02-02,DJI_202602021650_009,DJI_20260202170551_0049,0049,data/raw/HKUST/20260202_Thermal_HKUST/DCIM/DJI_202602021650_009/DJI_20260202170551_0049_V.JPG,data/raw/HKUST/20260202_Thermal_HKUST/DCIM/DJI_202602021650_009/DJI_20260202170551_0049_T.JPG,paired,exact_base_name,0,no,
20260202_Thermal_HKUST/DCIM/DJI_202602021650_009::DJI_20260202170605_0050,20260202_Thermal_HKUST,HKUST,2026-02-02,DJI_202602021650_009,DJI_20260202170605_0050,0050,data/raw/HKUST/20260202_Thermal_HKUST/DCIM/DJI_202602021650_009/DJI_20260202170605_0050_V.JPG,data/raw/HKUST/20260202_Thermal_HKUST/DCIM/DJI_202602021650_009/DJI_20260202170605_0050_T.JPG,paired,exact_base_name,0,no,
20260202_Thermal_HKUST/DCIM/DJI_202602021650_009::DJI_20260202170622_0051,20260202_Thermal_HKUST,HKUST,2026-02-02,DJI_202602021650_009,DJI_20260202170622_0051,0051,data/raw/HKUST/20260202_Thermal_HKUST/DCIM/DJI_202602021650_009/DJI_20260202170622_0051_V.JPG,data/raw/HKUST/20260202_Thermal_HKUST/DCIM/DJI_202602021650_009/DJI_20260202170622_0051_T.JPG,paired,exact_base_name,0,no,
20260202_Thermal_HKUST/DCIM/DJI_202602021650_009::DJI_20260202170635_0052,20260202_Thermal_HKUST,HKUST,2026-02-02,DJI_202602021650_009,DJI_20260202170635_0052,0052,data/raw/HKUST/20260202_Thermal_HKUST/DCIM/DJI_202602021650_009/DJI_20260202170635_0052_V.JPG,data/raw/HKUST/20260202_Thermal_HKUST/DCIM/DJI_202602021650_009/DJI_20260202170635_0052_T.JPG,paired,exact_base_name,0,no,
20260202_Thermal_HKUST/DCIM/DJI_202602021650_009::sample_0053,20260202_Thermal_HKUST,HKUST,2026-02-02,DJI_202602021650_009,sample_0053,0053,data/raw/HKUST/20260202_Thermal_HKUST/DCIM/DJI_202602021650_009/DJI_20260202170649_0053_V.JPG,data/raw/HKUST/20260202_Thermal_HKUST/DCIM/DJI_202602021650_009/DJI_20260202170650_0053_T.JPG,paired,session_sample_number,1,no,fallback base names: V=DJI_20260202170649_0053; T=DJI_20260202170650_0053
20260202_Thermal_HKUST/DCIM/DJI_202602021650_009::DJI_20260202170653_0054,20260202_Thermal_HKUST,HKUST,2026-02-02,DJI_202602021650_009,DJI_20260202170653_0054,0054,data/raw/HKUST/20260202_Thermal_HKUST/DCIM/DJI_202602021650_009/DJI_20260202170653_0054_V.JPG,data/raw/HKUST/20260202_Thermal_HKUST/DCIM/DJI_202602021650_009/DJI_20260202170653_0054_T.JPG,paired,exact_base_name,0,no,
20260202_Thermal_HKUST/DCIM/DJI_202602021650_009::DJI_20260202170701_0055,20260202_Thermal_HKUST,HKUST,2026-02-02,DJI_202602021650_009,DJI_20260202170701_0055,0055,data/raw/HKUST/20260202_Thermal_HKUST/DCIM/DJI_202602021650_009/DJI_20260202170701_0055_V.JPG,data/raw/HKUST/20260202_Thermal_HKUST/DCIM/DJI_202602021650_009/DJI_20260202170701_0055_T.JPG,paired,exact_base_name,0,no,
20260202_Thermal_HKUST/DCIM/DJI_202602021650_009::DJI_20260202170714_0056,20260202_Thermal_HKUST,HKUST,2026-02-02,DJI_202602021650_009,DJI_20260202170714_0056,0056,data/raw/HKUST/20260202_Thermal_HKUST/DCIM/DJI_202602021650_009/DJI_20260202170714_0056_V.JPG,data/raw/HKUST/20260202_Thermal_HKUST/DCIM/DJI_202602021650_009/DJI_20260202170714_0056_T.JPG,paired,exact_base_name,0,no,
20260202_Thermal_HKUST/DCIM/DJI_202602021650_009::DJI_20260202170728_0057,20260202_Thermal_HKUST,HKUST,2026-02-02,DJI_202602021650_009,DJI_20260202170728_0057,0057,data/raw/HKUST/20260202_Thermal_HKUST/DCIM/DJI_202602021650_009/DJI_20260202170728_0057_V.JPG,data/raw/HKUST/20260202_Thermal_HKUST/DCIM/DJI_202602021650_009/DJI_20260202170728_0057_T.JPG,paired,exact_base_name,0,no,
20260202_Thermal_HKUST/DCIM/DJI_202602021650_009::DJI_20260202170741_0058,20260202_Thermal_HKUST,HKUST,2026-02-02,DJI_202602021650_009,DJI_20260202170741_0058,0058,data/raw/HKUST/20260202_Thermal_HKUST/DCIM/DJI_202602021650_009/DJI_20260202170741_0058_V.JPG,data/raw/HKUST/20260202_Thermal_HKUST/DCIM/DJI_202602021650_009/DJI_20260202170741_0058_T.JPG,paired,exact_base_name,0,no,
20260202_Thermal_HKUST/DCIM/DJI_202602021650_009::DJI_20260202170758_0059,20260202_Thermal_HKUST,HKUST,2026-02-02,DJI_202602021650_009,DJI_20260202170758_0059,0059,data/raw/HKUST/20260202_Thermal_HKUST/DCIM/DJI_202602021650_009/DJI_20260202170758_0059_V.JPG,data/raw/HKUST/20260202_Thermal_HKUST/DCIM/DJI_202602021650_009/DJI_20260202170758_0059_T.JPG,paired,exact_base_name,0,no,
20260202_Thermal_HKUST/DCIM/DJI_202602021650_009::DJI_20260202170813_0060,20260202_Thermal_HKUST,HKUST,2026-02-02,DJI_202602021650_009,DJI_20260202170813_0060,0060,data/raw/HKUST/20260202_Thermal_HKUST/DCIM/DJI_202602021650_009/DJI_20260202170813_0060_V.JPG,data/raw/HKUST/20260202_Thermal_HKUST/DCIM/DJI_202602021650_009/DJI_20260202170813_0060_T.JPG,paired,exact_base_name,0,no,
20260202_Thermal_HKUST/DCIM/DJI_202602021650_009::DJI_20260202170826_0061,20260202_Thermal_HKUST,HKUST,2026-02-02,DJI_202602021650_009,DJI_20260202170826_0061,0061,data/raw/HKUST/20260202_Thermal_HKUST/DCIM/DJI_202602021650_009/DJI_20260202170826_0061_V.JPG,data/raw/HKUST/20260202_Thermal_HKUST/DCIM/DJI_202602021650_009/DJI_20260202170826_0061_T.JPG,paired,exact_base_name,0,no,
20260202_Thermal_HKUST/DCIM/DJI_202602021650_009::DJI_20260202170838_0062,20260202_Thermal_HKUST,HKUST,2026-02-02,DJI_202602021650_009,DJI_20260202170838_0062,0062,data/raw/HKUST/20260202_Thermal_HKUST/DCIM/DJI_202602021650_009/DJI_20260202170838_0062_V.JPG,data/raw/HKUST/20260202_Thermal_HKUST/DCIM/DJI_202602021650_009/DJI_20260202170838_0062_T.JPG,paired,exact_base_name,0,no,
20260202_Thermal_HKUST/DCIM/DJI_202602021650_009::DJI_20260202170851_0063,20260202_Thermal_HKUST,HKUST,2026-02-02,DJI_202602021650_009,DJI_20260202170851_0063,0063,data/raw/HKUST/20260202_Thermal_HKUST/DCIM/DJI_202602021650_009/DJI_20260202170851_0063_V.JPG,data/raw/HKUST/20260202_Thermal_HKUST/DCIM/DJI_202602021650_009/DJI_20260202170851_0063_T.JPG,paired,exact_base_name,0,no,
20260202_Thermal_HKUST/DCIM/DJI_202602021650_009::DJI_20260202170903_0064,20260202_Thermal_HKUST,HKUST,2026-02-02,DJI_202602021650_009,DJI_20260202170903_0064,0064,data/raw/HKUST/20260202_Thermal_HKUST/DCIM/DJI_202602021650_009/DJI_20260202170903_0064_V.JPG,data/raw/HKUST/20260202_Thermal_HKUST/DCIM/DJI_202602021650_009/DJI_20260202170903_0064_T.JPG,paired,exact_base_name,0,no,
20260202_Thermal_HKUST/DCIM/DJI_202602021650_009::DJI_20260202170917_0065,20260202_Thermal_HKUST,HKUST,2026-02-02,DJI_202602021650_009,DJI_20260202170917_0065,0065,data/raw/HKUST/20260202_Thermal_HKUST/DCIM/DJI_202602021650_009/DJI_20260202170917_0065_V.JPG,data/raw/HKUST/20260202_Thermal_HKUST/DCIM/DJI_202602021650_009/DJI_20260202170917_0065_T.JPG,paired,exact_base_name,0,no,
20260202_Thermal_HKUST/DCIM/DJI_202602021650_009::sample_0066,20260202_Thermal_HKUST,HKUST,2026-02-02,DJI_202602021650_009,sample_0066,0066,data/raw/HKUST/20260202_Thermal_HKUST/DCIM/DJI_202602021650_009/DJI_20260202170925_0066_V.JPG,data/raw/HKUST/20260202_Thermal_HKUST/DCIM/DJI_202602021650_009/DJI_20260202170926_0066_T.JPG,paired,session_sample_number,1,no,fallback base names: V=DJI_20260202170925_0066; T=DJI_20260202170926_0066
20260202_Thermal_HKUST/DCIM/DJI_202602021650_009::DJI_20260202170937_0067,20260202_Thermal_HKUST,HKUST,2026-02-02,DJI_202602021650_009,DJI_20260202170937_0067,0067,data/raw/HKUST/20260202_Thermal_HKUST/DCIM/DJI_202602021650_009/DJI_20260202170937_0067_V.JPG,data/raw/HKUST/20260202_Thermal_HKUST/DCIM/DJI_202602021650_009/DJI_20260202170937_0067_T.JPG,paired,exact_base_name,0,no,
20260202_Thermal_HKUST/DCIM/DJI_202602021650_009::DJI_20260202170947_0068,20260202_Thermal_HKUST,HKUST,2026-02-02,DJI_202602021650_009,DJI_20260202170947_0068,0068,data/raw/HKUST/20260202_Thermal_HKUST/DCIM/DJI_202602021650_009/DJI_20260202170947_0068_V.JPG,data/raw/HKUST/20260202_Thermal_HKUST/DCIM/DJI_202602021650_009/DJI_20260202170947_0068_T.JPG,paired,exact_base_name,0,no,
20260202_Thermal_HKUST/DCIM/DJI_202602021650_009::DJI_20260202171001_0069,20260202_Thermal_HKUST,HKUST,2026-02-02,DJI_202602021650_009,DJI_20260202171001_0069,0069,data/raw/HKUST/20260202_Thermal_HKUST/DCIM/DJI_202602021650_009/DJI_20260202171001_0069_V.JPG,data/raw/HKUST/20260202_Thermal_HKUST/DCIM/DJI_202602021650_009/DJI_20260202171001_0069_T.JPG,paired,exact_base_name,0,no,
20260202_Thermal_HKUST/DCIM/DJI_202602021650_009::DJI_20260202171019_0070,20260202_Thermal_HKUST,HKUST,2026-02-02,DJI_202602021650_009,DJI_20260202171019_0070,0070,data/raw/HKUST/20260202_Thermal_HKUST/DCIM/DJI_202602021650_009/DJI_20260202171019_0070_V.JPG,data/raw/HKUST/20260202_Thermal_HKUST/DCIM/DJI_202602021650_009/DJI_20260202171019_0070_T.JPG,paired,exact_base_name,0,no,
20260202_Thermal_HKUST/DCIM/DJI_202602021650_009::sample_0071,20260202_Thermal_HKUST,HKUST,2026-02-02,DJI_202602021650_009,sample_0071,0071,data/raw/HKUST/20260202_Thermal_HKUST/DCIM/DJI_202602021650_009/DJI_20260202171028_0071_V.JPG,data/raw/HKUST/20260202_Thermal_HKUST/DCIM/DJI_202602021650_009/DJI_20260202171029_0071_T.JPG,paired,session_sample_number,1,no,fallback base names: V=DJI_20260202171028_0071; T=DJI_20260202171029_0071
20260202_Thermal_HKUST/DCIM/DJI_202602021650_009::DJI_20260202171055_0072,20260202_Thermal_HKUST,HKUST,2026-02-02,DJI_202602021650_009,DJI_20260202171055_0072,0072,data/raw/HKUST/20260202_Thermal_HKUST/DCIM/DJI_202602021650_009/DJI_20260202171055_0072_V.JPG,data/raw/HKUST/20260202_Thermal_HKUST/DCIM/DJI_202602021650_009/DJI_20260202171055_0072_T.JPG,paired,exact_base_name,0,no,
20260202_Thermal_HKUST/DCIM/DJI_202602021650_009::DJI_20260202171104_0073,20260202_Thermal_HKUST,HKUST,2026-02-02,DJI_202602021650_009,DJI_20260202171104_0073,0073,data/raw/HKUST/20260202_Thermal_HKUST/DCIM/DJI_202602021650_009/DJI_20260202171104_0073_V.JPG,data/raw/HKUST/20260202_Thermal_HKUST/DCIM/DJI_202602021650_009/DJI_20260202171104_0073_T.JPG,paired,exact_base_name,0,no,
20260202_Thermal_HKUST/DCIM/DJI_202602021650_009::DJI_20260202171105_0074,20260202_Thermal_HKUST,HKUST,2026-02-02,DJI_202602021650_009,DJI_20260202171105_0074,0074,data/raw/HKUST/20260202_Thermal_HKUST/DCIM/DJI_202602021650_009/DJI_20260202171105_0074_V.JPG,data/raw/HKUST/20260202_Thermal_HKUST/DCIM/DJI_202602021650_009/DJI_20260202171105_0074_T.JPG,paired,exact_base_name,0,no,
