grid_id,pair_id,visible_image_name,thermal_image_name,visible_image_path,thermal_image_path,target_image_type,base_image_path,base_image_width_px,base_image_height_px,metadata_file_used,camera_profile_used,footprint_parameter_source,focal_length_mm,focal_length_35mm,horizontal_fov_deg,vertical_fov_deg,sensor_width_mm,sensor_height_mm,sensor_source,relative_altitude_m,aperture_ignored,grid_row,grid_col,cell_min_x_2326,cell_max_x_2326,cell_min_y_2326,cell_max_y_2326,cell_center_x_2326,cell_center_y_2326,cell_center_lat,cell_center_lon,cell_width_m,cell_height_m,cell_area_m2,is_partial_edge_cell,dominant_luhk_code,dominant_luhk_name,dominant_ratio,second_luhk_code,second_luhk_name,second_ratio,landuse_quality_flag,notes,luhk_overlap_area_m2,luhk_raw_code_area_json
DJI_20260107143259_0005_T__thermal__r000_c000,20260107_Thermal_HKUST/DCIM/DJI_202601071424_001::DJI_20260107143259_0005,DJI_20260107143259_0005_V.JPG,DJI_20260107143259_0005_T.JPG,data/raw/hkust/20260107_Thermal_HKUST/DCIM/DJI_202601071424_001/DJI_20260107143259_0005_V.JPG,data/raw/hkust/20260107_Thermal_HKUST/DCIM/DJI_202601071424_001/DJI_20260107143259_0005_T.JPG,thermal,data/raw/hkust/20260107_Thermal_HKUST/DCIM/DJI_202601071424_001/DJI_20260107143259_0005_T.JPG,640,512,data/metadata/dji_image_metadata.csv,thermal_profile,EXIF/XMP focal length + focal_length_35mm-derived sensor size,12.0,52.0,35.99392244790114,29.13650161648791,7.79666547283578,6.237332378268624,derived from EXIF/XMP focal_length_35mm and target image aspect,399.28,True,0,0,845043.9326202362,845053.9326202362,822436.525865373,822444.0627047059,845048.9326202362,822440.2942850394,22.341017585325805,114.26211493929249,10.0,7.536839332897216,75.36839332897216,True,7,Woodland / shrubland / grassland / wetland,1.0,,,0.0,high_confidence,"Dominant LUHK land-use assigned by majority overlap between the pilot 10m grid cell and the LUHK 2024 10m raster. This step does not extract thermal temperatures, calculate delta-T, or run prediction. The current pilot stage is thermal-first: outputs are plotted on `_T.JPG` using thermal image geometry and `thermal_profile` assumptions when metadata does not provide FOV or sensor size. Visible `_V.JPG` overlays are deferred. The overlay remains an approximate first-pass visualization using the north-up rectangular footprint assumption.",75.36839332897216,"{""71"": 75.36839332897216}"
DJI_20260107143259_0005_T__thermal__r000_c001,20260107_Thermal_HKUST/DCIM/DJI_202601071424_001::DJI_20260107143259_0005,DJI_20260107143259_0005_V.JPG,DJI_20260107143259_0005_T.JPG,data/raw/hkust/20260107_Thermal_HKUST/DCIM/DJI_202601071424_001/DJI_20260107143259_0005_V.JPG,data/raw/hkust/20260107_Thermal_HKUST/DCIM/DJI_202601071424_001/DJI_20260107143259_0005_T.JPG,thermal,data/raw/hkust/20260107_Thermal_HKUST/DCIM/DJI_202601071424_001/DJI_20260107143259_0005_T.JPG,640,512,data/metadata/dji_image_metadata.csv,thermal_profile,EXIF/XMP focal length + focal_length_35mm-derived sensor size,12.0,52.0,35.99392244790114,29.13650161648791,7.79666547283578,6.237332378268624,derived from EXIF/XMP focal_length_35mm and target image aspect,399.28,True,0,1,845053.9326202362,845063.9326202362,822436.525865373,822444.0627047059,845058.9326202362,822440.2942850394,22.3410175341993,114.26221201383431,10.0,7.536839332897216,75.36839332897216,True,7,Woodland / shrubland / grassland / wetland,1.0,,,0.0,high_confidence,"Dominant LUHK land-use assigned by majority overlap between the pilot 10m grid cell and the LUHK 2024 10m raster. This step does not extract thermal temperatures, calculate delta-T, or run prediction. The current pilot stage is thermal-first: outputs are plotted on `_T.JPG` using thermal image geometry and `thermal_profile` assumptions when metadata does not provide FOV or sensor size. Visible `_V.JPG` overlays are deferred. The overlay remains an approximate first-pass visualization using the north-up rectangular footprint assumption.",75.36839332897216,"{""71"": 75.36839332897216}"
DJI_20260107143259_0005_T__thermal__r000_c002,20260107_Thermal_HKUST/DCIM/DJI_202601071424_001::DJI_20260107143259_0005,DJI_20260107143259_0005_V.JPG,DJI_20260107143259_0005_T.JPG,data/raw/hkust/20260107_Thermal_HKUST/DCIM/DJI_202601071424_001/DJI_20260107143259_0005_V.JPG,data/raw/hkust/20260107_Thermal_HKUST/DCIM/DJI_202601071424_001/DJI_20260107143259_0005_T.JPG,thermal,data/raw/hkust/20260107_Thermal_HKUST/DCIM/DJI_202601071424_001/DJI_20260107143259_0005_T.JPG,640,512,data/metadata/dji_image_metadata.csv,thermal_profile,EXIF/XMP focal length + focal_length_35mm-derived sensor size,12.0,52.0,35.99392244790114,29.13650161648791,7.79666547283578,6.237332378268624,derived from EXIF/XMP focal_length_35mm and target image aspect,399.28,True,0,2,845063.9326202362,845073.9326202362,822436.525865373,822444.0627047059,845068.9326202362,822440.2942850394,22.34101748301463,114.2623090883759,10.0,7.536839332897216,75.36839332897216,True,7,Woodland / shrubland / grassland / wetland,1.0,,,0.0,high_confidence,"Dominant LUHK land-use assigned by majority overlap between the pilot 10m grid cell and the LUHK 2024 10m raster. This step does not extract thermal temperatures, calculate delta-T, or run prediction. The current pilot stage is thermal-first: outputs are plotted on `_T.JPG` using thermal image geometry and `thermal_profile` assumptions when metadata does not provide FOV or sensor size. Visible `_V.JPG` overlays are deferred. The overlay remains an approximate first-pass visualization using the north-up rectangular footprint assumption.",75.36839332897216,"{""71"": 75.36839332897216}"
DJI_20260107143259_0005_T__thermal__r000_c003,20260107_Thermal_HKUST/DCIM/DJI_202601071424_001::DJI_20260107143259_0005,DJI_20260107143259_0005_V.JPG,DJI_20260107143259_0005_T.JPG,data/raw/hkust/20260107_Thermal_HKUST/DCIM/DJI_202601071424_001/DJI_20260107143259_0005_V.JPG,data/raw/hkust/20260107_Thermal_HKUST/DCIM/DJI_202601071424_001/DJI_20260107143259_0005_T.JPG,thermal,data/raw/hkust/20260107_Thermal_HKUST/DCIM/DJI_202601071424_001/DJI_20260107143259_0005_T.JPG,640,512,data/metadata/dji_image_metadata.csv,thermal_profile,EXIF/XMP focal length + focal_length_35mm-derived sensor size,12.0,52.0,35.99392244790114,29.13650161648791,7.79666547283578,6.237332378268624,derived from EXIF/XMP focal_length_35mm and target image aspect,399.28,True,0,3,845073.9326202362,845083.9326202362,822436.525865373,822444.0627047059,845078.9326202362,822440.2942850394,22.341017431771803,114.2624061629172,10.0,7.536839332897216,75.36839332897216,True,7,Woodland / shrubland / grassland / wetland,1.0,,,0.0,high_confidence,"Dominant LUHK land-use assigned by majority overlap between the pilot 10m grid cell and the LUHK 2024 10m raster. This step does not extract thermal temperatures, calculate delta-T, or run prediction. The current pilot stage is thermal-first: outputs are plotted on `_T.JPG` using thermal image geometry and `thermal_profile` assumptions when metadata does not provide FOV or sensor size. Visible `_V.JPG` overlays are deferred. The overlay remains an approximate first-pass visualization using the north-up rectangular footprint assumption.",75.36839332897216,"{""71"": 75.36839332897216}"
DJI_20260107143259_0005_T__thermal__r000_c004,20260107_Thermal_HKUST/DCIM/DJI_202601071424_001::DJI_20260107143259_0005,DJI_20260107143259_0005_V.JPG,DJI_20260107143259_0005_T.JPG,data/raw/hkust/20260107_Thermal_HKUST/DCIM/DJI_202601071424_001/DJI_20260107143259_0005_V.JPG,data/raw/hkust/20260107_Thermal_HKUST/DCIM/DJI_202601071424_001/DJI_20260107143259_0005_T.JPG,thermal,data/raw/hkust/20260107_Thermal_HKUST/DCIM/DJI_202601071424_001/DJI_20260107143259_0005_T.JPG,640,512,data/metadata/dji_image_metadata.csv,thermal_profile,EXIF/XMP focal length + focal_length_35mm-derived sensor size,12.0,52.0,35.99392244790114,29.13650161648791,7.79666547283578,6.237332378268624,derived from EXIF/XMP focal_length_35mm and target image aspect,399.28,True,0,4,845083.9326202362,845093.9326202362,822436.525865373,822444.0627047059,845088.9326202362,822440.2942850394,22.341017380470802,114.2625032374582,10.0,7.536839332897216,75.36839332897216,True,7,Woodland / shrubland / grassland / wetland,1.0,,,0.0,high_confidence,"Dominant LUHK land-use assigned by majority overlap between the pilot 10m grid cell and the LUHK 2024 10m raster. This step does not extract thermal temperatures, calculate delta-T, or run prediction. The current pilot stage is thermal-first: outputs are plotted on `_T.JPG` using thermal image geometry and `thermal_profile` assumptions when metadata does not provide FOV or sensor size. Visible `_V.JPG` overlays are deferred. The overlay remains an approximate first-pass visualization using the north-up rectangular footprint assumption.",75.36839332897216,"{""71"": 75.36839332897216}"
DJI_20260107143259_0005_T__thermal__r000_c005,20260107_Thermal_HKUST/DCIM/DJI_202601071424_001::DJI_20260107143259_0005,DJI_20260107143259_0005_V.JPG,DJI_20260107143259_0005_T.JPG,data/raw/hkust/20260107_Thermal_HKUST/DCIM/DJI_202601071424_001/DJI_20260107143259_0005_V.JPG,data/raw/hkust/20260107_Thermal_HKUST/DCIM/DJI_202601071424_001/DJI_20260107143259_0005_T.JPG,thermal,data/raw/hkust/20260107_Thermal_HKUST/DCIM/DJI_202601071424_001/DJI_20260107143259_0005_T.JPG,640,512,data/metadata/dji_image_metadata.csv,thermal_profile,EXIF/XMP focal length + focal_length_35mm-derived sensor size,12.0,52.0,35.99392244790114,29.13650161648791,7.79666547283578,6.237332378268624,derived from EXIF/XMP focal_length_35mm and target image aspect,399.28,True,0,5,845093.9326202362,845103.9326202362,822436.525865373,822444.0627047059,845098.9326202362,822440.2942850394,22.341017329111644,114.26260031199894,10.0,7.536839332897216,75.36839332897216,True,7,Woodland / shrubland / grassland / wetland,1.0,,,0.0,high_confidence,"Dominant LUHK land-use assigned by majority overlap between the pilot 10m grid cell and the LUHK 2024 10m raster. This step does not extract thermal temperatures, calculate delta-T, or run prediction. The current pilot stage is thermal-first: outputs are plotted on `_T.JPG` using thermal image geometry and `thermal_profile` assumptions when metadata does not provide FOV or sensor size. Visible `_V.JPG` overlays are deferred. The overlay remains an approximate first-pass visualization using the north-up rectangular footprint assumption.",75.36839332897216,"{""71"": 75.36839332897216}"
DJI_20260107143259_0005_T__thermal__r000_c006,20260107_Thermal_HKUST/DCIM/DJI_202601071424_001::DJI_20260107143259_0005,DJI_20260107143259_0005_V.JPG,DJI_20260107143259_0005_T.JPG,data/raw/hkust/20260107_Thermal_HKUST/DCIM/DJI_202601071424_001/DJI_20260107143259_0005_V.JPG,data/raw/hkust/20260107_Thermal_HKUST/DCIM/DJI_202601071424_001/DJI_20260107143259_0005_T.JPG,thermal,data/raw/hkust/20260107_Thermal_HKUST/DCIM/DJI_202601071424_001/DJI_20260107143259_0005_T.JPG,640,512,data/metadata/dji_image_metadata.csv,thermal_profile,EXIF/XMP focal length + focal_length_35mm-derived sensor size,12.0,52.0,35.99392244790114,29.13650161648791,7.79666547283578,6.237332378268624,derived from EXIF/XMP focal_length_35mm and target image aspect,399.28,True,0,6,845103.9326202362,845113.9326202362,822436.525865373,822444.0627047059,845108.9326202362,822440.2942850394,22.341017277694334,114.2626973865394,10.0,7.536839332897216,75.36839332897216,True,7,Woodland / shrubland / grassland / wetland,1.0,,,0.0,high_confidence,"Dominant LUHK land-use assigned by majority overlap between the pilot 10m grid cell and the LUHK 2024 10m raster. This step does not extract thermal temperatures, calculate delta-T, or run prediction. The current pilot stage is thermal-first: outputs are plotted on `_T.JPG` using thermal image geometry and `thermal_profile` assumptions when metadata does not provide FOV or sensor size. Visible `_V.JPG` overlays are deferred. The overlay remains an approximate first-pass visualization using the north-up rectangular footprint assumption.",75.36839332897216,"{""71"": 75.36839332897216}"
DJI_20260107143259_0005_T__thermal__r000_c007,20260107_Thermal_HKUST/DCIM/DJI_202601071424_001::DJI_20260107143259_0005,DJI_20260107143259_0005_V.JPG,DJI_20260107143259_0005_T.JPG,data/raw/hkust/20260107_Thermal_HKUST/DCIM/DJI_202601071424_001/DJI_20260107143259_0005_V.JPG,data/raw/hkust/20260107_Thermal_HKUST/DCIM/DJI_202601071424_001/DJI_20260107143259_0005_T.JPG,thermal,data/raw/hkust/20260107_Thermal_HKUST/DCIM/DJI_202601071424_001/DJI_20260107143259_0005_T.JPG,640,512,data/metadata/dji_image_metadata.csv,thermal_profile,EXIF/XMP focal length + focal_length_35mm-derived sensor size,12.0,52.0,35.99392244790114,29.13650161648791,7.79666547283578,6.237332378268624,derived from EXIF/XMP focal_length_35mm and target image aspect,399.28,True,0,7,845113.9326202362,845123.9326202362,822436.525865373,822444.0627047059,845118.9326202362,822440.2942850394,22.341017226218856,114.26279446107958,10.0,7.536839332897216,75.36839332897216,True,7,Woodland / shrubland / grassland / wetland,1.0,,,0.0,high_confidence,"Dominant LUHK land-use assigned by majority overlap between the pilot 10m grid cell and the LUHK 2024 10m raster. This step does not extract thermal temperatures, calculate delta-T, or run prediction. The current pilot stage is thermal-first: outputs are plotted on `_T.JPG` using thermal image geometry and `thermal_profile` assumptions when metadata does not provide FOV or sensor size. Visible `_V.JPG` overlays are deferred. The overlay remains an approximate first-pass visualization using the north-up rectangular footprint assumption.",75.36839332897216,"{""71"": 75.36839332897216}"
DJI_20260107143259_0005_T__thermal__r000_c008,20260107_Thermal_HKUST/DCIM/DJI_202601071424_001::DJI_20260107143259_0005,DJI_20260107143259_0005_V.JPG,DJI_20260107143259_0005_T.JPG,data/raw/hkust/20260107_Thermal_HKUST/DCIM/DJI_202601071424_001/DJI_20260107143259_0005_V.JPG,data/raw/hkust/20260107_Thermal_HKUST/DCIM/DJI_202601071424_001/DJI_20260107143259_0005_T.JPG,thermal,data/raw/hkust/20260107_Thermal_HKUST/DCIM/DJI_202601071424_001/DJI_20260107143259_0005_T.JPG,640,512,data/metadata/dji_image_metadata.csv,thermal_profile,EXIF/XMP focal length + focal_length_35mm-derived sensor size,12.0,52.0,35.99392244790114,29.13650161648791,7.79666547283578,6.237332378268624,derived from EXIF/XMP focal_length_35mm and target image aspect,399.28,True,0,8,845123.9326202362,845133.9326202362,822436.525865373,822444.0627047059,845128.9326202362,822440.2942850394,22.34101717468519,114.26289153561946,10.0,7.536839332897216,75.36839332897216,True,7,Woodland / shrubland / grassland / wetland,1.0,,,0.0,high_confidence,"Dominant LUHK land-use assigned by majority overlap between the pilot 10m grid cell and the LUHK 2024 10m raster. This step does not extract thermal temperatures, calculate delta-T, or run prediction. The current pilot stage is thermal-first: outputs are plotted on `_T.JPG` using thermal image geometry and `thermal_profile` assumptions when metadata does not provide FOV or sensor size. Visible `_V.JPG` overlays are deferred. The overlay remains an approximate first-pass visualization using the north-up rectangular footprint assumption.",75.36839332897216,"{""71"": 75.36839332897216}"
DJI_20260107143259_0005_T__thermal__r000_c009,20260107_Thermal_HKUST/DCIM/DJI_202601071424_001::DJI_20260107143259_0005,DJI_20260107143259_0005_V.JPG,DJI_20260107143259_0005_T.JPG,data/raw/hkust/20260107_Thermal_HKUST/DCIM/DJI_202601071424_001/DJI_20260107143259_0005_V.JPG,data/raw/hkust/20260107_Thermal_HKUST/DCIM/DJI_202601071424_001/DJI_20260107143259_0005_T.JPG,thermal,data/raw/hkust/20260107_Thermal_HKUST/DCIM/DJI_202601071424_001/DJI_20260107143259_0005_T.JPG,640,512,data/metadata/dji_image_metadata.csv,thermal_profile,EXIF/XMP focal length + focal_length_35mm-derived sensor size,12.0,52.0,35.99392244790114,29.13650161648791,7.79666547283578,6.237332378268624,derived from EXIF/XMP focal_length_35mm and target image aspect,399.28,True,0,9,845133.9326202362,845143.9326202362,822436.525865373,822444.0627047059,845138.9326202362,822440.2942850394,22.341017123093398,114.26298861015907,10.0,7.536839332897216,75.36839332897216,True,7,Woodland / shrubland / grassland / wetland,1.0,,,0.0,high_confidence,"Dominant LUHK land-use assigned by majority overlap between the pilot 10m grid cell and the LUHK 2024 10m raster. This step does not extract thermal temperatures, calculate delta-T, or run prediction. The current pilot stage is thermal-first: outputs are plotted on `_T.JPG` using thermal image geometry and `thermal_profile` assumptions when metadata does not provide FOV or sensor size. Visible `_V.JPG` overlays are deferred. The overlay remains an approximate first-pass visualization using the north-up rectangular footprint assumption.",75.36839332897216,"{""71"": 75.36839332897216}"
DJI_20260107143259_0005_T__thermal__r000_c010,20260107_Thermal_HKUST/DCIM/DJI_202601071424_001::DJI_20260107143259_0005,DJI_20260107143259_0005_V.JPG,DJI_20260107143259_0005_T.JPG,data/raw/hkust/20260107_Thermal_HKUST/DCIM/DJI_202601071424_001/DJI_20260107143259_0005_V.JPG,data/raw/hkust/20260107_Thermal_HKUST/DCIM/DJI_202601071424_001/DJI_20260107143259_0005_T.JPG,thermal,data/raw/hkust/20260107_Thermal_HKUST/DCIM/DJI_202601071424_001/DJI_20260107143259_0005_T.JPG,640,512,data/metadata/dji_image_metadata.csv,thermal_profile,EXIF/XMP focal length + focal_length_35mm-derived sensor size,12.0,52.0,35.99392244790114,29.13650161648791,7.79666547283578,6.237332378268624,derived from EXIF/XMP focal_length_35mm and target image aspect,399.28,True,0,10,845143.9326202362,845153.9326202362,822436.525865373,822444.0627047059,845148.9326202362,822440.2942850394,22.341017071443417,114.26308568469842,10.0,7.536839332897216,75.36839332897216,True,7,Woodland / shrubland / grassland / wetland,1.0,,,0.0,high_confidence,"Dominant LUHK land-use assigned by majority overlap between the pilot 10m grid cell and the LUHK 2024 10m raster. This step does not extract thermal temperatures, calculate delta-T, or run prediction. The current pilot stage is thermal-first: outputs are plotted on `_T.JPG` using thermal image geometry and `thermal_profile` assumptions when metadata does not provide FOV or sensor size. Visible `_V.JPG` overlays are deferred. The overlay remains an approximate first-pass visualization using the north-up rectangular footprint assumption.",75.36839332897216,"{""71"": 61.705941191480306, ""72"": 13.66245213749186}"
DJI_20260107143259_0005_T__thermal__r000_c011,20260107_Thermal_HKUST/DCIM/DJI_202601071424_001::DJI_20260107143259_0005,DJI_20260107143259_0005_V.JPG,DJI_20260107143259_0005_T.JPG,data/raw/hkust/20260107_Thermal_HKUST/DCIM/DJI_202601071424_001/DJI_20260107143259_0005_V.JPG,data/raw/hkust/20260107_Thermal_HKUST/DCIM/DJI_202601071424_001/DJI_20260107143259_0005_T.JPG,thermal,data/raw/hkust/20260107_Thermal_HKUST/DCIM/DJI_202601071424_001/DJI_20260107143259_0005_T.JPG,640,512,data/metadata/dji_image_metadata.csv,thermal_profile,EXIF/XMP focal length + focal_length_35mm-derived sensor size,12.0,52.0,35.99392244790114,29.13650161648791,7.79666547283578,6.237332378268624,derived from EXIF/XMP focal_length_35mm and target image aspect,399.28,True,0,11,845153.9326202362,845163.9326202362,822436.525865373,822444.0627047059,845158.9326202362,822440.2942850394,22.341017019735293,114.2631827592375,10.0,7.536839332897216,75.36839332897216,True,7,Woodland / shrubland / grassland / wetland,1.0,,,0.0,high_confidence,"Dominant LUHK land-use assigned by majority overlap between the pilot 10m grid cell and the LUHK 2024 10m raster. This step does not extract thermal temperatures, calculate delta-T, or run prediction. The current pilot stage is thermal-first: outputs are plotted on `_T.JPG` using thermal image geometry and `thermal_profile` assumptions when metadata does not provide FOV or sensor size. Visible `_V.JPG` overlays are deferred. The overlay remains an approximate first-pass visualization using the north-up rectangular footprint assumption.",75.36839332897216,"{""71"": 54.2894991961524, ""72"": 21.078894132819766}"
DJI_20260107143259_0005_T__thermal__r000_c012,20260107_Thermal_HKUST/DCIM/DJI_202601071424_001::DJI_20260107143259_0005,DJI_20260107143259_0005_V.JPG,DJI_20260107143259_0005_T.JPG,data/raw/hkust/20260107_Thermal_HKUST/DCIM/DJI_202601071424_001/DJI_20260107143259_0005_V.JPG,data/raw/hkust/20260107_Thermal_HKUST/DCIM/DJI_202601071424_001/DJI_20260107143259_0005_T.JPG,thermal,data/raw/hkust/20260107_Thermal_HKUST/DCIM/DJI_202601071424_001/DJI_20260107143259_0005_T.JPG,640,512,data/metadata/dji_image_metadata.csv,thermal_profile,EXIF/XMP focal length + focal_length_35mm-derived sensor size,12.0,52.0,35.99392244790114,29.13650161648791,7.79666547283578,6.237332378268624,derived from EXIF/XMP focal_length_35mm and target image aspect,399.28,True,0,12,845163.9326202362,845173.9326202362,822436.525865373,822444.0627047059,845168.9326202362,822440.2942850394,22.341016967969008,114.26327983377625,10.0,7.536839332897216,75.36839332897216,True,7,Woodland / shrubland / grassland / wetland,1.0,,,0.0,high_confidence,"Dominant LUHK land-use assigned by majority overlap between the pilot 10m grid cell and the LUHK 2024 10m raster. This step does not extract thermal temperatures, calculate delta-T, or run prediction. The current pilot stage is thermal-first: outputs are plotted on `_T.JPG` using thermal image geometry and `thermal_profile` assumptions when metadata does not provide FOV or sensor size. Visible `_V.JPG` overlays are deferred. The overlay remains an approximate first-pass visualization using the north-up rectangular footprint assumption.",75.36839332897216,"{""71"": 75.36839332897216}"
DJI_20260107143259_0005_T__thermal__r000_c013,20260107_Thermal_HKUST/DCIM/DJI_202601071424_001::DJI_20260107143259_0005,DJI_20260107143259_0005_V.JPG,DJI_20260107143259_0005_T.JPG,data/raw/hkust/20260107_Thermal_HKUST/DCIM/DJI_202601071424_001/DJI_20260107143259_0005_V.JPG,data/raw/hkust/20260107_Thermal_HKUST/DCIM/DJI_202601071424_001/DJI_20260107143259_0005_T.JPG,thermal,data/raw/hkust/20260107_Thermal_HKUST/DCIM/DJI_202601071424_001/DJI_20260107143259_0005_T.JPG,640,512,data/metadata/dji_image_metadata.csv,thermal_profile,EXIF/XMP focal length + focal_length_35mm-derived sensor size,12.0,52.0,35.99392244790114,29.13650161648791,7.79666547283578,6.237332378268624,derived from EXIF/XMP focal_length_35mm and target image aspect,399.28,True,0,13,845173.9326202362,845183.9326202362,822436.525865373,822444.0627047059,845178.9326202362,822440.2942850394,22.341016916144547,114.26337690831474,10.0,7.536839332897216,75.36839332897216,True,7,Woodland / shrubland / grassland / wetland,1.0,,,0.0,high_confidence,"Dominant LUHK land-use assigned by majority overlap between the pilot 10m grid cell and the LUHK 2024 10m raster. This step does not extract thermal temperatures, calculate delta-T, or run prediction. The current pilot stage is thermal-first: outputs are plotted on `_T.JPG` using thermal image geometry and `thermal_profile` assumptions when metadata does not provide FOV or sensor size. Visible `_V.JPG` overlays are deferred. The overlay remains an approximate first-pass visualization using the north-up rectangular footprint assumption.",75.36839332897216,"{""71"": 61.705941191480306, ""72"": 13.66245213749186}"
DJI_20260107143259_0005_T__thermal__r000_c014,20260107_Thermal_HKUST/DCIM/DJI_202601071424_001::DJI_20260107143259_0005,DJI_20260107143259_0005_V.JPG,DJI_20260107143259_0005_T.JPG,data/raw/hkust/20260107_Thermal_HKUST/DCIM/DJI_202601071424_001/DJI_20260107143259_0005_V.JPG,data/raw/hkust/20260107_Thermal_HKUST/DCIM/DJI_202601071424_001/DJI_20260107143259_0005_T.JPG,thermal,data/raw/hkust/20260107_Thermal_HKUST/DCIM/DJI_202601071424_001/DJI_20260107143259_0005_T.JPG,640,512,data/metadata/dji_image_metadata.csv,thermal_profile,EXIF/XMP focal length + focal_length_35mm-derived sensor size,12.0,52.0,35.99392244790114,29.13650161648791,7.79666547283578,6.237332378268624,derived from EXIF/XMP focal_length_35mm and target image aspect,399.28,True,0,14,845183.9326202362,845193.9326202362,822436.525865373,822444.0627047059,845188.9326202362,822440.2942850394,22.34101686426194,114.26347398285296,10.0,7.536839332897216,75.36839332897216,True,7,Woodland / shrubland / grassland / wetland,1.0,,,0.0,high_confidence,"Dominant LUHK land-use assigned by majority overlap between the pilot 10m grid cell and the LUHK 2024 10m raster. This step does not extract thermal temperatures, calculate delta-T, or run prediction. The current pilot stage is thermal-first: outputs are plotted on `_T.JPG` using thermal image geometry and `thermal_profile` assumptions when metadata does not provide FOV or sensor size. Visible `_V.JPG` overlays are deferred. The overlay remains an approximate first-pass visualization using the north-up rectangular footprint assumption.",75.36839332897216,"{""71"": 54.2894991961524, ""72"": 21.078894132819766}"
DJI_20260107143259_0005_T__thermal__r000_c015,20260107_Thermal_HKUST/DCIM/DJI_202601071424_001::DJI_20260107143259_0005,DJI_20260107143259_0005_V.JPG,DJI_20260107143259_0005_T.JPG,data/raw/hkust/20260107_Thermal_HKUST/DCIM/DJI_202601071424_001/DJI_20260107143259_0005_V.JPG,data/raw/hkust/20260107_Thermal_HKUST/DCIM/DJI_202601071424_001/DJI_20260107143259_0005_T.JPG,thermal,data/raw/hkust/20260107_Thermal_HKUST/DCIM/DJI_202601071424_001/DJI_20260107143259_0005_T.JPG,640,512,data/metadata/dji_image_metadata.csv,thermal_profile,EXIF/XMP focal length + focal_length_35mm-derived sensor size,12.0,52.0,35.99392244790114,29.13650161648791,7.79666547283578,6.237332378268624,derived from EXIF/XMP focal_length_35mm and target image aspect,399.28,True,0,15,845193.9326202362,845203.9326202362,822436.525865373,822444.0627047059,845198.9326202362,822440.2942850394,22.341016812321158,114.2635710573909,10.0,7.536839332897216,75.36839332897216,True,7,Woodland / shrubland / grassland / wetland,1.0,,,0.0,high_confidence,"Dominant LUHK land-use assigned by majority overlap between the pilot 10m grid cell and the LUHK 2024 10m raster. This step does not extract thermal temperatures, calculate delta-T, or run prediction. The current pilot stage is thermal-first: outputs are plotted on `_T.JPG` using thermal image geometry and `thermal_profile` assumptions when metadata does not provide FOV or sensor size. Visible `_V.JPG` overlays are deferred. The overlay remains an approximate first-pass visualization using the north-up rectangular footprint assumption.",75.36839332897216,"{""71"": 75.36839332897216}"
DJI_20260107143259_0005_T__thermal__r000_c016,20260107_Thermal_HKUST/DCIM/DJI_202601071424_001::DJI_20260107143259_0005,DJI_20260107143259_0005_V.JPG,DJI_20260107143259_0005_T.JPG,data/raw/hkust/20260107_Thermal_HKUST/DCIM/DJI_202601071424_001/DJI_20260107143259_0005_V.JPG,data/raw/hkust/20260107_Thermal_HKUST/DCIM/DJI_202601071424_001/DJI_20260107143259_0005_T.JPG,thermal,data/raw/hkust/20260107_Thermal_HKUST/DCIM/DJI_202601071424_001/DJI_20260107143259_0005_T.JPG,640,512,data/metadata/dji_image_metadata.csv,thermal_profile,EXIF/XMP focal length + focal_length_35mm-derived sensor size,12.0,52.0,35.99392244790114,29.13650161648791,7.79666547283578,6.237332378268624,derived from EXIF/XMP focal_length_35mm and target image aspect,399.28,True,0,16,845203.9326202362,845213.9326202362,822436.525865373,822444.0627047059,845208.9326202362,822440.2942850394,22.34101676032222,114.26366813192855,10.0,7.536839332897216,75.36839332897216,True,7,Woodland / shrubland / grassland / wetland,1.0,,,0.0,high_confidence,"Dominant LUHK land-use assigned by majority overlap between the pilot 10m grid cell and the LUHK 2024 10m raster. This step does not extract thermal temperatures, calculate delta-T, or run prediction. The current pilot stage is thermal-first: outputs are plotted on `_T.JPG` using thermal image geometry and `thermal_profile` assumptions when metadata does not provide FOV or sensor size. Visible `_V.JPG` overlays are deferred. The overlay remains an approximate first-pass visualization using the north-up rectangular footprint assumption.",75.36839332897216,"{""71"": 75.36839332897216}"
DJI_20260107143259_0005_T__thermal__r000_c017,20260107_Thermal_HKUST/DCIM/DJI_202601071424_001::DJI_20260107143259_0005,DJI_20260107143259_0005_V.JPG,DJI_20260107143259_0005_T.JPG,data/raw/hkust/20260107_Thermal_HKUST/DCIM/DJI_202601071424_001/DJI_20260107143259_0005_V.JPG,data/raw/hkust/20260107_Thermal_HKUST/DCIM/DJI_202601071424_001/DJI_20260107143259_0005_T.JPG,thermal,data/raw/hkust/20260107_Thermal_HKUST/DCIM/DJI_202601071424_001/DJI_20260107143259_0005_T.JPG,640,512,data/metadata/dji_image_metadata.csv,thermal_profile,EXIF/XMP focal length + focal_length_35mm-derived sensor size,12.0,52.0,35.99392244790114,29.13650161648791,7.79666547283578,6.237332378268624,derived from EXIF/XMP focal_length_35mm and target image aspect,399.28,True,0,17,845213.9326202362,845223.9326202362,822436.525865373,822444.0627047059,845218.9326202362,822440.2942850394,22.341016708265123,114.26376520646593,10.0,7.536839332897216,75.36839332897216,True,7,Woodland / shrubland / grassland / wetland,1.0,,,0.0,high_confidence,"Dominant LUHK land-use assigned by majority overlap between the pilot 10m grid cell and the LUHK 2024 10m raster. This step does not extract thermal temperatures, calculate delta-T, or run prediction. The current pilot stage is thermal-first: outputs are plotted on `_T.JPG` using thermal image geometry and `thermal_profile` assumptions when metadata does not provide FOV or sensor size. Visible `_V.JPG` overlays are deferred. The overlay remains an approximate first-pass visualization using the north-up rectangular footprint assumption.",75.36839332897216,"{""71"": 61.705941191480306, ""72"": 13.66245213749186}"
DJI_20260107143259_0005_T__thermal__r000_c018,20260107_Thermal_HKUST/DCIM/DJI_202601071424_001::DJI_20260107143259_0005,DJI_20260107143259_0005_V.JPG,DJI_20260107143259_0005_T.JPG,data/raw/hkust/20260107_Thermal_HKUST/DCIM/DJI_202601071424_001/DJI_20260107143259_0005_V.JPG,data/raw/hkust/20260107_Thermal_HKUST/DCIM/DJI_202601071424_001/DJI_20260107143259_0005_T.JPG,thermal,data/raw/hkust/20260107_Thermal_HKUST/DCIM/DJI_202601071424_001/DJI_20260107143259_0005_T.JPG,640,512,data/metadata/dji_image_metadata.csv,thermal_profile,EXIF/XMP focal length + focal_length_35mm-derived sensor size,12.0,52.0,35.99392244790114,29.13650161648791,7.79666547283578,6.237332378268624,derived from EXIF/XMP focal_length_35mm and target image aspect,399.28,True,0,18,845223.9326202362,845233.9326202362,822436.525865373,822444.0627047059,845228.9326202362,822440.2942850394,22.341016656149858,114.263862281003,10.0,7.536839332897216,75.36839332897216,True,7,Woodland / shrubland / grassland / wetland,1.0,,,0.0,high_confidence,"Dominant LUHK land-use assigned by majority overlap between the pilot 10m grid cell and the LUHK 2024 10m raster. This step does not extract thermal temperatures, calculate delta-T, or run prediction. The current pilot stage is thermal-first: outputs are plotted on `_T.JPG` using thermal image geometry and `thermal_profile` assumptions when metadata does not provide FOV or sensor size. Visible `_V.JPG` overlays are deferred. The overlay remains an approximate first-pass visualization using the north-up rectangular footprint assumption.",75.36839332897216,"{""71"": 24.64997231872991, ""72"": 50.71842101024226}"
DJI_20260107143259_0005_T__thermal__r000_c019,20260107_Thermal_HKUST/DCIM/DJI_202601071424_001::DJI_20260107143259_0005,DJI_20260107143259_0005_V.JPG,DJI_20260107143259_0005_T.JPG,data/raw/hkust/20260107_Thermal_HKUST/DCIM/DJI_202601071424_001/DJI_20260107143259_0005_V.JPG,data/raw/hkust/20260107_Thermal_HKUST/DCIM/DJI_202601071424_001/DJI_20260107143259_0005_T.JPG,thermal,data/raw/hkust/20260107_Thermal_HKUST/DCIM/DJI_202601071424_001/DJI_20260107143259_0005_T.JPG,640,512,data/metadata/dji_image_metadata.csv,thermal_profile,EXIF/XMP focal length + focal_length_35mm-derived sensor size,12.0,52.0,35.99392244790114,29.13650161648791,7.79666547283578,6.237332378268624,derived from EXIF/XMP focal_length_35mm and target image aspect,399.28,True,0,19,845233.9326202362,845243.9326202362,822436.525865373,822444.0627047059,845238.9326202362,822440.2942850394,22.341016603976428,114.26395935553981,10.0,7.536839332897216,75.36839332897216,True,7,Woodland / shrubland / grassland / wetland,1.0,,,0.0,high_confidence,"Dominant LUHK land-use assigned by majority overlap between the pilot 10m grid cell and the LUHK 2024 10m raster. This step does not extract thermal temperatures, calculate delta-T, or run prediction. The current pilot stage is thermal-first: outputs are plotted on `_T.JPG` using thermal image geometry and `thermal_profile` assumptions when metadata does not provide FOV or sensor size. Visible `_V.JPG` overlays are deferred. The overlay remains an approximate first-pass visualization using the north-up rectangular footprint assumption.",75.36839332897216,"{""72"": 75.36839332897216}"
DJI_20260107143259_0005_T__thermal__r000_c020,20260107_Thermal_HKUST/DCIM/DJI_202601071424_001::DJI_20260107143259_0005,DJI_20260107143259_0005_V.JPG,DJI_20260107143259_0005_T.JPG,data/raw/hkust/20260107_Thermal_HKUST/DCIM/DJI_202601071424_001/DJI_20260107143259_0005_V.JPG,data/raw/hkust/20260107_Thermal_HKUST/DCIM/DJI_202601071424_001/DJI_20260107143259_0005_T.JPG,thermal,data/raw/hkust/20260107_Thermal_HKUST/DCIM/DJI_202601071424_001/DJI_20260107143259_0005_T.JPG,640,512,data/metadata/dji_image_metadata.csv,thermal_profile,EXIF/XMP focal length + focal_length_35mm-derived sensor size,12.0,52.0,35.99392244790114,29.13650161648791,7.79666547283578,6.237332378268624,derived from EXIF/XMP focal_length_35mm and target image aspect,399.28,True,0,20,845243.9326202362,845253.9326202362,822436.525865373,822444.0627047059,845248.9326202362,822440.2942850394,22.341016551744854,114.26405643007634,10.0,7.536839332897216,75.36839332897216,True,7,Woodland / shrubland / grassland / wetland,1.0,,,0.0,high_confidence,"Dominant LUHK land-use assigned by majority overlap between the pilot 10m grid cell and the LUHK 2024 10m raster. This step does not extract thermal temperatures, calculate delta-T, or run prediction. The current pilot stage is thermal-first: outputs are plotted on `_T.JPG` using thermal image geometry and `thermal_profile` assumptions when metadata does not provide FOV or sensor size. Visible `_V.JPG` overlays are deferred. The overlay remains an approximate first-pass visualization using the north-up rectangular footprint assumption.",75.36839332897216,"{""72"": 75.36839332897216}"
DJI_20260107143259_0005_T__thermal__r000_c021,20260107_Thermal_HKUST/DCIM/DJI_202601071424_001::DJI_20260107143259_0005,DJI_20260107143259_0005_V.JPG,DJI_20260107143259_0005_T.JPG,data/raw/hkust/20260107_Thermal_HKUST/DCIM/DJI_202601071424_001/DJI_20260107143259_0005_V.JPG,data/raw/hkust/20260107_Thermal_HKUST/DCIM/DJI_202601071424_001/DJI_20260107143259_0005_T.JPG,thermal,data/raw/hkust/20260107_Thermal_HKUST/DCIM/DJI_202601071424_001/DJI_20260107143259_0005_T.JPG,640,512,data/metadata/dji_image_metadata.csv,thermal_profile,EXIF/XMP focal length + focal_length_35mm-derived sensor size,12.0,52.0,35.99392244790114,29.13650161648791,7.79666547283578,6.237332378268624,derived from EXIF/XMP focal_length_35mm and target image aspect,399.28,True,0,21,845253.9326202362,845263.9326202362,822436.525865373,822444.0627047059,845258.9326202362,822440.2942850394,22.341016499455097,114.26415350461255,10.0,7.536839332897216,75.36839332897216,True,7,Woodland / shrubland / grassland / wetland,1.0,,,0.0,high_confidence,"Dominant LUHK land-use assigned by majority overlap between the pilot 10m grid cell and the LUHK 2024 10m raster. This step does not extract thermal temperatures, calculate delta-T, or run prediction. The current pilot stage is thermal-first: outputs are plotted on `_T.JPG` using thermal image geometry and `thermal_profile` assumptions when metadata does not provide FOV or sensor size. Visible `_V.JPG` overlays are deferred. The overlay remains an approximate first-pass visualization using the north-up rectangular footprint assumption.",75.36839332897216,"{""71"": 13.66245213749186, ""72"": 61.705941191480306}"
DJI_20260107143259_0005_T__thermal__r000_c022,20260107_Thermal_HKUST/DCIM/DJI_202601071424_001::DJI_20260107143259_0005,DJI_20260107143259_0005_V.JPG,DJI_20260107143259_0005_T.JPG,data/raw/hkust/20260107_Thermal_HKUST/DCIM/DJI_202601071424_001/DJI_20260107143259_0005_V.JPG,data/raw/hkust/20260107_Thermal_HKUST/DCIM/DJI_202601071424_001/DJI_20260107143259_0005_T.JPG,thermal,data/raw/hkust/20260107_Thermal_HKUST/DCIM/DJI_202601071424_001/DJI_20260107143259_0005_T.JPG,640,512,data/metadata/dji_image_metadata.csv,thermal_profile,EXIF/XMP focal length + focal_length_35mm-derived sensor size,12.0,52.0,35.99392244790114,29.13650161648791,7.79666547283578,6.237332378268624,derived from EXIF/XMP focal_length_35mm and target image aspect,399.28,True,0,22,845263.9326202362,845273.9326202362,822436.525865373,822444.0627047059,845268.9326202362,822440.2942850394,22.341016447107183,114.26425057914851,10.0,7.536839332897216,75.36839332897216,True,7,Woodland / shrubland / grassland / wetland,1.0,,,0.0,high_confidence,"Dominant LUHK land-use assigned by majority overlap between the pilot 10m grid cell and the LUHK 2024 10m raster. This step does not extract thermal temperatures, calculate delta-T, or run prediction. The current pilot stage is thermal-first: outputs are plotted on `_T.JPG` using thermal image geometry and `thermal_profile` assumptions when metadata does not provide FOV or sensor size. Visible `_V.JPG` overlays are deferred. The overlay remains an approximate first-pass visualization using the north-up rectangular footprint assumption.",75.36839332897216,"{""71"": 50.71842101024226, ""72"": 24.64997231872991}"
DJI_20260107143259_0005_T__thermal__r000_c023,20260107_Thermal_HKUST/DCIM/DJI_202601071424_001::DJI_20260107143259_0005,DJI_20260107143259_0005_V.JPG,DJI_20260107143259_0005_T.JPG,data/raw/hkust/20260107_Thermal_HKUST/DCIM/DJI_202601071424_001/DJI_20260107143259_0005_V.JPG,data/raw/hkust/20260107_Thermal_HKUST/DCIM/DJI_202601071424_001/DJI_20260107143259_0005_T.JPG,thermal,data/raw/hkust/20260107_Thermal_HKUST/DCIM/DJI_202601071424_001/DJI_20260107143259_0005_T.JPG,640,512,data/metadata/dji_image_metadata.csv,thermal_profile,EXIF/XMP focal length + focal_length_35mm-derived sensor size,12.0,52.0,35.99392244790114,29.13650161648791,7.79666547283578,6.237332378268624,derived from EXIF/XMP focal_length_35mm and target image aspect,399.28,True,0,23,845273.9326202362,845283.9326202362,822436.525865373,822444.0627047059,845278.9326202362,822440.2942850394,22.341016394701104,114.26434765368417,10.0,7.536839332897216,75.36839332897216,True,7,Woodland / shrubland / grassland / wetland,1.0,,,0.0,high_confidence,"Dominant LUHK land-use assigned by majority overlap between the pilot 10m grid cell and the LUHK 2024 10m raster. This step does not extract thermal temperatures, calculate delta-T, or run prediction. The current pilot stage is thermal-first: outputs are plotted on `_T.JPG` using thermal image geometry and `thermal_profile` assumptions when metadata does not provide FOV or sensor size. Visible `_V.JPG` overlays are deferred. The overlay remains an approximate first-pass visualization using the north-up rectangular footprint assumption.",75.36839332897216,"{""71"": 75.36839332897216}"
DJI_20260107143259_0005_T__thermal__r000_c024,20260107_Thermal_HKUST/DCIM/DJI_202601071424_001::DJI_20260107143259_0005,DJI_20260107143259_0005_V.JPG,DJI_20260107143259_0005_T.JPG,data/raw/hkust/20260107_Thermal_HKUST/DCIM/DJI_202601071424_001/DJI_20260107143259_0005_V.JPG,data/raw/hkust/20260107_Thermal_HKUST/DCIM/DJI_202601071424_001/DJI_20260107143259_0005_T.JPG,thermal,data/raw/hkust/20260107_Thermal_HKUST/DCIM/DJI_202601071424_001/DJI_20260107143259_0005_T.JPG,640,512,data/metadata/dji_image_metadata.csv,thermal_profile,EXIF/XMP focal length + focal_length_35mm-derived sensor size,12.0,52.0,35.99392244790114,29.13650161648791,7.79666547283578,6.237332378268624,derived from EXIF/XMP focal_length_35mm and target image aspect,399.28,True,0,24,845283.9326202362,845293.9326202362,822436.525865373,822444.0627047059,845288.9326202362,822440.2942850394,22.341016342236866,114.26444472821956,10.0,7.536839332897216,75.36839332897216,True,7,Woodland / shrubland / grassland / wetland,1.0,,,0.0,high_confidence,"Dominant LUHK land-use assigned by majority overlap between the pilot 10m grid cell and the LUHK 2024 10m raster. This step does not extract thermal temperatures, calculate delta-T, or run prediction. The current pilot stage is thermal-first: outputs are plotted on `_T.JPG` using thermal image geometry and `thermal_profile` assumptions when metadata does not provide FOV or sensor size. Visible `_V.JPG` overlays are deferred. The overlay remains an approximate first-pass visualization using the north-up rectangular footprint assumption.",75.36839332897216,"{""71"": 59.39131858904154, ""72"": 15.977074739930629}"
DJI_20260107143259_0005_T__thermal__r000_c025,20260107_Thermal_HKUST/DCIM/DJI_202601071424_001::DJI_20260107143259_0005,DJI_20260107143259_0005_V.JPG,DJI_20260107143259_0005_T.JPG,data/raw/hkust/20260107_Thermal_HKUST/DCIM/DJI_202601071424_001/DJI_20260107143259_0005_V.JPG,data/raw/hkust/20260107_Thermal_HKUST/DCIM/DJI_202601071424_001/DJI_20260107143259_0005_T.JPG,thermal,data/raw/hkust/20260107_Thermal_HKUST/DCIM/DJI_202601071424_001/DJI_20260107143259_0005_T.JPG,640,512,data/metadata/dji_image_metadata.csv,thermal_profile,EXIF/XMP focal length + focal_length_35mm-derived sensor size,12.0,52.0,35.99392244790114,29.13650161648791,7.79666547283578,6.237332378268624,derived from EXIF/XMP focal_length_35mm and target image aspect,399.28,True,0,25,845293.9326202362,845303.3536694024,822436.525865373,822444.0627047059,845298.6431448193,822440.2942850394,22.341016291235686,114.26453899268552,9.421049166237935,7.536839332897216,71.0049339132606,True,7,Woodland / shrubland / grassland / wetland,1.0,,,0.0,high_confidence,"Dominant LUHK land-use assigned by majority overlap between the pilot 10m grid cell and the LUHK 2024 10m raster. This step does not extract thermal temperatures, calculate delta-T, or run prediction. The current pilot stage is thermal-first: outputs are plotted on `_T.JPG` using thermal image geometry and `thermal_profile` assumptions when metadata does not provide FOV or sensor size. Visible `_V.JPG` overlays are deferred. The overlay remains an approximate first-pass visualization using the north-up rectangular footprint assumption.",71.00493391326059,"{""71"": 32.72999313139027, ""72"": 38.27494078187032}"
DJI_20260107143259_0005_T__thermal__r001_c000,20260107_Thermal_HKUST/DCIM/DJI_202601071424_001::DJI_20260107143259_0005,DJI_20260107143259_0005_V.JPG,DJI_20260107143259_0005_T.JPG,data/raw/hkust/20260107_Thermal_HKUST/DCIM/DJI_202601071424_001/DJI_20260107143259_0005_V.JPG,data/raw/hkust/20260107_Thermal_HKUST/DCIM/DJI_202601071424_001/DJI_20260107143259_0005_T.JPG,thermal,data/raw/hkust/20260107_Thermal_HKUST/DCIM/DJI_202601071424_001/DJI_20260107143259_0005_T.JPG,640,512,data/metadata/dji_image_metadata.csv,thermal_profile,EXIF/XMP focal length + focal_length_35mm-derived sensor size,12.0,52.0,35.99392244790114,29.13650161648791,7.79666547283578,6.237332378268624,derived from EXIF/XMP focal_length_35mm and target image aspect,399.28,True,1,0,845043.9326202362,845053.9326202362,822426.525865373,822436.525865373,845048.9326202362,822431.525865373,22.340938401579006,114.26211489112978,10.0,10.0,100.0,False,7,Woodland / shrubland / grassland / wetland,1.0,,,0.0,high_confidence,"Dominant LUHK land-use assigned by majority overlap between the pilot 10m grid cell and the LUHK 2024 10m raster. This step does not extract thermal temperatures, calculate delta-T, or run prediction. The current pilot stage is thermal-first: outputs are plotted on `_T.JPG` using thermal image geometry and `thermal_profile` assumptions when metadata does not provide FOV or sensor size. Visible `_V.JPG` overlays are deferred. The overlay remains an approximate first-pass visualization using the north-up rectangular footprint assumption.",100.0,"{""71"": 100.0}"
DJI_20260107143259_0005_T__thermal__r001_c001,20260107_Thermal_HKUST/DCIM/DJI_202601071424_001::DJI_20260107143259_0005,DJI_20260107143259_0005_V.JPG,DJI_20260107143259_0005_T.JPG,data/raw/hkust/20260107_Thermal_HKUST/DCIM/DJI_202601071424_001/DJI_20260107143259_0005_V.JPG,data/raw/hkust/20260107_Thermal_HKUST/DCIM/DJI_202601071424_001/DJI_20260107143259_0005_T.JPG,thermal,data/raw/hkust/20260107_Thermal_HKUST/DCIM/DJI_202601071424_001/DJI_20260107143259_0005_T.JPG,640,512,data/metadata/dji_image_metadata.csv,thermal_profile,EXIF/XMP focal length + focal_length_35mm-derived sensor size,12.0,52.0,35.99392244790114,29.13650161648791,7.79666547283578,6.237332378268624,derived from EXIF/XMP focal_length_35mm and target image aspect,399.28,True,1,1,845053.9326202362,845063.9326202362,822426.525865373,822436.525865373,845058.9326202362,822431.525865373,22.340938350452696,114.26221196561681,10.0,10.0,100.0,False,7,Woodland / shrubland / grassland / wetland,1.0,,,0.0,high_confidence,"Dominant LUHK land-use assigned by majority overlap between the pilot 10m grid cell and the LUHK 2024 10m raster. This step does not extract thermal temperatures, calculate delta-T, or run prediction. The current pilot stage is thermal-first: outputs are plotted on `_T.JPG` using thermal image geometry and `thermal_profile` assumptions when metadata does not provide FOV or sensor size. Visible `_V.JPG` overlays are deferred. The overlay remains an approximate first-pass visualization using the north-up rectangular footprint assumption.",100.0,"{""71"": 100.0}"
DJI_20260107143259_0005_T__thermal__r001_c002,20260107_Thermal_HKUST/DCIM/DJI_202601071424_001::DJI_20260107143259_0005,DJI_20260107143259_0005_V.JPG,DJI_20260107143259_0005_T.JPG,data/raw/hkust/20260107_Thermal_HKUST/DCIM/DJI_202601071424_001/DJI_20260107143259_0005_V.JPG,data/raw/hkust/20260107_Thermal_HKUST/DCIM/DJI_202601071424_001/DJI_20260107143259_0005_T.JPG,thermal,data/raw/hkust/20260107_Thermal_HKUST/DCIM/DJI_202601071424_001/DJI_20260107143259_0005_T.JPG,640,512,data/metadata/dji_image_metadata.csv,thermal_profile,EXIF/XMP focal length + focal_length_35mm-derived sensor size,12.0,52.0,35.99392244790114,29.13650161648791,7.79666547283578,6.237332378268624,derived from EXIF/XMP focal_length_35mm and target image aspect,399.28,True,1,2,845063.9326202362,845073.9326202362,822426.525865373,822436.525865373,845068.9326202362,822431.525865373,22.340938299268217,114.26230904010355,10.0,10.0,100.0,False,7,Woodland / shrubland / grassland / wetland,1.0,,,0.0,high_confidence,"Dominant LUHK land-use assigned by majority overlap between the pilot 10m grid cell and the LUHK 2024 10m raster. This step does not extract thermal temperatures, calculate delta-T, or run prediction. The current pilot stage is thermal-first: outputs are plotted on `_T.JPG` using thermal image geometry and `thermal_profile` assumptions when metadata does not provide FOV or sensor size. Visible `_V.JPG` overlays are deferred. The overlay remains an approximate first-pass visualization using the north-up rectangular footprint assumption.",100.0,"{""71"": 100.0}"
DJI_20260107143259_0005_T__thermal__r001_c003,20260107_Thermal_HKUST/DCIM/DJI_202601071424_001::DJI_20260107143259_0005,DJI_20260107143259_0005_V.JPG,DJI_20260107143259_0005_T.JPG,data/raw/hkust/20260107_Thermal_HKUST/DCIM/DJI_202601071424_001/DJI_20260107143259_0005_V.JPG,data/raw/hkust/20260107_Thermal_HKUST/DCIM/DJI_202601071424_001/DJI_20260107143259_0005_T.JPG,thermal,data/raw/hkust/20260107_Thermal_HKUST/DCIM/DJI_202601071424_001/DJI_20260107143259_0005_T.JPG,640,512,data/metadata/dji_image_metadata.csv,thermal_profile,EXIF/XMP focal length + focal_length_35mm-derived sensor size,12.0,52.0,35.99392244790114,29.13650161648791,7.79666547283578,6.237332378268624,derived from EXIF/XMP focal_length_35mm and target image aspect,399.28,True,1,3,845073.9326202362,845083.9326202362,822426.525865373,822436.525865373,845078.9326202362,822431.525865373,22.34093824802559,114.26240611459004,10.0,10.0,100.0,False,7,Woodland / shrubland / grassland / wetland,1.0,,,0.0,high_confidence,"Dominant LUHK land-use assigned by majority overlap between the pilot 10m grid cell and the LUHK 2024 10m raster. This step does not extract thermal temperatures, calculate delta-T, or run prediction. The current pilot stage is thermal-first: outputs are plotted on `_T.JPG` using thermal image geometry and `thermal_profile` assumptions when metadata does not provide FOV or sensor size. Visible `_V.JPG` overlays are deferred. The overlay remains an approximate first-pass visualization using the north-up rectangular footprint assumption.",100.0,"{""71"": 100.0}"
DJI_20260107143259_0005_T__thermal__r001_c004,20260107_Thermal_HKUST/DCIM/DJI_202601071424_001::DJI_20260107143259_0005,DJI_20260107143259_0005_V.JPG,DJI_20260107143259_0005_T.JPG,data/raw/hkust/20260107_Thermal_HKUST/DCIM/DJI_202601071424_001/DJI_20260107143259_0005_V.JPG,data/raw/hkust/20260107_Thermal_HKUST/DCIM/DJI_202601071424_001/DJI_20260107143259_0005_T.JPG,thermal,data/raw/hkust/20260107_Thermal_HKUST/DCIM/DJI_202601071424_001/DJI_20260107143259_0005_T.JPG,640,512,data/metadata/dji_image_metadata.csv,thermal_profile,EXIF/XMP focal length + focal_length_35mm-derived sensor size,12.0,52.0,35.99392244790114,29.13650161648791,7.79666547283578,6.237332378268624,derived from EXIF/XMP focal_length_35mm and target image aspect,399.28,True,1,4,845083.9326202362,845093.9326202362,822426.525865373,822436.525865373,845088.9326202362,822431.525865373,22.340938196724796,114.26250318907623,10.0,10.0,100.0,False,7,Woodland / shrubland / grassland / wetland,1.0,,,0.0,high_confidence,"Dominant LUHK land-use assigned by majority overlap between the pilot 10m grid cell and the LUHK 2024 10m raster. This step does not extract thermal temperatures, calculate delta-T, or run prediction. The current pilot stage is thermal-first: outputs are plotted on `_T.JPG` using thermal image geometry and `thermal_profile` assumptions when metadata does not provide FOV or sensor size. Visible `_V.JPG` overlays are deferred. The overlay remains an approximate first-pass visualization using the north-up rectangular footprint assumption.",100.0,"{""71"": 100.0}"
DJI_20260107143259_0005_T__thermal__r001_c005,20260107_Thermal_HKUST/DCIM/DJI_202601071424_001::DJI_20260107143259_0005,DJI_20260107143259_0005_V.JPG,DJI_20260107143259_0005_T.JPG,data/raw/hkust/20260107_Thermal_HKUST/DCIM/DJI_202601071424_001/DJI_20260107143259_0005_V.JPG,data/raw/hkust/20260107_Thermal_HKUST/DCIM/DJI_202601071424_001/DJI_20260107143259_0005_T.JPG,thermal,data/raw/hkust/20260107_Thermal_HKUST/DCIM/DJI_202601071424_001/DJI_20260107143259_0005_T.JPG,640,512,data/metadata/dji_image_metadata.csv,thermal_profile,EXIF/XMP focal length + focal_length_35mm-derived sensor size,12.0,52.0,35.99392244790114,29.13650161648791,7.79666547283578,6.237332378268624,derived from EXIF/XMP focal_length_35mm and target image aspect,399.28,True,1,5,845093.9326202362,845103.9326202362,822426.525865373,822436.525865373,845098.9326202362,822431.525865373,22.34093814536583,114.26260026356215,10.0,10.0,100.0,False,7,Woodland / shrubland / grassland / wetland,1.0,,,0.0,high_confidence,"Dominant LUHK land-use assigned by majority overlap between the pilot 10m grid cell and the LUHK 2024 10m raster. This step does not extract thermal temperatures, calculate delta-T, or run prediction. The current pilot stage is thermal-first: outputs are plotted on `_T.JPG` using thermal image geometry and `thermal_profile` assumptions when metadata does not provide FOV or sensor size. Visible `_V.JPG` overlays are deferred. The overlay remains an approximate first-pass visualization using the north-up rectangular footprint assumption.",100.0,"{""71"": 100.0}"
DJI_20260107143259_0005_T__thermal__r001_c006,20260107_Thermal_HKUST/DCIM/DJI_202601071424_001::DJI_20260107143259_0005,DJI_20260107143259_0005_V.JPG,DJI_20260107143259_0005_T.JPG,data/raw/hkust/20260107_Thermal_HKUST/DCIM/DJI_202601071424_001/DJI_20260107143259_0005_V.JPG,data/raw/hkust/20260107_Thermal_HKUST/DCIM/DJI_202601071424_001/DJI_20260107143259_0005_T.JPG,thermal,data/raw/hkust/20260107_Thermal_HKUST/DCIM/DJI_202601071424_001/DJI_20260107143259_0005_T.JPG,640,512,data/metadata/dji_image_metadata.csv,thermal_profile,EXIF/XMP focal length + focal_length_35mm-derived sensor size,12.0,52.0,35.99392244790114,29.13650161648791,7.79666547283578,6.237332378268624,derived from EXIF/XMP focal_length_35mm and target image aspect,399.28,True,1,6,845103.9326202362,845113.9326202362,822426.525865373,822436.525865373,845108.9326202362,822431.525865373,22.34093809394871,114.26269733804777,10.0,10.0,100.0,False,7,Woodland / shrubland / grassland / wetland,1.0,,,0.0,high_confidence,"Dominant LUHK land-use assigned by majority overlap between the pilot 10m grid cell and the LUHK 2024 10m raster. This step does not extract thermal temperatures, calculate delta-T, or run prediction. The current pilot stage is thermal-first: outputs are plotted on `_T.JPG` using thermal image geometry and `thermal_profile` assumptions when metadata does not provide FOV or sensor size. Visible `_V.JPG` overlays are deferred. The overlay remains an approximate first-pass visualization using the north-up rectangular footprint assumption.",100.0,"{""71"": 100.0}"
DJI_20260107143259_0005_T__thermal__r001_c007,20260107_Thermal_HKUST/DCIM/DJI_202601071424_001::DJI_20260107143259_0005,DJI_20260107143259_0005_V.JPG,DJI_20260107143259_0005_T.JPG,data/raw/hkust/20260107_Thermal_HKUST/DCIM/DJI_202601071424_001/DJI_20260107143259_0005_V.JPG,data/raw/hkust/20260107_Thermal_HKUST/DCIM/DJI_202601071424_001/DJI_20260107143259_0005_T.JPG,thermal,data/raw/hkust/20260107_Thermal_HKUST/DCIM/DJI_202601071424_001/DJI_20260107143259_0005_T.JPG,640,512,data/metadata/dji_image_metadata.csv,thermal_profile,EXIF/XMP focal length + focal_length_35mm-derived sensor size,12.0,52.0,35.99392244790114,29.13650161648791,7.79666547283578,6.237332378268624,derived from EXIF/XMP focal_length_35mm and target image aspect,399.28,True,1,7,845113.9326202362,845123.9326202362,822426.525865373,822436.525865373,845118.9326202362,822431.525865373,22.340938042473425,114.26279441253313,10.0,10.0,100.0,False,7,Woodland / shrubland / grassland / wetland,1.0,,,0.0,high_confidence,"Dominant LUHK land-use assigned by majority overlap between the pilot 10m grid cell and the LUHK 2024 10m raster. This step does not extract thermal temperatures, calculate delta-T, or run prediction. The current pilot stage is thermal-first: outputs are plotted on `_T.JPG` using thermal image geometry and `thermal_profile` assumptions when metadata does not provide FOV or sensor size. Visible `_V.JPG` overlays are deferred. The overlay remains an approximate first-pass visualization using the north-up rectangular footprint assumption.",100.0,"{""71"": 86.33754786250815, ""72"": 13.66245213749186}"
DJI_20260107143259_0005_T__thermal__r001_c008,20260107_Thermal_HKUST/DCIM/DJI_202601071424_001::DJI_20260107143259_0005,DJI_20260107143259_0005_V.JPG,DJI_20260107143259_0005_T.JPG,data/raw/hkust/20260107_Thermal_HKUST/DCIM/DJI_202601071424_001/DJI_20260107143259_0005_V.JPG,data/raw/hkust/20260107_Thermal_HKUST/DCIM/DJI_202601071424_001/DJI_20260107143259_0005_T.JPG,thermal,data/raw/hkust/20260107_Thermal_HKUST/DCIM/DJI_202601071424_001/DJI_20260107143259_0005_T.JPG,640,512,data/metadata/dji_image_metadata.csv,thermal_profile,EXIF/XMP focal length + focal_length_35mm-derived sensor size,12.0,52.0,35.99392244790114,29.13650161648791,7.79666547283578,6.237332378268624,derived from EXIF/XMP focal_length_35mm and target image aspect,399.28,True,1,8,845123.9326202362,845133.9326202362,822426.525865373,822436.525865373,845128.9326202362,822431.525865373,22.340937990939985,114.2628914870182,10.0,10.0,100.0,False,7,Woodland / shrubland / grassland / wetland,1.0,,,0.0,high_confidence,"Dominant LUHK land-use assigned by majority overlap between the pilot 10m grid cell and the LUHK 2024 10m raster. This step does not extract thermal temperatures, calculate delta-T, or run prediction. The current pilot stage is thermal-first: outputs are plotted on `_T.JPG` using thermal image geometry and `thermal_profile` assumptions when metadata does not provide FOV or sensor size. Visible `_V.JPG` overlays are deferred. The overlay remains an approximate first-pass visualization using the north-up rectangular footprint assumption.",100.0,"{""71"": 65.25865372968838, ""72"": 34.741346270311624}"
DJI_20260107143259_0005_T__thermal__r001_c009,20260107_Thermal_HKUST/DCIM/DJI_202601071424_001::DJI_20260107143259_0005,DJI_20260107143259_0005_V.JPG,DJI_20260107143259_0005_T.JPG,data/raw/hkust/20260107_Thermal_HKUST/DCIM/DJI_202601071424_001/DJI_20260107143259_0005_V.JPG,data/raw/hkust/20260107_Thermal_HKUST/DCIM/DJI_202601071424_001/DJI_20260107143259_0005_T.JPG,thermal,data/raw/hkust/20260107_Thermal_HKUST/DCIM/DJI_202601071424_001/DJI_20260107143259_0005_T.JPG,640,512,data/metadata/dji_image_metadata.csv,thermal_profile,EXIF/XMP focal length + focal_length_35mm-derived sensor size,12.0,52.0,35.99392244790114,29.13650161648791,7.79666547283578,6.237332378268624,derived from EXIF/XMP focal_length_35mm and target image aspect,399.28,True,1,9,845133.9326202362,845143.9326202362,822426.525865373,822436.525865373,845138.9326202362,822431.525865373,22.340937939348372,114.26298856150301,10.0,10.0,100.0,False,7,Woodland / shrubland / grassland / wetland,1.0,,,0.0,high_confidence,"Dominant LUHK land-use assigned by majority overlap between the pilot 10m grid cell and the LUHK 2024 10m raster. This step does not extract thermal temperatures, calculate delta-T, or run prediction. The current pilot stage is thermal-first: outputs are plotted on `_T.JPG` using thermal image geometry and `thermal_profile` assumptions when metadata does not provide FOV or sensor size. Visible `_V.JPG` overlays are deferred. The overlay remains an approximate first-pass visualization using the north-up rectangular footprint assumption.",100.0,"{""71"": 65.25865372968838, ""72"": 34.741346270311624}"
DJI_20260107143259_0005_T__thermal__r001_c010,20260107_Thermal_HKUST/DCIM/DJI_202601071424_001::DJI_20260107143259_0005,DJI_20260107143259_0005_V.JPG,DJI_20260107143259_0005_T.JPG,data/raw/hkust/20260107_Thermal_HKUST/DCIM/DJI_202601071424_001/DJI_20260107143259_0005_V.JPG,data/raw/hkust/20260107_Thermal_HKUST/DCIM/DJI_202601071424_001/DJI_20260107143259_0005_T.JPG,thermal,data/raw/hkust/20260107_Thermal_HKUST/DCIM/DJI_202601071424_001/DJI_20260107143259_0005_T.JPG,640,512,data/metadata/dji_image_metadata.csv,thermal_profile,EXIF/XMP focal length + focal_length_35mm-derived sensor size,12.0,52.0,35.99392244790114,29.13650161648791,7.79666547283578,6.237332378268624,derived from EXIF/XMP focal_length_35mm and target image aspect,399.28,True,1,10,845143.9326202362,845153.9326202362,822426.525865373,822436.525865373,845148.9326202362,822431.525865373,22.340937887698605,114.26308563598752,10.0,10.0,100.0,False,7,Woodland / shrubland / grassland / wetland,1.0,,,0.0,high_confidence,"Dominant LUHK land-use assigned by majority overlap between the pilot 10m grid cell and the LUHK 2024 10m raster. This step does not extract thermal temperatures, calculate delta-T, or run prediction. The current pilot stage is thermal-first: outputs are plotted on `_T.JPG` using thermal image geometry and `thermal_profile` assumptions when metadata does not provide FOV or sensor size. Visible `_V.JPG` overlays are deferred. The overlay remains an approximate first-pass visualization using the north-up rectangular footprint assumption.",100.0,"{""71"": 39.59490350533576, ""72"": 60.40509649466425}"
DJI_20260107143259_0005_T__thermal__r001_c011,20260107_Thermal_HKUST/DCIM/DJI_202601071424_001::DJI_20260107143259_0005,DJI_20260107143259_0005_V.JPG,DJI_20260107143259_0005_T.JPG,data/raw/hkust/20260107_Thermal_HKUST/DCIM/DJI_202601071424_001/DJI_20260107143259_0005_V.JPG,data/raw/hkust/20260107_Thermal_HKUST/DCIM/DJI_202601071424_001/DJI_20260107143259_0005_T.JPG,thermal,data/raw/hkust/20260107_Thermal_HKUST/DCIM/DJI_202601071424_001/DJI_20260107143259_0005_T.JPG,640,512,data/metadata/dji_image_metadata.csv,thermal_profile,EXIF/XMP focal length + focal_length_35mm-derived sensor size,12.0,52.0,35.99392244790114,29.13650161648791,7.79666547283578,6.237332378268624,derived from EXIF/XMP focal_length_35mm and target image aspect,399.28,True,1,11,845153.9326202362,845163.9326202362,822426.525865373,822436.525865373,845158.9326202362,822431.525865373,22.340937835990676,114.26318271047175,10.0,10.0,100.0,False,7,Woodland / shrubland / grassland / wetland,1.0,,,0.0,high_confidence,"Dominant LUHK land-use assigned by majority overlap between the pilot 10m grid cell and the LUHK 2024 10m raster. This step does not extract thermal temperatures, calculate delta-T, or run prediction. The current pilot stage is thermal-first: outputs are plotted on `_T.JPG` using thermal image geometry and `thermal_profile` assumptions when metadata does not provide FOV or sensor size. Visible `_V.JPG` overlays are deferred. The overlay remains an approximate first-pass visualization using the north-up rectangular footprint assumption.",100.0,"{""71"": 25.663750224352622, ""72"": 74.33624977564737}"
DJI_20260107143259_0005_T__thermal__r001_c012,20260107_Thermal_HKUST/DCIM/DJI_202601071424_001::DJI_20260107143259_0005,DJI_20260107143259_0005_V.JPG,DJI_20260107143259_0005_T.JPG,data/raw/hkust/20260107_Thermal_HKUST/DCIM/DJI_202601071424_001/DJI_20260107143259_0005_V.JPG,data/raw/hkust/20260107_Thermal_HKUST/DCIM/DJI_202601071424_001/DJI_20260107143259_0005_T.JPG,thermal,data/raw/hkust/20260107_Thermal_HKUST/DCIM/DJI_202601071424_001/DJI_20260107143259_0005_T.JPG,640,512,data/metadata/dji_image_metadata.csv,thermal_profile,EXIF/XMP focal length + focal_length_35mm-derived sensor size,12.0,52.0,35.99392244790114,29.13650161648791,7.79666547283578,6.237332378268624,derived from EXIF/XMP focal_length_35mm and target image aspect,399.28,True,1,12,845163.9326202362,845173.9326202362,822426.525865373,822436.525865373,845168.9326202362,822431.525865373,22.34093778422457,114.26327978495571,10.0,10.0,100.0,False,7,Woodland / shrubland / grassland / wetland,1.0,,,0.0,high_confidence,"Dominant LUHK land-use assigned by majority overlap between the pilot 10m grid cell and the LUHK 2024 10m raster. This step does not extract thermal temperatures, calculate delta-T, or run prediction. The current pilot stage is thermal-first: outputs are plotted on `_T.JPG` using thermal image geometry and `thermal_profile` assumptions when metadata does not provide FOV or sensor size. Visible `_V.JPG` overlays are deferred. The overlay remains an approximate first-pass visualization using the north-up rectangular footprint assumption.",100.0,"{""71"": 78.92110586718023, ""72"": 21.078894132819766}"
DJI_20260107143259_0005_T__thermal__r001_c013,20260107_Thermal_HKUST/DCIM/DJI_202601071424_001::DJI_20260107143259_0005,DJI_20260107143259_0005_V.JPG,DJI_20260107143259_0005_T.JPG,data/raw/hkust/20260107_Thermal_HKUST/DCIM/DJI_202601071424_001/DJI_20260107143259_0005_V.JPG,data/raw/hkust/20260107_Thermal_HKUST/DCIM/DJI_202601071424_001/DJI_20260107143259_0005_T.JPG,thermal,data/raw/hkust/20260107_Thermal_HKUST/DCIM/DJI_202601071424_001/DJI_20260107143259_0005_T.JPG,640,512,data/metadata/dji_image_metadata.csv,thermal_profile,EXIF/XMP focal length + focal_length_35mm-derived sensor size,12.0,52.0,35.99392244790114,29.13650161648791,7.79666547283578,6.237332378268624,derived from EXIF/XMP focal_length_35mm and target image aspect,399.28,True,1,13,845173.9326202362,845183.9326202362,822426.525865373,822436.525865373,845178.9326202362,822431.525865373,22.340937732400324,114.26337685943939,10.0,10.0,100.0,False,7,Woodland / shrubland / grassland / wetland,1.0,,,0.0,high_confidence,"Dominant LUHK land-use assigned by majority overlap between the pilot 10m grid cell and the LUHK 2024 10m raster. This step does not extract thermal temperatures, calculate delta-T, or run prediction. The current pilot stage is thermal-first: outputs are plotted on `_T.JPG` using thermal image geometry and `thermal_profile` assumptions when metadata does not provide FOV or sensor size. Visible `_V.JPG` overlays are deferred. The overlay remains an approximate first-pass visualization using the north-up rectangular footprint assumption.",100.0,"{""71"": 74.33624977564737, ""72"": 25.663750224352622}"
DJI_20260107143259_0005_T__thermal__r001_c014,20260107_Thermal_HKUST/DCIM/DJI_202601071424_001::DJI_20260107143259_0005,DJI_20260107143259_0005_V.JPG,DJI_20260107143259_0005_T.JPG,data/raw/hkust/20260107_Thermal_HKUST/DCIM/DJI_202601071424_001/DJI_20260107143259_0005_V.JPG,data/raw/hkust/20260107_Thermal_HKUST/DCIM/DJI_202601071424_001/DJI_20260107143259_0005_T.JPG,thermal,data/raw/hkust/20260107_Thermal_HKUST/DCIM/DJI_202601071424_001/DJI_20260107143259_0005_T.JPG,640,512,data/metadata/dji_image_metadata.csv,thermal_profile,EXIF/XMP focal length + focal_length_35mm-derived sensor size,12.0,52.0,35.99392244790114,29.13650161648791,7.79666547283578,6.237332378268624,derived from EXIF/XMP focal_length_35mm and target image aspect,399.28,True,1,14,845183.9326202362,845193.9326202362,822426.525865373,822436.525865373,845188.9326202362,822431.525865373,22.340937680517918,114.26347393392278,10.0,10.0,100.0,False,7,Woodland / shrubland / grassland / wetland,0.8633754786250815,3.0,GIC / open space,0.1366245213749186,high_confidence,"Dominant LUHK land-use assigned by majority overlap between the pilot 10m grid cell and the LUHK 2024 10m raster. This step does not extract thermal temperatures, calculate delta-T, or run prediction. The current pilot stage is thermal-first: outputs are plotted on `_T.JPG` using thermal image geometry and `thermal_profile` assumptions when metadata does not provide FOV or sensor size. Visible `_V.JPG` overlays are deferred. The overlay remains an approximate first-pass visualization using the north-up rectangular footprint assumption.",100.0,"{""31"": 13.66245213749186, ""71"": 46.74264435717239, ""72"": 39.59490350533576}"
DJI_20260107143259_0005_T__thermal__r001_c015,20260107_Thermal_HKUST/DCIM/DJI_202601071424_001::DJI_20260107143259_0005,DJI_20260107143259_0005_V.JPG,DJI_20260107143259_0005_T.JPG,data/raw/hkust/20260107_Thermal_HKUST/DCIM/DJI_202601071424_001/DJI_20260107143259_0005_V.JPG,data/raw/hkust/20260107_Thermal_HKUST/DCIM/DJI_202601071424_001/DJI_20260107143259_0005_T.JPG,thermal,data/raw/hkust/20260107_Thermal_HKUST/DCIM/DJI_202601071424_001/DJI_20260107143259_0005_T.JPG,640,512,data/metadata/dji_image_metadata.csv,thermal_profile,EXIF/XMP focal length + focal_length_35mm-derived sensor size,12.0,52.0,35.99392244790114,29.13650161648791,7.79666547283578,6.237332378268624,derived from EXIF/XMP focal_length_35mm and target image aspect,399.28,True,1,15,845193.9326202362,845203.9326202362,822426.525865373,822436.525865373,845198.9326202362,822431.525865373,22.340937628577336,114.26357100840589,10.0,10.0,100.0,False,7,Woodland / shrubland / grassland / wetland,0.6525865372968838,3.0,GIC / open space,0.34741346270311624,medium_confidence,"Dominant LUHK land-use assigned by majority overlap between the pilot 10m grid cell and the LUHK 2024 10m raster. This step does not extract thermal temperatures, calculate delta-T, or run prediction. The current pilot stage is thermal-first: outputs are plotted on `_T.JPG` using thermal image geometry and `thermal_profile` assumptions when metadata does not provide FOV or sensor size. Visible `_V.JPG` overlays are deferred. The overlay remains an approximate first-pass visualization using the north-up rectangular footprint assumption.",100.0,"{""31"": 34.741346270311624, ""71"": 65.25865372968838}"
DJI_20260107143259_0005_T__thermal__r001_c016,20260107_Thermal_HKUST/DCIM/DJI_202601071424_001::DJI_20260107143259_0005,DJI_20260107143259_0005_V.JPG,DJI_20260107143259_0005_T.JPG,data/raw/hkust/20260107_Thermal_HKUST/DCIM/DJI_202601071424_001/DJI_20260107143259_0005_V.JPG,data/raw/hkust/20260107_Thermal_HKUST/DCIM/DJI_202601071424_001/DJI_20260107143259_0005_T.JPG,thermal,data/raw/hkust/20260107_Thermal_HKUST/DCIM/DJI_202601071424_001/DJI_20260107143259_0005_T.JPG,640,512,data/metadata/dji_image_metadata.csv,thermal_profile,EXIF/XMP focal length + focal_length_35mm-derived sensor size,12.0,52.0,35.99392244790114,29.13650161648791,7.79666547283578,6.237332378268624,derived from EXIF/XMP focal_length_35mm and target image aspect,399.28,True,1,16,845203.9326202362,845213.9326202362,822426.525865373,822436.525865373,845208.9326202362,822431.525865373,22.3409375765786,114.26366808288871,10.0,10.0,100.0,False,7,Woodland / shrubland / grassland / wetland,0.6525865372968838,3.0,GIC / open space,0.34741346270311624,medium_confidence,"Dominant LUHK land-use assigned by majority overlap between the pilot 10m grid cell and the LUHK 2024 10m raster. This step does not extract thermal temperatures, calculate delta-T, or run prediction. The current pilot stage is thermal-first: outputs are plotted on `_T.JPG` using thermal image geometry and `thermal_profile` assumptions when metadata does not provide FOV or sensor size. Visible `_V.JPG` overlays are deferred. The overlay remains an approximate first-pass visualization using the north-up rectangular footprint assumption.",100.0,"{""31"": 34.741346270311624, ""71"": 65.25865372968838}"
DJI_20260107143259_0005_T__thermal__r001_c017,20260107_Thermal_HKUST/DCIM/DJI_202601071424_001::DJI_20260107143259_0005,DJI_20260107143259_0005_V.JPG,DJI_20260107143259_0005_T.JPG,data/raw/hkust/20260107_Thermal_HKUST/DCIM/DJI_202601071424_001/DJI_20260107143259_0005_V.JPG,data/raw/hkust/20260107_Thermal_HKUST/DCIM/DJI_202601071424_001/DJI_20260107143259_0005_T.JPG,thermal,data/raw/hkust/20260107_Thermal_HKUST/DCIM/DJI_202601071424_001/DJI_20260107143259_0005_T.JPG,640,512,data/metadata/dji_image_metadata.csv,thermal_profile,EXIF/XMP focal length + focal_length_35mm-derived sensor size,12.0,52.0,35.99392244790114,29.13650161648791,7.79666547283578,6.237332378268624,derived from EXIF/XMP focal_length_35mm and target image aspect,399.28,True,1,17,845213.9326202362,845223.9326202362,822426.525865373,822436.525865373,845218.9326202362,822431.525865373,22.340937524521692,114.26376515737125,10.0,10.0,100.0,False,7,Woodland / shrubland / grassland / wetland,0.6525865372968838,3.0,GIC / open space,0.34741346270311624,medium_confidence,"Dominant LUHK land-use assigned by majority overlap between the pilot 10m grid cell and the LUHK 2024 10m raster. This step does not extract thermal temperatures, calculate delta-T, or run prediction. The current pilot stage is thermal-first: outputs are plotted on `_T.JPG` using thermal image geometry and `thermal_profile` assumptions when metadata does not provide FOV or sensor size. Visible `_V.JPG` overlays are deferred. The overlay remains an approximate first-pass visualization using the north-up rectangular footprint assumption.",100.0,"{""31"": 34.741346270311624, ""71"": 39.59490350533576, ""72"": 25.663750224352622}"
DJI_20260107143259_0005_T__thermal__r001_c018,20260107_Thermal_HKUST/DCIM/DJI_202601071424_001::DJI_20260107143259_0005,DJI_20260107143259_0005_V.JPG,DJI_20260107143259_0005_T.JPG,data/raw/hkust/20260107_Thermal_HKUST/DCIM/DJI_202601071424_001/DJI_20260107143259_0005_V.JPG,data/raw/hkust/20260107_Thermal_HKUST/DCIM/DJI_202601071424_001/DJI_20260107143259_0005_T.JPG,thermal,data/raw/hkust/20260107_Thermal_HKUST/DCIM/DJI_202601071424_001/DJI_20260107143259_0005_T.JPG,640,512,data/metadata/dji_image_metadata.csv,thermal_profile,EXIF/XMP focal length + focal_length_35mm-derived sensor size,12.0,52.0,35.99392244790114,29.13650161648791,7.79666547283578,6.237332378268624,derived from EXIF/XMP focal_length_35mm and target image aspect,399.28,True,1,18,845223.9326202362,845233.9326202362,822426.525865373,822436.525865373,845228.9326202362,822431.525865373,22.340937472406633,114.26386223185352,10.0,10.0,100.0,False,7,Woodland / shrubland / grassland / wetland,0.7892110586718023,3.0,GIC / open space,0.21078894132819767,medium_confidence,"Dominant LUHK land-use assigned by majority overlap between the pilot 10m grid cell and the LUHK 2024 10m raster. This step does not extract thermal temperatures, calculate delta-T, or run prediction. The current pilot stage is thermal-first: outputs are plotted on `_T.JPG` using thermal image geometry and `thermal_profile` assumptions when metadata does not provide FOV or sensor size. Visible `_V.JPG` overlays are deferred. The overlay remains an approximate first-pass visualization using the north-up rectangular footprint assumption.",100.0,"{""31"": 21.078894132819766, ""72"": 78.92110586718023}"
DJI_20260107143259_0005_T__thermal__r001_c019,20260107_Thermal_HKUST/DCIM/DJI_202601071424_001::DJI_20260107143259_0005,DJI_20260107143259_0005_V.JPG,DJI_20260107143259_0005_T.JPG,data/raw/hkust/20260107_Thermal_HKUST/DCIM/DJI_202601071424_001/DJI_20260107143259_0005_V.JPG,data/raw/hkust/20260107_Thermal_HKUST/DCIM/DJI_202601071424_001/DJI_20260107143259_0005_T.JPG,thermal,data/raw/hkust/20260107_Thermal_HKUST/DCIM/DJI_202601071424_001/DJI_20260107143259_0005_T.JPG,640,512,data/metadata/dji_image_metadata.csv,thermal_profile,EXIF/XMP focal length + focal_length_35mm-derived sensor size,12.0,52.0,35.99392244790114,29.13650161648791,7.79666547283578,6.237332378268624,derived from EXIF/XMP focal_length_35mm and target image aspect,399.28,True,1,19,845233.9326202362,845243.9326202362,822426.525865373,822436.525865373,845238.9326202362,822431.525865373,22.340937420233406,114.26395930633551,10.0,10.0,100.0,False,7,Woodland / shrubland / grassland / wetland,1.0,,,0.0,high_confidence,"Dominant LUHK land-use assigned by majority overlap between the pilot 10m grid cell and the LUHK 2024 10m raster. This step does not extract thermal temperatures, calculate delta-T, or run prediction. The current pilot stage is thermal-first: outputs are plotted on `_T.JPG` using thermal image geometry and `thermal_profile` assumptions when metadata does not provide FOV or sensor size. Visible `_V.JPG` overlays are deferred. The overlay remains an approximate first-pass visualization using the north-up rectangular footprint assumption.",100.0,"{""72"": 100.0}"
DJI_20260107143259_0005_T__thermal__r001_c020,20260107_Thermal_HKUST/DCIM/DJI_202601071424_001::DJI_20260107143259_0005,DJI_20260107143259_0005_V.JPG,DJI_20260107143259_0005_T.JPG,data/raw/hkust/20260107_Thermal_HKUST/DCIM/DJI_202601071424_001/DJI_20260107143259_0005_V.JPG,data/raw/hkust/20260107_Thermal_HKUST/DCIM/DJI_202601071424_001/DJI_20260107143259_0005_T.JPG,thermal,data/raw/hkust/20260107_Thermal_HKUST/DCIM/DJI_202601071424_001/DJI_20260107143259_0005_T.JPG,640,512,data/metadata/dji_image_metadata.csv,thermal_profile,EXIF/XMP focal length + focal_length_35mm-derived sensor size,12.0,52.0,35.99392244790114,29.13650161648791,7.79666547283578,6.237332378268624,derived from EXIF/XMP focal_length_35mm and target image aspect,399.28,True,1,20,845243.9326202362,845253.9326202362,822426.525865373,822436.525865373,845248.9326202362,822431.525865373,22.34093736800201,114.2640563808172,10.0,10.0,100.0,False,7,Woodland / shrubland / grassland / wetland,1.0,,,0.0,high_confidence,"Dominant LUHK land-use assigned by majority overlap between the pilot 10m grid cell and the LUHK 2024 10m raster. This step does not extract thermal temperatures, calculate delta-T, or run prediction. The current pilot stage is thermal-first: outputs are plotted on `_T.JPG` using thermal image geometry and `thermal_profile` assumptions when metadata does not provide FOV or sensor size. Visible `_V.JPG` overlays are deferred. The overlay remains an approximate first-pass visualization using the north-up rectangular footprint assumption.",100.0,"{""72"": 100.0}"
DJI_20260107143259_0005_T__thermal__r001_c021,20260107_Thermal_HKUST/DCIM/DJI_202601071424_001::DJI_20260107143259_0005,DJI_20260107143259_0005_V.JPG,DJI_20260107143259_0005_T.JPG,data/raw/hkust/20260107_Thermal_HKUST/DCIM/DJI_202601071424_001/DJI_20260107143259_0005_V.JPG,data/raw/hkust/20260107_Thermal_HKUST/DCIM/DJI_202601071424_001/DJI_20260107143259_0005_T.JPG,thermal,data/raw/hkust/20260107_Thermal_HKUST/DCIM/DJI_202601071424_001/DJI_20260107143259_0005_T.JPG,640,512,data/metadata/dji_image_metadata.csv,thermal_profile,EXIF/XMP focal length + focal_length_35mm-derived sensor size,12.0,52.0,35.99392244790114,29.13650161648791,7.79666547283578,6.237332378268624,derived from EXIF/XMP focal_length_35mm and target image aspect,399.28,True,1,21,845253.9326202362,845263.9326202362,822426.525865373,822436.525865373,845258.9326202362,822431.525865373,22.340937315712477,114.26415345529861,10.0,10.0,100.0,False,7,Woodland / shrubland / grassland / wetland,1.0,,,0.0,high_confidence,"Dominant LUHK land-use assigned by majority overlap between the pilot 10m grid cell and the LUHK 2024 10m raster. This step does not extract thermal temperatures, calculate delta-T, or run prediction. The current pilot stage is thermal-first: outputs are plotted on `_T.JPG` using thermal image geometry and `thermal_profile` assumptions when metadata does not provide FOV or sensor size. Visible `_V.JPG` overlays are deferred. The overlay remains an approximate first-pass visualization using the north-up rectangular footprint assumption.",100.0,"{""71"": 39.32620236184448, ""72"": 60.67379763815552}"
DJI_20260107143259_0005_T__thermal__r001_c022,20260107_Thermal_HKUST/DCIM/DJI_202601071424_001::DJI_20260107143259_0005,DJI_20260107143259_0005_V.JPG,DJI_20260107143259_0005_T.JPG,data/raw/hkust/20260107_Thermal_HKUST/DCIM/DJI_202601071424_001/DJI_20260107143259_0005_V.JPG,data/raw/hkust/20260107_Thermal_HKUST/DCIM/DJI_202601071424_001/DJI_20260107143259_0005_T.JPG,thermal,data/raw/hkust/20260107_Thermal_HKUST/DCIM/DJI_202601071424_001/DJI_20260107143259_0005_T.JPG,640,512,data/metadata/dji_image_metadata.csv,thermal_profile,EXIF/XMP focal length + focal_length_35mm-derived sensor size,12.0,52.0,35.99392244790114,29.13650161648791,7.79666547283578,6.237332378268624,derived from EXIF/XMP focal_length_35mm and target image aspect,399.28,True,1,22,845263.9326202362,845273.9326202362,822426.525865373,822436.525865373,845268.9326202362,822431.525865373,22.340937263364758,114.26425052977974,10.0,10.0,100.0,False,7,Woodland / shrubland / grassland / wetland,1.0,,,0.0,high_confidence,"Dominant LUHK land-use assigned by majority overlap between the pilot 10m grid cell and the LUHK 2024 10m raster. This step does not extract thermal temperatures, calculate delta-T, or run prediction. The current pilot stage is thermal-first: outputs are plotted on `_T.JPG` using thermal image geometry and `thermal_profile` assumptions when metadata does not provide FOV or sensor size. Visible `_V.JPG` overlays are deferred. The overlay remains an approximate first-pass visualization using the north-up rectangular footprint assumption.",100.0,"{""71"": 100.0}"
DJI_20260107143259_0005_T__thermal__r001_c023,20260107_Thermal_HKUST/DCIM/DJI_202601071424_001::DJI_20260107143259_0005,DJI_20260107143259_0005_V.JPG,DJI_20260107143259_0005_T.JPG,data/raw/hkust/20260107_Thermal_HKUST/DCIM/DJI_202601071424_001/DJI_20260107143259_0005_V.JPG,data/raw/hkust/20260107_Thermal_HKUST/DCIM/DJI_202601071424_001/DJI_20260107143259_0005_T.JPG,thermal,data/raw/hkust/20260107_Thermal_HKUST/DCIM/DJI_202601071424_001/DJI_20260107143259_0005_T.JPG,640,512,data/metadata/dji_image_metadata.csv,thermal_profile,EXIF/XMP focal length + focal_length_35mm-derived sensor size,12.0,52.0,35.99392244790114,29.13650161648791,7.79666547283578,6.237332378268624,derived from EXIF/XMP focal_length_35mm and target image aspect,399.28,True,1,23,845273.9326202362,845283.9326202362,822426.525865373,822436.525865373,845278.9326202362,822431.525865373,22.34093721095889,114.26434760426059,10.0,10.0,100.0,False,7,Woodland / shrubland / grassland / wetland,1.0,,,0.0,high_confidence,"Dominant LUHK land-use assigned by majority overlap between the pilot 10m grid cell and the LUHK 2024 10m raster. This step does not extract thermal temperatures, calculate delta-T, or run prediction. The current pilot stage is thermal-first: outputs are plotted on `_T.JPG` using thermal image geometry and `thermal_profile` assumptions when metadata does not provide FOV or sensor size. Visible `_V.JPG` overlays are deferred. The overlay remains an approximate first-pass visualization using the north-up rectangular footprint assumption.",100.0,"{""71"": 100.0}"
DJI_20260107143259_0005_T__thermal__r001_c024,20260107_Thermal_HKUST/DCIM/DJI_202601071424_001::DJI_20260107143259_0005,DJI_20260107143259_0005_V.JPG,DJI_20260107143259_0005_T.JPG,data/raw/hkust/20260107_Thermal_HKUST/DCIM/DJI_202601071424_001/DJI_20260107143259_0005_V.JPG,data/raw/hkust/20260107_Thermal_HKUST/DCIM/DJI_202601071424_001/DJI_20260107143259_0005_T.JPG,thermal,data/raw/hkust/20260107_Thermal_HKUST/DCIM/DJI_202601071424_001/DJI_20260107143259_0005_T.JPG,640,512,data/metadata/dji_image_metadata.csv,thermal_profile,EXIF/XMP focal length + focal_length_35mm-derived sensor size,12.0,52.0,35.99392244790114,29.13650161648791,7.79666547283578,6.237332378268624,derived from EXIF/XMP focal_length_35mm and target image aspect,399.28,True,1,24,845283.9326202362,845293.9326202362,822426.525865373,822436.525865373,845288.9326202362,822431.525865373,22.340937158494857,114.26444467874116,10.0,10.0,100.0,False,7,Woodland / shrubland / grassland / wetland,1.0,,,0.0,high_confidence,"Dominant LUHK land-use assigned by majority overlap between the pilot 10m grid cell and the LUHK 2024 10m raster. This step does not extract thermal temperatures, calculate delta-T, or run prediction. The current pilot stage is thermal-first: outputs are plotted on `_T.JPG` using thermal image geometry and `thermal_profile` assumptions when metadata does not provide FOV or sensor size. Visible `_V.JPG` overlays are deferred. The overlay remains an approximate first-pass visualization using the north-up rectangular footprint assumption.",100.0,"{""71"": 100.0}"
DJI_20260107143259_0005_T__thermal__r001_c025,20260107_Thermal_HKUST/DCIM/DJI_202601071424_001::DJI_20260107143259_0005,DJI_20260107143259_0005_V.JPG,DJI_20260107143259_0005_T.JPG,data/raw/hkust/20260107_Thermal_HKUST/DCIM/DJI_202601071424_001/DJI_20260107143259_0005_V.JPG,data/raw/hkust/20260107_Thermal_HKUST/DCIM/DJI_202601071424_001/DJI_20260107143259_0005_T.JPG,thermal,data/raw/hkust/20260107_Thermal_HKUST/DCIM/DJI_202601071424_001/DJI_20260107143259_0005_T.JPG,640,512,data/metadata/dji_image_metadata.csv,thermal_profile,EXIF/XMP focal length + focal_length_35mm-derived sensor size,12.0,52.0,35.99392244790114,29.13650161648791,7.79666547283578,6.237332378268624,derived from EXIF/XMP focal_length_35mm and target image aspect,399.28,True,1,25,845293.9326202362,845303.3536694024,822426.525865373,822436.525865373,845298.6431448193,822431.525865373,22.340937107493865,114.26453894315385,9.421049166237935,10.0,94.21049166237935,True,7,Woodland / shrubland / grassland / wetland,1.0,,,0.0,high_confidence,"Dominant LUHK land-use assigned by majority overlap between the pilot 10m grid cell and the LUHK 2024 10m raster. This step does not extract thermal temperatures, calculate delta-T, or run prediction. The current pilot stage is thermal-first: outputs are plotted on `_T.JPG` using thermal image geometry and `thermal_profile` assumptions when metadata does not provide FOV or sensor size. Visible `_V.JPG` overlays are deferred. The overlay remains an approximate first-pass visualization using the north-up rectangular footprint assumption.",94.21049166237935,"{""71"": 94.21049166237935}"
DJI_20260107143259_0005_T__thermal__r002_c000,20260107_Thermal_HKUST/DCIM/DJI_202601071424_001::DJI_20260107143259_0005,DJI_20260107143259_0005_V.JPG,DJI_20260107143259_0005_T.JPG,data/raw/hkust/20260107_Thermal_HKUST/DCIM/DJI_202601071424_001/DJI_20260107143259_0005_V.JPG,data/raw/hkust/20260107_Thermal_HKUST/DCIM/DJI_202601071424_001/DJI_20260107143259_0005_T.JPG,thermal,data/raw/hkust/20260107_Thermal_HKUST/DCIM/DJI_202601071424_001/DJI_20260107143259_0005_T.JPG,640,512,data/metadata/dji_image_metadata.csv,thermal_profile,EXIF/XMP focal length + focal_length_35mm-derived sensor size,12.0,52.0,35.99392244790114,29.13650161648791,7.79666547283578,6.237332378268624,derived from EXIF/XMP focal_length_35mm and target image aspect,399.28,True,2,0,845043.9326202362,845053.9326202362,822416.525865373,822426.525865373,845048.9326202362,822421.525865373,22.34084809597019,114.26211483620258,10.0,10.0,100.0,False,7,Woodland / shrubland / grassland / wetland,1.0,,,0.0,high_confidence,"Dominant LUHK land-use assigned by majority overlap between the pilot 10m grid cell and the LUHK 2024 10m raster. This step does not extract thermal temperatures, calculate delta-T, or run prediction. The current pilot stage is thermal-first: outputs are plotted on `_T.JPG` using thermal image geometry and `thermal_profile` assumptions when metadata does not provide FOV or sensor size. Visible `_V.JPG` overlays are deferred. The overlay remains an approximate first-pass visualization using the north-up rectangular footprint assumption.",100.0,"{""71"": 100.0}"
DJI_20260107143259_0005_T__thermal__r002_c001,20260107_Thermal_HKUST/DCIM/DJI_202601071424_001::DJI_20260107143259_0005,DJI_20260107143259_0005_V.JPG,DJI_20260107143259_0005_T.JPG,data/raw/hkust/20260107_Thermal_HKUST/DCIM/DJI_202601071424_001/DJI_20260107143259_0005_V.JPG,data/raw/hkust/20260107_Thermal_HKUST/DCIM/DJI_202601071424_001/DJI_20260107143259_0005_T.JPG,thermal,data/raw/hkust/20260107_Thermal_HKUST/DCIM/DJI_202601071424_001/DJI_20260107143259_0005_T.JPG,640,512,data/metadata/dji_image_metadata.csv,thermal_profile,EXIF/XMP focal length + focal_length_35mm-derived sensor size,12.0,52.0,35.99392244790114,29.13650161648791,7.79666547283578,6.237332378268624,derived from EXIF/XMP focal_length_35mm and target image aspect,399.28,True,2,1,845053.9326202362,845063.9326202362,822416.525865373,822426.525865373,845058.9326202362,822421.525865373,22.3408480448441,114.2622119106271,10.0,10.0,100.0,False,7,Woodland / shrubland / grassland / wetland,1.0,,,0.0,high_confidence,"Dominant LUHK land-use assigned by majority overlap between the pilot 10m grid cell and the LUHK 2024 10m raster. This step does not extract thermal temperatures, calculate delta-T, or run prediction. The current pilot stage is thermal-first: outputs are plotted on `_T.JPG` using thermal image geometry and `thermal_profile` assumptions when metadata does not provide FOV or sensor size. Visible `_V.JPG` overlays are deferred. The overlay remains an approximate first-pass visualization using the north-up rectangular footprint assumption.",100.0,"{""71"": 100.0}"
DJI_20260107143259_0005_T__thermal__r002_c002,20260107_Thermal_HKUST/DCIM/DJI_202601071424_001::DJI_20260107143259_0005,DJI_20260107143259_0005_V.JPG,DJI_20260107143259_0005_T.JPG,data/raw/hkust/20260107_Thermal_HKUST/DCIM/DJI_202601071424_001/DJI_20260107143259_0005_V.JPG,data/raw/hkust/20260107_Thermal_HKUST/DCIM/DJI_202601071424_001/DJI_20260107143259_0005_T.JPG,thermal,data/raw/hkust/20260107_Thermal_HKUST/DCIM/DJI_202601071424_001/DJI_20260107143259_0005_T.JPG,640,512,data/metadata/dji_image_metadata.csv,thermal_profile,EXIF/XMP focal length + focal_length_35mm-derived sensor size,12.0,52.0,35.99392244790114,29.13650161648791,7.79666547283578,6.237332378268624,derived from EXIF/XMP focal_length_35mm and target image aspect,399.28,True,2,2,845063.9326202362,845073.9326202362,822416.525865373,822426.525865373,845068.9326202362,822421.525865373,22.340847993659857,114.26230898505133,10.0,10.0,100.0,False,7,Woodland / shrubland / grassland / wetland,1.0,,,0.0,high_confidence,"Dominant LUHK land-use assigned by majority overlap between the pilot 10m grid cell and the LUHK 2024 10m raster. This step does not extract thermal temperatures, calculate delta-T, or run prediction. The current pilot stage is thermal-first: outputs are plotted on `_T.JPG` using thermal image geometry and `thermal_profile` assumptions when metadata does not provide FOV or sensor size. Visible `_V.JPG` overlays are deferred. The overlay remains an approximate first-pass visualization using the north-up rectangular footprint assumption.",100.0,"{""71"": 100.0}"
DJI_20260107143259_0005_T__thermal__r002_c003,20260107_Thermal_HKUST/DCIM/DJI_202601071424_001::DJI_20260107143259_0005,DJI_20260107143259_0005_V.JPG,DJI_20260107143259_0005_T.JPG,data/raw/hkust/20260107_Thermal_HKUST/DCIM/DJI_202601071424_001/DJI_20260107143259_0005_V.JPG,data/raw/hkust/20260107_Thermal_HKUST/DCIM/DJI_202601071424_001/DJI_20260107143259_0005_T.JPG,thermal,data/raw/hkust/20260107_Thermal_HKUST/DCIM/DJI_202601071424_001/DJI_20260107143259_0005_T.JPG,640,512,data/metadata/dji_image_metadata.csv,thermal_profile,EXIF/XMP focal length + focal_length_35mm-derived sensor size,12.0,52.0,35.99392244790114,29.13650161648791,7.79666547283578,6.237332378268624,derived from EXIF/XMP focal_length_35mm and target image aspect,399.28,True,2,3,845073.9326202362,845083.9326202362,822416.525865373,822426.525865373,845078.9326202362,822421.525865373,22.34084794241744,114.26240605947527,10.0,10.0,100.0,False,7,Woodland / shrubland / grassland / wetland,1.0,,,0.0,high_confidence,"Dominant LUHK land-use assigned by majority overlap between the pilot 10m grid cell and the LUHK 2024 10m raster. This step does not extract thermal temperatures, calculate delta-T, or run prediction. The current pilot stage is thermal-first: outputs are plotted on `_T.JPG` using thermal image geometry and `thermal_profile` assumptions when metadata does not provide FOV or sensor size. Visible `_V.JPG` overlays are deferred. The overlay remains an approximate first-pass visualization using the north-up rectangular footprint assumption.",100.0,"{""71"": 100.0}"
DJI_20260107143259_0005_T__thermal__r002_c004,20260107_Thermal_HKUST/DCIM/DJI_202601071424_001::DJI_20260107143259_0005,DJI_20260107143259_0005_V.JPG,DJI_20260107143259_0005_T.JPG,data/raw/hkust/20260107_Thermal_HKUST/DCIM/DJI_202601071424_001/DJI_20260107143259_0005_V.JPG,data/raw/hkust/20260107_Thermal_HKUST/DCIM/DJI_202601071424_001/DJI_20260107143259_0005_T.JPG,thermal,data/raw/hkust/20260107_Thermal_HKUST/DCIM/DJI_202601071424_001/DJI_20260107143259_0005_T.JPG,640,512,data/metadata/dji_image_metadata.csv,thermal_profile,EXIF/XMP focal length + focal_length_35mm-derived sensor size,12.0,52.0,35.99392244790114,29.13650161648791,7.79666547283578,6.237332378268624,derived from EXIF/XMP focal_length_35mm and target image aspect,399.28,True,2,4,845083.9326202362,845093.9326202362,822416.525865373,822426.525865373,845088.9326202362,822421.525865373,22.34084789111687,114.26250313389893,10.0,10.0,100.0,False,7,Woodland / shrubland / grassland / wetland,1.0,,,0.0,high_confidence,"Dominant LUHK land-use assigned by majority overlap between the pilot 10m grid cell and the LUHK 2024 10m raster. This step does not extract thermal temperatures, calculate delta-T, or run prediction. The current pilot stage is thermal-first: outputs are plotted on `_T.JPG` using thermal image geometry and `thermal_profile` assumptions when metadata does not provide FOV or sensor size. Visible `_V.JPG` overlays are deferred. The overlay remains an approximate first-pass visualization using the north-up rectangular footprint assumption.",100.0,"{""71"": 100.0}"
DJI_20260107143259_0005_T__thermal__r002_c005,20260107_Thermal_HKUST/DCIM/DJI_202601071424_001::DJI_20260107143259_0005,DJI_20260107143259_0005_V.JPG,DJI_20260107143259_0005_T.JPG,data/raw/hkust/20260107_Thermal_HKUST/DCIM/DJI_202601071424_001/DJI_20260107143259_0005_V.JPG,data/raw/hkust/20260107_Thermal_HKUST/DCIM/DJI_202601071424_001/DJI_20260107143259_0005_T.JPG,thermal,data/raw/hkust/20260107_Thermal_HKUST/DCIM/DJI_202601071424_001/DJI_20260107143259_0005_T.JPG,640,512,data/metadata/dji_image_metadata.csv,thermal_profile,EXIF/XMP focal length + focal_length_35mm-derived sensor size,12.0,52.0,35.99392244790114,29.13650161648791,7.79666547283578,6.237332378268624,derived from EXIF/XMP focal_length_35mm and target image aspect,399.28,True,2,5,845093.9326202362,845103.9326202362,822416.525865373,822426.525865373,845098.9326202362,822421.525865373,22.340847839758137,114.26260020832234,10.0,10.0,100.0,False,7,Woodland / shrubland / grassland / wetland,1.0,,,0.0,high_confidence,"Dominant LUHK land-use assigned by majority overlap between the pilot 10m grid cell and the LUHK 2024 10m raster. This step does not extract thermal temperatures, calculate delta-T, or run prediction. The current pilot stage is thermal-first: outputs are plotted on `_T.JPG` using thermal image geometry and `thermal_profile` assumptions when metadata does not provide FOV or sensor size. Visible `_V.JPG` overlays are deferred. The overlay remains an approximate first-pass visualization using the north-up rectangular footprint assumption.",100.0,"{""71"": 86.33754786250815, ""72"": 13.66245213749186}"
DJI_20260107143259_0005_T__thermal__r002_c006,20260107_Thermal_HKUST/DCIM/DJI_202601071424_001::DJI_20260107143259_0005,DJI_20260107143259_0005_V.JPG,DJI_20260107143259_0005_T.JPG,data/raw/hkust/20260107_Thermal_HKUST/DCIM/DJI_202601071424_001/DJI_20260107143259_0005_V.JPG,data/raw/hkust/20260107_Thermal_HKUST/DCIM/DJI_202601071424_001/DJI_20260107143259_0005_T.JPG,thermal,data/raw/hkust/20260107_Thermal_HKUST/DCIM/DJI_202601071424_001/DJI_20260107143259_0005_T.JPG,640,512,data/metadata/dji_image_metadata.csv,thermal_profile,EXIF/XMP focal length + focal_length_35mm-derived sensor size,12.0,52.0,35.99392244790114,29.13650161648791,7.79666547283578,6.237332378268624,derived from EXIF/XMP focal_length_35mm and target image aspect,399.28,True,2,6,845103.9326202362,845113.9326202362,822416.525865373,822426.525865373,845108.9326202362,822421.525865373,22.340847788341243,114.26269728274545,10.0,10.0,100.0,False,7,Woodland / shrubland / grassland / wetland,1.0,,,0.0,high_confidence,"Dominant LUHK land-use assigned by majority overlap between the pilot 10m grid cell and the LUHK 2024 10m raster. This step does not extract thermal temperatures, calculate delta-T, or run prediction. The current pilot stage is thermal-first: outputs are plotted on `_T.JPG` using thermal image geometry and `thermal_profile` assumptions when metadata does not provide FOV or sensor size. Visible `_V.JPG` overlays are deferred. The overlay remains an approximate first-pass visualization using the north-up rectangular footprint assumption.",100.0,"{""71"": 78.92110586718023, ""72"": 21.078894132819766}"
DJI_20260107143259_0005_T__thermal__r002_c007,20260107_Thermal_HKUST/DCIM/DJI_202601071424_001::DJI_20260107143259_0005,DJI_20260107143259_0005_V.JPG,DJI_20260107143259_0005_T.JPG,data/raw/hkust/20260107_Thermal_HKUST/DCIM/DJI_202601071424_001/DJI_20260107143259_0005_V.JPG,data/raw/hkust/20260107_Thermal_HKUST/DCIM/DJI_202601071424_001/DJI_20260107143259_0005_T.JPG,thermal,data/raw/hkust/20260107_Thermal_HKUST/DCIM/DJI_202601071424_001/DJI_20260107143259_0005_T.JPG,640,512,data/metadata/dji_image_metadata.csv,thermal_profile,EXIF/XMP focal length + focal_length_35mm-derived sensor size,12.0,52.0,35.99392244790114,29.13650161648791,7.79666547283578,6.237332378268624,derived from EXIF/XMP focal_length_35mm and target image aspect,399.28,True,2,7,845113.9326202362,845123.9326202362,822416.525865373,822426.525865373,845118.9326202362,822421.525865373,22.340847736866188,114.26279435716829,10.0,10.0,100.0,False,7,Woodland / shrubland / grassland / wetland,1.0,,,0.0,high_confidence,"Dominant LUHK land-use assigned by majority overlap between the pilot 10m grid cell and the LUHK 2024 10m raster. This step does not extract thermal temperatures, calculate delta-T, or run prediction. The current pilot stage is thermal-first: outputs are plotted on `_T.JPG` using thermal image geometry and `thermal_profile` assumptions when metadata does not provide FOV or sensor size. Visible `_V.JPG` overlays are deferred. The overlay remains an approximate first-pass visualization using the north-up rectangular footprint assumption.",100.0,"{""71"": 60.67379763815552, ""72"": 39.32620236184448}"
DJI_20260107143259_0005_T__thermal__r002_c008,20260107_Thermal_HKUST/DCIM/DJI_202601071424_001::DJI_20260107143259_0005,DJI_20260107143259_0005_V.JPG,DJI_20260107143259_0005_T.JPG,data/raw/hkust/20260107_Thermal_HKUST/DCIM/DJI_202601071424_001/DJI_20260107143259_0005_V.JPG,data/raw/hkust/20260107_Thermal_HKUST/DCIM/DJI_202601071424_001/DJI_20260107143259_0005_T.JPG,thermal,data/raw/hkust/20260107_Thermal_HKUST/DCIM/DJI_202601071424_001/DJI_20260107143259_0005_T.JPG,640,512,data/metadata/dji_image_metadata.csv,thermal_profile,EXIF/XMP focal length + focal_length_35mm-derived sensor size,12.0,52.0,35.99392244790114,29.13650161648791,7.79666547283578,6.237332378268624,derived from EXIF/XMP focal_length_35mm and target image aspect,399.28,True,2,8,845123.9326202362,845133.9326202362,822416.525865373,822426.525865373,845128.9326202362,822421.525865373,22.340847685332964,114.26289143159084,10.0,10.0,100.0,False,7,Woodland / shrubland / grassland / wetland,1.0,,,0.0,high_confidence,"Dominant LUHK land-use assigned by majority overlap between the pilot 10m grid cell and the LUHK 2024 10m raster. This step does not extract thermal temperatures, calculate delta-T, or run prediction. The current pilot stage is thermal-first: outputs are plotted on `_T.JPG` using thermal image geometry and `thermal_profile` assumptions when metadata does not provide FOV or sensor size. Visible `_V.JPG` overlays are deferred. The overlay remains an approximate first-pass visualization using the north-up rectangular footprint assumption.",100.0,"{""72"": 100.0}"
DJI_20260107143259_0005_T__thermal__r002_c009,20260107_Thermal_HKUST/DCIM/DJI_202601071424_001::DJI_20260107143259_0005,DJI_20260107143259_0005_V.JPG,DJI_20260107143259_0005_T.JPG,data/raw/hkust/20260107_Thermal_HKUST/DCIM/DJI_202601071424_001/DJI_20260107143259_0005_V.JPG,data/raw/hkust/20260107_Thermal_HKUST/DCIM/DJI_202601071424_001/DJI_20260107143259_0005_T.JPG,thermal,data/raw/hkust/20260107_Thermal_HKUST/DCIM/DJI_202601071424_001/DJI_20260107143259_0005_T.JPG,640,512,data/metadata/dji_image_metadata.csv,thermal_profile,EXIF/XMP focal length + focal_length_35mm-derived sensor size,12.0,52.0,35.99392244790114,29.13650161648791,7.79666547283578,6.237332378268624,derived from EXIF/XMP focal_length_35mm and target image aspect,399.28,True,2,9,845133.9326202362,845143.9326202362,822416.525865373,822426.525865373,845138.9326202362,822421.525865373,22.34084763374159,114.26298850601312,10.0,10.0,100.0,False,7,Woodland / shrubland / grassland / wetland,1.0,,,0.0,high_confidence,"Dominant LUHK land-use assigned by majority overlap between the pilot 10m grid cell and the LUHK 2024 10m raster. This step does not extract thermal temperatures, calculate delta-T, or run prediction. The current pilot stage is thermal-first: outputs are plotted on `_T.JPG` using thermal image geometry and `thermal_profile` assumptions when metadata does not provide FOV or sensor size. Visible `_V.JPG` overlays are deferred. The overlay remains an approximate first-pass visualization using the north-up rectangular footprint assumption.",100.0,"{""72"": 100.0}"
DJI_20260107143259_0005_T__thermal__r002_c010,20260107_Thermal_HKUST/DCIM/DJI_202601071424_001::DJI_20260107143259_0005,DJI_20260107143259_0005_V.JPG,DJI_20260107143259_0005_T.JPG,data/raw/hkust/20260107_Thermal_HKUST/DCIM/DJI_202601071424_001/DJI_20260107143259_0005_V.JPG,data/raw/hkust/20260107_Thermal_HKUST/DCIM/DJI_202601071424_001/DJI_20260107143259_0005_T.JPG,thermal,data/raw/hkust/20260107_Thermal_HKUST/DCIM/DJI_202601071424_001/DJI_20260107143259_0005_T.JPG,640,512,data/metadata/dji_image_metadata.csv,thermal_profile,EXIF/XMP focal length + focal_length_35mm-derived sensor size,12.0,52.0,35.99392244790114,29.13650161648791,7.79666547283578,6.237332378268624,derived from EXIF/XMP focal_length_35mm and target image aspect,399.28,True,2,10,845143.9326202362,845153.9326202362,822416.525865373,822426.525865373,845148.9326202362,822421.525865373,22.34084758209205,114.26308558043512,10.0,10.0,100.0,False,7,Woodland / shrubland / grassland / wetland,1.0,,,0.0,high_confidence,"Dominant LUHK land-use assigned by majority overlap between the pilot 10m grid cell and the LUHK 2024 10m raster. This step does not extract thermal temperatures, calculate delta-T, or run prediction. The current pilot stage is thermal-first: outputs are plotted on `_T.JPG` using thermal image geometry and `thermal_profile` assumptions when metadata does not provide FOV or sensor size. Visible `_V.JPG` overlays are deferred. The overlay remains an approximate first-pass visualization using the north-up rectangular footprint assumption.",100.0,"{""72"": 100.0}"
DJI_20260107143259_0005_T__thermal__r002_c011,20260107_Thermal_HKUST/DCIM/DJI_202601071424_001::DJI_20260107143259_0005,DJI_20260107143259_0005_V.JPG,DJI_20260107143259_0005_T.JPG,data/raw/hkust/20260107_Thermal_HKUST/DCIM/DJI_202601071424_001/DJI_20260107143259_0005_V.JPG,data/raw/hkust/20260107_Thermal_HKUST/DCIM/DJI_202601071424_001/DJI_20260107143259_0005_T.JPG,thermal,data/raw/hkust/20260107_Thermal_HKUST/DCIM/DJI_202601071424_001/DJI_20260107143259_0005_T.JPG,640,512,data/metadata/dji_image_metadata.csv,thermal_profile,EXIF/XMP focal length + focal_length_35mm-derived sensor size,12.0,52.0,35.99392244790114,29.13650161648791,7.79666547283578,6.237332378268624,derived from EXIF/XMP focal_length_35mm and target image aspect,399.28,True,2,11,845153.9326202362,845163.9326202362,822416.525865373,822426.525865373,845158.9326202362,822421.525865373,22.34084753038434,114.26318265485682,10.0,10.0,100.0,False,7,Woodland / shrubland / grassland / wetland,1.0,,,0.0,high_confidence,"Dominant LUHK land-use assigned by majority overlap between the pilot 10m grid cell and the LUHK 2024 10m raster. This step does not extract thermal temperatures, calculate delta-T, or run prediction. The current pilot stage is thermal-first: outputs are plotted on `_T.JPG` using thermal image geometry and `thermal_profile` assumptions when metadata does not provide FOV or sensor size. Visible `_V.JPG` overlays are deferred. The overlay remains an approximate first-pass visualization using the north-up rectangular footprint assumption.",100.0,"{""72"": 100.0}"
DJI_20260107143259_0005_T__thermal__r002_c012,20260107_Thermal_HKUST/DCIM/DJI_202601071424_001::DJI_20260107143259_0005,DJI_20260107143259_0005_V.JPG,DJI_20260107143259_0005_T.JPG,data/raw/hkust/20260107_Thermal_HKUST/DCIM/DJI_202601071424_001/DJI_20260107143259_0005_V.JPG,data/raw/hkust/20260107_Thermal_HKUST/DCIM/DJI_202601071424_001/DJI_20260107143259_0005_T.JPG,thermal,data/raw/hkust/20260107_Thermal_HKUST/DCIM/DJI_202601071424_001/DJI_20260107143259_0005_T.JPG,640,512,data/metadata/dji_image_metadata.csv,thermal_profile,EXIF/XMP focal length + focal_length_35mm-derived sensor size,12.0,52.0,35.99392244790114,29.13650161648791,7.79666547283578,6.237332378268624,derived from EXIF/XMP focal_length_35mm and target image aspect,399.28,True,2,12,845163.9326202362,845173.9326202362,822416.525865373,822426.525865373,845168.9326202362,822421.525865373,22.340847478618482,114.26327972927827,10.0,10.0,100.0,False,7,Woodland / shrubland / grassland / wetland,0.8633754786250815,3.0,GIC / open space,0.1366245213749186,high_confidence,"Dominant LUHK land-use assigned by majority overlap between the pilot 10m grid cell and the LUHK 2024 10m raster. This step does not extract thermal temperatures, calculate delta-T, or run prediction. The current pilot stage is thermal-first: outputs are plotted on `_T.JPG` using thermal image geometry and `thermal_profile` assumptions when metadata does not provide FOV or sensor size. Visible `_V.JPG` overlays are deferred. The overlay remains an approximate first-pass visualization using the north-up rectangular footprint assumption.",100.0,"{""31"": 13.66245213749186, ""71"": 25.663750224352622, ""72"": 60.67379763815552}"
DJI_20260107143259_0005_T__thermal__r002_c013,20260107_Thermal_HKUST/DCIM/DJI_202601071424_001::DJI_20260107143259_0005,DJI_20260107143259_0005_V.JPG,DJI_20260107143259_0005_T.JPG,data/raw/hkust/20260107_Thermal_HKUST/DCIM/DJI_202601071424_001/DJI_20260107143259_0005_V.JPG,data/raw/hkust/20260107_Thermal_HKUST/DCIM/DJI_202601071424_001/DJI_20260107143259_0005_T.JPG,thermal,data/raw/hkust/20260107_Thermal_HKUST/DCIM/DJI_202601071424_001/DJI_20260107143259_0005_T.JPG,640,512,data/metadata/dji_image_metadata.csv,thermal_profile,EXIF/XMP focal length + focal_length_35mm-derived sensor size,12.0,52.0,35.99392244790114,29.13650161648791,7.79666547283578,6.237332378268624,derived from EXIF/XMP focal_length_35mm and target image aspect,399.28,True,2,13,845173.9326202362,845183.9326202362,822416.525865373,822426.525865373,845178.9326202362,822421.525865373,22.34084742679445,114.26337680369942,10.0,10.0,100.0,False,7,Woodland / shrubland / grassland / wetland,0.6525865372968838,3.0,GIC / open space,0.34741346270311624,medium_confidence,"Dominant LUHK land-use assigned by majority overlap between the pilot 10m grid cell and the LUHK 2024 10m raster. This step does not extract thermal temperatures, calculate delta-T, or run prediction. The current pilot stage is thermal-first: outputs are plotted on `_T.JPG` using thermal image geometry and `thermal_profile` assumptions when metadata does not provide FOV or sensor size. Visible `_V.JPG` overlays are deferred. The overlay remains an approximate first-pass visualization using the north-up rectangular footprint assumption.",100.0,"{""31"": 34.741346270311624, ""71"": 65.25865372968838}"
DJI_20260107143259_0005_T__thermal__r002_c014,20260107_Thermal_HKUST/DCIM/DJI_202601071424_001::DJI_20260107143259_0005,DJI_20260107143259_0005_V.JPG,DJI_20260107143259_0005_T.JPG,data/raw/hkust/20260107_Thermal_HKUST/DCIM/DJI_202601071424_001/DJI_20260107143259_0005_V.JPG,data/raw/hkust/20260107_Thermal_HKUST/DCIM/DJI_202601071424_001/DJI_20260107143259_0005_T.JPG,thermal,data/raw/hkust/20260107_Thermal_HKUST/DCIM/DJI_202601071424_001/DJI_20260107143259_0005_T.JPG,640,512,data/metadata/dji_image_metadata.csv,thermal_profile,EXIF/XMP focal length + focal_length_35mm-derived sensor size,12.0,52.0,35.99392244790114,29.13650161648791,7.79666547283578,6.237332378268624,derived from EXIF/XMP focal_length_35mm and target image aspect,399.28,True,2,14,845183.9326202362,845193.9326202362,822416.525865373,822426.525865373,845188.9326202362,822421.525865373,22.340847374912265,114.26347387812028,10.0,10.0,100.0,False,3,GIC / open space,0.6040509649466425,7.0,Woodland / shrubland / grassland / wetland,0.3959490350533576,medium_confidence,"Dominant LUHK land-use assigned by majority overlap between the pilot 10m grid cell and the LUHK 2024 10m raster. This step does not extract thermal temperatures, calculate delta-T, or run prediction. The current pilot stage is thermal-first: outputs are plotted on `_T.JPG` using thermal image geometry and `thermal_profile` assumptions when metadata does not provide FOV or sensor size. Visible `_V.JPG` overlays are deferred. The overlay remains an approximate first-pass visualization using the north-up rectangular footprint assumption.",100.0,"{""31"": 60.40509649466425, ""71"": 39.59490350533576}"
DJI_20260107143259_0005_T__thermal__r002_c015,20260107_Thermal_HKUST/DCIM/DJI_202601071424_001::DJI_20260107143259_0005,DJI_20260107143259_0005_V.JPG,DJI_20260107143259_0005_T.JPG,data/raw/hkust/20260107_Thermal_HKUST/DCIM/DJI_202601071424_001/DJI_20260107143259_0005_V.JPG,data/raw/hkust/20260107_Thermal_HKUST/DCIM/DJI_202601071424_001/DJI_20260107143259_0005_T.JPG,thermal,data/raw/hkust/20260107_Thermal_HKUST/DCIM/DJI_202601071424_001/DJI_20260107143259_0005_T.JPG,640,512,data/metadata/dji_image_metadata.csv,thermal_profile,EXIF/XMP focal length + focal_length_35mm-derived sensor size,12.0,52.0,35.99392244790114,29.13650161648791,7.79666547283578,6.237332378268624,derived from EXIF/XMP focal_length_35mm and target image aspect,399.28,True,2,15,845193.9326202362,845203.9326202362,822416.525865373,822426.525865373,845198.9326202362,822421.525865373,22.340847322971914,114.26357095254087,10.0,10.0,100.0,False,3,GIC / open space,1.0,,,0.0,high_confidence,"Dominant LUHK land-use assigned by majority overlap between the pilot 10m grid cell and the LUHK 2024 10m raster. This step does not extract thermal temperatures, calculate delta-T, or run prediction. The current pilot stage is thermal-first: outputs are plotted on `_T.JPG` using thermal image geometry and `thermal_profile` assumptions when metadata does not provide FOV or sensor size. Visible `_V.JPG` overlays are deferred. The overlay remains an approximate first-pass visualization using the north-up rectangular footprint assumption.",100.0,"{""31"": 100.0}"
DJI_20260107143259_0005_T__thermal__r002_c016,20260107_Thermal_HKUST/DCIM/DJI_202601071424_001::DJI_20260107143259_0005,DJI_20260107143259_0005_V.JPG,DJI_20260107143259_0005_T.JPG,data/raw/hkust/20260107_Thermal_HKUST/DCIM/DJI_202601071424_001/DJI_20260107143259_0005_V.JPG,data/raw/hkust/20260107_Thermal_HKUST/DCIM/DJI_202601071424_001/DJI_20260107143259_0005_T.JPG,thermal,data/raw/hkust/20260107_Thermal_HKUST/DCIM/DJI_202601071424_001/DJI_20260107143259_0005_T.JPG,640,512,data/metadata/dji_image_metadata.csv,thermal_profile,EXIF/XMP focal length + focal_length_35mm-derived sensor size,12.0,52.0,35.99392244790114,29.13650161648791,7.79666547283578,6.237332378268624,derived from EXIF/XMP focal_length_35mm and target image aspect,399.28,True,2,16,845203.9326202362,845213.9326202362,822416.525865373,822426.525865373,845208.9326202362,822421.525865373,22.340847270973402,114.26366802696118,10.0,10.0,100.0,False,3,GIC / open space,1.0,,,0.0,high_confidence,"Dominant LUHK land-use assigned by majority overlap between the pilot 10m grid cell and the LUHK 2024 10m raster. This step does not extract thermal temperatures, calculate delta-T, or run prediction. The current pilot stage is thermal-first: outputs are plotted on `_T.JPG` using thermal image geometry and `thermal_profile` assumptions when metadata does not provide FOV or sensor size. Visible `_V.JPG` overlays are deferred. The overlay remains an approximate first-pass visualization using the north-up rectangular footprint assumption.",100.0,"{""31"": 100.0}"
DJI_20260107143259_0005_T__thermal__r002_c017,20260107_Thermal_HKUST/DCIM/DJI_202601071424_001::DJI_20260107143259_0005,DJI_20260107143259_0005_V.JPG,DJI_20260107143259_0005_T.JPG,data/raw/hkust/20260107_Thermal_HKUST/DCIM/DJI_202601071424_001/DJI_20260107143259_0005_V.JPG,data/raw/hkust/20260107_Thermal_HKUST/DCIM/DJI_202601071424_001/DJI_20260107143259_0005_T.JPG,thermal,data/raw/hkust/20260107_Thermal_HKUST/DCIM/DJI_202601071424_001/DJI_20260107143259_0005_T.JPG,640,512,data/metadata/dji_image_metadata.csv,thermal_profile,EXIF/XMP focal length + focal_length_35mm-derived sensor size,12.0,52.0,35.99392244790114,29.13650161648791,7.79666547283578,6.237332378268624,derived from EXIF/XMP focal_length_35mm and target image aspect,399.28,True,2,17,845213.9326202362,845223.9326202362,822416.525865373,822426.525865373,845218.9326202362,822421.525865373,22.340847218916732,114.26376510138121,10.0,10.0,100.0,False,3,GIC / open space,1.0,,,0.0,high_confidence,"Dominant LUHK land-use assigned by majority overlap between the pilot 10m grid cell and the LUHK 2024 10m raster. This step does not extract thermal temperatures, calculate delta-T, or run prediction. The current pilot stage is thermal-first: outputs are plotted on `_T.JPG` using thermal image geometry and `thermal_profile` assumptions when metadata does not provide FOV or sensor size. Visible `_V.JPG` overlays are deferred. The overlay remains an approximate first-pass visualization using the north-up rectangular footprint assumption.",100.0,"{""31"": 100.0}"
DJI_20260107143259_0005_T__thermal__r002_c018,20260107_Thermal_HKUST/DCIM/DJI_202601071424_001::DJI_20260107143259_0005,DJI_20260107143259_0005_V.JPG,DJI_20260107143259_0005_T.JPG,data/raw/hkust/20260107_Thermal_HKUST/DCIM/DJI_202601071424_001/DJI_20260107143259_0005_V.JPG,data/raw/hkust/20260107_Thermal_HKUST/DCIM/DJI_202601071424_001/DJI_20260107143259_0005_T.JPG,thermal,data/raw/hkust/20260107_Thermal_HKUST/DCIM/DJI_202601071424_001/DJI_20260107143259_0005_T.JPG,640,512,data/metadata/dji_image_metadata.csv,thermal_profile,EXIF/XMP focal length + focal_length_35mm-derived sensor size,12.0,52.0,35.99392244790114,29.13650161648791,7.79666547283578,6.237332378268624,derived from EXIF/XMP focal_length_35mm and target image aspect,399.28,True,2,18,845223.9326202362,845233.9326202362,822416.525865373,822426.525865373,845228.9326202362,822421.525865373,22.340847166801897,114.26386217580095,10.0,10.0,100.0,False,3,GIC / open space,0.6067379763815552,7.0,Woodland / shrubland / grassland / wetland,0.3932620236184448,medium_confidence,"Dominant LUHK land-use assigned by majority overlap between the pilot 10m grid cell and the LUHK 2024 10m raster. This step does not extract thermal temperatures, calculate delta-T, or run prediction. The current pilot stage is thermal-first: outputs are plotted on `_T.JPG` using thermal image geometry and `thermal_profile` assumptions when metadata does not provide FOV or sensor size. Visible `_V.JPG` overlays are deferred. The overlay remains an approximate first-pass visualization using the north-up rectangular footprint assumption.",100.0,"{""31"": 60.67379763815552, ""72"": 39.32620236184448}"
DJI_20260107143259_0005_T__thermal__r002_c019,20260107_Thermal_HKUST/DCIM/DJI_202601071424_001::DJI_20260107143259_0005,DJI_20260107143259_0005_V.JPG,DJI_20260107143259_0005_T.JPG,data/raw/hkust/20260107_Thermal_HKUST/DCIM/DJI_202601071424_001/DJI_20260107143259_0005_V.JPG,data/raw/hkust/20260107_Thermal_HKUST/DCIM/DJI_202601071424_001/DJI_20260107143259_0005_T.JPG,thermal,data/raw/hkust/20260107_Thermal_HKUST/DCIM/DJI_202601071424_001/DJI_20260107143259_0005_T.JPG,640,512,data/metadata/dji_image_metadata.csv,thermal_profile,EXIF/XMP focal length + focal_length_35mm-derived sensor size,12.0,52.0,35.99392244790114,29.13650161648791,7.79666547283578,6.237332378268624,derived from EXIF/XMP focal_length_35mm and target image aspect,399.28,True,2,19,845233.9326202362,845243.9326202362,822416.525865373,822426.525865373,845238.9326202362,822421.525865373,22.340847114628904,114.26395925022042,10.0,10.0,100.0,False,7,Woodland / shrubland / grassland / wetland,1.0,,,0.0,high_confidence,"Dominant LUHK land-use assigned by majority overlap between the pilot 10m grid cell and the LUHK 2024 10m raster. This step does not extract thermal temperatures, calculate delta-T, or run prediction. The current pilot stage is thermal-first: outputs are plotted on `_T.JPG` using thermal image geometry and `thermal_profile` assumptions when metadata does not provide FOV or sensor size. Visible `_V.JPG` overlays are deferred. The overlay remains an approximate first-pass visualization using the north-up rectangular footprint assumption.",100.0,"{""72"": 100.0}"
DJI_20260107143259_0005_T__thermal__r002_c020,20260107_Thermal_HKUST/DCIM/DJI_202601071424_001::DJI_20260107143259_0005,DJI_20260107143259_0005_V.JPG,DJI_20260107143259_0005_T.JPG,data/raw/hkust/20260107_Thermal_HKUST/DCIM/DJI_202601071424_001/DJI_20260107143259_0005_V.JPG,data/raw/hkust/20260107_Thermal_HKUST/DCIM/DJI_202601071424_001/DJI_20260107143259_0005_T.JPG,thermal,data/raw/hkust/20260107_Thermal_HKUST/DCIM/DJI_202601071424_001/DJI_20260107143259_0005_T.JPG,640,512,data/metadata/dji_image_metadata.csv,thermal_profile,EXIF/XMP focal length + focal_length_35mm-derived sensor size,12.0,52.0,35.99392244790114,29.13650161648791,7.79666547283578,6.237332378268624,derived from EXIF/XMP focal_length_35mm and target image aspect,399.28,True,2,20,845243.9326202362,845253.9326202362,822416.525865373,822426.525865373,845248.9326202362,822421.525865373,22.34084706239775,114.26405632463958,10.0,10.0,100.0,False,7,Woodland / shrubland / grassland / wetland,1.0,,,0.0,high_confidence,"Dominant LUHK land-use assigned by majority overlap between the pilot 10m grid cell and the LUHK 2024 10m raster. This step does not extract thermal temperatures, calculate delta-T, or run prediction. The current pilot stage is thermal-first: outputs are plotted on `_T.JPG` using thermal image geometry and `thermal_profile` assumptions when metadata does not provide FOV or sensor size. Visible `_V.JPG` overlays are deferred. The overlay remains an approximate first-pass visualization using the north-up rectangular footprint assumption.",100.0,"{""72"": 100.0}"
DJI_20260107143259_0005_T__thermal__r002_c021,20260107_Thermal_HKUST/DCIM/DJI_202601071424_001::DJI_20260107143259_0005,DJI_20260107143259_0005_V.JPG,DJI_20260107143259_0005_T.JPG,data/raw/hkust/20260107_Thermal_HKUST/DCIM/DJI_202601071424_001/DJI_20260107143259_0005_V.JPG,data/raw/hkust/20260107_Thermal_HKUST/DCIM/DJI_202601071424_001/DJI_20260107143259_0005_T.JPG,thermal,data/raw/hkust/20260107_Thermal_HKUST/DCIM/DJI_202601071424_001/DJI_20260107143259_0005_T.JPG,640,512,data/metadata/dji_image_metadata.csv,thermal_profile,EXIF/XMP focal length + focal_length_35mm-derived sensor size,12.0,52.0,35.99392244790114,29.13650161648791,7.79666547283578,6.237332378268624,derived from EXIF/XMP focal_length_35mm and target image aspect,399.28,True,2,21,845253.9326202362,845263.9326202362,822416.525865373,822426.525865373,845258.9326202362,822421.525865373,22.34084701010843,114.26415339905849,10.0,10.0,100.0,False,7,Woodland / shrubland / grassland / wetland,1.0,,,0.0,high_confidence,"Dominant LUHK land-use assigned by majority overlap between the pilot 10m grid cell and the LUHK 2024 10m raster. This step does not extract thermal temperatures, calculate delta-T, or run prediction. The current pilot stage is thermal-first: outputs are plotted on `_T.JPG` using thermal image geometry and `thermal_profile` assumptions when metadata does not provide FOV or sensor size. Visible `_V.JPG` overlays are deferred. The overlay remains an approximate first-pass visualization using the north-up rectangular footprint assumption.",100.0,"{""71"": 39.32620236184448, ""72"": 60.67379763815552}"
DJI_20260107143259_0005_T__thermal__r002_c022,20260107_Thermal_HKUST/DCIM/DJI_202601071424_001::DJI_20260107143259_0005,DJI_20260107143259_0005_V.JPG,DJI_20260107143259_0005_T.JPG,data/raw/hkust/20260107_Thermal_HKUST/DCIM/DJI_202601071424_001/DJI_20260107143259_0005_V.JPG,data/raw/hkust/20260107_Thermal_HKUST/DCIM/DJI_202601071424_001/DJI_20260107143259_0005_T.JPG,thermal,data/raw/hkust/20260107_Thermal_HKUST/DCIM/DJI_202601071424_001/DJI_20260107143259_0005_T.JPG,640,512,data/metadata/dji_image_metadata.csv,thermal_profile,EXIF/XMP focal length + focal_length_35mm-derived sensor size,12.0,52.0,35.99392244790114,29.13650161648791,7.79666547283578,6.237332378268624,derived from EXIF/XMP focal_length_35mm and target image aspect,399.28,True,2,22,845263.9326202362,845273.9326202362,822416.525865373,822426.525865373,845268.9326202362,822421.525865373,22.340846957760945,114.26425047347709,10.0,10.0,100.0,False,7,Woodland / shrubland / grassland / wetland,1.0,,,0.0,high_confidence,"Dominant LUHK land-use assigned by majority overlap between the pilot 10m grid cell and the LUHK 2024 10m raster. This step does not extract thermal temperatures, calculate delta-T, or run prediction. The current pilot stage is thermal-first: outputs are plotted on `_T.JPG` using thermal image geometry and `thermal_profile` assumptions when metadata does not provide FOV or sensor size. Visible `_V.JPG` overlays are deferred. The overlay remains an approximate first-pass visualization using the north-up rectangular footprint assumption.",100.0,"{""71"": 100.0}"
DJI_20260107143259_0005_T__thermal__r002_c023,20260107_Thermal_HKUST/DCIM/DJI_202601071424_001::DJI_20260107143259_0005,DJI_20260107143259_0005_V.JPG,DJI_20260107143259_0005_T.JPG,data/raw/hkust/20260107_Thermal_HKUST/DCIM/DJI_202601071424_001/DJI_20260107143259_0005_V.JPG,data/raw/hkust/20260107_Thermal_HKUST/DCIM/DJI_202601071424_001/DJI_20260107143259_0005_T.JPG,thermal,data/raw/hkust/20260107_Thermal_HKUST/DCIM/DJI_202601071424_001/DJI_20260107143259_0005_T.JPG,640,512,data/metadata/dji_image_metadata.csv,thermal_profile,EXIF/XMP focal length + focal_length_35mm-derived sensor size,12.0,52.0,35.99392244790114,29.13650161648791,7.79666547283578,6.237332378268624,derived from EXIF/XMP focal_length_35mm and target image aspect,399.28,True,2,23,845273.9326202362,845283.9326202362,822416.525865373,822426.525865373,845278.9326202362,822421.525865373,22.340846905355306,114.26434754789543,10.0,10.0,100.0,False,7,Woodland / shrubland / grassland / wetland,1.0,,,0.0,high_confidence,"Dominant LUHK land-use assigned by majority overlap between the pilot 10m grid cell and the LUHK 2024 10m raster. This step does not extract thermal temperatures, calculate delta-T, or run prediction. The current pilot stage is thermal-first: outputs are plotted on `_T.JPG` using thermal image geometry and `thermal_profile` assumptions when metadata does not provide FOV or sensor size. Visible `_V.JPG` overlays are deferred. The overlay remains an approximate first-pass visualization using the north-up rectangular footprint assumption.",100.0,"{""71"": 100.0}"
DJI_20260107143259_0005_T__thermal__r002_c024,20260107_Thermal_HKUST/DCIM/DJI_202601071424_001::DJI_20260107143259_0005,DJI_20260107143259_0005_V.JPG,DJI_20260107143259_0005_T.JPG,data/raw/hkust/20260107_Thermal_HKUST/DCIM/DJI_202601071424_001/DJI_20260107143259_0005_V.JPG,data/raw/hkust/20260107_Thermal_HKUST/DCIM/DJI_202601071424_001/DJI_20260107143259_0005_T.JPG,thermal,data/raw/hkust/20260107_Thermal_HKUST/DCIM/DJI_202601071424_001/DJI_20260107143259_0005_T.JPG,640,512,data/metadata/dji_image_metadata.csv,thermal_profile,EXIF/XMP focal length + focal_length_35mm-derived sensor size,12.0,52.0,35.99392244790114,29.13650161648791,7.79666547283578,6.237332378268624,derived from EXIF/XMP focal_length_35mm and target image aspect,399.28,True,2,24,845283.9326202362,845293.9326202362,822416.525865373,822426.525865373,845288.9326202362,822421.525865373,22.340846852891506,114.26444462231346,10.0,10.0,100.0,False,7,Woodland / shrubland / grassland / wetland,1.0,,,0.0,high_confidence,"Dominant LUHK land-use assigned by majority overlap between the pilot 10m grid cell and the LUHK 2024 10m raster. This step does not extract thermal temperatures, calculate delta-T, or run prediction. The current pilot stage is thermal-first: outputs are plotted on `_T.JPG` using thermal image geometry and `thermal_profile` assumptions when metadata does not provide FOV or sensor size. Visible `_V.JPG` overlays are deferred. The overlay remains an approximate first-pass visualization using the north-up rectangular footprint assumption.",100.0,"{""71"": 100.0}"
DJI_20260107143259_0005_T__thermal__r002_c025,20260107_Thermal_HKUST/DCIM/DJI_202601071424_001::DJI_20260107143259_0005,DJI_20260107143259_0005_V.JPG,DJI_20260107143259_0005_T.JPG,data/raw/hkust/20260107_Thermal_HKUST/DCIM/DJI_202601071424_001/DJI_20260107143259_0005_V.JPG,data/raw/hkust/20260107_Thermal_HKUST/DCIM/DJI_202601071424_001/DJI_20260107143259_0005_T.JPG,thermal,data/raw/hkust/20260107_Thermal_HKUST/DCIM/DJI_202601071424_001/DJI_20260107143259_0005_T.JPG,640,512,data/metadata/dji_image_metadata.csv,thermal_profile,EXIF/XMP focal length + focal_length_35mm-derived sensor size,12.0,52.0,35.99392244790114,29.13650161648791,7.79666547283578,6.237332378268624,derived from EXIF/XMP focal_length_35mm and target image aspect,399.28,True,2,25,845293.9326202362,845303.3536694024,822416.525865373,822426.525865373,845298.6431448193,822421.525865373,22.340846801890734,114.26453888666546,9.421049166237935,10.0,94.21049166237935,True,7,Woodland / shrubland / grassland / wetland,0.8763290712851349,5.0,Other urban / built-up land,0.1236709287148651,high_confidence,"Dominant LUHK land-use assigned by majority overlap between the pilot 10m grid cell and the LUHK 2024 10m raster. This step does not extract thermal temperatures, calculate delta-T, or run prediction. The current pilot stage is thermal-first: outputs are plotted on `_T.JPG` using thermal image geometry and `thermal_profile` assumptions when metadata does not provide FOV or sensor size. Visible `_V.JPG` overlays are deferred. The overlay remains an approximate first-pass visualization using the north-up rectangular footprint assumption.",94.21049166237935,"{""51"": 11.65109899857051, ""71"": 82.55939266380885}"
DJI_20260107143259_0005_T__thermal__r003_c000,20260107_Thermal_HKUST/DCIM/DJI_202601071424_001::DJI_20260107143259_0005,DJI_20260107143259_0005_V.JPG,DJI_20260107143259_0005_T.JPG,data/raw/hkust/20260107_Thermal_HKUST/DCIM/DJI_202601071424_001/DJI_20260107143259_0005_V.JPG,data/raw/hkust/20260107_Thermal_HKUST/DCIM/DJI_202601071424_001/DJI_20260107143259_0005_T.JPG,thermal,data/raw/hkust/20260107_Thermal_HKUST/DCIM/DJI_202601071424_001/DJI_20260107143259_0005_T.JPG,640,512,data/metadata/dji_image_metadata.csv,thermal_profile,EXIF/XMP focal length + focal_length_35mm-derived sensor size,12.0,52.0,35.99392244790114,29.13650161648791,7.79666547283578,6.237332378268624,derived from EXIF/XMP focal_length_35mm and target image aspect,399.28,True,3,0,845043.9326202362,845053.9326202362,822406.525865373,822416.525865373,845048.9326202362,822411.525865373,22.340757790360367,114.26211478127567,10.0,10.0,100.0,False,7,Woodland / shrubland / grassland / wetland,1.0,,,0.0,high_confidence,"Dominant LUHK land-use assigned by majority overlap between the pilot 10m grid cell and the LUHK 2024 10m raster. This step does not extract thermal temperatures, calculate delta-T, or run prediction. The current pilot stage is thermal-first: outputs are plotted on `_T.JPG` using thermal image geometry and `thermal_profile` assumptions when metadata does not provide FOV or sensor size. Visible `_V.JPG` overlays are deferred. The overlay remains an approximate first-pass visualization using the north-up rectangular footprint assumption.",100.0,"{""71"": 100.0}"
DJI_20260107143259_0005_T__thermal__r003_c001,20260107_Thermal_HKUST/DCIM/DJI_202601071424_001::DJI_20260107143259_0005,DJI_20260107143259_0005_V.JPG,DJI_20260107143259_0005_T.JPG,data/raw/hkust/20260107_Thermal_HKUST/DCIM/DJI_202601071424_001/DJI_20260107143259_0005_V.JPG,data/raw/hkust/20260107_Thermal_HKUST/DCIM/DJI_202601071424_001/DJI_20260107143259_0005_T.JPG,thermal,data/raw/hkust/20260107_Thermal_HKUST/DCIM/DJI_202601071424_001/DJI_20260107143259_0005_T.JPG,640,512,data/metadata/dji_image_metadata.csv,thermal_profile,EXIF/XMP focal length + focal_length_35mm-derived sensor size,12.0,52.0,35.99392244790114,29.13650161648791,7.79666547283578,6.237332378268624,derived from EXIF/XMP focal_length_35mm and target image aspect,399.28,True,3,1,845053.9326202362,845063.9326202362,822406.525865373,822416.525865373,845058.9326202362,822411.525865373,22.34075773923451,114.26221185563767,10.0,10.0,100.0,False,7,Woodland / shrubland / grassland / wetland,1.0,,,0.0,high_confidence,"Dominant LUHK land-use assigned by majority overlap between the pilot 10m grid cell and the LUHK 2024 10m raster. This step does not extract thermal temperatures, calculate delta-T, or run prediction. The current pilot stage is thermal-first: outputs are plotted on `_T.JPG` using thermal image geometry and `thermal_profile` assumptions when metadata does not provide FOV or sensor size. Visible `_V.JPG` overlays are deferred. The overlay remains an approximate first-pass visualization using the north-up rectangular footprint assumption.",100.0,"{""71"": 100.0}"
DJI_20260107143259_0005_T__thermal__r003_c002,20260107_Thermal_HKUST/DCIM/DJI_202601071424_001::DJI_20260107143259_0005,DJI_20260107143259_0005_V.JPG,DJI_20260107143259_0005_T.JPG,data/raw/hkust/20260107_Thermal_HKUST/DCIM/DJI_202601071424_001/DJI_20260107143259_0005_V.JPG,data/raw/hkust/20260107_Thermal_HKUST/DCIM/DJI_202601071424_001/DJI_20260107143259_0005_T.JPG,thermal,data/raw/hkust/20260107_Thermal_HKUST/DCIM/DJI_202601071424_001/DJI_20260107143259_0005_T.JPG,640,512,data/metadata/dji_image_metadata.csv,thermal_profile,EXIF/XMP focal length + focal_length_35mm-derived sensor size,12.0,52.0,35.99392244790114,29.13650161648791,7.79666547283578,6.237332378268624,derived from EXIF/XMP focal_length_35mm and target image aspect,399.28,True,3,2,845063.9326202362,845073.9326202362,822406.525865373,822416.525865373,845068.9326202362,822411.525865373,22.34075768805048,114.26230892999938,10.0,10.0,100.0,False,7,Woodland / shrubland / grassland / wetland,1.0,,,0.0,high_confidence,"Dominant LUHK land-use assigned by majority overlap between the pilot 10m grid cell and the LUHK 2024 10m raster. This step does not extract thermal temperatures, calculate delta-T, or run prediction. The current pilot stage is thermal-first: outputs are plotted on `_T.JPG` using thermal image geometry and `thermal_profile` assumptions when metadata does not provide FOV or sensor size. Visible `_V.JPG` overlays are deferred. The overlay remains an approximate first-pass visualization using the north-up rectangular footprint assumption.",100.0,"{""71"": 100.0}"
DJI_20260107143259_0005_T__thermal__r003_c003,20260107_Thermal_HKUST/DCIM/DJI_202601071424_001::DJI_20260107143259_0005,DJI_20260107143259_0005_V.JPG,DJI_20260107143259_0005_T.JPG,data/raw/hkust/20260107_Thermal_HKUST/DCIM/DJI_202601071424_001/DJI_20260107143259_0005_V.JPG,data/raw/hkust/20260107_Thermal_HKUST/DCIM/DJI_202601071424_001/DJI_20260107143259_0005_T.JPG,thermal,data/raw/hkust/20260107_Thermal_HKUST/DCIM/DJI_202601071424_001/DJI_20260107143259_0005_T.JPG,640,512,data/metadata/dji_image_metadata.csv,thermal_profile,EXIF/XMP focal length + focal_length_35mm-derived sensor size,12.0,52.0,35.99392244790114,29.13650161648791,7.79666547283578,6.237332378268624,derived from EXIF/XMP focal_length_35mm and target image aspect,399.28,True,3,3,845073.9326202362,845083.9326202362,822406.525865373,822416.525865373,845078.9326202362,822411.525865373,22.340757636808295,114.2624060043608,10.0,10.0,100.0,False,7,Woodland / shrubland / grassland / wetland,1.0,,,0.0,high_confidence,"Dominant LUHK land-use assigned by majority overlap between the pilot 10m grid cell and the LUHK 2024 10m raster. This step does not extract thermal temperatures, calculate delta-T, or run prediction. The current pilot stage is thermal-first: outputs are plotted on `_T.JPG` using thermal image geometry and `thermal_profile` assumptions when metadata does not provide FOV or sensor size. Visible `_V.JPG` overlays are deferred. The overlay remains an approximate first-pass visualization using the north-up rectangular footprint assumption.",100.0,"{""71"": 100.0}"
DJI_20260107143259_0005_T__thermal__r003_c004,20260107_Thermal_HKUST/DCIM/DJI_202601071424_001::DJI_20260107143259_0005,DJI_20260107143259_0005_V.JPG,DJI_20260107143259_0005_T.JPG,data/raw/hkust/20260107_Thermal_HKUST/DCIM/DJI_202601071424_001/DJI_20260107143259_0005_V.JPG,data/raw/hkust/20260107_Thermal_HKUST/DCIM/DJI_202601071424_001/DJI_20260107143259_0005_T.JPG,thermal,data/raw/hkust/20260107_Thermal_HKUST/DCIM/DJI_202601071424_001/DJI_20260107143259_0005_T.JPG,640,512,data/metadata/dji_image_metadata.csv,thermal_profile,EXIF/XMP focal length + focal_length_35mm-derived sensor size,12.0,52.0,35.99392244790114,29.13650161648791,7.79666547283578,6.237332378268624,derived from EXIF/XMP focal_length_35mm and target image aspect,399.28,True,3,4,845083.9326202362,845093.9326202362,822406.525865373,822416.525865373,845088.9326202362,822411.525865373,22.340757585507948,114.26250307872195,10.0,10.0,100.0,False,7,Woodland / shrubland / grassland / wetland,1.0,,,0.0,high_confidence,"Dominant LUHK land-use assigned by majority overlap between the pilot 10m grid cell and the LUHK 2024 10m raster. This step does not extract thermal temperatures, calculate delta-T, or run prediction. The current pilot stage is thermal-first: outputs are plotted on `_T.JPG` using thermal image geometry and `thermal_profile` assumptions when metadata does not provide FOV or sensor size. Visible `_V.JPG` overlays are deferred. The overlay remains an approximate first-pass visualization using the north-up rectangular footprint assumption.",100.0,"{""71"": 86.33754786250815, ""72"": 13.66245213749186}"
DJI_20260107143259_0005_T__thermal__r003_c005,20260107_Thermal_HKUST/DCIM/DJI_202601071424_001::DJI_20260107143259_0005,DJI_20260107143259_0005_V.JPG,DJI_20260107143259_0005_T.JPG,data/raw/hkust/20260107_Thermal_HKUST/DCIM/DJI_202601071424_001/DJI_20260107143259_0005_V.JPG,data/raw/hkust/20260107_Thermal_HKUST/DCIM/DJI_202601071424_001/DJI_20260107143259_0005_T.JPG,thermal,data/raw/hkust/20260107_Thermal_HKUST/DCIM/DJI_202601071424_001/DJI_20260107143259_0005_T.JPG,640,512,data/metadata/dji_image_metadata.csv,thermal_profile,EXIF/XMP focal length + focal_length_35mm-derived sensor size,12.0,52.0,35.99392244790114,29.13650161648791,7.79666547283578,6.237332378268624,derived from EXIF/XMP focal_length_35mm and target image aspect,399.28,True,3,5,845093.9326202362,845103.9326202362,822406.525865373,822416.525865373,845098.9326202362,822411.525865373,22.340757534149443,114.26260015308283,10.0,10.0,100.0,False,7,Woodland / shrubland / grassland / wetland,1.0,,,0.0,high_confidence,"Dominant LUHK land-use assigned by majority overlap between the pilot 10m grid cell and the LUHK 2024 10m raster. This step does not extract thermal temperatures, calculate delta-T, or run prediction. The current pilot stage is thermal-first: outputs are plotted on `_T.JPG` using thermal image geometry and `thermal_profile` assumptions when metadata does not provide FOV or sensor size. Visible `_V.JPG` overlays are deferred. The overlay remains an approximate first-pass visualization using the north-up rectangular footprint assumption.",100.0,"{""71"": 39.59490350533576, ""72"": 60.40509649466425}"
DJI_20260107143259_0005_T__thermal__r003_c006,20260107_Thermal_HKUST/DCIM/DJI_202601071424_001::DJI_20260107143259_0005,DJI_20260107143259_0005_V.JPG,DJI_20260107143259_0005_T.JPG,data/raw/hkust/20260107_Thermal_HKUST/DCIM/DJI_202601071424_001/DJI_20260107143259_0005_V.JPG,data/raw/hkust/20260107_Thermal_HKUST/DCIM/DJI_202601071424_001/DJI_20260107143259_0005_T.JPG,thermal,data/raw/hkust/20260107_Thermal_HKUST/DCIM/DJI_202601071424_001/DJI_20260107143259_0005_T.JPG,640,512,data/metadata/dji_image_metadata.csv,thermal_profile,EXIF/XMP focal length + focal_length_35mm-derived sensor size,12.0,52.0,35.99392244790114,29.13650161648791,7.79666547283578,6.237332378268624,derived from EXIF/XMP focal_length_35mm and target image aspect,399.28,True,3,6,845103.9326202362,845113.9326202362,822406.525865373,822416.525865373,845108.9326202362,822411.525865373,22.340757482732776,114.26269722744343,10.0,10.0,100.0,False,7,Woodland / shrubland / grassland / wetland,0.8633754786250815,3.0,GIC / open space,0.1366245213749186,high_confidence,"Dominant LUHK land-use assigned by majority overlap between the pilot 10m grid cell and the LUHK 2024 10m raster. This step does not extract thermal temperatures, calculate delta-T, or run prediction. The current pilot stage is thermal-first: outputs are plotted on `_T.JPG` using thermal image geometry and `thermal_profile` assumptions when metadata does not provide FOV or sensor size. Visible `_V.JPG` overlays are deferred. The overlay remains an approximate first-pass visualization using the north-up rectangular footprint assumption.",100.0,"{""31"": 13.66245213749186, ""71"": 25.663750224352622, ""72"": 60.67379763815552}"
DJI_20260107143259_0005_T__thermal__r003_c007,20260107_Thermal_HKUST/DCIM/DJI_202601071424_001::DJI_20260107143259_0005,DJI_20260107143259_0005_V.JPG,DJI_20260107143259_0005_T.JPG,data/raw/hkust/20260107_Thermal_HKUST/DCIM/DJI_202601071424_001/DJI_20260107143259_0005_V.JPG,data/raw/hkust/20260107_Thermal_HKUST/DCIM/DJI_202601071424_001/DJI_20260107143259_0005_T.JPG,thermal,data/raw/hkust/20260107_Thermal_HKUST/DCIM/DJI_202601071424_001/DJI_20260107143259_0005_T.JPG,640,512,data/metadata/dji_image_metadata.csv,thermal_profile,EXIF/XMP focal length + focal_length_35mm-derived sensor size,12.0,52.0,35.99392244790114,29.13650161648791,7.79666547283578,6.237332378268624,derived from EXIF/XMP focal_length_35mm and target image aspect,399.28,True,3,7,845113.9326202362,845123.9326202362,822406.525865373,822416.525865373,845118.9326202362,822411.525865373,22.340757431257945,114.26279430180375,10.0,10.0,100.0,False,7,Woodland / shrubland / grassland / wetland,0.6525865372968838,3.0,GIC / open space,0.34741346270311624,medium_confidence,"Dominant LUHK land-use assigned by majority overlap between the pilot 10m grid cell and the LUHK 2024 10m raster. This step does not extract thermal temperatures, calculate delta-T, or run prediction. The current pilot stage is thermal-first: outputs are plotted on `_T.JPG` using thermal image geometry and `thermal_profile` assumptions when metadata does not provide FOV or sensor size. Visible `_V.JPG` overlays are deferred. The overlay remains an approximate first-pass visualization using the north-up rectangular footprint assumption.",100.0,"{""31"": 34.741346270311624, ""71"": 39.59490350533576, ""72"": 25.663750224352622}"
DJI_20260107143259_0005_T__thermal__r003_c008,20260107_Thermal_HKUST/DCIM/DJI_202601071424_001::DJI_20260107143259_0005,DJI_20260107143259_0005_V.JPG,DJI_20260107143259_0005_T.JPG,data/raw/hkust/20260107_Thermal_HKUST/DCIM/DJI_202601071424_001/DJI_20260107143259_0005_V.JPG,data/raw/hkust/20260107_Thermal_HKUST/DCIM/DJI_202601071424_001/DJI_20260107143259_0005_T.JPG,thermal,data/raw/hkust/20260107_Thermal_HKUST/DCIM/DJI_202601071424_001/DJI_20260107143259_0005_T.JPG,640,512,data/metadata/dji_image_metadata.csv,thermal_profile,EXIF/XMP focal length + focal_length_35mm-derived sensor size,12.0,52.0,35.99392244790114,29.13650161648791,7.79666547283578,6.237332378268624,derived from EXIF/XMP focal_length_35mm and target image aspect,399.28,True,3,8,845123.9326202362,845133.9326202362,822406.525865373,822416.525865373,845128.9326202362,822411.525865373,22.34075737972495,114.26289137616376,10.0,10.0,100.0,False,7,Woodland / shrubland / grassland / wetland,0.6525865372968838,3.0,GIC / open space,0.34741346270311624,medium_confidence,"Dominant LUHK land-use assigned by majority overlap between the pilot 10m grid cell and the LUHK 2024 10m raster. This step does not extract thermal temperatures, calculate delta-T, or run prediction. The current pilot stage is thermal-first: outputs are plotted on `_T.JPG` using thermal image geometry and `thermal_profile` assumptions when metadata does not provide FOV or sensor size. Visible `_V.JPG` overlays are deferred. The overlay remains an approximate first-pass visualization using the north-up rectangular footprint assumption.",100.0,"{""31"": 34.741346270311624, ""72"": 65.25865372968838}"
DJI_20260107143259_0005_T__thermal__r003_c009,20260107_Thermal_HKUST/DCIM/DJI_202601071424_001::DJI_20260107143259_0005,DJI_20260107143259_0005_V.JPG,DJI_20260107143259_0005_T.JPG,data/raw/hkust/20260107_Thermal_HKUST/DCIM/DJI_202601071424_001/DJI_20260107143259_0005_V.JPG,data/raw/hkust/20260107_Thermal_HKUST/DCIM/DJI_202601071424_001/DJI_20260107143259_0005_T.JPG,thermal,data/raw/hkust/20260107_Thermal_HKUST/DCIM/DJI_202601071424_001/DJI_20260107143259_0005_T.JPG,640,512,data/metadata/dji_image_metadata.csv,thermal_profile,EXIF/XMP focal length + focal_length_35mm-derived sensor size,12.0,52.0,35.99392244790114,29.13650161648791,7.79666547283578,6.237332378268624,derived from EXIF/XMP focal_length_35mm and target image aspect,399.28,True,3,9,845133.9326202362,845143.9326202362,822406.525865373,822416.525865373,845138.9326202362,822411.525865373,22.3407573281338,114.26298845052352,10.0,10.0,100.0,False,7,Woodland / shrubland / grassland / wetland,0.7892110586718023,3.0,GIC / open space,0.21078894132819767,medium_confidence,"Dominant LUHK land-use assigned by majority overlap between the pilot 10m grid cell and the LUHK 2024 10m raster. This step does not extract thermal temperatures, calculate delta-T, or run prediction. The current pilot stage is thermal-first: outputs are plotted on `_T.JPG` using thermal image geometry and `thermal_profile` assumptions when metadata does not provide FOV or sensor size. Visible `_V.JPG` overlays are deferred. The overlay remains an approximate first-pass visualization using the north-up rectangular footprint assumption.",100.0,"{""31"": 21.078894132819766, ""72"": 78.92110586718023}"
DJI_20260107143259_0005_T__thermal__r003_c010,20260107_Thermal_HKUST/DCIM/DJI_202601071424_001::DJI_20260107143259_0005,DJI_20260107143259_0005_V.JPG,DJI_20260107143259_0005_T.JPG,data/raw/hkust/20260107_Thermal_HKUST/DCIM/DJI_202601071424_001/DJI_20260107143259_0005_V.JPG,data/raw/hkust/20260107_Thermal_HKUST/DCIM/DJI_202601071424_001/DJI_20260107143259_0005_T.JPG,thermal,data/raw/hkust/20260107_Thermal_HKUST/DCIM/DJI_202601071424_001/DJI_20260107143259_0005_T.JPG,640,512,data/metadata/dji_image_metadata.csv,thermal_profile,EXIF/XMP focal length + focal_length_35mm-derived sensor size,12.0,52.0,35.99392244790114,29.13650161648791,7.79666547283578,6.237332378268624,derived from EXIF/XMP focal_length_35mm and target image aspect,399.28,True,3,10,845143.9326202362,845153.9326202362,822406.525865373,822416.525865373,845148.9326202362,822411.525865373,22.340757276484492,114.263085524883,10.0,10.0,100.0,False,7,Woodland / shrubland / grassland / wetland,1.0,,,0.0,high_confidence,"Dominant LUHK land-use assigned by majority overlap between the pilot 10m grid cell and the LUHK 2024 10m raster. This step does not extract thermal temperatures, calculate delta-T, or run prediction. The current pilot stage is thermal-first: outputs are plotted on `_T.JPG` using thermal image geometry and `thermal_profile` assumptions when metadata does not provide FOV or sensor size. Visible `_V.JPG` overlays are deferred. The overlay remains an approximate first-pass visualization using the north-up rectangular footprint assumption.",100.0,"{""72"": 100.0}"
DJI_20260107143259_0005_T__thermal__r003_c011,20260107_Thermal_HKUST/DCIM/DJI_202601071424_001::DJI_20260107143259_0005,DJI_20260107143259_0005_V.JPG,DJI_20260107143259_0005_T.JPG,data/raw/hkust/20260107_Thermal_HKUST/DCIM/DJI_202601071424_001/DJI_20260107143259_0005_V.JPG,data/raw/hkust/20260107_Thermal_HKUST/DCIM/DJI_202601071424_001/DJI_20260107143259_0005_T.JPG,thermal,data/raw/hkust/20260107_Thermal_HKUST/DCIM/DJI_202601071424_001/DJI_20260107143259_0005_T.JPG,640,512,data/metadata/dji_image_metadata.csv,thermal_profile,EXIF/XMP focal length + focal_length_35mm-derived sensor size,12.0,52.0,35.99392244790114,29.13650161648791,7.79666547283578,6.237332378268624,derived from EXIF/XMP focal_length_35mm and target image aspect,399.28,True,3,11,845153.9326202362,845163.9326202362,822406.525865373,822416.525865373,845158.9326202362,822411.525865373,22.34075722477701,114.26318259924219,10.0,10.0,100.0,False,7,Woodland / shrubland / grassland / wetland,0.8633754786250815,3.0,GIC / open space,0.1366245213749186,high_confidence,"Dominant LUHK land-use assigned by majority overlap between the pilot 10m grid cell and the LUHK 2024 10m raster. This step does not extract thermal temperatures, calculate delta-T, or run prediction. The current pilot stage is thermal-first: outputs are plotted on `_T.JPG` using thermal image geometry and `thermal_profile` assumptions when metadata does not provide FOV or sensor size. Visible `_V.JPG` overlays are deferred. The overlay remains an approximate first-pass visualization using the north-up rectangular footprint assumption.",100.0,"{""31"": 13.66245213749186, ""72"": 86.33754786250815}"
DJI_20260107143259_0005_T__thermal__r003_c012,20260107_Thermal_HKUST/DCIM/DJI_202601071424_001::DJI_20260107143259_0005,DJI_20260107143259_0005_V.JPG,DJI_20260107143259_0005_T.JPG,data/raw/hkust/20260107_Thermal_HKUST/DCIM/DJI_202601071424_001/DJI_20260107143259_0005_V.JPG,data/raw/hkust/20260107_Thermal_HKUST/DCIM/DJI_202601071424_001/DJI_20260107143259_0005_T.JPG,thermal,data/raw/hkust/20260107_Thermal_HKUST/DCIM/DJI_202601071424_001/DJI_20260107143259_0005_T.JPG,640,512,data/metadata/dji_image_metadata.csv,thermal_profile,EXIF/XMP focal length + focal_length_35mm-derived sensor size,12.0,52.0,35.99392244790114,29.13650161648791,7.79666547283578,6.237332378268624,derived from EXIF/XMP focal_length_35mm and target image aspect,399.28,True,3,12,845163.9326202362,845173.9326202362,822406.525865373,822416.525865373,845168.9326202362,822411.525865373,22.340757173011372,114.2632796736011,10.0,10.0,100.0,False,3,GIC / open space,0.6040509649466425,7.0,Woodland / shrubland / grassland / wetland,0.3959490350533576,medium_confidence,"Dominant LUHK land-use assigned by majority overlap between the pilot 10m grid cell and the LUHK 2024 10m raster. This step does not extract thermal temperatures, calculate delta-T, or run prediction. The current pilot stage is thermal-first: outputs are plotted on `_T.JPG` using thermal image geometry and `thermal_profile` assumptions when metadata does not provide FOV or sensor size. Visible `_V.JPG` overlays are deferred. The overlay remains an approximate first-pass visualization using the north-up rectangular footprint assumption.",100.0,"{""31"": 60.40509649466425, ""72"": 39.59490350533576}"
DJI_20260107143259_0005_T__thermal__r003_c013,20260107_Thermal_HKUST/DCIM/DJI_202601071424_001::DJI_20260107143259_0005,DJI_20260107143259_0005_V.JPG,DJI_20260107143259_0005_T.JPG,data/raw/hkust/20260107_Thermal_HKUST/DCIM/DJI_202601071424_001/DJI_20260107143259_0005_V.JPG,data/raw/hkust/20260107_Thermal_HKUST/DCIM/DJI_202601071424_001/DJI_20260107143259_0005_T.JPG,thermal,data/raw/hkust/20260107_Thermal_HKUST/DCIM/DJI_202601071424_001/DJI_20260107143259_0005_T.JPG,640,512,data/metadata/dji_image_metadata.csv,thermal_profile,EXIF/XMP focal length + focal_length_35mm-derived sensor size,12.0,52.0,35.99392244790114,29.13650161648791,7.79666547283578,6.237332378268624,derived from EXIF/XMP focal_length_35mm and target image aspect,399.28,True,3,13,845173.9326202362,845183.9326202362,822406.525865373,822416.525865373,845178.9326202362,822411.525865373,22.340757121187572,114.26337674795974,10.0,10.0,100.0,False,3,GIC / open space,1.0,,,0.0,high_confidence,"Dominant LUHK land-use assigned by majority overlap between the pilot 10m grid cell and the LUHK 2024 10m raster. This step does not extract thermal temperatures, calculate delta-T, or run prediction. The current pilot stage is thermal-first: outputs are plotted on `_T.JPG` using thermal image geometry and `thermal_profile` assumptions when metadata does not provide FOV or sensor size. Visible `_V.JPG` overlays are deferred. The overlay remains an approximate first-pass visualization using the north-up rectangular footprint assumption.",100.0,"{""31"": 100.0}"
DJI_20260107143259_0005_T__thermal__r003_c014,20260107_Thermal_HKUST/DCIM/DJI_202601071424_001::DJI_20260107143259_0005,DJI_20260107143259_0005_V.JPG,DJI_20260107143259_0005_T.JPG,data/raw/hkust/20260107_Thermal_HKUST/DCIM/DJI_202601071424_001/DJI_20260107143259_0005_V.JPG,data/raw/hkust/20260107_Thermal_HKUST/DCIM/DJI_202601071424_001/DJI_20260107143259_0005_T.JPG,thermal,data/raw/hkust/20260107_Thermal_HKUST/DCIM/DJI_202601071424_001/DJI_20260107143259_0005_T.JPG,640,512,data/metadata/dji_image_metadata.csv,thermal_profile,EXIF/XMP focal length + focal_length_35mm-derived sensor size,12.0,52.0,35.99392244790114,29.13650161648791,7.79666547283578,6.237332378268624,derived from EXIF/XMP focal_length_35mm and target image aspect,399.28,True,3,14,845183.9326202362,845193.9326202362,822406.525865373,822416.525865373,845188.9326202362,822411.525865373,22.340757069305607,114.26347382231809,10.0,10.0,100.0,False,3,GIC / open space,1.0,,,0.0,high_confidence,"Dominant LUHK land-use assigned by majority overlap between the pilot 10m grid cell and the LUHK 2024 10m raster. This step does not extract thermal temperatures, calculate delta-T, or run prediction. The current pilot stage is thermal-first: outputs are plotted on `_T.JPG` using thermal image geometry and `thermal_profile` assumptions when metadata does not provide FOV or sensor size. Visible `_V.JPG` overlays are deferred. The overlay remains an approximate first-pass visualization using the north-up rectangular footprint assumption.",100.0,"{""31"": 100.0}"
DJI_20260107143259_0005_T__thermal__r003_c015,20260107_Thermal_HKUST/DCIM/DJI_202601071424_001::DJI_20260107143259_0005,DJI_20260107143259_0005_V.JPG,DJI_20260107143259_0005_T.JPG,data/raw/hkust/20260107_Thermal_HKUST/DCIM/DJI_202601071424_001/DJI_20260107143259_0005_V.JPG,data/raw/hkust/20260107_Thermal_HKUST/DCIM/DJI_202601071424_001/DJI_20260107143259_0005_T.JPG,thermal,data/raw/hkust/20260107_Thermal_HKUST/DCIM/DJI_202601071424_001/DJI_20260107143259_0005_T.JPG,640,512,data/metadata/dji_image_metadata.csv,thermal_profile,EXIF/XMP focal length + focal_length_35mm-derived sensor size,12.0,52.0,35.99392244790114,29.13650161648791,7.79666547283578,6.237332378268624,derived from EXIF/XMP focal_length_35mm and target image aspect,399.28,True,3,15,845193.9326202362,845203.9326202362,822406.525865373,822416.525865373,845198.9326202362,822411.525865373,22.340757017365494,114.26357089667614,10.0,10.0,100.0,False,3,GIC / open space,1.0,,,0.0,high_confidence,"Dominant LUHK land-use assigned by majority overlap between the pilot 10m grid cell and the LUHK 2024 10m raster. This step does not extract thermal temperatures, calculate delta-T, or run prediction. The current pilot stage is thermal-first: outputs are plotted on `_T.JPG` using thermal image geometry and `thermal_profile` assumptions when metadata does not provide FOV or sensor size. Visible `_V.JPG` overlays are deferred. The overlay remains an approximate first-pass visualization using the north-up rectangular footprint assumption.",100.0,"{""31"": 100.0}"
DJI_20260107143259_0005_T__thermal__r003_c016,20260107_Thermal_HKUST/DCIM/DJI_202601071424_001::DJI_20260107143259_0005,DJI_20260107143259_0005_V.JPG,DJI_20260107143259_0005_T.JPG,data/raw/hkust/20260107_Thermal_HKUST/DCIM/DJI_202601071424_001/DJI_20260107143259_0005_V.JPG,data/raw/hkust/20260107_Thermal_HKUST/DCIM/DJI_202601071424_001/DJI_20260107143259_0005_T.JPG,thermal,data/raw/hkust/20260107_Thermal_HKUST/DCIM/DJI_202601071424_001/DJI_20260107143259_0005_T.JPG,640,512,data/metadata/dji_image_metadata.csv,thermal_profile,EXIF/XMP focal length + focal_length_35mm-derived sensor size,12.0,52.0,35.99392244790114,29.13650161648791,7.79666547283578,6.237332378268624,derived from EXIF/XMP focal_length_35mm and target image aspect,399.28,True,3,16,845203.9326202362,845213.9326202362,822406.525865373,822416.525865373,845208.9326202362,822411.525865373,22.340756965367213,114.26366797103394,10.0,10.0,100.0,False,3,GIC / open space,1.0,,,0.0,high_confidence,"Dominant LUHK land-use assigned by majority overlap between the pilot 10m grid cell and the LUHK 2024 10m raster. This step does not extract thermal temperatures, calculate delta-T, or run prediction. The current pilot stage is thermal-first: outputs are plotted on `_T.JPG` using thermal image geometry and `thermal_profile` assumptions when metadata does not provide FOV or sensor size. Visible `_V.JPG` overlays are deferred. The overlay remains an approximate first-pass visualization using the north-up rectangular footprint assumption.",100.0,"{""31"": 100.0}"
DJI_20260107143259_0005_T__thermal__r003_c017,20260107_Thermal_HKUST/DCIM/DJI_202601071424_001::DJI_20260107143259_0005,DJI_20260107143259_0005_V.JPG,DJI_20260107143259_0005_T.JPG,data/raw/hkust/20260107_Thermal_HKUST/DCIM/DJI_202601071424_001/DJI_20260107143259_0005_V.JPG,data/raw/hkust/20260107_Thermal_HKUST/DCIM/DJI_202601071424_001/DJI_20260107143259_0005_T.JPG,thermal,data/raw/hkust/20260107_Thermal_HKUST/DCIM/DJI_202601071424_001/DJI_20260107143259_0005_T.JPG,640,512,data/metadata/dji_image_metadata.csv,thermal_profile,EXIF/XMP focal length + focal_length_35mm-derived sensor size,12.0,52.0,35.99392244790114,29.13650161648791,7.79666547283578,6.237332378268624,derived from EXIF/XMP focal_length_35mm and target image aspect,399.28,True,3,17,845213.9326202362,845223.9326202362,822406.525865373,822416.525865373,845218.9326202362,822411.525865373,22.340756913310763,114.26376504539144,10.0,10.0,100.0,False,3,GIC / open space,1.0,,,0.0,high_confidence,"Dominant LUHK land-use assigned by majority overlap between the pilot 10m grid cell and the LUHK 2024 10m raster. This step does not extract thermal temperatures, calculate delta-T, or run prediction. The current pilot stage is thermal-first: outputs are plotted on `_T.JPG` using thermal image geometry and `thermal_profile` assumptions when metadata does not provide FOV or sensor size. Visible `_V.JPG` overlays are deferred. The overlay remains an approximate first-pass visualization using the north-up rectangular footprint assumption.",100.0,"{""31"": 100.0}"
DJI_20260107143259_0005_T__thermal__r003_c018,20260107_Thermal_HKUST/DCIM/DJI_202601071424_001::DJI_20260107143259_0005,DJI_20260107143259_0005_V.JPG,DJI_20260107143259_0005_T.JPG,data/raw/hkust/20260107_Thermal_HKUST/DCIM/DJI_202601071424_001/DJI_20260107143259_0005_V.JPG,data/raw/hkust/20260107_Thermal_HKUST/DCIM/DJI_202601071424_001/DJI_20260107143259_0005_T.JPG,thermal,data/raw/hkust/20260107_Thermal_HKUST/DCIM/DJI_202601071424_001/DJI_20260107143259_0005_T.JPG,640,512,data/metadata/dji_image_metadata.csv,thermal_profile,EXIF/XMP focal length + focal_length_35mm-derived sensor size,12.0,52.0,35.99392244790114,29.13650161648791,7.79666547283578,6.237332378268624,derived from EXIF/XMP focal_length_35mm and target image aspect,399.28,True,3,18,845223.9326202362,845233.9326202362,822406.525865373,822416.525865373,845228.9326202362,822411.525865373,22.340756861196162,114.26386211974867,10.0,10.0,100.0,False,3,GIC / open space,0.6067379763815552,7.0,Woodland / shrubland / grassland / wetland,0.3932620236184448,medium_confidence,"Dominant LUHK land-use assigned by majority overlap between the pilot 10m grid cell and the LUHK 2024 10m raster. This step does not extract thermal temperatures, calculate delta-T, or run prediction. The current pilot stage is thermal-first: outputs are plotted on `_T.JPG` using thermal image geometry and `thermal_profile` assumptions when metadata does not provide FOV or sensor size. Visible `_V.JPG` overlays are deferred. The overlay remains an approximate first-pass visualization using the north-up rectangular footprint assumption.",100.0,"{""31"": 60.67379763815552, ""72"": 39.32620236184448}"
DJI_20260107143259_0005_T__thermal__r003_c019,20260107_Thermal_HKUST/DCIM/DJI_202601071424_001::DJI_20260107143259_0005,DJI_20260107143259_0005_V.JPG,DJI_20260107143259_0005_T.JPG,data/raw/hkust/20260107_Thermal_HKUST/DCIM/DJI_202601071424_001/DJI_20260107143259_0005_V.JPG,data/raw/hkust/20260107_Thermal_HKUST/DCIM/DJI_202601071424_001/DJI_20260107143259_0005_T.JPG,thermal,data/raw/hkust/20260107_Thermal_HKUST/DCIM/DJI_202601071424_001/DJI_20260107143259_0005_T.JPG,640,512,data/metadata/dji_image_metadata.csv,thermal_profile,EXIF/XMP focal length + focal_length_35mm-derived sensor size,12.0,52.0,35.99392244790114,29.13650161648791,7.79666547283578,6.237332378268624,derived from EXIF/XMP focal_length_35mm and target image aspect,399.28,True,3,19,845233.9326202362,845243.9326202362,822406.525865373,822416.525865373,845238.9326202362,822411.525865373,22.3407568090234,114.26395919410561,10.0,10.0,100.0,False,7,Woodland / shrubland / grassland / wetland,1.0,,,0.0,high_confidence,"Dominant LUHK land-use assigned by majority overlap between the pilot 10m grid cell and the LUHK 2024 10m raster. This step does not extract thermal temperatures, calculate delta-T, or run prediction. The current pilot stage is thermal-first: outputs are plotted on `_T.JPG` using thermal image geometry and `thermal_profile` assumptions when metadata does not provide FOV or sensor size. Visible `_V.JPG` overlays are deferred. The overlay remains an approximate first-pass visualization using the north-up rectangular footprint assumption.",100.0,"{""72"": 100.0}"
DJI_20260107143259_0005_T__thermal__r003_c020,20260107_Thermal_HKUST/DCIM/DJI_202601071424_001::DJI_20260107143259_0005,DJI_20260107143259_0005_V.JPG,DJI_20260107143259_0005_T.JPG,data/raw/hkust/20260107_Thermal_HKUST/DCIM/DJI_202601071424_001/DJI_20260107143259_0005_V.JPG,data/raw/hkust/20260107_Thermal_HKUST/DCIM/DJI_202601071424_001/DJI_20260107143259_0005_T.JPG,thermal,data/raw/hkust/20260107_Thermal_HKUST/DCIM/DJI_202601071424_001/DJI_20260107143259_0005_T.JPG,640,512,data/metadata/dji_image_metadata.csv,thermal_profile,EXIF/XMP focal length + focal_length_35mm-derived sensor size,12.0,52.0,35.99392244790114,29.13650161648791,7.79666547283578,6.237332378268624,derived from EXIF/XMP focal_length_35mm and target image aspect,399.28,True,3,20,845243.9326202362,845253.9326202362,822406.525865373,822416.525865373,845248.9326202362,822411.525865373,22.340756756792473,114.26405626846226,10.0,10.0,100.0,False,7,Woodland / shrubland / grassland / wetland,1.0,,,0.0,high_confidence,"Dominant LUHK land-use assigned by majority overlap between the pilot 10m grid cell and the LUHK 2024 10m raster. This step does not extract thermal temperatures, calculate delta-T, or run prediction. The current pilot stage is thermal-first: outputs are plotted on `_T.JPG` using thermal image geometry and `thermal_profile` assumptions when metadata does not provide FOV or sensor size. Visible `_V.JPG` overlays are deferred. The overlay remains an approximate first-pass visualization using the north-up rectangular footprint assumption.",100.0,"{""72"": 100.0}"
DJI_20260107143259_0005_T__thermal__r003_c021,20260107_Thermal_HKUST/DCIM/DJI_202601071424_001::DJI_20260107143259_0005,DJI_20260107143259_0005_V.JPG,DJI_20260107143259_0005_T.JPG,data/raw/hkust/20260107_Thermal_HKUST/DCIM/DJI_202601071424_001/DJI_20260107143259_0005_V.JPG,data/raw/hkust/20260107_Thermal_HKUST/DCIM/DJI_202601071424_001/DJI_20260107143259_0005_T.JPG,thermal,data/raw/hkust/20260107_Thermal_HKUST/DCIM/DJI_202601071424_001/DJI_20260107143259_0005_T.JPG,640,512,data/metadata/dji_image_metadata.csv,thermal_profile,EXIF/XMP focal length + focal_length_35mm-derived sensor size,12.0,52.0,35.99392244790114,29.13650161648791,7.79666547283578,6.237332378268624,derived from EXIF/XMP focal_length_35mm and target image aspect,399.28,True,3,21,845253.9326202362,845263.9326202362,822406.525865373,822416.525865373,845258.9326202362,822411.525865373,22.340756704503374,114.26415334281863,10.0,10.0,100.0,False,7,Woodland / shrubland / grassland / wetland,1.0,,,0.0,high_confidence,"Dominant LUHK land-use assigned by majority overlap between the pilot 10m grid cell and the LUHK 2024 10m raster. This step does not extract thermal temperatures, calculate delta-T, or run prediction. The current pilot stage is thermal-first: outputs are plotted on `_T.JPG` using thermal image geometry and `thermal_profile` assumptions when metadata does not provide FOV or sensor size. Visible `_V.JPG` overlays are deferred. The overlay remains an approximate first-pass visualization using the north-up rectangular footprint assumption.",100.0,"{""71"": 25.663750224352622, ""72"": 74.33624977564737}"
DJI_20260107143259_0005_T__thermal__r003_c022,20260107_Thermal_HKUST/DCIM/DJI_202601071424_001::DJI_20260107143259_0005,DJI_20260107143259_0005_V.JPG,DJI_20260107143259_0005_T.JPG,data/raw/hkust/20260107_Thermal_HKUST/DCIM/DJI_202601071424_001/DJI_20260107143259_0005_V.JPG,data/raw/hkust/20260107_Thermal_HKUST/DCIM/DJI_202601071424_001/DJI_20260107143259_0005_T.JPG,thermal,data/raw/hkust/20260107_Thermal_HKUST/DCIM/DJI_202601071424_001/DJI_20260107143259_0005_T.JPG,640,512,data/metadata/dji_image_metadata.csv,thermal_profile,EXIF/XMP focal length + focal_length_35mm-derived sensor size,12.0,52.0,35.99392244790114,29.13650161648791,7.79666547283578,6.237332378268624,derived from EXIF/XMP focal_length_35mm and target image aspect,399.28,True,3,22,845263.9326202362,845273.9326202362,822406.525865373,822416.525865373,845268.9326202362,822411.525865373,22.340756652156127,114.26425041717472,10.0,10.0,100.0,False,7,Woodland / shrubland / grassland / wetland,1.0,,,0.0,high_confidence,"Dominant LUHK land-use assigned by majority overlap between the pilot 10m grid cell and the LUHK 2024 10m raster. This step does not extract thermal temperatures, calculate delta-T, or run prediction. The current pilot stage is thermal-first: outputs are plotted on `_T.JPG` using thermal image geometry and `thermal_profile` assumptions when metadata does not provide FOV or sensor size. Visible `_V.JPG` overlays are deferred. The overlay remains an approximate first-pass visualization using the north-up rectangular footprint assumption.",100.0,"{""71"": 78.92110586718023, ""72"": 21.078894132819766}"
DJI_20260107143259_0005_T__thermal__r003_c023,20260107_Thermal_HKUST/DCIM/DJI_202601071424_001::DJI_20260107143259_0005,DJI_20260107143259_0005_V.JPG,DJI_20260107143259_0005_T.JPG,data/raw/hkust/20260107_Thermal_HKUST/DCIM/DJI_202601071424_001/DJI_20260107143259_0005_V.JPG,data/raw/hkust/20260107_Thermal_HKUST/DCIM/DJI_202601071424_001/DJI_20260107143259_0005_T.JPG,thermal,data/raw/hkust/20260107_Thermal_HKUST/DCIM/DJI_202601071424_001/DJI_20260107143259_0005_T.JPG,640,512,data/metadata/dji_image_metadata.csv,thermal_profile,EXIF/XMP focal length + focal_length_35mm-derived sensor size,12.0,52.0,35.99392244790114,29.13650161648791,7.79666547283578,6.237332378268624,derived from EXIF/XMP focal_length_35mm and target image aspect,399.28,True,3,23,845273.9326202362,845283.9326202362,822406.525865373,822416.525865373,845278.9326202362,822411.525865373,22.340756599750716,114.26434749153053,10.0,10.0,100.0,False,7,Woodland / shrubland / grassland / wetland,1.0,,,0.0,high_confidence,"Dominant LUHK land-use assigned by majority overlap between the pilot 10m grid cell and the LUHK 2024 10m raster. This step does not extract thermal temperatures, calculate delta-T, or run prediction. The current pilot stage is thermal-first: outputs are plotted on `_T.JPG` using thermal image geometry and `thermal_profile` assumptions when metadata does not provide FOV or sensor size. Visible `_V.JPG` overlays are deferred. The overlay remains an approximate first-pass visualization using the north-up rectangular footprint assumption.",100.0,"{""71"": 86.33754786250815, ""72"": 13.66245213749186}"
DJI_20260107143259_0005_T__thermal__r003_c024,20260107_Thermal_HKUST/DCIM/DJI_202601071424_001::DJI_20260107143259_0005,DJI_20260107143259_0005_V.JPG,DJI_20260107143259_0005_T.JPG,data/raw/hkust/20260107_Thermal_HKUST/DCIM/DJI_202601071424_001/DJI_20260107143259_0005_V.JPG,data/raw/hkust/20260107_Thermal_HKUST/DCIM/DJI_202601071424_001/DJI_20260107143259_0005_T.JPG,thermal,data/raw/hkust/20260107_Thermal_HKUST/DCIM/DJI_202601071424_001/DJI_20260107143259_0005_T.JPG,640,512,data/metadata/dji_image_metadata.csv,thermal_profile,EXIF/XMP focal length + focal_length_35mm-derived sensor size,12.0,52.0,35.99392244790114,29.13650161648791,7.79666547283578,6.237332378268624,derived from EXIF/XMP focal_length_35mm and target image aspect,399.28,True,3,24,845283.9326202362,845293.9326202362,822406.525865373,822416.525865373,845288.9326202362,822411.525865373,22.34075654728714,114.26444456588604,10.0,10.0,100.0,False,7,Woodland / shrubland / grassland / wetland,1.0,,,0.0,high_confidence,"Dominant LUHK land-use assigned by majority overlap between the pilot 10m grid cell and the LUHK 2024 10m raster. This step does not extract thermal temperatures, calculate delta-T, or run prediction. The current pilot stage is thermal-first: outputs are plotted on `_T.JPG` using thermal image geometry and `thermal_profile` assumptions when metadata does not provide FOV or sensor size. Visible `_V.JPG` overlays are deferred. The overlay remains an approximate first-pass visualization using the north-up rectangular footprint assumption.",100.0,"{""71"": 78.92110586718023, ""72"": 21.078894132819766}"
DJI_20260107143259_0005_T__thermal__r003_c025,20260107_Thermal_HKUST/DCIM/DJI_202601071424_001::DJI_20260107143259_0005,DJI_20260107143259_0005_V.JPG,DJI_20260107143259_0005_T.JPG,data/raw/hkust/20260107_Thermal_HKUST/DCIM/DJI_202601071424_001/DJI_20260107143259_0005_V.JPG,data/raw/hkust/20260107_Thermal_HKUST/DCIM/DJI_202601071424_001/DJI_20260107143259_0005_T.JPG,thermal,data/raw/hkust/20260107_Thermal_HKUST/DCIM/DJI_202601071424_001/DJI_20260107143259_0005_T.JPG,640,512,data/metadata/dji_image_metadata.csv,thermal_profile,EXIF/XMP focal length + focal_length_35mm-derived sensor size,12.0,52.0,35.99392244790114,29.13650161648791,7.79666547283578,6.237332378268624,derived from EXIF/XMP focal_length_35mm and target image aspect,399.28,True,3,25,845293.9326202362,845303.3536694024,822406.525865373,822416.525865373,845298.6431448193,822411.525865373,22.34075649628661,114.26453883017733,9.421049166237935,10.0,94.21049166237935,True,7,Woodland / shrubland / grassland / wetland,0.7676947159549449,5.0,Other urban / built-up land,0.23230528404505504,medium_confidence,"Dominant LUHK land-use assigned by majority overlap between the pilot 10m grid cell and the LUHK 2024 10m raster. This step does not extract thermal temperatures, calculate delta-T, or run prediction. The current pilot stage is thermal-first: outputs are plotted on `_T.JPG` using thermal image geometry and `thermal_profile` assumptions when metadata does not provide FOV or sensor size. Visible `_V.JPG` overlays are deferred. The overlay remains an approximate first-pass visualization using the north-up rectangular footprint assumption.",94.21049166237935,"{""51"": 21.885595025653327, ""71"": 60.67379763815552, ""72"": 11.65109899857051}"
DJI_20260107143259_0005_T__thermal__r004_c000,20260107_Thermal_HKUST/DCIM/DJI_202601071424_001::DJI_20260107143259_0005,DJI_20260107143259_0005_V.JPG,DJI_20260107143259_0005_T.JPG,data/raw/hkust/20260107_Thermal_HKUST/DCIM/DJI_202601071424_001/DJI_20260107143259_0005_V.JPG,data/raw/hkust/20260107_Thermal_HKUST/DCIM/DJI_202601071424_001/DJI_20260107143259_0005_T.JPG,thermal,data/raw/hkust/20260107_Thermal_HKUST/DCIM/DJI_202601071424_001/DJI_20260107143259_0005_T.JPG,640,512,data/metadata/dji_image_metadata.csv,thermal_profile,EXIF/XMP focal length + focal_length_35mm-derived sensor size,12.0,52.0,35.99392244790114,29.13650161648791,7.79666547283578,6.237332378268624,derived from EXIF/XMP focal_length_35mm and target image aspect,399.28,True,4,0,845043.9326202362,845053.9326202362,822396.525865373,822406.525865373,845048.9326202362,822401.525865373,22.340667484749556,114.26211472634904,10.0,10.0,100.0,False,7,Woodland / shrubland / grassland / wetland,1.0,,,0.0,high_confidence,"Dominant LUHK land-use assigned by majority overlap between the pilot 10m grid cell and the LUHK 2024 10m raster. This step does not extract thermal temperatures, calculate delta-T, or run prediction. The current pilot stage is thermal-first: outputs are plotted on `_T.JPG` using thermal image geometry and `thermal_profile` assumptions when metadata does not provide FOV or sensor size. Visible `_V.JPG` overlays are deferred. The overlay remains an approximate first-pass visualization using the north-up rectangular footprint assumption.",100.0,"{""71"": 100.0}"
DJI_20260107143259_0005_T__thermal__r004_c001,20260107_Thermal_HKUST/DCIM/DJI_202601071424_001::DJI_20260107143259_0005,DJI_20260107143259_0005_V.JPG,DJI_20260107143259_0005_T.JPG,data/raw/hkust/20260107_Thermal_HKUST/DCIM/DJI_202601071424_001/DJI_20260107143259_0005_V.JPG,data/raw/hkust/20260107_Thermal_HKUST/DCIM/DJI_202601071424_001/DJI_20260107143259_0005_T.JPG,thermal,data/raw/hkust/20260107_Thermal_HKUST/DCIM/DJI_202601071424_001/DJI_20260107143259_0005_T.JPG,640,512,data/metadata/dji_image_metadata.csv,thermal_profile,EXIF/XMP focal length + focal_length_35mm-derived sensor size,12.0,52.0,35.99392244790114,29.13650161648791,7.79666547283578,6.237332378268624,derived from EXIF/XMP focal_length_35mm and target image aspect,399.28,True,4,1,845053.9326202362,845063.9326202362,822396.525865373,822406.525865373,845058.9326202362,822401.525865373,22.340667433623917,114.26221180064852,10.0,10.0,100.0,False,7,Woodland / shrubland / grassland / wetland,1.0,,,0.0,high_confidence,"Dominant LUHK land-use assigned by majority overlap between the pilot 10m grid cell and the LUHK 2024 10m raster. This step does not extract thermal temperatures, calculate delta-T, or run prediction. The current pilot stage is thermal-first: outputs are plotted on `_T.JPG` using thermal image geometry and `thermal_profile` assumptions when metadata does not provide FOV or sensor size. Visible `_V.JPG` overlays are deferred. The overlay remains an approximate first-pass visualization using the north-up rectangular footprint assumption.",100.0,"{""71"": 100.0}"
DJI_20260107143259_0005_T__thermal__r004_c002,20260107_Thermal_HKUST/DCIM/DJI_202601071424_001::DJI_20260107143259_0005,DJI_20260107143259_0005_V.JPG,DJI_20260107143259_0005_T.JPG,data/raw/hkust/20260107_Thermal_HKUST/DCIM/DJI_202601071424_001/DJI_20260107143259_0005_V.JPG,data/raw/hkust/20260107_Thermal_HKUST/DCIM/DJI_202601071424_001/DJI_20260107143259_0005_T.JPG,thermal,data/raw/hkust/20260107_Thermal_HKUST/DCIM/DJI_202601071424_001/DJI_20260107143259_0005_T.JPG,640,512,data/metadata/dji_image_metadata.csv,thermal_profile,EXIF/XMP focal length + focal_length_35mm-derived sensor size,12.0,52.0,35.99392244790114,29.13650161648791,7.79666547283578,6.237332378268624,derived from EXIF/XMP focal_length_35mm and target image aspect,399.28,True,4,2,845063.9326202362,845073.9326202362,822396.525865373,822406.525865373,845068.9326202362,822401.525865373,22.34066738244012,114.2623088749477,10.0,10.0,100.0,False,7,Woodland / shrubland / grassland / wetland,1.0,,,0.0,high_confidence,"Dominant LUHK land-use assigned by majority overlap between the pilot 10m grid cell and the LUHK 2024 10m raster. This step does not extract thermal temperatures, calculate delta-T, or run prediction. The current pilot stage is thermal-first: outputs are plotted on `_T.JPG` using thermal image geometry and `thermal_profile` assumptions when metadata does not provide FOV or sensor size. Visible `_V.JPG` overlays are deferred. The overlay remains an approximate first-pass visualization using the north-up rectangular footprint assumption.",100.0,"{""71"": 100.0}"
DJI_20260107143259_0005_T__thermal__r004_c003,20260107_Thermal_HKUST/DCIM/DJI_202601071424_001::DJI_20260107143259_0005,DJI_20260107143259_0005_V.JPG,DJI_20260107143259_0005_T.JPG,data/raw/hkust/20260107_Thermal_HKUST/DCIM/DJI_202601071424_001/DJI_20260107143259_0005_V.JPG,data/raw/hkust/20260107_Thermal_HKUST/DCIM/DJI_202601071424_001/DJI_20260107143259_0005_T.JPG,thermal,data/raw/hkust/20260107_Thermal_HKUST/DCIM/DJI_202601071424_001/DJI_20260107143259_0005_T.JPG,640,512,data/metadata/dji_image_metadata.csv,thermal_profile,EXIF/XMP focal length + focal_length_35mm-derived sensor size,12.0,52.0,35.99392244790114,29.13650161648791,7.79666547283578,6.237332378268624,derived from EXIF/XMP focal_length_35mm and target image aspect,399.28,True,4,3,845073.9326202362,845083.9326202362,822396.525865373,822406.525865373,845078.9326202362,822401.525865373,22.340667331198155,114.2624059492466,10.0,10.0,100.0,False,7,Woodland / shrubland / grassland / wetland,1.0,,,0.0,high_confidence,"Dominant LUHK land-use assigned by majority overlap between the pilot 10m grid cell and the LUHK 2024 10m raster. This step does not extract thermal temperatures, calculate delta-T, or run prediction. The current pilot stage is thermal-first: outputs are plotted on `_T.JPG` using thermal image geometry and `thermal_profile` assumptions when metadata does not provide FOV or sensor size. Visible `_V.JPG` overlays are deferred. The overlay remains an approximate first-pass visualization using the north-up rectangular footprint assumption.",100.0,"{""71"": 100.0}"
DJI_20260107143259_0005_T__thermal__r004_c004,20260107_Thermal_HKUST/DCIM/DJI_202601071424_001::DJI_20260107143259_0005,DJI_20260107143259_0005_V.JPG,DJI_20260107143259_0005_T.JPG,data/raw/hkust/20260107_Thermal_HKUST/DCIM/DJI_202601071424_001/DJI_20260107143259_0005_V.JPG,data/raw/hkust/20260107_Thermal_HKUST/DCIM/DJI_202601071424_001/DJI_20260107143259_0005_T.JPG,thermal,data/raw/hkust/20260107_Thermal_HKUST/DCIM/DJI_202601071424_001/DJI_20260107143259_0005_T.JPG,640,512,data/metadata/dji_image_metadata.csv,thermal_profile,EXIF/XMP focal length + focal_length_35mm-derived sensor size,12.0,52.0,35.99392244790114,29.13650161648791,7.79666547283578,6.237332378268624,derived from EXIF/XMP focal_length_35mm and target image aspect,399.28,True,4,4,845083.9326202362,845093.9326202362,822396.525865373,822406.525865373,845088.9326202362,822401.525865373,22.34066727989803,114.26250302354524,10.0,10.0,100.0,False,7,Woodland / shrubland / grassland / wetland,1.0,,,0.0,high_confidence,"Dominant LUHK land-use assigned by majority overlap between the pilot 10m grid cell and the LUHK 2024 10m raster. This step does not extract thermal temperatures, calculate delta-T, or run prediction. The current pilot stage is thermal-first: outputs are plotted on `_T.JPG` using thermal image geometry and `thermal_profile` assumptions when metadata does not provide FOV or sensor size. Visible `_V.JPG` overlays are deferred. The overlay remains an approximate first-pass visualization using the north-up rectangular footprint assumption.",100.0,"{""71"": 60.67379763815552, ""72"": 39.32620236184448}"
DJI_20260107143259_0005_T__thermal__r004_c005,20260107_Thermal_HKUST/DCIM/DJI_202601071424_001::DJI_20260107143259_0005,DJI_20260107143259_0005_V.JPG,DJI_20260107143259_0005_T.JPG,data/raw/hkust/20260107_Thermal_HKUST/DCIM/DJI_202601071424_001/DJI_20260107143259_0005_V.JPG,data/raw/hkust/20260107_Thermal_HKUST/DCIM/DJI_202601071424_001/DJI_20260107143259_0005_T.JPG,thermal,data/raw/hkust/20260107_Thermal_HKUST/DCIM/DJI_202601071424_001/DJI_20260107143259_0005_T.JPG,640,512,data/metadata/dji_image_metadata.csv,thermal_profile,EXIF/XMP focal length + focal_length_35mm-derived sensor size,12.0,52.0,35.99392244790114,29.13650161648791,7.79666547283578,6.237332378268624,derived from EXIF/XMP focal_length_35mm and target image aspect,399.28,True,4,5,845093.9326202362,845103.9326202362,822396.525865373,822406.525865373,845098.9326202362,822401.525865373,22.340667228539758,114.2626000978436,10.0,10.0,100.0,False,7,Woodland / shrubland / grassland / wetland,1.0,,,0.0,high_confidence,"Dominant LUHK land-use assigned by majority overlap between the pilot 10m grid cell and the LUHK 2024 10m raster. This step does not extract thermal temperatures, calculate delta-T, or run prediction. The current pilot stage is thermal-first: outputs are plotted on `_T.JPG` using thermal image geometry and `thermal_profile` assumptions when metadata does not provide FOV or sensor size. Visible `_V.JPG` overlays are deferred. The overlay remains an approximate first-pass visualization using the north-up rectangular footprint assumption.",100.0,"{""72"": 100.0}"
DJI_20260107143259_0005_T__thermal__r004_c006,20260107_Thermal_HKUST/DCIM/DJI_202601071424_001::DJI_20260107143259_0005,DJI_20260107143259_0005_V.JPG,DJI_20260107143259_0005_T.JPG,data/raw/hkust/20260107_Thermal_HKUST/DCIM/DJI_202601071424_001/DJI_20260107143259_0005_V.JPG,data/raw/hkust/20260107_Thermal_HKUST/DCIM/DJI_202601071424_001/DJI_20260107143259_0005_T.JPG,thermal,data/raw/hkust/20260107_Thermal_HKUST/DCIM/DJI_202601071424_001/DJI_20260107143259_0005_T.JPG,640,512,data/metadata/dji_image_metadata.csv,thermal_profile,EXIF/XMP focal length + focal_length_35mm-derived sensor size,12.0,52.0,35.99392244790114,29.13650161648791,7.79666547283578,6.237332378268624,derived from EXIF/XMP focal_length_35mm and target image aspect,399.28,True,4,6,845103.9326202362,845113.9326202362,822396.525865373,822406.525865373,845108.9326202362,822401.525865373,22.3406671771233,114.26269717214166,10.0,10.0,100.0,False,7,Woodland / shrubland / grassland / wetland,0.6067379763815552,3.0,GIC / open space,0.3932620236184448,medium_confidence,"Dominant LUHK land-use assigned by majority overlap between the pilot 10m grid cell and the LUHK 2024 10m raster. This step does not extract thermal temperatures, calculate delta-T, or run prediction. The current pilot stage is thermal-first: outputs are plotted on `_T.JPG` using thermal image geometry and `thermal_profile` assumptions when metadata does not provide FOV or sensor size. Visible `_V.JPG` overlays are deferred. The overlay remains an approximate first-pass visualization using the north-up rectangular footprint assumption.",100.0,"{""31"": 39.32620236184448, ""72"": 60.67379763815552}"
DJI_20260107143259_0005_T__thermal__r004_c007,20260107_Thermal_HKUST/DCIM/DJI_202601071424_001::DJI_20260107143259_0005,DJI_20260107143259_0005_V.JPG,DJI_20260107143259_0005_T.JPG,data/raw/hkust/20260107_Thermal_HKUST/DCIM/DJI_202601071424_001/DJI_20260107143259_0005_V.JPG,data/raw/hkust/20260107_Thermal_HKUST/DCIM/DJI_202601071424_001/DJI_20260107143259_0005_T.JPG,thermal,data/raw/hkust/20260107_Thermal_HKUST/DCIM/DJI_202601071424_001/DJI_20260107143259_0005_T.JPG,640,512,data/metadata/dji_image_metadata.csv,thermal_profile,EXIF/XMP focal length + focal_length_35mm-derived sensor size,12.0,52.0,35.99392244790114,29.13650161648791,7.79666547283578,6.237332378268624,derived from EXIF/XMP focal_length_35mm and target image aspect,399.28,True,4,7,845113.9326202362,845123.9326202362,822396.525865373,822406.525865373,845118.9326202362,822401.525865373,22.340667125648707,114.26279424643946,10.0,10.0,100.0,False,3,GIC / open space,1.0,,,0.0,high_confidence,"Dominant LUHK land-use assigned by majority overlap between the pilot 10m grid cell and the LUHK 2024 10m raster. This step does not extract thermal temperatures, calculate delta-T, or run prediction. The current pilot stage is thermal-first: outputs are plotted on `_T.JPG` using thermal image geometry and `thermal_profile` assumptions when metadata does not provide FOV or sensor size. Visible `_V.JPG` overlays are deferred. The overlay remains an approximate first-pass visualization using the north-up rectangular footprint assumption.",100.0,"{""31"": 100.0}"
DJI_20260107143259_0005_T__thermal__r004_c008,20260107_Thermal_HKUST/DCIM/DJI_202601071424_001::DJI_20260107143259_0005,DJI_20260107143259_0005_V.JPG,DJI_20260107143259_0005_T.JPG,data/raw/hkust/20260107_Thermal_HKUST/DCIM/DJI_202601071424_001/DJI_20260107143259_0005_V.JPG,data/raw/hkust/20260107_Thermal_HKUST/DCIM/DJI_202601071424_001/DJI_20260107143259_0005_T.JPG,thermal,data/raw/hkust/20260107_Thermal_HKUST/DCIM/DJI_202601071424_001/DJI_20260107143259_0005_T.JPG,640,512,data/metadata/dji_image_metadata.csv,thermal_profile,EXIF/XMP focal length + focal_length_35mm-derived sensor size,12.0,52.0,35.99392244790114,29.13650161648791,7.79666547283578,6.237332378268624,derived from EXIF/XMP focal_length_35mm and target image aspect,399.28,True,4,8,845123.9326202362,845133.9326202362,822396.525865373,822406.525865373,845128.9326202362,822401.525865373,22.340667074115938,114.26289132073697,10.0,10.0,100.0,False,3,GIC / open space,1.0,,,0.0,high_confidence,"Dominant LUHK land-use assigned by majority overlap between the pilot 10m grid cell and the LUHK 2024 10m raster. This step does not extract thermal temperatures, calculate delta-T, or run prediction. The current pilot stage is thermal-first: outputs are plotted on `_T.JPG` using thermal image geometry and `thermal_profile` assumptions when metadata does not provide FOV or sensor size. Visible `_V.JPG` overlays are deferred. The overlay remains an approximate first-pass visualization using the north-up rectangular footprint assumption.",100.0,"{""31"": 100.0}"
DJI_20260107143259_0005_T__thermal__r004_c009,20260107_Thermal_HKUST/DCIM/DJI_202601071424_001::DJI_20260107143259_0005,DJI_20260107143259_0005_V.JPG,DJI_20260107143259_0005_T.JPG,data/raw/hkust/20260107_Thermal_HKUST/DCIM/DJI_202601071424_001/DJI_20260107143259_0005_V.JPG,data/raw/hkust/20260107_Thermal_HKUST/DCIM/DJI_202601071424_001/DJI_20260107143259_0005_T.JPG,thermal,data/raw/hkust/20260107_Thermal_HKUST/DCIM/DJI_202601071424_001/DJI_20260107143259_0005_T.JPG,640,512,data/metadata/dji_image_metadata.csv,thermal_profile,EXIF/XMP focal length + focal_length_35mm-derived sensor size,12.0,52.0,35.99392244790114,29.13650161648791,7.79666547283578,6.237332378268624,derived from EXIF/XMP focal_length_35mm and target image aspect,399.28,True,4,9,845133.9326202362,845143.9326202362,822396.525865373,822406.525865373,845138.9326202362,822401.525865373,22.34066702252501,114.26298839503418,10.0,10.0,100.0,False,3,GIC / open space,0.7433624977564738,7.0,Woodland / shrubland / grassland / wetland,0.2566375022435262,medium_confidence,"Dominant LUHK land-use assigned by majority overlap between the pilot 10m grid cell and the LUHK 2024 10m raster. This step does not extract thermal temperatures, calculate delta-T, or run prediction. The current pilot stage is thermal-first: outputs are plotted on `_T.JPG` using thermal image geometry and `thermal_profile` assumptions when metadata does not provide FOV or sensor size. Visible `_V.JPG` overlays are deferred. The overlay remains an approximate first-pass visualization using the north-up rectangular footprint assumption.",100.0,"{""31"": 74.33624977564737, ""72"": 25.663750224352622}"
DJI_20260107143259_0005_T__thermal__r004_c010,20260107_Thermal_HKUST/DCIM/DJI_202601071424_001::DJI_20260107143259_0005,DJI_20260107143259_0005_V.JPG,DJI_20260107143259_0005_T.JPG,data/raw/hkust/20260107_Thermal_HKUST/DCIM/DJI_202601071424_001/DJI_20260107143259_0005_V.JPG,data/raw/hkust/20260107_Thermal_HKUST/DCIM/DJI_202601071424_001/DJI_20260107143259_0005_T.JPG,thermal,data/raw/hkust/20260107_Thermal_HKUST/DCIM/DJI_202601071424_001/DJI_20260107143259_0005_T.JPG,640,512,data/metadata/dji_image_metadata.csv,thermal_profile,EXIF/XMP focal length + focal_length_35mm-derived sensor size,12.0,52.0,35.99392244790114,29.13650161648791,7.79666547283578,6.237332378268624,derived from EXIF/XMP focal_length_35mm and target image aspect,399.28,True,4,10,845143.9326202362,845153.9326202362,822396.525865373,822406.525865373,845148.9326202362,822401.525865373,22.34066697087592,114.26308546933116,10.0,10.0,100.0,False,7,Woodland / shrubland / grassland / wetland,0.6525865372968838,3.0,GIC / open space,0.34741346270311624,medium_confidence,"Dominant LUHK land-use assigned by majority overlap between the pilot 10m grid cell and the LUHK 2024 10m raster. This step does not extract thermal temperatures, calculate delta-T, or run prediction. The current pilot stage is thermal-first: outputs are plotted on `_T.JPG` using thermal image geometry and `thermal_profile` assumptions when metadata does not provide FOV or sensor size. Visible `_V.JPG` overlays are deferred. The overlay remains an approximate first-pass visualization using the north-up rectangular footprint assumption.",100.0,"{""31"": 34.741346270311624, ""72"": 65.25865372968838}"
DJI_20260107143259_0005_T__thermal__r004_c011,20260107_Thermal_HKUST/DCIM/DJI_202601071424_001::DJI_20260107143259_0005,DJI_20260107143259_0005_V.JPG,DJI_20260107143259_0005_T.JPG,data/raw/hkust/20260107_Thermal_HKUST/DCIM/DJI_202601071424_001/DJI_20260107143259_0005_V.JPG,data/raw/hkust/20260107_Thermal_HKUST/DCIM/DJI_202601071424_001/DJI_20260107143259_0005_T.JPG,thermal,data/raw/hkust/20260107_Thermal_HKUST/DCIM/DJI_202601071424_001/DJI_20260107143259_0005_T.JPG,640,512,data/metadata/dji_image_metadata.csv,thermal_profile,EXIF/XMP focal length + focal_length_35mm-derived sensor size,12.0,52.0,35.99392244790114,29.13650161648791,7.79666547283578,6.237332378268624,derived from EXIF/XMP focal_length_35mm and target image aspect,399.28,True,4,11,845153.9326202362,845163.9326202362,822396.525865373,822406.525865373,845158.9326202362,822401.525865373,22.34066691916868,114.26318254362782,10.0,10.0,100.0,False,3,GIC / open space,0.6040509649466425,7.0,Woodland / shrubland / grassland / wetland,0.3959490350533576,medium_confidence,"Dominant LUHK land-use assigned by majority overlap between the pilot 10m grid cell and the LUHK 2024 10m raster. This step does not extract thermal temperatures, calculate delta-T, or run prediction. The current pilot stage is thermal-first: outputs are plotted on `_T.JPG` using thermal image geometry and `thermal_profile` assumptions when metadata does not provide FOV or sensor size. Visible `_V.JPG` overlays are deferred. The overlay remains an approximate first-pass visualization using the north-up rectangular footprint assumption.",100.0,"{""31"": 60.40509649466425, ""72"": 39.59490350533576}"
DJI_20260107143259_0005_T__thermal__r004_c012,20260107_Thermal_HKUST/DCIM/DJI_202601071424_001::DJI_20260107143259_0005,DJI_20260107143259_0005_V.JPG,DJI_20260107143259_0005_T.JPG,data/raw/hkust/20260107_Thermal_HKUST/DCIM/DJI_202601071424_001/DJI_20260107143259_0005_V.JPG,data/raw/hkust/20260107_Thermal_HKUST/DCIM/DJI_202601071424_001/DJI_20260107143259_0005_T.JPG,thermal,data/raw/hkust/20260107_Thermal_HKUST/DCIM/DJI_202601071424_001/DJI_20260107143259_0005_T.JPG,640,512,data/metadata/dji_image_metadata.csv,thermal_profile,EXIF/XMP focal length + focal_length_35mm-derived sensor size,12.0,52.0,35.99392244790114,29.13650161648791,7.79666547283578,6.237332378268624,derived from EXIF/XMP focal_length_35mm and target image aspect,399.28,True,4,12,845163.9326202362,845173.9326202362,822396.525865373,822406.525865373,845168.9326202362,822401.525865373,22.34066686740326,114.26327961792424,10.0,10.0,100.0,False,3,GIC / open space,1.0,,,0.0,high_confidence,"Dominant LUHK land-use assigned by majority overlap between the pilot 10m grid cell and the LUHK 2024 10m raster. This step does not extract thermal temperatures, calculate delta-T, or run prediction. The current pilot stage is thermal-first: outputs are plotted on `_T.JPG` using thermal image geometry and `thermal_profile` assumptions when metadata does not provide FOV or sensor size. Visible `_V.JPG` overlays are deferred. The overlay remains an approximate first-pass visualization using the north-up rectangular footprint assumption.",100.0,"{""31"": 100.0}"
DJI_20260107143259_0005_T__thermal__r004_c013,20260107_Thermal_HKUST/DCIM/DJI_202601071424_001::DJI_20260107143259_0005,DJI_20260107143259_0005_V.JPG,DJI_20260107143259_0005_T.JPG,data/raw/hkust/20260107_Thermal_HKUST/DCIM/DJI_202601071424_001/DJI_20260107143259_0005_V.JPG,data/raw/hkust/20260107_Thermal_HKUST/DCIM/DJI_202601071424_001/DJI_20260107143259_0005_T.JPG,thermal,data/raw/hkust/20260107_Thermal_HKUST/DCIM/DJI_202601071424_001/DJI_20260107143259_0005_T.JPG,640,512,data/metadata/dji_image_metadata.csv,thermal_profile,EXIF/XMP focal length + focal_length_35mm-derived sensor size,12.0,52.0,35.99392244790114,29.13650161648791,7.79666547283578,6.237332378268624,derived from EXIF/XMP focal_length_35mm and target image aspect,399.28,True,4,13,845173.9326202362,845183.9326202362,822396.525865373,822406.525865373,845178.9326202362,822401.525865373,22.340666815579695,114.26337669222033,10.0,10.0,100.0,False,3,GIC / open space,1.0,,,0.0,high_confidence,"Dominant LUHK land-use assigned by majority overlap between the pilot 10m grid cell and the LUHK 2024 10m raster. This step does not extract thermal temperatures, calculate delta-T, or run prediction. The current pilot stage is thermal-first: outputs are plotted on `_T.JPG` using thermal image geometry and `thermal_profile` assumptions when metadata does not provide FOV or sensor size. Visible `_V.JPG` overlays are deferred. The overlay remains an approximate first-pass visualization using the north-up rectangular footprint assumption.",100.0,"{""31"": 100.0}"
DJI_20260107143259_0005_T__thermal__r004_c014,20260107_Thermal_HKUST/DCIM/DJI_202601071424_001::DJI_20260107143259_0005,DJI_20260107143259_0005_V.JPG,DJI_20260107143259_0005_T.JPG,data/raw/hkust/20260107_Thermal_HKUST/DCIM/DJI_202601071424_001/DJI_20260107143259_0005_V.JPG,data/raw/hkust/20260107_Thermal_HKUST/DCIM/DJI_202601071424_001/DJI_20260107143259_0005_T.JPG,thermal,data/raw/hkust/20260107_Thermal_HKUST/DCIM/DJI_202601071424_001/DJI_20260107143259_0005_T.JPG,640,512,data/metadata/dji_image_metadata.csv,thermal_profile,EXIF/XMP focal length + focal_length_35mm-derived sensor size,12.0,52.0,35.99392244790114,29.13650161648791,7.79666547283578,6.237332378268624,derived from EXIF/XMP focal_length_35mm and target image aspect,399.28,True,4,14,845183.9326202362,845193.9326202362,822396.525865373,822406.525865373,845188.9326202362,822401.525865373,22.340666763697953,114.26347376651616,10.0,10.0,100.0,False,3,GIC / open space,1.0,,,0.0,high_confidence,"Dominant LUHK land-use assigned by majority overlap between the pilot 10m grid cell and the LUHK 2024 10m raster. This step does not extract thermal temperatures, calculate delta-T, or run prediction. The current pilot stage is thermal-first: outputs are plotted on `_T.JPG` using thermal image geometry and `thermal_profile` assumptions when metadata does not provide FOV or sensor size. Visible `_V.JPG` overlays are deferred. The overlay remains an approximate first-pass visualization using the north-up rectangular footprint assumption.",100.0,"{""31"": 100.0}"
DJI_20260107143259_0005_T__thermal__r004_c015,20260107_Thermal_HKUST/DCIM/DJI_202601071424_001::DJI_20260107143259_0005,DJI_20260107143259_0005_V.JPG,DJI_20260107143259_0005_T.JPG,data/raw/hkust/20260107_Thermal_HKUST/DCIM/DJI_202601071424_001/DJI_20260107143259_0005_V.JPG,data/raw/hkust/20260107_Thermal_HKUST/DCIM/DJI_202601071424_001/DJI_20260107143259_0005_T.JPG,thermal,data/raw/hkust/20260107_Thermal_HKUST/DCIM/DJI_202601071424_001/DJI_20260107143259_0005_T.JPG,640,512,data/metadata/dji_image_metadata.csv,thermal_profile,EXIF/XMP focal length + focal_length_35mm-derived sensor size,12.0,52.0,35.99392244790114,29.13650161648791,7.79666547283578,6.237332378268624,derived from EXIF/XMP focal_length_35mm and target image aspect,399.28,True,4,15,845193.9326202362,845203.9326202362,822396.525865373,822406.525865373,845198.9326202362,822401.525865373,22.340666711758075,114.26357084081171,10.0,10.0,100.0,False,3,GIC / open space,1.0,,,0.0,high_confidence,"Dominant LUHK land-use assigned by majority overlap between the pilot 10m grid cell and the LUHK 2024 10m raster. This step does not extract thermal temperatures, calculate delta-T, or run prediction. The current pilot stage is thermal-first: outputs are plotted on `_T.JPG` using thermal image geometry and `thermal_profile` assumptions when metadata does not provide FOV or sensor size. Visible `_V.JPG` overlays are deferred. The overlay remains an approximate first-pass visualization using the north-up rectangular footprint assumption.",100.0,"{""31"": 100.0}"
DJI_20260107143259_0005_T__thermal__r004_c016,20260107_Thermal_HKUST/DCIM/DJI_202601071424_001::DJI_20260107143259_0005,DJI_20260107143259_0005_V.JPG,DJI_20260107143259_0005_T.JPG,data/raw/hkust/20260107_Thermal_HKUST/DCIM/DJI_202601071424_001/DJI_20260107143259_0005_V.JPG,data/raw/hkust/20260107_Thermal_HKUST/DCIM/DJI_202601071424_001/DJI_20260107143259_0005_T.JPG,thermal,data/raw/hkust/20260107_Thermal_HKUST/DCIM/DJI_202601071424_001/DJI_20260107143259_0005_T.JPG,640,512,data/metadata/dji_image_metadata.csv,thermal_profile,EXIF/XMP focal length + focal_length_35mm-derived sensor size,12.0,52.0,35.99392244790114,29.13650161648791,7.79666547283578,6.237332378268624,derived from EXIF/XMP focal_length_35mm and target image aspect,399.28,True,4,16,845203.9326202362,845213.9326202362,822396.525865373,822406.525865373,845208.9326202362,822401.525865373,22.34066665976002,114.26366791510699,10.0,10.0,100.0,False,3,GIC / open space,1.0,,,0.0,high_confidence,"Dominant LUHK land-use assigned by majority overlap between the pilot 10m grid cell and the LUHK 2024 10m raster. This step does not extract thermal temperatures, calculate delta-T, or run prediction. The current pilot stage is thermal-first: outputs are plotted on `_T.JPG` using thermal image geometry and `thermal_profile` assumptions when metadata does not provide FOV or sensor size. Visible `_V.JPG` overlays are deferred. The overlay remains an approximate first-pass visualization using the north-up rectangular footprint assumption.",100.0,"{""31"": 100.0}"
DJI_20260107143259_0005_T__thermal__r004_c017,20260107_Thermal_HKUST/DCIM/DJI_202601071424_001::DJI_20260107143259_0005,DJI_20260107143259_0005_V.JPG,DJI_20260107143259_0005_T.JPG,data/raw/hkust/20260107_Thermal_HKUST/DCIM/DJI_202601071424_001/DJI_20260107143259_0005_V.JPG,data/raw/hkust/20260107_Thermal_HKUST/DCIM/DJI_202601071424_001/DJI_20260107143259_0005_T.JPG,thermal,data/raw/hkust/20260107_Thermal_HKUST/DCIM/DJI_202601071424_001/DJI_20260107143259_0005_T.JPG,640,512,data/metadata/dji_image_metadata.csv,thermal_profile,EXIF/XMP focal length + focal_length_35mm-derived sensor size,12.0,52.0,35.99392244790114,29.13650161648791,7.79666547283578,6.237332378268624,derived from EXIF/XMP focal_length_35mm and target image aspect,399.28,True,4,17,845213.9326202362,845223.9326202362,822396.525865373,822406.525865373,845218.9326202362,822401.525865373,22.34066660770381,114.26376498940196,10.0,10.0,100.0,False,3,GIC / open space,1.0,,,0.0,high_confidence,"Dominant LUHK land-use assigned by majority overlap between the pilot 10m grid cell and the LUHK 2024 10m raster. This step does not extract thermal temperatures, calculate delta-T, or run prediction. The current pilot stage is thermal-first: outputs are plotted on `_T.JPG` using thermal image geometry and `thermal_profile` assumptions when metadata does not provide FOV or sensor size. Visible `_V.JPG` overlays are deferred. The overlay remains an approximate first-pass visualization using the north-up rectangular footprint assumption.",100.0,"{""31"": 100.0}"
DJI_20260107143259_0005_T__thermal__r004_c018,20260107_Thermal_HKUST/DCIM/DJI_202601071424_001::DJI_20260107143259_0005,DJI_20260107143259_0005_V.JPG,DJI_20260107143259_0005_T.JPG,data/raw/hkust/20260107_Thermal_HKUST/DCIM/DJI_202601071424_001/DJI_20260107143259_0005_V.JPG,data/raw/hkust/20260107_Thermal_HKUST/DCIM/DJI_202601071424_001/DJI_20260107143259_0005_T.JPG,thermal,data/raw/hkust/20260107_Thermal_HKUST/DCIM/DJI_202601071424_001/DJI_20260107143259_0005_T.JPG,640,512,data/metadata/dji_image_metadata.csv,thermal_profile,EXIF/XMP focal length + focal_length_35mm-derived sensor size,12.0,52.0,35.99392244790114,29.13650161648791,7.79666547283578,6.237332378268624,derived from EXIF/XMP focal_length_35mm and target image aspect,399.28,True,4,18,845223.9326202362,845233.9326202362,822396.525865373,822406.525865373,845228.9326202362,822401.525865373,22.340666555589426,114.26386206369668,10.0,10.0,100.0,False,3,GIC / open space,0.7433624977564738,7.0,Woodland / shrubland / grassland / wetland,0.2566375022435262,medium_confidence,"Dominant LUHK land-use assigned by majority overlap between the pilot 10m grid cell and the LUHK 2024 10m raster. This step does not extract thermal temperatures, calculate delta-T, or run prediction. The current pilot stage is thermal-first: outputs are plotted on `_T.JPG` using thermal image geometry and `thermal_profile` assumptions when metadata does not provide FOV or sensor size. Visible `_V.JPG` overlays are deferred. The overlay remains an approximate first-pass visualization using the north-up rectangular footprint assumption.",100.0,"{""31"": 74.33624977564737, ""72"": 25.663750224352622}"
DJI_20260107143259_0005_T__thermal__r004_c019,20260107_Thermal_HKUST/DCIM/DJI_202601071424_001::DJI_20260107143259_0005,DJI_20260107143259_0005_V.JPG,DJI_20260107143259_0005_T.JPG,data/raw/hkust/20260107_Thermal_HKUST/DCIM/DJI_202601071424_001/DJI_20260107143259_0005_V.JPG,data/raw/hkust/20260107_Thermal_HKUST/DCIM/DJI_202601071424_001/DJI_20260107143259_0005_T.JPG,thermal,data/raw/hkust/20260107_Thermal_HKUST/DCIM/DJI_202601071424_001/DJI_20260107143259_0005_T.JPG,640,512,data/metadata/dji_image_metadata.csv,thermal_profile,EXIF/XMP focal length + focal_length_35mm-derived sensor size,12.0,52.0,35.99392244790114,29.13650161648791,7.79666547283578,6.237332378268624,derived from EXIF/XMP focal_length_35mm and target image aspect,399.28,True,4,19,845233.9326202362,845243.9326202362,822396.525865373,822406.525865373,845238.9326202362,822401.525865373,22.340666503416884,114.26395913799108,10.0,10.0,100.0,False,7,Woodland / shrubland / grassland / wetland,0.6525865372968838,3.0,GIC / open space,0.34741346270311624,medium_confidence,"Dominant LUHK land-use assigned by majority overlap between the pilot 10m grid cell and the LUHK 2024 10m raster. This step does not extract thermal temperatures, calculate delta-T, or run prediction. The current pilot stage is thermal-first: outputs are plotted on `_T.JPG` using thermal image geometry and `thermal_profile` assumptions when metadata does not provide FOV or sensor size. Visible `_V.JPG` overlays are deferred. The overlay remains an approximate first-pass visualization using the north-up rectangular footprint assumption.",100.0,"{""31"": 34.741346270311624, ""72"": 65.25865372968838}"
DJI_20260107143259_0005_T__thermal__r004_c020,20260107_Thermal_HKUST/DCIM/DJI_202601071424_001::DJI_20260107143259_0005,DJI_20260107143259_0005_V.JPG,DJI_20260107143259_0005_T.JPG,data/raw/hkust/20260107_Thermal_HKUST/DCIM/DJI_202601071424_001/DJI_20260107143259_0005_V.JPG,data/raw/hkust/20260107_Thermal_HKUST/DCIM/DJI_202601071424_001/DJI_20260107143259_0005_T.JPG,thermal,data/raw/hkust/20260107_Thermal_HKUST/DCIM/DJI_202601071424_001/DJI_20260107143259_0005_T.JPG,640,512,data/metadata/dji_image_metadata.csv,thermal_profile,EXIF/XMP focal length + focal_length_35mm-derived sensor size,12.0,52.0,35.99392244790114,29.13650161648791,7.79666547283578,6.237332378268624,derived from EXIF/XMP focal_length_35mm and target image aspect,399.28,True,4,20,845243.9326202362,845253.9326202362,822396.525865373,822406.525865373,845248.9326202362,822401.525865373,22.340666451186202,114.26405621228521,10.0,10.0,100.0,False,7,Woodland / shrubland / grassland / wetland,0.6525865372968838,3.0,GIC / open space,0.34741346270311624,medium_confidence,"Dominant LUHK land-use assigned by majority overlap between the pilot 10m grid cell and the LUHK 2024 10m raster. This step does not extract thermal temperatures, calculate delta-T, or run prediction. The current pilot stage is thermal-first: outputs are plotted on `_T.JPG` using thermal image geometry and `thermal_profile` assumptions when metadata does not provide FOV or sensor size. Visible `_V.JPG` overlays are deferred. The overlay remains an approximate first-pass visualization using the north-up rectangular footprint assumption.",100.0,"{""31"": 34.741346270311624, ""72"": 65.25865372968838}"
DJI_20260107143259_0005_T__thermal__r004_c021,20260107_Thermal_HKUST/DCIM/DJI_202601071424_001::DJI_20260107143259_0005,DJI_20260107143259_0005_V.JPG,DJI_20260107143259_0005_T.JPG,data/raw/hkust/20260107_Thermal_HKUST/DCIM/DJI_202601071424_001/DJI_20260107143259_0005_V.JPG,data/raw/hkust/20260107_Thermal_HKUST/DCIM/DJI_202601071424_001/DJI_20260107143259_0005_T.JPG,thermal,data/raw/hkust/20260107_Thermal_HKUST/DCIM/DJI_202601071424_001/DJI_20260107143259_0005_T.JPG,640,512,data/metadata/dji_image_metadata.csv,thermal_profile,EXIF/XMP focal length + focal_length_35mm-derived sensor size,12.0,52.0,35.99392244790114,29.13650161648791,7.79666547283578,6.237332378268624,derived from EXIF/XMP focal_length_35mm and target image aspect,399.28,True,4,21,845253.9326202362,845263.9326202362,822396.525865373,822406.525865373,845258.9326202362,822401.525865373,22.340666398897337,114.26415328657907,10.0,10.0,100.0,False,7,Woodland / shrubland / grassland / wetland,0.6525865372968838,3.0,GIC / open space,0.34741346270311624,medium_confidence,"Dominant LUHK land-use assigned by majority overlap between the pilot 10m grid cell and the LUHK 2024 10m raster. This step does not extract thermal temperatures, calculate delta-T, or run prediction. The current pilot stage is thermal-first: outputs are plotted on `_T.JPG` using thermal image geometry and `thermal_profile` assumptions when metadata does not provide FOV or sensor size. Visible `_V.JPG` overlays are deferred. The overlay remains an approximate first-pass visualization using the north-up rectangular footprint assumption.",100.0,"{""31"": 34.741346270311624, ""72"": 65.25865372968838}"
DJI_20260107143259_0005_T__thermal__r004_c022,20260107_Thermal_HKUST/DCIM/DJI_202601071424_001::DJI_20260107143259_0005,DJI_20260107143259_0005_V.JPG,DJI_20260107143259_0005_T.JPG,data/raw/hkust/20260107_Thermal_HKUST/DCIM/DJI_202601071424_001/DJI_20260107143259_0005_V.JPG,data/raw/hkust/20260107_Thermal_HKUST/DCIM/DJI_202601071424_001/DJI_20260107143259_0005_T.JPG,thermal,data/raw/hkust/20260107_Thermal_HKUST/DCIM/DJI_202601071424_001/DJI_20260107143259_0005_T.JPG,640,512,data/metadata/dji_image_metadata.csv,thermal_profile,EXIF/XMP focal length + focal_length_35mm-derived sensor size,12.0,52.0,35.99392244790114,29.13650161648791,7.79666547283578,6.237332378268624,derived from EXIF/XMP focal_length_35mm and target image aspect,399.28,True,4,22,845263.9326202362,845273.9326202362,822396.525865373,822406.525865373,845268.9326202362,822401.525865373,22.34066634655031,114.26425036087264,10.0,10.0,100.0,False,7,Woodland / shrubland / grassland / wetland,0.7892110586718023,3.0,GIC / open space,0.21078894132819767,medium_confidence,"Dominant LUHK land-use assigned by majority overlap between the pilot 10m grid cell and the LUHK 2024 10m raster. This step does not extract thermal temperatures, calculate delta-T, or run prediction. The current pilot stage is thermal-first: outputs are plotted on `_T.JPG` using thermal image geometry and `thermal_profile` assumptions when metadata does not provide FOV or sensor size. Visible `_V.JPG` overlays are deferred. The overlay remains an approximate first-pass visualization using the north-up rectangular footprint assumption.",100.0,"{""31"": 21.078894132819766, ""71"": 39.32620236184448, ""72"": 39.59490350533576}"
DJI_20260107143259_0005_T__thermal__r004_c023,20260107_Thermal_HKUST/DCIM/DJI_202601071424_001::DJI_20260107143259_0005,DJI_20260107143259_0005_V.JPG,DJI_20260107143259_0005_T.JPG,data/raw/hkust/20260107_Thermal_HKUST/DCIM/DJI_202601071424_001/DJI_20260107143259_0005_V.JPG,data/raw/hkust/20260107_Thermal_HKUST/DCIM/DJI_202601071424_001/DJI_20260107143259_0005_T.JPG,thermal,data/raw/hkust/20260107_Thermal_HKUST/DCIM/DJI_202601071424_001/DJI_20260107143259_0005_T.JPG,640,512,data/metadata/dji_image_metadata.csv,thermal_profile,EXIF/XMP focal length + focal_length_35mm-derived sensor size,12.0,52.0,35.99392244790114,29.13650161648791,7.79666547283578,6.237332378268624,derived from EXIF/XMP focal_length_35mm and target image aspect,399.28,True,4,23,845273.9326202362,845283.9326202362,822396.525865373,822406.525865373,845278.9326202362,822401.525865373,22.340666294145137,114.26434743516593,10.0,10.0,100.0,False,7,Woodland / shrubland / grassland / wetland,1.0,,,0.0,high_confidence,"Dominant LUHK land-use assigned by majority overlap between the pilot 10m grid cell and the LUHK 2024 10m raster. This step does not extract thermal temperatures, calculate delta-T, or run prediction. The current pilot stage is thermal-first: outputs are plotted on `_T.JPG` using thermal image geometry and `thermal_profile` assumptions when metadata does not provide FOV or sensor size. Visible `_V.JPG` overlays are deferred. The overlay remains an approximate first-pass visualization using the north-up rectangular footprint assumption.",100.0,"{""71"": 74.33624977564737, ""72"": 25.663750224352622}"
DJI_20260107143259_0005_T__thermal__r004_c024,20260107_Thermal_HKUST/DCIM/DJI_202601071424_001::DJI_20260107143259_0005,DJI_20260107143259_0005_V.JPG,DJI_20260107143259_0005_T.JPG,data/raw/hkust/20260107_Thermal_HKUST/DCIM/DJI_202601071424_001/DJI_20260107143259_0005_V.JPG,data/raw/hkust/20260107_Thermal_HKUST/DCIM/DJI_202601071424_001/DJI_20260107143259_0005_T.JPG,thermal,data/raw/hkust/20260107_Thermal_HKUST/DCIM/DJI_202601071424_001/DJI_20260107143259_0005_T.JPG,640,512,data/metadata/dji_image_metadata.csv,thermal_profile,EXIF/XMP focal length + focal_length_35mm-derived sensor size,12.0,52.0,35.99392244790114,29.13650161648791,7.79666547283578,6.237332378268624,derived from EXIF/XMP focal_length_35mm and target image aspect,399.28,True,4,24,845283.9326202362,845293.9326202362,822396.525865373,822406.525865373,845288.9326202362,822401.525865373,22.34066624168178,114.2644445094589,10.0,10.0,100.0,False,7,Woodland / shrubland / grassland / wetland,1.0,,,0.0,high_confidence,"Dominant LUHK land-use assigned by majority overlap between the pilot 10m grid cell and the LUHK 2024 10m raster. This step does not extract thermal temperatures, calculate delta-T, or run prediction. The current pilot stage is thermal-first: outputs are plotted on `_T.JPG` using thermal image geometry and `thermal_profile` assumptions when metadata does not provide FOV or sensor size. Visible `_V.JPG` overlays are deferred. The overlay remains an approximate first-pass visualization using the north-up rectangular footprint assumption.",100.0,"{""71"": 60.40509649466425, ""72"": 39.59490350533576}"
DJI_20260107143259_0005_T__thermal__r004_c025,20260107_Thermal_HKUST/DCIM/DJI_202601071424_001::DJI_20260107143259_0005,DJI_20260107143259_0005_V.JPG,DJI_20260107143259_0005_T.JPG,data/raw/hkust/20260107_Thermal_HKUST/DCIM/DJI_202601071424_001/DJI_20260107143259_0005_V.JPG,data/raw/hkust/20260107_Thermal_HKUST/DCIM/DJI_202601071424_001/DJI_20260107143259_0005_T.JPG,thermal,data/raw/hkust/20260107_Thermal_HKUST/DCIM/DJI_202601071424_001/DJI_20260107143259_0005_T.JPG,640,512,data/metadata/dji_image_metadata.csv,thermal_profile,EXIF/XMP focal length + focal_length_35mm-derived sensor size,12.0,52.0,35.99392244790114,29.13650161648791,7.79666547283578,6.237332378268624,derived from EXIF/XMP focal_length_35mm and target image aspect,399.28,True,4,25,845293.9326202362,845303.3536694024,822396.525865373,822406.525865373,845298.6431448193,822401.525865373,22.34066619068148,114.26453877368951,9.421049166237935,10.0,94.21049166237935,True,7,Woodland / shrubland / grassland / wetland,1.0,,,0.0,high_confidence,"Dominant LUHK land-use assigned by majority overlap between the pilot 10m grid cell and the LUHK 2024 10m raster. This step does not extract thermal temperatures, calculate delta-T, or run prediction. The current pilot stage is thermal-first: outputs are plotted on `_T.JPG` using thermal image geometry and `thermal_profile` assumptions when metadata does not provide FOV or sensor size. Visible `_V.JPG` overlays are deferred. The overlay remains an approximate first-pass visualization using the north-up rectangular footprint assumption.",94.21049166237935,"{""71"": 60.67379763815552, ""72"": 33.536694024223834}"
DJI_20260107143259_0005_T__thermal__r005_c000,20260107_Thermal_HKUST/DCIM/DJI_202601071424_001::DJI_20260107143259_0005,DJI_20260107143259_0005_V.JPG,DJI_20260107143259_0005_T.JPG,data/raw/hkust/20260107_Thermal_HKUST/DCIM/DJI_202601071424_001/DJI_20260107143259_0005_V.JPG,data/raw/hkust/20260107_Thermal_HKUST/DCIM/DJI_202601071424_001/DJI_20260107143259_0005_T.JPG,thermal,data/raw/hkust/20260107_Thermal_HKUST/DCIM/DJI_202601071424_001/DJI_20260107143259_0005_T.JPG,640,512,data/metadata/dji_image_metadata.csv,thermal_profile,EXIF/XMP focal length + focal_length_35mm-derived sensor size,12.0,52.0,35.99392244790114,29.13650161648791,7.79666547283578,6.237332378268624,derived from EXIF/XMP focal_length_35mm and target image aspect,399.28,True,5,0,845043.9326202362,845053.9326202362,822386.525865373,822396.525865373,845048.9326202362,822391.525865373,22.340577179137735,114.2621146714227,10.0,10.0,100.0,False,7,Woodland / shrubland / grassland / wetland,1.0,,,0.0,high_confidence,"Dominant LUHK land-use assigned by majority overlap between the pilot 10m grid cell and the LUHK 2024 10m raster. This step does not extract thermal temperatures, calculate delta-T, or run prediction. The current pilot stage is thermal-first: outputs are plotted on `_T.JPG` using thermal image geometry and `thermal_profile` assumptions when metadata does not provide FOV or sensor size. Visible `_V.JPG` overlays are deferred. The overlay remains an approximate first-pass visualization using the north-up rectangular footprint assumption.",100.0,"{""71"": 100.0}"
DJI_20260107143259_0005_T__thermal__r005_c001,20260107_Thermal_HKUST/DCIM/DJI_202601071424_001::DJI_20260107143259_0005,DJI_20260107143259_0005_V.JPG,DJI_20260107143259_0005_T.JPG,data/raw/hkust/20260107_Thermal_HKUST/DCIM/DJI_202601071424_001/DJI_20260107143259_0005_V.JPG,data/raw/hkust/20260107_Thermal_HKUST/DCIM/DJI_202601071424_001/DJI_20260107143259_0005_T.JPG,thermal,data/raw/hkust/20260107_Thermal_HKUST/DCIM/DJI_202601071424_001/DJI_20260107143259_0005_T.JPG,640,512,data/metadata/dji_image_metadata.csv,thermal_profile,EXIF/XMP focal length + focal_length_35mm-derived sensor size,12.0,52.0,35.99392244790114,29.13650161648791,7.79666547283578,6.237332378268624,derived from EXIF/XMP focal_length_35mm and target image aspect,399.28,True,5,1,845053.9326202362,845063.9326202362,822386.525865373,822396.525865373,845058.9326202362,822391.525865373,22.340577128012317,114.26221174565964,10.0,10.0,100.0,False,7,Woodland / shrubland / grassland / wetland,1.0,,,0.0,high_confidence,"Dominant LUHK land-use assigned by majority overlap between the pilot 10m grid cell and the LUHK 2024 10m raster. This step does not extract thermal temperatures, calculate delta-T, or run prediction. The current pilot stage is thermal-first: outputs are plotted on `_T.JPG` using thermal image geometry and `thermal_profile` assumptions when metadata does not provide FOV or sensor size. Visible `_V.JPG` overlays are deferred. The overlay remains an approximate first-pass visualization using the north-up rectangular footprint assumption.",100.0,"{""71"": 100.0}"
DJI_20260107143259_0005_T__thermal__r005_c002,20260107_Thermal_HKUST/DCIM/DJI_202601071424_001::DJI_20260107143259_0005,DJI_20260107143259_0005_V.JPG,DJI_20260107143259_0005_T.JPG,data/raw/hkust/20260107_Thermal_HKUST/DCIM/DJI_202601071424_001/DJI_20260107143259_0005_V.JPG,data/raw/hkust/20260107_Thermal_HKUST/DCIM/DJI_202601071424_001/DJI_20260107143259_0005_T.JPG,thermal,data/raw/hkust/20260107_Thermal_HKUST/DCIM/DJI_202601071424_001/DJI_20260107143259_0005_T.JPG,640,512,data/metadata/dji_image_metadata.csv,thermal_profile,EXIF/XMP focal length + focal_length_35mm-derived sensor size,12.0,52.0,35.99392244790114,29.13650161648791,7.79666547283578,6.237332378268624,derived from EXIF/XMP focal_length_35mm and target image aspect,399.28,True,5,2,845063.9326202362,845073.9326202362,822386.525865373,822396.525865373,845068.9326202362,822391.525865373,22.340577076828744,114.2623088198963,10.0,10.0,100.0,False,7,Woodland / shrubland / grassland / wetland,1.0,,,0.0,high_confidence,"Dominant LUHK land-use assigned by majority overlap between the pilot 10m grid cell and the LUHK 2024 10m raster. This step does not extract thermal temperatures, calculate delta-T, or run prediction. The current pilot stage is thermal-first: outputs are plotted on `_T.JPG` using thermal image geometry and `thermal_profile` assumptions when metadata does not provide FOV or sensor size. Visible `_V.JPG` overlays are deferred. The overlay remains an approximate first-pass visualization using the north-up rectangular footprint assumption.",100.0,"{""71"": 100.0}"
DJI_20260107143259_0005_T__thermal__r005_c003,20260107_Thermal_HKUST/DCIM/DJI_202601071424_001::DJI_20260107143259_0005,DJI_20260107143259_0005_V.JPG,DJI_20260107143259_0005_T.JPG,data/raw/hkust/20260107_Thermal_HKUST/DCIM/DJI_202601071424_001/DJI_20260107143259_0005_V.JPG,data/raw/hkust/20260107_Thermal_HKUST/DCIM/DJI_202601071424_001/DJI_20260107143259_0005_T.JPG,thermal,data/raw/hkust/20260107_Thermal_HKUST/DCIM/DJI_202601071424_001/DJI_20260107143259_0005_T.JPG,640,512,data/metadata/dji_image_metadata.csv,thermal_profile,EXIF/XMP focal length + focal_length_35mm-derived sensor size,12.0,52.0,35.99392244790114,29.13650161648791,7.79666547283578,6.237332378268624,derived from EXIF/XMP focal_length_35mm and target image aspect,399.28,True,5,3,845073.9326202362,845083.9326202362,822386.525865373,822396.525865373,845078.9326202362,822391.525865373,22.340577025587013,114.2624058941327,10.0,10.0,100.0,False,7,Woodland / shrubland / grassland / wetland,1.0,,,0.0,high_confidence,"Dominant LUHK land-use assigned by majority overlap between the pilot 10m grid cell and the LUHK 2024 10m raster. This step does not extract thermal temperatures, calculate delta-T, or run prediction. The current pilot stage is thermal-first: outputs are plotted on `_T.JPG` using thermal image geometry and `thermal_profile` assumptions when metadata does not provide FOV or sensor size. Visible `_V.JPG` overlays are deferred. The overlay remains an approximate first-pass visualization using the north-up rectangular footprint assumption.",100.0,"{""71"": 100.0}"
DJI_20260107143259_0005_T__thermal__r005_c004,20260107_Thermal_HKUST/DCIM/DJI_202601071424_001::DJI_20260107143259_0005,DJI_20260107143259_0005_V.JPG,DJI_20260107143259_0005_T.JPG,data/raw/hkust/20260107_Thermal_HKUST/DCIM/DJI_202601071424_001/DJI_20260107143259_0005_V.JPG,data/raw/hkust/20260107_Thermal_HKUST/DCIM/DJI_202601071424_001/DJI_20260107143259_0005_T.JPG,thermal,data/raw/hkust/20260107_Thermal_HKUST/DCIM/DJI_202601071424_001/DJI_20260107143259_0005_T.JPG,640,512,data/metadata/dji_image_metadata.csv,thermal_profile,EXIF/XMP focal length + focal_length_35mm-derived sensor size,12.0,52.0,35.99392244790114,29.13650161648791,7.79666547283578,6.237332378268624,derived from EXIF/XMP focal_length_35mm and target image aspect,399.28,True,5,4,845083.9326202362,845093.9326202362,822386.525865373,822396.525865373,845088.9326202362,822391.525865373,22.340576974287117,114.2625029683688,10.0,10.0,100.0,False,7,Woodland / shrubland / grassland / wetland,1.0,,,0.0,high_confidence,"Dominant LUHK land-use assigned by majority overlap between the pilot 10m grid cell and the LUHK 2024 10m raster. This step does not extract thermal temperatures, calculate delta-T, or run prediction. The current pilot stage is thermal-first: outputs are plotted on `_T.JPG` using thermal image geometry and `thermal_profile` assumptions when metadata does not provide FOV or sensor size. Visible `_V.JPG` overlays are deferred. The overlay remains an approximate first-pass visualization using the north-up rectangular footprint assumption.",100.0,"{""71"": 60.67379763815552, ""72"": 39.32620236184448}"
DJI_20260107143259_0005_T__thermal__r005_c005,20260107_Thermal_HKUST/DCIM/DJI_202601071424_001::DJI_20260107143259_0005,DJI_20260107143259_0005_V.JPG,DJI_20260107143259_0005_T.JPG,data/raw/hkust/20260107_Thermal_HKUST/DCIM/DJI_202601071424_001/DJI_20260107143259_0005_V.JPG,data/raw/hkust/20260107_Thermal_HKUST/DCIM/DJI_202601071424_001/DJI_20260107143259_0005_T.JPG,thermal,data/raw/hkust/20260107_Thermal_HKUST/DCIM/DJI_202601071424_001/DJI_20260107143259_0005_T.JPG,640,512,data/metadata/dji_image_metadata.csv,thermal_profile,EXIF/XMP focal length + focal_length_35mm-derived sensor size,12.0,52.0,35.99392244790114,29.13650161648791,7.79666547283578,6.237332378268624,derived from EXIF/XMP focal_length_35mm and target image aspect,399.28,True,5,5,845093.9326202362,845103.9326202362,822386.525865373,822396.525865373,845098.9326202362,822391.525865373,22.34057692292906,114.26260004260463,10.0,10.0,100.0,False,7,Woodland / shrubland / grassland / wetland,1.0,,,0.0,high_confidence,"Dominant LUHK land-use assigned by majority overlap between the pilot 10m grid cell and the LUHK 2024 10m raster. This step does not extract thermal temperatures, calculate delta-T, or run prediction. The current pilot stage is thermal-first: outputs are plotted on `_T.JPG` using thermal image geometry and `thermal_profile` assumptions when metadata does not provide FOV or sensor size. Visible `_V.JPG` overlays are deferred. The overlay remains an approximate first-pass visualization using the north-up rectangular footprint assumption.",100.0,"{""72"": 100.0}"
DJI_20260107143259_0005_T__thermal__r005_c006,20260107_Thermal_HKUST/DCIM/DJI_202601071424_001::DJI_20260107143259_0005,DJI_20260107143259_0005_V.JPG,DJI_20260107143259_0005_T.JPG,data/raw/hkust/20260107_Thermal_HKUST/DCIM/DJI_202601071424_001/DJI_20260107143259_0005_V.JPG,data/raw/hkust/20260107_Thermal_HKUST/DCIM/DJI_202601071424_001/DJI_20260107143259_0005_T.JPG,thermal,data/raw/hkust/20260107_Thermal_HKUST/DCIM/DJI_202601071424_001/DJI_20260107143259_0005_T.JPG,640,512,data/metadata/dji_image_metadata.csv,thermal_profile,EXIF/XMP focal length + focal_length_35mm-derived sensor size,12.0,52.0,35.99392244790114,29.13650161648791,7.79666547283578,6.237332378268624,derived from EXIF/XMP focal_length_35mm and target image aspect,399.28,True,5,6,845103.9326202362,845113.9326202362,822386.525865373,822396.525865373,845108.9326202362,822391.525865373,22.34057687151284,114.26269711684017,10.0,10.0,100.0,False,7,Woodland / shrubland / grassland / wetland,0.6067379763815552,3.0,GIC / open space,0.3932620236184448,medium_confidence,"Dominant LUHK land-use assigned by majority overlap between the pilot 10m grid cell and the LUHK 2024 10m raster. This step does not extract thermal temperatures, calculate delta-T, or run prediction. The current pilot stage is thermal-first: outputs are plotted on `_T.JPG` using thermal image geometry and `thermal_profile` assumptions when metadata does not provide FOV or sensor size. Visible `_V.JPG` overlays are deferred. The overlay remains an approximate first-pass visualization using the north-up rectangular footprint assumption.",100.0,"{""31"": 39.32620236184448, ""72"": 60.67379763815552}"
DJI_20260107143259_0005_T__thermal__r005_c007,20260107_Thermal_HKUST/DCIM/DJI_202601071424_001::DJI_20260107143259_0005,DJI_20260107143259_0005_V.JPG,DJI_20260107143259_0005_T.JPG,data/raw/hkust/20260107_Thermal_HKUST/DCIM/DJI_202601071424_001/DJI_20260107143259_0005_V.JPG,data/raw/hkust/20260107_Thermal_HKUST/DCIM/DJI_202601071424_001/DJI_20260107143259_0005_T.JPG,thermal,data/raw/hkust/20260107_Thermal_HKUST/DCIM/DJI_202601071424_001/DJI_20260107143259_0005_T.JPG,640,512,data/metadata/dji_image_metadata.csv,thermal_profile,EXIF/XMP focal length + focal_length_35mm-derived sensor size,12.0,52.0,35.99392244790114,29.13650161648791,7.79666547283578,6.237332378268624,derived from EXIF/XMP focal_length_35mm and target image aspect,399.28,True,5,7,845113.9326202362,845123.9326202362,822386.525865373,822396.525865373,845118.9326202362,822391.525865373,22.34057682003846,114.26279419107546,10.0,10.0,100.0,False,3,GIC / open space,1.0,,,0.0,high_confidence,"Dominant LUHK land-use assigned by majority overlap between the pilot 10m grid cell and the LUHK 2024 10m raster. This step does not extract thermal temperatures, calculate delta-T, or run prediction. The current pilot stage is thermal-first: outputs are plotted on `_T.JPG` using thermal image geometry and `thermal_profile` assumptions when metadata does not provide FOV or sensor size. Visible `_V.JPG` overlays are deferred. The overlay remains an approximate first-pass visualization using the north-up rectangular footprint assumption.",100.0,"{""31"": 100.0}"
DJI_20260107143259_0005_T__thermal__r005_c008,20260107_Thermal_HKUST/DCIM/DJI_202601071424_001::DJI_20260107143259_0005,DJI_20260107143259_0005_V.JPG,DJI_20260107143259_0005_T.JPG,data/raw/hkust/20260107_Thermal_HKUST/DCIM/DJI_202601071424_001/DJI_20260107143259_0005_V.JPG,data/raw/hkust/20260107_Thermal_HKUST/DCIM/DJI_202601071424_001/DJI_20260107143259_0005_T.JPG,thermal,data/raw/hkust/20260107_Thermal_HKUST/DCIM/DJI_202601071424_001/DJI_20260107143259_0005_T.JPG,640,512,data/metadata/dji_image_metadata.csv,thermal_profile,EXIF/XMP focal length + focal_length_35mm-derived sensor size,12.0,52.0,35.99392244790114,29.13650161648791,7.79666547283578,6.237332378268624,derived from EXIF/XMP focal_length_35mm and target image aspect,399.28,True,5,8,845123.9326202362,845133.9326202362,822386.525865373,822396.525865373,845128.9326202362,822391.525865373,22.340576768505922,114.26289126531044,10.0,10.0,100.0,False,3,GIC / open space,1.0,,,0.0,high_confidence,"Dominant LUHK land-use assigned by majority overlap between the pilot 10m grid cell and the LUHK 2024 10m raster. This step does not extract thermal temperatures, calculate delta-T, or run prediction. The current pilot stage is thermal-first: outputs are plotted on `_T.JPG` using thermal image geometry and `thermal_profile` assumptions when metadata does not provide FOV or sensor size. Visible `_V.JPG` overlays are deferred. The overlay remains an approximate first-pass visualization using the north-up rectangular footprint assumption.",100.0,"{""31"": 100.0}"
DJI_20260107143259_0005_T__thermal__r005_c009,20260107_Thermal_HKUST/DCIM/DJI_202601071424_001::DJI_20260107143259_0005,DJI_20260107143259_0005_V.JPG,DJI_20260107143259_0005_T.JPG,data/raw/hkust/20260107_Thermal_HKUST/DCIM/DJI_202601071424_001/DJI_20260107143259_0005_V.JPG,data/raw/hkust/20260107_Thermal_HKUST/DCIM/DJI_202601071424_001/DJI_20260107143259_0005_T.JPG,thermal,data/raw/hkust/20260107_Thermal_HKUST/DCIM/DJI_202601071424_001/DJI_20260107143259_0005_T.JPG,640,512,data/metadata/dji_image_metadata.csv,thermal_profile,EXIF/XMP focal length + focal_length_35mm-derived sensor size,12.0,52.0,35.99392244790114,29.13650161648791,7.79666547283578,6.237332378268624,derived from EXIF/XMP focal_length_35mm and target image aspect,399.28,True,5,9,845133.9326202362,845143.9326202362,822386.525865373,822396.525865373,845138.9326202362,822391.525865373,22.340576716915226,114.26298833954516,10.0,10.0,100.0,False,3,GIC / open space,1.0,,,0.0,high_confidence,"Dominant LUHK land-use assigned by majority overlap between the pilot 10m grid cell and the LUHK 2024 10m raster. This step does not extract thermal temperatures, calculate delta-T, or run prediction. The current pilot stage is thermal-first: outputs are plotted on `_T.JPG` using thermal image geometry and `thermal_profile` assumptions when metadata does not provide FOV or sensor size. Visible `_V.JPG` overlays are deferred. The overlay remains an approximate first-pass visualization using the north-up rectangular footprint assumption.",100.0,"{""31"": 100.0}"
DJI_20260107143259_0005_T__thermal__r005_c010,20260107_Thermal_HKUST/DCIM/DJI_202601071424_001::DJI_20260107143259_0005,DJI_20260107143259_0005_V.JPG,DJI_20260107143259_0005_T.JPG,data/raw/hkust/20260107_Thermal_HKUST/DCIM/DJI_202601071424_001/DJI_20260107143259_0005_V.JPG,data/raw/hkust/20260107_Thermal_HKUST/DCIM/DJI_202601071424_001/DJI_20260107143259_0005_T.JPG,thermal,data/raw/hkust/20260107_Thermal_HKUST/DCIM/DJI_202601071424_001/DJI_20260107143259_0005_T.JPG,640,512,data/metadata/dji_image_metadata.csv,thermal_profile,EXIF/XMP focal length + focal_length_35mm-derived sensor size,12.0,52.0,35.99392244790114,29.13650161648791,7.79666547283578,6.237332378268624,derived from EXIF/XMP focal_length_35mm and target image aspect,399.28,True,5,10,845143.9326202362,845153.9326202362,822386.525865373,822396.525865373,845148.9326202362,822391.525865373,22.34057666526636,114.2630854137796,10.0,10.0,100.0,False,3,GIC / open space,1.0,,,0.0,high_confidence,"Dominant LUHK land-use assigned by majority overlap between the pilot 10m grid cell and the LUHK 2024 10m raster. This step does not extract thermal temperatures, calculate delta-T, or run prediction. The current pilot stage is thermal-first: outputs are plotted on `_T.JPG` using thermal image geometry and `thermal_profile` assumptions when metadata does not provide FOV or sensor size. Visible `_V.JPG` overlays are deferred. The overlay remains an approximate first-pass visualization using the north-up rectangular footprint assumption.",100.0,"{""31"": 100.0}"
DJI_20260107143259_0005_T__thermal__r005_c011,20260107_Thermal_HKUST/DCIM/DJI_202601071424_001::DJI_20260107143259_0005,DJI_20260107143259_0005_V.JPG,DJI_20260107143259_0005_T.JPG,data/raw/hkust/20260107_Thermal_HKUST/DCIM/DJI_202601071424_001/DJI_20260107143259_0005_V.JPG,data/raw/hkust/20260107_Thermal_HKUST/DCIM/DJI_202601071424_001/DJI_20260107143259_0005_T.JPG,thermal,data/raw/hkust/20260107_Thermal_HKUST/DCIM/DJI_202601071424_001/DJI_20260107143259_0005_T.JPG,640,512,data/metadata/dji_image_metadata.csv,thermal_profile,EXIF/XMP focal length + focal_length_35mm-derived sensor size,12.0,52.0,35.99392244790114,29.13650161648791,7.79666547283578,6.237332378268624,derived from EXIF/XMP focal_length_35mm and target image aspect,399.28,True,5,11,845153.9326202362,845163.9326202362,822386.525865373,822396.525865373,845158.9326202362,822391.525865373,22.340576613559335,114.26318248801374,10.0,10.0,100.0,False,3,GIC / open space,1.0,,,0.0,high_confidence,"Dominant LUHK land-use assigned by majority overlap between the pilot 10m grid cell and the LUHK 2024 10m raster. This step does not extract thermal temperatures, calculate delta-T, or run prediction. The current pilot stage is thermal-first: outputs are plotted on `_T.JPG` using thermal image geometry and `thermal_profile` assumptions when metadata does not provide FOV or sensor size. Visible `_V.JPG` overlays are deferred. The overlay remains an approximate first-pass visualization using the north-up rectangular footprint assumption.",100.0,"{""31"": 100.0}"
DJI_20260107143259_0005_T__thermal__r005_c012,20260107_Thermal_HKUST/DCIM/DJI_202601071424_001::DJI_20260107143259_0005,DJI_20260107143259_0005_V.JPG,DJI_20260107143259_0005_T.JPG,data/raw/hkust/20260107_Thermal_HKUST/DCIM/DJI_202601071424_001/DJI_20260107143259_0005_V.JPG,data/raw/hkust/20260107_Thermal_HKUST/DCIM/DJI_202601071424_001/DJI_20260107143259_0005_T.JPG,thermal,data/raw/hkust/20260107_Thermal_HKUST/DCIM/DJI_202601071424_001/DJI_20260107143259_0005_T.JPG,640,512,data/metadata/dji_image_metadata.csv,thermal_profile,EXIF/XMP focal length + focal_length_35mm-derived sensor size,12.0,52.0,35.99392244790114,29.13650161648791,7.79666547283578,6.237332378268624,derived from EXIF/XMP focal_length_35mm and target image aspect,399.28,True,5,12,845163.9326202362,845173.9326202362,822386.525865373,822396.525865373,845168.9326202362,822391.525865373,22.340576561794155,114.26327956224762,10.0,10.0,100.0,False,3,GIC / open space,1.0,,,0.0,high_confidence,"Dominant LUHK land-use assigned by majority overlap between the pilot 10m grid cell and the LUHK 2024 10m raster. This step does not extract thermal temperatures, calculate delta-T, or run prediction. The current pilot stage is thermal-first: outputs are plotted on `_T.JPG` using thermal image geometry and `thermal_profile` assumptions when metadata does not provide FOV or sensor size. Visible `_V.JPG` overlays are deferred. The overlay remains an approximate first-pass visualization using the north-up rectangular footprint assumption.",100.0,"{""31"": 100.0}"
DJI_20260107143259_0005_T__thermal__r005_c013,20260107_Thermal_HKUST/DCIM/DJI_202601071424_001::DJI_20260107143259_0005,DJI_20260107143259_0005_V.JPG,DJI_20260107143259_0005_T.JPG,data/raw/hkust/20260107_Thermal_HKUST/DCIM/DJI_202601071424_001/DJI_20260107143259_0005_V.JPG,data/raw/hkust/20260107_Thermal_HKUST/DCIM/DJI_202601071424_001/DJI_20260107143259_0005_T.JPG,thermal,data/raw/hkust/20260107_Thermal_HKUST/DCIM/DJI_202601071424_001/DJI_20260107143259_0005_T.JPG,640,512,data/metadata/dji_image_metadata.csv,thermal_profile,EXIF/XMP focal length + focal_length_35mm-derived sensor size,12.0,52.0,35.99392244790114,29.13650161648791,7.79666547283578,6.237332378268624,derived from EXIF/XMP focal_length_35mm and target image aspect,399.28,True,5,13,845173.9326202362,845183.9326202362,822386.525865373,822396.525865373,845178.9326202362,822391.525865373,22.34057650997081,114.26337663648121,10.0,10.0,100.0,False,3,GIC / open space,1.0,,,0.0,high_confidence,"Dominant LUHK land-use assigned by majority overlap between the pilot 10m grid cell and the LUHK 2024 10m raster. This step does not extract thermal temperatures, calculate delta-T, or run prediction. The current pilot stage is thermal-first: outputs are plotted on `_T.JPG` using thermal image geometry and `thermal_profile` assumptions when metadata does not provide FOV or sensor size. Visible `_V.JPG` overlays are deferred. The overlay remains an approximate first-pass visualization using the north-up rectangular footprint assumption.",100.0,"{""31"": 100.0}"
DJI_20260107143259_0005_T__thermal__r005_c014,20260107_Thermal_HKUST/DCIM/DJI_202601071424_001::DJI_20260107143259_0005,DJI_20260107143259_0005_V.JPG,DJI_20260107143259_0005_T.JPG,data/raw/hkust/20260107_Thermal_HKUST/DCIM/DJI_202601071424_001/DJI_20260107143259_0005_V.JPG,data/raw/hkust/20260107_Thermal_HKUST/DCIM/DJI_202601071424_001/DJI_20260107143259_0005_T.JPG,thermal,data/raw/hkust/20260107_Thermal_HKUST/DCIM/DJI_202601071424_001/DJI_20260107143259_0005_T.JPG,640,512,data/metadata/dji_image_metadata.csv,thermal_profile,EXIF/XMP focal length + focal_length_35mm-derived sensor size,12.0,52.0,35.99392244790114,29.13650161648791,7.79666547283578,6.237332378268624,derived from EXIF/XMP focal_length_35mm and target image aspect,399.28,True,5,14,845183.9326202362,845193.9326202362,822386.525865373,822396.525865373,845188.9326202362,822391.525865373,22.340576458089302,114.26347371071452,10.0,10.0,100.0,False,3,GIC / open space,1.0,,,0.0,high_confidence,"Dominant LUHK land-use assigned by majority overlap between the pilot 10m grid cell and the LUHK 2024 10m raster. This step does not extract thermal temperatures, calculate delta-T, or run prediction. The current pilot stage is thermal-first: outputs are plotted on `_T.JPG` using thermal image geometry and `thermal_profile` assumptions when metadata does not provide FOV or sensor size. Visible `_V.JPG` overlays are deferred. The overlay remains an approximate first-pass visualization using the north-up rectangular footprint assumption.",100.0,"{""31"": 100.0}"
DJI_20260107143259_0005_T__thermal__r005_c015,20260107_Thermal_HKUST/DCIM/DJI_202601071424_001::DJI_20260107143259_0005,DJI_20260107143259_0005_V.JPG,DJI_20260107143259_0005_T.JPG,data/raw/hkust/20260107_Thermal_HKUST/DCIM/DJI_202601071424_001/DJI_20260107143259_0005_V.JPG,data/raw/hkust/20260107_Thermal_HKUST/DCIM/DJI_202601071424_001/DJI_20260107143259_0005_T.JPG,thermal,data/raw/hkust/20260107_Thermal_HKUST/DCIM/DJI_202601071424_001/DJI_20260107143259_0005_T.JPG,640,512,data/metadata/dji_image_metadata.csv,thermal_profile,EXIF/XMP focal length + focal_length_35mm-derived sensor size,12.0,52.0,35.99392244790114,29.13650161648791,7.79666547283578,6.237332378268624,derived from EXIF/XMP focal_length_35mm and target image aspect,399.28,True,5,15,845193.9326202362,845203.9326202362,822386.525865373,822396.525865373,845198.9326202362,822391.525865373,22.340576406149637,114.26357078494756,10.0,10.0,100.0,False,3,GIC / open space,1.0,,,0.0,high_confidence,"Dominant LUHK land-use assigned by majority overlap between the pilot 10m grid cell and the LUHK 2024 10m raster. This step does not extract thermal temperatures, calculate delta-T, or run prediction. The current pilot stage is thermal-first: outputs are plotted on `_T.JPG` using thermal image geometry and `thermal_profile` assumptions when metadata does not provide FOV or sensor size. Visible `_V.JPG` overlays are deferred. The overlay remains an approximate first-pass visualization using the north-up rectangular footprint assumption.",100.0,"{""31"": 100.0}"
DJI_20260107143259_0005_T__thermal__r005_c016,20260107_Thermal_HKUST/DCIM/DJI_202601071424_001::DJI_20260107143259_0005,DJI_20260107143259_0005_V.JPG,DJI_20260107143259_0005_T.JPG,data/raw/hkust/20260107_Thermal_HKUST/DCIM/DJI_202601071424_001/DJI_20260107143259_0005_V.JPG,data/raw/hkust/20260107_Thermal_HKUST/DCIM/DJI_202601071424_001/DJI_20260107143259_0005_T.JPG,thermal,data/raw/hkust/20260107_Thermal_HKUST/DCIM/DJI_202601071424_001/DJI_20260107143259_0005_T.JPG,640,512,data/metadata/dji_image_metadata.csv,thermal_profile,EXIF/XMP focal length + focal_length_35mm-derived sensor size,12.0,52.0,35.99392244790114,29.13650161648791,7.79666547283578,6.237332378268624,derived from EXIF/XMP focal_length_35mm and target image aspect,399.28,True,5,16,845203.9326202362,845213.9326202362,822386.525865373,822396.525865373,845208.9326202362,822391.525865373,22.340576354151818,114.2636678591803,10.0,10.0,100.0,False,3,GIC / open space,1.0,,,0.0,high_confidence,"Dominant LUHK land-use assigned by majority overlap between the pilot 10m grid cell and the LUHK 2024 10m raster. This step does not extract thermal temperatures, calculate delta-T, or run prediction. The current pilot stage is thermal-first: outputs are plotted on `_T.JPG` using thermal image geometry and `thermal_profile` assumptions when metadata does not provide FOV or sensor size. Visible `_V.JPG` overlays are deferred. The overlay remains an approximate first-pass visualization using the north-up rectangular footprint assumption.",100.0,"{""31"": 100.0}"
DJI_20260107143259_0005_T__thermal__r005_c017,20260107_Thermal_HKUST/DCIM/DJI_202601071424_001::DJI_20260107143259_0005,DJI_20260107143259_0005_V.JPG,DJI_20260107143259_0005_T.JPG,data/raw/hkust/20260107_Thermal_HKUST/DCIM/DJI_202601071424_001/DJI_20260107143259_0005_V.JPG,data/raw/hkust/20260107_Thermal_HKUST/DCIM/DJI_202601071424_001/DJI_20260107143259_0005_T.JPG,thermal,data/raw/hkust/20260107_Thermal_HKUST/DCIM/DJI_202601071424_001/DJI_20260107143259_0005_T.JPG,640,512,data/metadata/dji_image_metadata.csv,thermal_profile,EXIF/XMP focal length + focal_length_35mm-derived sensor size,12.0,52.0,35.99392244790114,29.13650161648791,7.79666547283578,6.237332378268624,derived from EXIF/XMP focal_length_35mm and target image aspect,399.28,True,5,17,845213.9326202362,845223.9326202362,822386.525865373,822396.525865373,845218.9326202362,822391.525865373,22.340576302095826,114.26376493341277,10.0,10.0,100.0,False,3,GIC / open space,1.0,,,0.0,high_confidence,"Dominant LUHK land-use assigned by majority overlap between the pilot 10m grid cell and the LUHK 2024 10m raster. This step does not extract thermal temperatures, calculate delta-T, or run prediction. The current pilot stage is thermal-first: outputs are plotted on `_T.JPG` using thermal image geometry and `thermal_profile` assumptions when metadata does not provide FOV or sensor size. Visible `_V.JPG` overlays are deferred. The overlay remains an approximate first-pass visualization using the north-up rectangular footprint assumption.",100.0,"{""31"": 100.0}"
DJI_20260107143259_0005_T__thermal__r005_c018,20260107_Thermal_HKUST/DCIM/DJI_202601071424_001::DJI_20260107143259_0005,DJI_20260107143259_0005_V.JPG,DJI_20260107143259_0005_T.JPG,data/raw/hkust/20260107_Thermal_HKUST/DCIM/DJI_202601071424_001/DJI_20260107143259_0005_V.JPG,data/raw/hkust/20260107_Thermal_HKUST/DCIM/DJI_202601071424_001/DJI_20260107143259_0005_T.JPG,thermal,data/raw/hkust/20260107_Thermal_HKUST/DCIM/DJI_202601071424_001/DJI_20260107143259_0005_T.JPG,640,512,data/metadata/dji_image_metadata.csv,thermal_profile,EXIF/XMP focal length + focal_length_35mm-derived sensor size,12.0,52.0,35.99392244790114,29.13650161648791,7.79666547283578,6.237332378268624,derived from EXIF/XMP focal_length_35mm and target image aspect,399.28,True,5,18,845223.9326202362,845233.9326202362,822386.525865373,822396.525865373,845228.9326202362,822391.525865373,22.340576249981684,114.26386200764496,10.0,10.0,100.0,False,3,GIC / open space,1.0,,,0.0,high_confidence,"Dominant LUHK land-use assigned by majority overlap between the pilot 10m grid cell and the LUHK 2024 10m raster. This step does not extract thermal temperatures, calculate delta-T, or run prediction. The current pilot stage is thermal-first: outputs are plotted on `_T.JPG` using thermal image geometry and `thermal_profile` assumptions when metadata does not provide FOV or sensor size. Visible `_V.JPG` overlays are deferred. The overlay remains an approximate first-pass visualization using the north-up rectangular footprint assumption.",100.0,"{""31"": 100.0}"
DJI_20260107143259_0005_T__thermal__r005_c019,20260107_Thermal_HKUST/DCIM/DJI_202601071424_001::DJI_20260107143259_0005,DJI_20260107143259_0005_V.JPG,DJI_20260107143259_0005_T.JPG,data/raw/hkust/20260107_Thermal_HKUST/DCIM/DJI_202601071424_001/DJI_20260107143259_0005_V.JPG,data/raw/hkust/20260107_Thermal_HKUST/DCIM/DJI_202601071424_001/DJI_20260107143259_0005_T.JPG,thermal,data/raw/hkust/20260107_Thermal_HKUST/DCIM/DJI_202601071424_001/DJI_20260107143259_0005_T.JPG,640,512,data/metadata/dji_image_metadata.csv,thermal_profile,EXIF/XMP focal length + focal_length_35mm-derived sensor size,12.0,52.0,35.99392244790114,29.13650161648791,7.79666547283578,6.237332378268624,derived from EXIF/XMP focal_length_35mm and target image aspect,399.28,True,5,19,845233.9326202362,845243.9326202362,822386.525865373,822396.525865373,845238.9326202362,822391.525865373,22.340576197809376,114.26395908187683,10.0,10.0,100.0,False,3,GIC / open space,1.0,,,0.0,high_confidence,"Dominant LUHK land-use assigned by majority overlap between the pilot 10m grid cell and the LUHK 2024 10m raster. This step does not extract thermal temperatures, calculate delta-T, or run prediction. The current pilot stage is thermal-first: outputs are plotted on `_T.JPG` using thermal image geometry and `thermal_profile` assumptions when metadata does not provide FOV or sensor size. Visible `_V.JPG` overlays are deferred. The overlay remains an approximate first-pass visualization using the north-up rectangular footprint assumption.",100.0,"{""31"": 100.0}"
DJI_20260107143259_0005_T__thermal__r005_c020,20260107_Thermal_HKUST/DCIM/DJI_202601071424_001::DJI_20260107143259_0005,DJI_20260107143259_0005_V.JPG,DJI_20260107143259_0005_T.JPG,data/raw/hkust/20260107_Thermal_HKUST/DCIM/DJI_202601071424_001/DJI_20260107143259_0005_V.JPG,data/raw/hkust/20260107_Thermal_HKUST/DCIM/DJI_202601071424_001/DJI_20260107143259_0005_T.JPG,thermal,data/raw/hkust/20260107_Thermal_HKUST/DCIM/DJI_202601071424_001/DJI_20260107143259_0005_T.JPG,640,512,data/metadata/dji_image_metadata.csv,thermal_profile,EXIF/XMP focal length + focal_length_35mm-derived sensor size,12.0,52.0,35.99392244790114,29.13650161648791,7.79666547283578,6.237332378268624,derived from EXIF/XMP focal_length_35mm and target image aspect,399.28,True,5,20,845243.9326202362,845253.9326202362,822386.525865373,822396.525865373,845248.9326202362,822391.525865373,22.34057614557892,114.26405615610845,10.0,10.0,100.0,False,3,GIC / open space,1.0,,,0.0,high_confidence,"Dominant LUHK land-use assigned by majority overlap between the pilot 10m grid cell and the LUHK 2024 10m raster. This step does not extract thermal temperatures, calculate delta-T, or run prediction. The current pilot stage is thermal-first: outputs are plotted on `_T.JPG` using thermal image geometry and `thermal_profile` assumptions when metadata does not provide FOV or sensor size. Visible `_V.JPG` overlays are deferred. The overlay remains an approximate first-pass visualization using the north-up rectangular footprint assumption.",100.0,"{""31"": 100.0}"
DJI_20260107143259_0005_T__thermal__r005_c021,20260107_Thermal_HKUST/DCIM/DJI_202601071424_001::DJI_20260107143259_0005,DJI_20260107143259_0005_V.JPG,DJI_20260107143259_0005_T.JPG,data/raw/hkust/20260107_Thermal_HKUST/DCIM/DJI_202601071424_001/DJI_20260107143259_0005_V.JPG,data/raw/hkust/20260107_Thermal_HKUST/DCIM/DJI_202601071424_001/DJI_20260107143259_0005_T.JPG,thermal,data/raw/hkust/20260107_Thermal_HKUST/DCIM/DJI_202601071424_001/DJI_20260107143259_0005_T.JPG,640,512,data/metadata/dji_image_metadata.csv,thermal_profile,EXIF/XMP focal length + focal_length_35mm-derived sensor size,12.0,52.0,35.99392244790114,29.13650161648791,7.79666547283578,6.237332378268624,derived from EXIF/XMP focal_length_35mm and target image aspect,399.28,True,5,21,845253.9326202362,845263.9326202362,822386.525865373,822396.525865373,845258.9326202362,822391.525865373,22.34057609329028,114.26415323033979,10.0,10.0,100.0,False,3,GIC / open space,1.0,,,0.0,high_confidence,"Dominant LUHK land-use assigned by majority overlap between the pilot 10m grid cell and the LUHK 2024 10m raster. This step does not extract thermal temperatures, calculate delta-T, or run prediction. The current pilot stage is thermal-first: outputs are plotted on `_T.JPG` using thermal image geometry and `thermal_profile` assumptions when metadata does not provide FOV or sensor size. Visible `_V.JPG` overlays are deferred. The overlay remains an approximate first-pass visualization using the north-up rectangular footprint assumption.",100.0,"{""31"": 100.0}"
DJI_20260107143259_0005_T__thermal__r005_c022,20260107_Thermal_HKUST/DCIM/DJI_202601071424_001::DJI_20260107143259_0005,DJI_20260107143259_0005_V.JPG,DJI_20260107143259_0005_T.JPG,data/raw/hkust/20260107_Thermal_HKUST/DCIM/DJI_202601071424_001/DJI_20260107143259_0005_V.JPG,data/raw/hkust/20260107_Thermal_HKUST/DCIM/DJI_202601071424_001/DJI_20260107143259_0005_T.JPG,thermal,data/raw/hkust/20260107_Thermal_HKUST/DCIM/DJI_202601071424_001/DJI_20260107143259_0005_T.JPG,640,512,data/metadata/dji_image_metadata.csv,thermal_profile,EXIF/XMP focal length + focal_length_35mm-derived sensor size,12.0,52.0,35.99392244790114,29.13650161648791,7.79666547283578,6.237332378268624,derived from EXIF/XMP focal_length_35mm and target image aspect,399.28,True,5,22,845263.9326202362,845273.9326202362,822386.525865373,822396.525865373,845268.9326202362,822391.525865373,22.340576040943503,114.26425030457085,10.0,10.0,100.0,False,3,GIC / open space,0.7433624977564738,7.0,Woodland / shrubland / grassland / wetland,0.2566375022435262,medium_confidence,"Dominant LUHK land-use assigned by majority overlap between the pilot 10m grid cell and the LUHK 2024 10m raster. This step does not extract thermal temperatures, calculate delta-T, or run prediction. The current pilot stage is thermal-first: outputs are plotted on `_T.JPG` using thermal image geometry and `thermal_profile` assumptions when metadata does not provide FOV or sensor size. Visible `_V.JPG` overlays are deferred. The overlay remains an approximate first-pass visualization using the north-up rectangular footprint assumption.",100.0,"{""31"": 74.33624977564737, ""71"": 25.663750224352622}"
DJI_20260107143259_0005_T__thermal__r005_c023,20260107_Thermal_HKUST/DCIM/DJI_202601071424_001::DJI_20260107143259_0005,DJI_20260107143259_0005_V.JPG,DJI_20260107143259_0005_T.JPG,data/raw/hkust/20260107_Thermal_HKUST/DCIM/DJI_202601071424_001/DJI_20260107143259_0005_V.JPG,data/raw/hkust/20260107_Thermal_HKUST/DCIM/DJI_202601071424_001/DJI_20260107143259_0005_T.JPG,thermal,data/raw/hkust/20260107_Thermal_HKUST/DCIM/DJI_202601071424_001/DJI_20260107143259_0005_T.JPG,640,512,data/metadata/dji_image_metadata.csv,thermal_profile,EXIF/XMP focal length + focal_length_35mm-derived sensor size,12.0,52.0,35.99392244790114,29.13650161648791,7.79666547283578,6.237332378268624,derived from EXIF/XMP focal_length_35mm and target image aspect,399.28,True,5,23,845273.9326202362,845283.9326202362,822386.525865373,822396.525865373,845278.9326202362,822391.525865373,22.34057598853854,114.26434737880162,10.0,10.0,100.0,False,7,Woodland / shrubland / grassland / wetland,0.7892110586718023,3.0,GIC / open space,0.21078894132819767,medium_confidence,"Dominant LUHK land-use assigned by majority overlap between the pilot 10m grid cell and the LUHK 2024 10m raster. This step does not extract thermal temperatures, calculate delta-T, or run prediction. The current pilot stage is thermal-first: outputs are plotted on `_T.JPG` using thermal image geometry and `thermal_profile` assumptions when metadata does not provide FOV or sensor size. Visible `_V.JPG` overlays are deferred. The overlay remains an approximate first-pass visualization using the north-up rectangular footprint assumption.",100.0,"{""31"": 21.078894132819766, ""71"": 65.25865372968838, ""72"": 13.66245213749186}"
DJI_20260107143259_0005_T__thermal__r005_c024,20260107_Thermal_HKUST/DCIM/DJI_202601071424_001::DJI_20260107143259_0005,DJI_20260107143259_0005_V.JPG,DJI_20260107143259_0005_T.JPG,data/raw/hkust/20260107_Thermal_HKUST/DCIM/DJI_202601071424_001/DJI_20260107143259_0005_V.JPG,data/raw/hkust/20260107_Thermal_HKUST/DCIM/DJI_202601071424_001/DJI_20260107143259_0005_T.JPG,thermal,data/raw/hkust/20260107_Thermal_HKUST/DCIM/DJI_202601071424_001/DJI_20260107143259_0005_T.JPG,640,512,data/metadata/dji_image_metadata.csv,thermal_profile,EXIF/XMP focal length + focal_length_35mm-derived sensor size,12.0,52.0,35.99392244790114,29.13650161648791,7.79666547283578,6.237332378268624,derived from EXIF/XMP focal_length_35mm and target image aspect,399.28,True,5,24,845283.9326202362,845293.9326202362,822386.525865373,822396.525865373,845288.9326202362,822391.525865373,22.34057593607544,114.26444445303207,10.0,10.0,100.0,False,7,Woodland / shrubland / grassland / wetland,1.0,,,0.0,high_confidence,"Dominant LUHK land-use assigned by majority overlap between the pilot 10m grid cell and the LUHK 2024 10m raster. This step does not extract thermal temperatures, calculate delta-T, or run prediction. The current pilot stage is thermal-first: outputs are plotted on `_T.JPG` using thermal image geometry and `thermal_profile` assumptions when metadata does not provide FOV or sensor size. Visible `_V.JPG` overlays are deferred. The overlay remains an approximate first-pass visualization using the north-up rectangular footprint assumption.",100.0,"{""71"": 65.25865372968838, ""72"": 34.741346270311624}"
DJI_20260107143259_0005_T__thermal__r005_c025,20260107_Thermal_HKUST/DCIM/DJI_202601071424_001::DJI_20260107143259_0005,DJI_20260107143259_0005_V.JPG,DJI_20260107143259_0005_T.JPG,data/raw/hkust/20260107_Thermal_HKUST/DCIM/DJI_202601071424_001/DJI_20260107143259_0005_V.JPG,data/raw/hkust/20260107_Thermal_HKUST/DCIM/DJI_202601071424_001/DJI_20260107143259_0005_T.JPG,thermal,data/raw/hkust/20260107_Thermal_HKUST/DCIM/DJI_202601071424_001/DJI_20260107143259_0005_T.JPG,640,512,data/metadata/dji_image_metadata.csv,thermal_profile,EXIF/XMP focal length + focal_length_35mm-derived sensor size,12.0,52.0,35.99392244790114,29.13650161648791,7.79666547283578,6.237332378268624,derived from EXIF/XMP focal_length_35mm and target image aspect,399.28,True,5,25,845293.9326202362,845303.3536694024,822386.525865373,822396.525865373,845298.6431448193,822391.525865373,22.34057588507534,114.26453871720194,9.421049166237935,10.0,94.21049166237935,True,7,Woodland / shrubland / grassland / wetland,1.0,,,0.0,high_confidence,"Dominant LUHK land-use assigned by majority overlap between the pilot 10m grid cell and the LUHK 2024 10m raster. This step does not extract thermal temperatures, calculate delta-T, or run prediction. The current pilot stage is thermal-first: outputs are plotted on `_T.JPG` using thermal image geometry and `thermal_profile` assumptions when metadata does not provide FOV or sensor size. Visible `_V.JPG` overlays are deferred. The overlay remains an approximate first-pass visualization using the north-up rectangular footprint assumption.",94.21049166237935,"{""71"": 51.24600250390627, ""72"": 42.96448915847309}"
DJI_20260107143259_0005_T__thermal__r006_c000,20260107_Thermal_HKUST/DCIM/DJI_202601071424_001::DJI_20260107143259_0005,DJI_20260107143259_0005_V.JPG,DJI_20260107143259_0005_T.JPG,data/raw/hkust/20260107_Thermal_HKUST/DCIM/DJI_202601071424_001/DJI_20260107143259_0005_V.JPG,data/raw/hkust/20260107_Thermal_HKUST/DCIM/DJI_202601071424_001/DJI_20260107143259_0005_T.JPG,thermal,data/raw/hkust/20260107_Thermal_HKUST/DCIM/DJI_202601071424_001/DJI_20260107143259_0005_T.JPG,640,512,data/metadata/dji_image_metadata.csv,thermal_profile,EXIF/XMP focal length + focal_length_35mm-derived sensor size,12.0,52.0,35.99392244790114,29.13650161648791,7.79666547283578,6.237332378268624,derived from EXIF/XMP focal_length_35mm and target image aspect,399.28,True,6,0,845043.9326202362,845053.9326202362,822376.525865373,822386.525865373,845048.9326202362,822381.525865373,22.340486873524902,114.26211461649662,10.0,10.0,100.0,False,7,Woodland / shrubland / grassland / wetland,1.0,,,0.0,high_confidence,"Dominant LUHK land-use assigned by majority overlap between the pilot 10m grid cell and the LUHK 2024 10m raster. This step does not extract thermal temperatures, calculate delta-T, or run prediction. The current pilot stage is thermal-first: outputs are plotted on `_T.JPG` using thermal image geometry and `thermal_profile` assumptions when metadata does not provide FOV or sensor size. Visible `_V.JPG` overlays are deferred. The overlay remains an approximate first-pass visualization using the north-up rectangular footprint assumption.",100.0,"{""71"": 100.0}"
DJI_20260107143259_0005_T__thermal__r006_c001,20260107_Thermal_HKUST/DCIM/DJI_202601071424_001::DJI_20260107143259_0005,DJI_20260107143259_0005_V.JPG,DJI_20260107143259_0005_T.JPG,data/raw/hkust/20260107_Thermal_HKUST/DCIM/DJI_202601071424_001/DJI_20260107143259_0005_V.JPG,data/raw/hkust/20260107_Thermal_HKUST/DCIM/DJI_202601071424_001/DJI_20260107143259_0005_T.JPG,thermal,data/raw/hkust/20260107_Thermal_HKUST/DCIM/DJI_202601071424_001/DJI_20260107143259_0005_T.JPG,640,512,data/metadata/dji_image_metadata.csv,thermal_profile,EXIF/XMP focal length + focal_length_35mm-derived sensor size,12.0,52.0,35.99392244790114,29.13650161648791,7.79666547283578,6.237332378268624,derived from EXIF/XMP focal_length_35mm and target image aspect,399.28,True,6,1,845053.9326202362,845063.9326202362,822376.525865373,822386.525865373,845058.9326202362,822381.525865373,22.340486822399715,114.26221169067104,10.0,10.0,100.0,False,7,Woodland / shrubland / grassland / wetland,1.0,,,0.0,high_confidence,"Dominant LUHK land-use assigned by majority overlap between the pilot 10m grid cell and the LUHK 2024 10m raster. This step does not extract thermal temperatures, calculate delta-T, or run prediction. The current pilot stage is thermal-first: outputs are plotted on `_T.JPG` using thermal image geometry and `thermal_profile` assumptions when metadata does not provide FOV or sensor size. Visible `_V.JPG` overlays are deferred. The overlay remains an approximate first-pass visualization using the north-up rectangular footprint assumption.",100.0,"{""71"": 100.0}"
DJI_20260107143259_0005_T__thermal__r006_c002,20260107_Thermal_HKUST/DCIM/DJI_202601071424_001::DJI_20260107143259_0005,DJI_20260107143259_0005_V.JPG,DJI_20260107143259_0005_T.JPG,data/raw/hkust/20260107_Thermal_HKUST/DCIM/DJI_202601071424_001/DJI_20260107143259_0005_V.JPG,data/raw/hkust/20260107_Thermal_HKUST/DCIM/DJI_202601071424_001/DJI_20260107143259_0005_T.JPG,thermal,data/raw/hkust/20260107_Thermal_HKUST/DCIM/DJI_202601071424_001/DJI_20260107143259_0005_T.JPG,640,512,data/metadata/dji_image_metadata.csv,thermal_profile,EXIF/XMP focal length + focal_length_35mm-derived sensor size,12.0,52.0,35.99392244790114,29.13650161648791,7.79666547283578,6.237332378268624,derived from EXIF/XMP focal_length_35mm and target image aspect,399.28,True,6,2,845063.9326202362,845073.9326202362,822376.525865373,822386.525865373,845068.9326202362,822381.525865373,22.34048677121636,114.26230876484519,10.0,10.0,100.0,False,7,Woodland / shrubland / grassland / wetland,1.0,,,0.0,high_confidence,"Dominant LUHK land-use assigned by majority overlap between the pilot 10m grid cell and the LUHK 2024 10m raster. This step does not extract thermal temperatures, calculate delta-T, or run prediction. The current pilot stage is thermal-first: outputs are plotted on `_T.JPG` using thermal image geometry and `thermal_profile` assumptions when metadata does not provide FOV or sensor size. Visible `_V.JPG` overlays are deferred. The overlay remains an approximate first-pass visualization using the north-up rectangular footprint assumption.",100.0,"{""71"": 86.33754786250815, ""72"": 13.66245213749186}"
DJI_20260107143259_0005_T__thermal__r006_c003,20260107_Thermal_HKUST/DCIM/DJI_202601071424_001::DJI_20260107143259_0005,DJI_20260107143259_0005_V.JPG,DJI_20260107143259_0005_T.JPG,data/raw/hkust/20260107_Thermal_HKUST/DCIM/DJI_202601071424_001/DJI_20260107143259_0005_V.JPG,data/raw/hkust/20260107_Thermal_HKUST/DCIM/DJI_202601071424_001/DJI_20260107143259_0005_T.JPG,thermal,data/raw/hkust/20260107_Thermal_HKUST/DCIM/DJI_202601071424_001/DJI_20260107143259_0005_T.JPG,640,512,data/metadata/dji_image_metadata.csv,thermal_profile,EXIF/XMP focal length + focal_length_35mm-derived sensor size,12.0,52.0,35.99392244790114,29.13650161648791,7.79666547283578,6.237332378268624,derived from EXIF/XMP focal_length_35mm and target image aspect,399.28,True,6,3,845073.9326202362,845083.9326202362,822376.525865373,822386.525865373,845078.9326202362,822381.525865373,22.34048671997485,114.26240583901905,10.0,10.0,100.0,False,7,Woodland / shrubland / grassland / wetland,1.0,,,0.0,high_confidence,"Dominant LUHK land-use assigned by majority overlap between the pilot 10m grid cell and the LUHK 2024 10m raster. This step does not extract thermal temperatures, calculate delta-T, or run prediction. The current pilot stage is thermal-first: outputs are plotted on `_T.JPG` using thermal image geometry and `thermal_profile` assumptions when metadata does not provide FOV or sensor size. Visible `_V.JPG` overlays are deferred. The overlay remains an approximate first-pass visualization using the north-up rectangular footprint assumption.",100.0,"{""71"": 65.25865372968838, ""72"": 21.078894132819766, ""73"": 13.66245213749186}"
DJI_20260107143259_0005_T__thermal__r006_c004,20260107_Thermal_HKUST/DCIM/DJI_202601071424_001::DJI_20260107143259_0005,DJI_20260107143259_0005_V.JPG,DJI_20260107143259_0005_T.JPG,data/raw/hkust/20260107_Thermal_HKUST/DCIM/DJI_202601071424_001/DJI_20260107143259_0005_V.JPG,data/raw/hkust/20260107_Thermal_HKUST/DCIM/DJI_202601071424_001/DJI_20260107143259_0005_T.JPG,thermal,data/raw/hkust/20260107_Thermal_HKUST/DCIM/DJI_202601071424_001/DJI_20260107143259_0005_T.JPG,640,512,data/metadata/dji_image_metadata.csv,thermal_profile,EXIF/XMP focal length + focal_length_35mm-derived sensor size,12.0,52.0,35.99392244790114,29.13650161648791,7.79666547283578,6.237332378268624,derived from EXIF/XMP focal_length_35mm and target image aspect,399.28,True,6,4,845083.9326202362,845093.9326202362,822376.525865373,822386.525865373,845088.9326202362,822381.525865373,22.340486668675183,114.26250291319265,10.0,10.0,100.0,False,7,Woodland / shrubland / grassland / wetland,1.0,,,0.0,high_confidence,"Dominant LUHK land-use assigned by majority overlap between the pilot 10m grid cell and the LUHK 2024 10m raster. This step does not extract thermal temperatures, calculate delta-T, or run prediction. The current pilot stage is thermal-first: outputs are plotted on `_T.JPG` using thermal image geometry and `thermal_profile` assumptions when metadata does not provide FOV or sensor size. Visible `_V.JPG` overlays are deferred. The overlay remains an approximate first-pass visualization using the north-up rectangular footprint assumption.",100.0,"{""71"": 53.25735564282762, ""72"": 25.663750224352622, ""73"": 21.078894132819766}"
DJI_20260107143259_0005_T__thermal__r006_c005,20260107_Thermal_HKUST/DCIM/DJI_202601071424_001::DJI_20260107143259_0005,DJI_20260107143259_0005_V.JPG,DJI_20260107143259_0005_T.JPG,data/raw/hkust/20260107_Thermal_HKUST/DCIM/DJI_202601071424_001/DJI_20260107143259_0005_V.JPG,data/raw/hkust/20260107_Thermal_HKUST/DCIM/DJI_202601071424_001/DJI_20260107143259_0005_T.JPG,thermal,data/raw/hkust/20260107_Thermal_HKUST/DCIM/DJI_202601071424_001/DJI_20260107143259_0005_T.JPG,640,512,data/metadata/dji_image_metadata.csv,thermal_profile,EXIF/XMP focal length + focal_length_35mm-derived sensor size,12.0,52.0,35.99392244790114,29.13650161648791,7.79666547283578,6.237332378268624,derived from EXIF/XMP focal_length_35mm and target image aspect,399.28,True,6,5,845093.9326202362,845103.9326202362,822376.525865373,822386.525865373,845098.9326202362,822381.525865373,22.34048661731735,114.26259998736595,10.0,10.0,100.0,False,7,Woodland / shrubland / grassland / wetland,0.8633754786250815,3.0,GIC / open space,0.1366245213749186,high_confidence,"Dominant LUHK land-use assigned by majority overlap between the pilot 10m grid cell and the LUHK 2024 10m raster. This step does not extract thermal temperatures, calculate delta-T, or run prediction. The current pilot stage is thermal-first: outputs are plotted on `_T.JPG` using thermal image geometry and `thermal_profile` assumptions when metadata does not provide FOV or sensor size. Visible `_V.JPG` overlays are deferred. The overlay remains an approximate first-pass visualization using the north-up rectangular footprint assumption.",100.0,"{""31"": 13.66245213749186, ""71"": 21.078894132819766, ""72"": 65.25865372968838}"
DJI_20260107143259_0005_T__thermal__r006_c006,20260107_Thermal_HKUST/DCIM/DJI_202601071424_001::DJI_20260107143259_0005,DJI_20260107143259_0005_V.JPG,DJI_20260107143259_0005_T.JPG,data/raw/hkust/20260107_Thermal_HKUST/DCIM/DJI_202601071424_001/DJI_20260107143259_0005_V.JPG,data/raw/hkust/20260107_Thermal_HKUST/DCIM/DJI_202601071424_001/DJI_20260107143259_0005_T.JPG,thermal,data/raw/hkust/20260107_Thermal_HKUST/DCIM/DJI_202601071424_001/DJI_20260107143259_0005_T.JPG,640,512,data/metadata/dji_image_metadata.csv,thermal_profile,EXIF/XMP focal length + focal_length_35mm-derived sensor size,12.0,52.0,35.99392244790114,29.13650161648791,7.79666547283578,6.237332378268624,derived from EXIF/XMP focal_length_35mm and target image aspect,399.28,True,6,6,845103.9326202362,845113.9326202362,822376.525865373,822386.525865373,845108.9326202362,822381.525865373,22.340486565901355,114.262697061539,10.0,10.0,100.0,False,3,GIC / open space,0.6040509649466425,7.0,Woodland / shrubland / grassland / wetland,0.3959490350533576,medium_confidence,"Dominant LUHK land-use assigned by majority overlap between the pilot 10m grid cell and the LUHK 2024 10m raster. This step does not extract thermal temperatures, calculate delta-T, or run prediction. The current pilot stage is thermal-first: outputs are plotted on `_T.JPG` using thermal image geometry and `thermal_profile` assumptions when metadata does not provide FOV or sensor size. Visible `_V.JPG` overlays are deferred. The overlay remains an approximate first-pass visualization using the north-up rectangular footprint assumption.",100.0,"{""31"": 60.40509649466425, ""72"": 39.59490350533576}"
DJI_20260107143259_0005_T__thermal__r006_c007,20260107_Thermal_HKUST/DCIM/DJI_202601071424_001::DJI_20260107143259_0005,DJI_20260107143259_0005_V.JPG,DJI_20260107143259_0005_T.JPG,data/raw/hkust/20260107_Thermal_HKUST/DCIM/DJI_202601071424_001/DJI_20260107143259_0005_V.JPG,data/raw/hkust/20260107_Thermal_HKUST/DCIM/DJI_202601071424_001/DJI_20260107143259_0005_T.JPG,thermal,data/raw/hkust/20260107_Thermal_HKUST/DCIM/DJI_202601071424_001/DJI_20260107143259_0005_T.JPG,640,512,data/metadata/dji_image_metadata.csv,thermal_profile,EXIF/XMP focal length + focal_length_35mm-derived sensor size,12.0,52.0,35.99392244790114,29.13650161648791,7.79666547283578,6.237332378268624,derived from EXIF/XMP focal_length_35mm and target image aspect,399.28,True,6,7,845113.9326202362,845123.9326202362,822376.525865373,822386.525865373,845118.9326202362,822381.525865373,22.3404865144272,114.26279413571173,10.0,10.0,100.0,False,3,GIC / open space,1.0,,,0.0,high_confidence,"Dominant LUHK land-use assigned by majority overlap between the pilot 10m grid cell and the LUHK 2024 10m raster. This step does not extract thermal temperatures, calculate delta-T, or run prediction. The current pilot stage is thermal-first: outputs are plotted on `_T.JPG` using thermal image geometry and `thermal_profile` assumptions when metadata does not provide FOV or sensor size. Visible `_V.JPG` overlays are deferred. The overlay remains an approximate first-pass visualization using the north-up rectangular footprint assumption.",100.0,"{""31"": 100.0}"
DJI_20260107143259_0005_T__thermal__r006_c008,20260107_Thermal_HKUST/DCIM/DJI_202601071424_001::DJI_20260107143259_0005,DJI_20260107143259_0005_V.JPG,DJI_20260107143259_0005_T.JPG,data/raw/hkust/20260107_Thermal_HKUST/DCIM/DJI_202601071424_001/DJI_20260107143259_0005_V.JPG,data/raw/hkust/20260107_Thermal_HKUST/DCIM/DJI_202601071424_001/DJI_20260107143259_0005_T.JPG,thermal,data/raw/hkust/20260107_Thermal_HKUST/DCIM/DJI_202601071424_001/DJI_20260107143259_0005_T.JPG,640,512,data/metadata/dji_image_metadata.csv,thermal_profile,EXIF/XMP focal length + focal_length_35mm-derived sensor size,12.0,52.0,35.99392244790114,29.13650161648791,7.79666547283578,6.237332378268624,derived from EXIF/XMP focal_length_35mm and target image aspect,399.28,True,6,8,845123.9326202362,845133.9326202362,822376.525865373,822386.525865373,845128.9326202362,822381.525865373,22.3404864628949,114.26289120988422,10.0,10.0,100.0,False,3,GIC / open space,1.0,,,0.0,high_confidence,"Dominant LUHK land-use assigned by majority overlap between the pilot 10m grid cell and the LUHK 2024 10m raster. This step does not extract thermal temperatures, calculate delta-T, or run prediction. The current pilot stage is thermal-first: outputs are plotted on `_T.JPG` using thermal image geometry and `thermal_profile` assumptions when metadata does not provide FOV or sensor size. Visible `_V.JPG` overlays are deferred. The overlay remains an approximate first-pass visualization using the north-up rectangular footprint assumption.",100.0,"{""31"": 100.0}"
DJI_20260107143259_0005_T__thermal__r006_c009,20260107_Thermal_HKUST/DCIM/DJI_202601071424_001::DJI_20260107143259_0005,DJI_20260107143259_0005_V.JPG,DJI_20260107143259_0005_T.JPG,data/raw/hkust/20260107_Thermal_HKUST/DCIM/DJI_202601071424_001/DJI_20260107143259_0005_V.JPG,data/raw/hkust/20260107_Thermal_HKUST/DCIM/DJI_202601071424_001/DJI_20260107143259_0005_T.JPG,thermal,data/raw/hkust/20260107_Thermal_HKUST/DCIM/DJI_202601071424_001/DJI_20260107143259_0005_T.JPG,640,512,data/metadata/dji_image_metadata.csv,thermal_profile,EXIF/XMP focal length + focal_length_35mm-derived sensor size,12.0,52.0,35.99392244790114,29.13650161648791,7.79666547283578,6.237332378268624,derived from EXIF/XMP focal_length_35mm and target image aspect,399.28,True,6,9,845133.9326202362,845143.9326202362,822376.525865373,822386.525865373,845138.9326202362,822381.525865373,22.340486411304415,114.26298828405639,10.0,10.0,100.0,False,3,GIC / open space,1.0,,,0.0,high_confidence,"Dominant LUHK land-use assigned by majority overlap between the pilot 10m grid cell and the LUHK 2024 10m raster. This step does not extract thermal temperatures, calculate delta-T, or run prediction. The current pilot stage is thermal-first: outputs are plotted on `_T.JPG` using thermal image geometry and `thermal_profile` assumptions when metadata does not provide FOV or sensor size. Visible `_V.JPG` overlays are deferred. The overlay remains an approximate first-pass visualization using the north-up rectangular footprint assumption.",100.0,"{""31"": 100.0}"
DJI_20260107143259_0005_T__thermal__r006_c010,20260107_Thermal_HKUST/DCIM/DJI_202601071424_001::DJI_20260107143259_0005,DJI_20260107143259_0005_V.JPG,DJI_20260107143259_0005_T.JPG,data/raw/hkust/20260107_Thermal_HKUST/DCIM/DJI_202601071424_001/DJI_20260107143259_0005_V.JPG,data/raw/hkust/20260107_Thermal_HKUST/DCIM/DJI_202601071424_001/DJI_20260107143259_0005_T.JPG,thermal,data/raw/hkust/20260107_Thermal_HKUST/DCIM/DJI_202601071424_001/DJI_20260107143259_0005_T.JPG,640,512,data/metadata/dji_image_metadata.csv,thermal_profile,EXIF/XMP focal length + focal_length_35mm-derived sensor size,12.0,52.0,35.99392244790114,29.13650161648791,7.79666547283578,6.237332378268624,derived from EXIF/XMP focal_length_35mm and target image aspect,399.28,True,6,10,845143.9326202362,845153.9326202362,822376.525865373,822386.525865373,845148.9326202362,822381.525865373,22.340486359655788,114.26308535822832,10.0,10.0,100.0,False,3,GIC / open space,1.0,,,0.0,high_confidence,"Dominant LUHK land-use assigned by majority overlap between the pilot 10m grid cell and the LUHK 2024 10m raster. This step does not extract thermal temperatures, calculate delta-T, or run prediction. The current pilot stage is thermal-first: outputs are plotted on `_T.JPG` using thermal image geometry and `thermal_profile` assumptions when metadata does not provide FOV or sensor size. Visible `_V.JPG` overlays are deferred. The overlay remains an approximate first-pass visualization using the north-up rectangular footprint assumption.",100.0,"{""31"": 100.0}"
DJI_20260107143259_0005_T__thermal__r006_c011,20260107_Thermal_HKUST/DCIM/DJI_202601071424_001::DJI_20260107143259_0005,DJI_20260107143259_0005_V.JPG,DJI_20260107143259_0005_T.JPG,data/raw/hkust/20260107_Thermal_HKUST/DCIM/DJI_202601071424_001/DJI_20260107143259_0005_V.JPG,data/raw/hkust/20260107_Thermal_HKUST/DCIM/DJI_202601071424_001/DJI_20260107143259_0005_T.JPG,thermal,data/raw/hkust/20260107_Thermal_HKUST/DCIM/DJI_202601071424_001/DJI_20260107143259_0005_T.JPG,640,512,data/metadata/dji_image_metadata.csv,thermal_profile,EXIF/XMP focal length + focal_length_35mm-derived sensor size,12.0,52.0,35.99392244790114,29.13650161648791,7.79666547283578,6.237332378268624,derived from EXIF/XMP focal_length_35mm and target image aspect,399.28,True,6,11,845153.9326202362,845163.9326202362,822376.525865373,822386.525865373,845158.9326202362,822381.525865373,22.340486307948996,114.26318243239996,10.0,10.0,100.0,False,3,GIC / open space,1.0,,,0.0,high_confidence,"Dominant LUHK land-use assigned by majority overlap between the pilot 10m grid cell and the LUHK 2024 10m raster. This step does not extract thermal temperatures, calculate delta-T, or run prediction. The current pilot stage is thermal-first: outputs are plotted on `_T.JPG` using thermal image geometry and `thermal_profile` assumptions when metadata does not provide FOV or sensor size. Visible `_V.JPG` overlays are deferred. The overlay remains an approximate first-pass visualization using the north-up rectangular footprint assumption.",100.0,"{""31"": 100.0}"
DJI_20260107143259_0005_T__thermal__r006_c012,20260107_Thermal_HKUST/DCIM/DJI_202601071424_001::DJI_20260107143259_0005,DJI_20260107143259_0005_V.JPG,DJI_20260107143259_0005_T.JPG,data/raw/hkust/20260107_Thermal_HKUST/DCIM/DJI_202601071424_001/DJI_20260107143259_0005_V.JPG,data/raw/hkust/20260107_Thermal_HKUST/DCIM/DJI_202601071424_001/DJI_20260107143259_0005_T.JPG,thermal,data/raw/hkust/20260107_Thermal_HKUST/DCIM/DJI_202601071424_001/DJI_20260107143259_0005_T.JPG,640,512,data/metadata/dji_image_metadata.csv,thermal_profile,EXIF/XMP focal length + focal_length_35mm-derived sensor size,12.0,52.0,35.99392244790114,29.13650161648791,7.79666547283578,6.237332378268624,derived from EXIF/XMP focal_length_35mm and target image aspect,399.28,True,6,12,845163.9326202362,845173.9326202362,822376.525865373,822386.525865373,845168.9326202362,822381.525865373,22.340486256184043,114.2632795065713,10.0,10.0,100.0,False,3,GIC / open space,1.0,,,0.0,high_confidence,"Dominant LUHK land-use assigned by majority overlap between the pilot 10m grid cell and the LUHK 2024 10m raster. This step does not extract thermal temperatures, calculate delta-T, or run prediction. The current pilot stage is thermal-first: outputs are plotted on `_T.JPG` using thermal image geometry and `thermal_profile` assumptions when metadata does not provide FOV or sensor size. Visible `_V.JPG` overlays are deferred. The overlay remains an approximate first-pass visualization using the north-up rectangular footprint assumption.",100.0,"{""31"": 100.0}"
DJI_20260107143259_0005_T__thermal__r006_c013,20260107_Thermal_HKUST/DCIM/DJI_202601071424_001::DJI_20260107143259_0005,DJI_20260107143259_0005_V.JPG,DJI_20260107143259_0005_T.JPG,data/raw/hkust/20260107_Thermal_HKUST/DCIM/DJI_202601071424_001/DJI_20260107143259_0005_V.JPG,data/raw/hkust/20260107_Thermal_HKUST/DCIM/DJI_202601071424_001/DJI_20260107143259_0005_T.JPG,thermal,data/raw/hkust/20260107_Thermal_HKUST/DCIM/DJI_202601071424_001/DJI_20260107143259_0005_T.JPG,640,512,data/metadata/dji_image_metadata.csv,thermal_profile,EXIF/XMP focal length + focal_length_35mm-derived sensor size,12.0,52.0,35.99392244790114,29.13650161648791,7.79666547283578,6.237332378268624,derived from EXIF/XMP focal_length_35mm and target image aspect,399.28,True,6,13,845173.9326202362,845183.9326202362,822376.525865373,822386.525865373,845178.9326202362,822381.525865373,22.34048620436093,114.26337658074239,10.0,10.0,100.0,False,3,GIC / open space,1.0,,,0.0,high_confidence,"Dominant LUHK land-use assigned by majority overlap between the pilot 10m grid cell and the LUHK 2024 10m raster. This step does not extract thermal temperatures, calculate delta-T, or run prediction. The current pilot stage is thermal-first: outputs are plotted on `_T.JPG` using thermal image geometry and `thermal_profile` assumptions when metadata does not provide FOV or sensor size. Visible `_V.JPG` overlays are deferred. The overlay remains an approximate first-pass visualization using the north-up rectangular footprint assumption.",100.0,"{""31"": 100.0}"
DJI_20260107143259_0005_T__thermal__r006_c014,20260107_Thermal_HKUST/DCIM/DJI_202601071424_001::DJI_20260107143259_0005,DJI_20260107143259_0005_V.JPG,DJI_20260107143259_0005_T.JPG,data/raw/hkust/20260107_Thermal_HKUST/DCIM/DJI_202601071424_001/DJI_20260107143259_0005_V.JPG,data/raw/hkust/20260107_Thermal_HKUST/DCIM/DJI_202601071424_001/DJI_20260107143259_0005_T.JPG,thermal,data/raw/hkust/20260107_Thermal_HKUST/DCIM/DJI_202601071424_001/DJI_20260107143259_0005_T.JPG,640,512,data/metadata/dji_image_metadata.csv,thermal_profile,EXIF/XMP focal length + focal_length_35mm-derived sensor size,12.0,52.0,35.99392244790114,29.13650161648791,7.79666547283578,6.237332378268624,derived from EXIF/XMP focal_length_35mm and target image aspect,399.28,True,6,14,845183.9326202362,845193.9326202362,822376.525865373,822386.525865373,845188.9326202362,822381.525865373,22.34048615247965,114.26347365491317,10.0,10.0,100.0,False,3,GIC / open space,1.0,,,0.0,high_confidence,"Dominant LUHK land-use assigned by majority overlap between the pilot 10m grid cell and the LUHK 2024 10m raster. This step does not extract thermal temperatures, calculate delta-T, or run prediction. The current pilot stage is thermal-first: outputs are plotted on `_T.JPG` using thermal image geometry and `thermal_profile` assumptions when metadata does not provide FOV or sensor size. Visible `_V.JPG` overlays are deferred. The overlay remains an approximate first-pass visualization using the north-up rectangular footprint assumption.",100.0,"{""31"": 100.0}"
DJI_20260107143259_0005_T__thermal__r006_c015,20260107_Thermal_HKUST/DCIM/DJI_202601071424_001::DJI_20260107143259_0005,DJI_20260107143259_0005_V.JPG,DJI_20260107143259_0005_T.JPG,data/raw/hkust/20260107_Thermal_HKUST/DCIM/DJI_202601071424_001/DJI_20260107143259_0005_V.JPG,data/raw/hkust/20260107_Thermal_HKUST/DCIM/DJI_202601071424_001/DJI_20260107143259_0005_T.JPG,thermal,data/raw/hkust/20260107_Thermal_HKUST/DCIM/DJI_202601071424_001/DJI_20260107143259_0005_T.JPG,640,512,data/metadata/dji_image_metadata.csv,thermal_profile,EXIF/XMP focal length + focal_length_35mm-derived sensor size,12.0,52.0,35.99392244790114,29.13650161648791,7.79666547283578,6.237332378268624,derived from EXIF/XMP focal_length_35mm and target image aspect,399.28,True,6,15,845193.9326202362,845203.9326202362,822376.525865373,822386.525865373,845198.9326202362,822381.525865373,22.340486100540208,114.26357072908367,10.0,10.0,100.0,False,3,GIC / open space,1.0,,,0.0,high_confidence,"Dominant LUHK land-use assigned by majority overlap between the pilot 10m grid cell and the LUHK 2024 10m raster. This step does not extract thermal temperatures, calculate delta-T, or run prediction. The current pilot stage is thermal-first: outputs are plotted on `_T.JPG` using thermal image geometry and `thermal_profile` assumptions when metadata does not provide FOV or sensor size. Visible `_V.JPG` overlays are deferred. The overlay remains an approximate first-pass visualization using the north-up rectangular footprint assumption.",100.0,"{""31"": 100.0}"
DJI_20260107143259_0005_T__thermal__r006_c016,20260107_Thermal_HKUST/DCIM/DJI_202601071424_001::DJI_20260107143259_0005,DJI_20260107143259_0005_V.JPG,DJI_20260107143259_0005_T.JPG,data/raw/hkust/20260107_Thermal_HKUST/DCIM/DJI_202601071424_001/DJI_20260107143259_0005_V.JPG,data/raw/hkust/20260107_Thermal_HKUST/DCIM/DJI_202601071424_001/DJI_20260107143259_0005_T.JPG,thermal,data/raw/hkust/20260107_Thermal_HKUST/DCIM/DJI_202601071424_001/DJI_20260107143259_0005_T.JPG,640,512,data/metadata/dji_image_metadata.csv,thermal_profile,EXIF/XMP focal length + focal_length_35mm-derived sensor size,12.0,52.0,35.99392244790114,29.13650161648791,7.79666547283578,6.237332378268624,derived from EXIF/XMP focal_length_35mm and target image aspect,399.28,True,6,16,845203.9326202362,845213.9326202362,822376.525865373,822386.525865373,845208.9326202362,822381.525865373,22.340486048542612,114.26366780325391,10.0,10.0,100.0,False,3,GIC / open space,1.0,,,0.0,high_confidence,"Dominant LUHK land-use assigned by majority overlap between the pilot 10m grid cell and the LUHK 2024 10m raster. This step does not extract thermal temperatures, calculate delta-T, or run prediction. The current pilot stage is thermal-first: outputs are plotted on `_T.JPG` using thermal image geometry and `thermal_profile` assumptions when metadata does not provide FOV or sensor size. Visible `_V.JPG` overlays are deferred. The overlay remains an approximate first-pass visualization using the north-up rectangular footprint assumption.",100.0,"{""31"": 100.0}"
DJI_20260107143259_0005_T__thermal__r006_c017,20260107_Thermal_HKUST/DCIM/DJI_202601071424_001::DJI_20260107143259_0005,DJI_20260107143259_0005_V.JPG,DJI_20260107143259_0005_T.JPG,data/raw/hkust/20260107_Thermal_HKUST/DCIM/DJI_202601071424_001/DJI_20260107143259_0005_V.JPG,data/raw/hkust/20260107_Thermal_HKUST/DCIM/DJI_202601071424_001/DJI_20260107143259_0005_T.JPG,thermal,data/raw/hkust/20260107_Thermal_HKUST/DCIM/DJI_202601071424_001/DJI_20260107143259_0005_T.JPG,640,512,data/metadata/dji_image_metadata.csv,thermal_profile,EXIF/XMP focal length + focal_length_35mm-derived sensor size,12.0,52.0,35.99392244790114,29.13650161648791,7.79666547283578,6.237332378268624,derived from EXIF/XMP focal_length_35mm and target image aspect,399.28,True,6,17,845213.9326202362,845223.9326202362,822376.525865373,822386.525865373,845218.9326202362,822381.525865373,22.340485996486855,114.26376487742385,10.0,10.0,100.0,False,3,GIC / open space,1.0,,,0.0,high_confidence,"Dominant LUHK land-use assigned by majority overlap between the pilot 10m grid cell and the LUHK 2024 10m raster. This step does not extract thermal temperatures, calculate delta-T, or run prediction. The current pilot stage is thermal-first: outputs are plotted on `_T.JPG` using thermal image geometry and `thermal_profile` assumptions when metadata does not provide FOV or sensor size. Visible `_V.JPG` overlays are deferred. The overlay remains an approximate first-pass visualization using the north-up rectangular footprint assumption.",100.0,"{""31"": 100.0}"
DJI_20260107143259_0005_T__thermal__r006_c018,20260107_Thermal_HKUST/DCIM/DJI_202601071424_001::DJI_20260107143259_0005,DJI_20260107143259_0005_V.JPG,DJI_20260107143259_0005_T.JPG,data/raw/hkust/20260107_Thermal_HKUST/DCIM/DJI_202601071424_001/DJI_20260107143259_0005_V.JPG,data/raw/hkust/20260107_Thermal_HKUST/DCIM/DJI_202601071424_001/DJI_20260107143259_0005_T.JPG,thermal,data/raw/hkust/20260107_Thermal_HKUST/DCIM/DJI_202601071424_001/DJI_20260107143259_0005_T.JPG,640,512,data/metadata/dji_image_metadata.csv,thermal_profile,EXIF/XMP focal length + focal_length_35mm-derived sensor size,12.0,52.0,35.99392244790114,29.13650161648791,7.79666547283578,6.237332378268624,derived from EXIF/XMP focal_length_35mm and target image aspect,399.28,True,6,18,845223.9326202362,845233.9326202362,822376.525865373,822386.525865373,845228.9326202362,822381.525865373,22.340485944372944,114.26386195159351,10.0,10.0,100.0,False,3,GIC / open space,1.0,,,0.0,high_confidence,"Dominant LUHK land-use assigned by majority overlap between the pilot 10m grid cell and the LUHK 2024 10m raster. This step does not extract thermal temperatures, calculate delta-T, or run prediction. The current pilot stage is thermal-first: outputs are plotted on `_T.JPG` using thermal image geometry and `thermal_profile` assumptions when metadata does not provide FOV or sensor size. Visible `_V.JPG` overlays are deferred. The overlay remains an approximate first-pass visualization using the north-up rectangular footprint assumption.",100.0,"{""31"": 100.0}"
DJI_20260107143259_0005_T__thermal__r006_c019,20260107_Thermal_HKUST/DCIM/DJI_202601071424_001::DJI_20260107143259_0005,DJI_20260107143259_0005_V.JPG,DJI_20260107143259_0005_T.JPG,data/raw/hkust/20260107_Thermal_HKUST/DCIM/DJI_202601071424_001/DJI_20260107143259_0005_V.JPG,data/raw/hkust/20260107_Thermal_HKUST/DCIM/DJI_202601071424_001/DJI_20260107143259_0005_T.JPG,thermal,data/raw/hkust/20260107_Thermal_HKUST/DCIM/DJI_202601071424_001/DJI_20260107143259_0005_T.JPG,640,512,data/metadata/dji_image_metadata.csv,thermal_profile,EXIF/XMP focal length + focal_length_35mm-derived sensor size,12.0,52.0,35.99392244790114,29.13650161648791,7.79666547283578,6.237332378268624,derived from EXIF/XMP focal_length_35mm and target image aspect,399.28,True,6,19,845233.9326202362,845243.9326202362,822376.525865373,822386.525865373,845238.9326202362,822381.525865373,22.340485892200864,114.26395902576289,10.0,10.0,100.0,False,3,GIC / open space,1.0,,,0.0,high_confidence,"Dominant LUHK land-use assigned by majority overlap between the pilot 10m grid cell and the LUHK 2024 10m raster. This step does not extract thermal temperatures, calculate delta-T, or run prediction. The current pilot stage is thermal-first: outputs are plotted on `_T.JPG` using thermal image geometry and `thermal_profile` assumptions when metadata does not provide FOV or sensor size. Visible `_V.JPG` overlays are deferred. The overlay remains an approximate first-pass visualization using the north-up rectangular footprint assumption.",100.0,"{""31"": 100.0}"
DJI_20260107143259_0005_T__thermal__r006_c020,20260107_Thermal_HKUST/DCIM/DJI_202601071424_001::DJI_20260107143259_0005,DJI_20260107143259_0005_V.JPG,DJI_20260107143259_0005_T.JPG,data/raw/hkust/20260107_Thermal_HKUST/DCIM/DJI_202601071424_001/DJI_20260107143259_0005_V.JPG,data/raw/hkust/20260107_Thermal_HKUST/DCIM/DJI_202601071424_001/DJI_20260107143259_0005_T.JPG,thermal,data/raw/hkust/20260107_Thermal_HKUST/DCIM/DJI_202601071424_001/DJI_20260107143259_0005_T.JPG,640,512,data/metadata/dji_image_metadata.csv,thermal_profile,EXIF/XMP focal length + focal_length_35mm-derived sensor size,12.0,52.0,35.99392244790114,29.13650161648791,7.79666547283578,6.237332378268624,derived from EXIF/XMP focal_length_35mm and target image aspect,399.28,True,6,20,845243.9326202362,845253.9326202362,822376.525865373,822386.525865373,845248.9326202362,822381.525865373,22.340485839970622,114.26405609993198,10.0,10.0,100.0,False,3,GIC / open space,1.0,,,0.0,high_confidence,"Dominant LUHK land-use assigned by majority overlap between the pilot 10m grid cell and the LUHK 2024 10m raster. This step does not extract thermal temperatures, calculate delta-T, or run prediction. The current pilot stage is thermal-first: outputs are plotted on `_T.JPG` using thermal image geometry and `thermal_profile` assumptions when metadata does not provide FOV or sensor size. Visible `_V.JPG` overlays are deferred. The overlay remains an approximate first-pass visualization using the north-up rectangular footprint assumption.",100.0,"{""31"": 100.0}"
DJI_20260107143259_0005_T__thermal__r006_c021,20260107_Thermal_HKUST/DCIM/DJI_202601071424_001::DJI_20260107143259_0005,DJI_20260107143259_0005_V.JPG,DJI_20260107143259_0005_T.JPG,data/raw/hkust/20260107_Thermal_HKUST/DCIM/DJI_202601071424_001/DJI_20260107143259_0005_V.JPG,data/raw/hkust/20260107_Thermal_HKUST/DCIM/DJI_202601071424_001/DJI_20260107143259_0005_T.JPG,thermal,data/raw/hkust/20260107_Thermal_HKUST/DCIM/DJI_202601071424_001/DJI_20260107143259_0005_T.JPG,640,512,data/metadata/dji_image_metadata.csv,thermal_profile,EXIF/XMP focal length + focal_length_35mm-derived sensor size,12.0,52.0,35.99392244790114,29.13650161648791,7.79666547283578,6.237332378268624,derived from EXIF/XMP focal_length_35mm and target image aspect,399.28,True,6,21,845253.9326202362,845263.9326202362,822376.525865373,822386.525865373,845258.9326202362,822381.525865373,22.340485787682223,114.26415317410078,10.0,10.0,100.0,False,3,GIC / open space,1.0,,,0.0,high_confidence,"Dominant LUHK land-use assigned by majority overlap between the pilot 10m grid cell and the LUHK 2024 10m raster. This step does not extract thermal temperatures, calculate delta-T, or run prediction. The current pilot stage is thermal-first: outputs are plotted on `_T.JPG` using thermal image geometry and `thermal_profile` assumptions when metadata does not provide FOV or sensor size. Visible `_V.JPG` overlays are deferred. The overlay remains an approximate first-pass visualization using the north-up rectangular footprint assumption.",100.0,"{""31"": 100.0}"
DJI_20260107143259_0005_T__thermal__r006_c022,20260107_Thermal_HKUST/DCIM/DJI_202601071424_001::DJI_20260107143259_0005,DJI_20260107143259_0005_V.JPG,DJI_20260107143259_0005_T.JPG,data/raw/hkust/20260107_Thermal_HKUST/DCIM/DJI_202601071424_001/DJI_20260107143259_0005_V.JPG,data/raw/hkust/20260107_Thermal_HKUST/DCIM/DJI_202601071424_001/DJI_20260107143259_0005_T.JPG,thermal,data/raw/hkust/20260107_Thermal_HKUST/DCIM/DJI_202601071424_001/DJI_20260107143259_0005_T.JPG,640,512,data/metadata/dji_image_metadata.csv,thermal_profile,EXIF/XMP focal length + focal_length_35mm-derived sensor size,12.0,52.0,35.99392244790114,29.13650161648791,7.79666547283578,6.237332378268624,derived from EXIF/XMP focal_length_35mm and target image aspect,399.28,True,6,22,845263.9326202362,845273.9326202362,822376.525865373,822386.525865373,845268.9326202362,822381.525865373,22.34048573533567,114.26425024826932,10.0,10.0,100.0,False,3,GIC / open space,1.0,,,0.0,high_confidence,"Dominant LUHK land-use assigned by majority overlap between the pilot 10m grid cell and the LUHK 2024 10m raster. This step does not extract thermal temperatures, calculate delta-T, or run prediction. The current pilot stage is thermal-first: outputs are plotted on `_T.JPG` using thermal image geometry and `thermal_profile` assumptions when metadata does not provide FOV or sensor size. Visible `_V.JPG` overlays are deferred. The overlay remains an approximate first-pass visualization using the north-up rectangular footprint assumption.",100.0,"{""31"": 100.0}"
DJI_20260107143259_0005_T__thermal__r006_c023,20260107_Thermal_HKUST/DCIM/DJI_202601071424_001::DJI_20260107143259_0005,DJI_20260107143259_0005_V.JPG,DJI_20260107143259_0005_T.JPG,data/raw/hkust/20260107_Thermal_HKUST/DCIM/DJI_202601071424_001/DJI_20260107143259_0005_V.JPG,data/raw/hkust/20260107_Thermal_HKUST/DCIM/DJI_202601071424_001/DJI_20260107143259_0005_T.JPG,thermal,data/raw/hkust/20260107_Thermal_HKUST/DCIM/DJI_202601071424_001/DJI_20260107143259_0005_T.JPG,640,512,data/metadata/dji_image_metadata.csv,thermal_profile,EXIF/XMP focal length + focal_length_35mm-derived sensor size,12.0,52.0,35.99392244790114,29.13650161648791,7.79666547283578,6.237332378268624,derived from EXIF/XMP focal_length_35mm and target image aspect,399.28,True,6,23,845273.9326202362,845283.9326202362,822376.525865373,822386.525865373,845278.9326202362,822381.525865373,22.340485682930957,114.26434732243756,10.0,10.0,100.0,False,3,GIC / open space,0.6067379763815552,7.0,Woodland / shrubland / grassland / wetland,0.3932620236184448,medium_confidence,"Dominant LUHK land-use assigned by majority overlap between the pilot 10m grid cell and the LUHK 2024 10m raster. This step does not extract thermal temperatures, calculate delta-T, or run prediction. The current pilot stage is thermal-first: outputs are plotted on `_T.JPG` using thermal image geometry and `thermal_profile` assumptions when metadata does not provide FOV or sensor size. Visible `_V.JPG` overlays are deferred. The overlay remains an approximate first-pass visualization using the north-up rectangular footprint assumption.",100.0,"{""31"": 60.67379763815552, ""71"": 13.66245213749186, ""72"": 25.663750224352622}"
DJI_20260107143259_0005_T__thermal__r006_c024,20260107_Thermal_HKUST/DCIM/DJI_202601071424_001::DJI_20260107143259_0005,DJI_20260107143259_0005_V.JPG,DJI_20260107143259_0005_T.JPG,data/raw/hkust/20260107_Thermal_HKUST/DCIM/DJI_202601071424_001/DJI_20260107143259_0005_V.JPG,data/raw/hkust/20260107_Thermal_HKUST/DCIM/DJI_202601071424_001/DJI_20260107143259_0005_T.JPG,thermal,data/raw/hkust/20260107_Thermal_HKUST/DCIM/DJI_202601071424_001/DJI_20260107143259_0005_T.JPG,640,512,data/metadata/dji_image_metadata.csv,thermal_profile,EXIF/XMP focal length + focal_length_35mm-derived sensor size,12.0,52.0,35.99392244790114,29.13650161648791,7.79666547283578,6.237332378268624,derived from EXIF/XMP focal_length_35mm and target image aspect,399.28,True,6,24,845283.9326202362,845293.9326202362,822376.525865373,822386.525865373,845288.9326202362,822381.525865373,22.34048563046807,114.26444439660553,10.0,10.0,100.0,False,7,Woodland / shrubland / grassland / wetland,1.0,,,0.0,high_confidence,"Dominant LUHK land-use assigned by majority overlap between the pilot 10m grid cell and the LUHK 2024 10m raster. This step does not extract thermal temperatures, calculate delta-T, or run prediction. The current pilot stage is thermal-first: outputs are plotted on `_T.JPG` using thermal image geometry and `thermal_profile` assumptions when metadata does not provide FOV or sensor size. Visible `_V.JPG` overlays are deferred. The overlay remains an approximate first-pass visualization using the north-up rectangular footprint assumption.",100.0,"{""71"": 21.078894132819766, ""72"": 78.92110586718023}"
DJI_20260107143259_0005_T__thermal__r006_c025,20260107_Thermal_HKUST/DCIM/DJI_202601071424_001::DJI_20260107143259_0005,DJI_20260107143259_0005_V.JPG,DJI_20260107143259_0005_T.JPG,data/raw/hkust/20260107_Thermal_HKUST/DCIM/DJI_202601071424_001/DJI_20260107143259_0005_V.JPG,data/raw/hkust/20260107_Thermal_HKUST/DCIM/DJI_202601071424_001/DJI_20260107143259_0005_T.JPG,thermal,data/raw/hkust/20260107_Thermal_HKUST/DCIM/DJI_202601071424_001/DJI_20260107143259_0005_T.JPG,640,512,data/metadata/dji_image_metadata.csv,thermal_profile,EXIF/XMP focal length + focal_length_35mm-derived sensor size,12.0,52.0,35.99392244790114,29.13650161648791,7.79666547283578,6.237332378268624,derived from EXIF/XMP focal_length_35mm and target image aspect,399.28,True,6,25,845293.9326202362,845303.3536694024,822376.525865373,822386.525865373,845298.6431448193,822381.525865373,22.340485579468194,114.26453866071469,9.421049166237935,10.0,94.21049166237935,True,7,Woodland / shrubland / grassland / wetland,1.0,,,0.0,high_confidence,"Dominant LUHK land-use assigned by majority overlap between the pilot 10m grid cell and the LUHK 2024 10m raster. This step does not extract thermal temperatures, calculate delta-T, or run prediction. The current pilot stage is thermal-first: outputs are plotted on `_T.JPG` using thermal image geometry and `thermal_profile` assumptions when metadata does not provide FOV or sensor size. Visible `_V.JPG` overlays are deferred. The overlay remains an approximate first-pass visualization using the north-up rectangular footprint assumption.",94.21049166237935,"{""71"": 33.536694024223834, ""72"": 60.67379763815552}"
DJI_20260107143259_0005_T__thermal__r007_c000,20260107_Thermal_HKUST/DCIM/DJI_202601071424_001::DJI_20260107143259_0005,DJI_20260107143259_0005_V.JPG,DJI_20260107143259_0005_T.JPG,data/raw/hkust/20260107_Thermal_HKUST/DCIM/DJI_202601071424_001/DJI_20260107143259_0005_V.JPG,data/raw/hkust/20260107_Thermal_HKUST/DCIM/DJI_202601071424_001/DJI_20260107143259_0005_T.JPG,thermal,data/raw/hkust/20260107_Thermal_HKUST/DCIM/DJI_202601071424_001/DJI_20260107143259_0005_T.JPG,640,512,data/metadata/dji_image_metadata.csv,thermal_profile,EXIF/XMP focal length + focal_length_35mm-derived sensor size,12.0,52.0,35.99392244790114,29.13650161648791,7.79666547283578,6.237332378268624,derived from EXIF/XMP focal_length_35mm and target image aspect,399.28,True,7,0,845043.9326202362,845053.9326202362,822366.525865373,822376.525865373,845048.9326202362,822371.525865373,22.340396567911068,114.26211456157081,10.0,10.0,100.0,False,7,Woodland / shrubland / grassland / wetland,1.0,,,0.0,high_confidence,"Dominant LUHK land-use assigned by majority overlap between the pilot 10m grid cell and the LUHK 2024 10m raster. This step does not extract thermal temperatures, calculate delta-T, or run prediction. The current pilot stage is thermal-first: outputs are plotted on `_T.JPG` using thermal image geometry and `thermal_profile` assumptions when metadata does not provide FOV or sensor size. Visible `_V.JPG` overlays are deferred. The overlay remains an approximate first-pass visualization using the north-up rectangular footprint assumption.",100.0,"{""71"": 100.0}"
DJI_20260107143259_0005_T__thermal__r007_c001,20260107_Thermal_HKUST/DCIM/DJI_202601071424_001::DJI_20260107143259_0005,DJI_20260107143259_0005_V.JPG,DJI_20260107143259_0005_T.JPG,data/raw/hkust/20260107_Thermal_HKUST/DCIM/DJI_202601071424_001/DJI_20260107143259_0005_V.JPG,data/raw/hkust/20260107_Thermal_HKUST/DCIM/DJI_202601071424_001/DJI_20260107143259_0005_T.JPG,thermal,data/raw/hkust/20260107_Thermal_HKUST/DCIM/DJI_202601071424_001/DJI_20260107143259_0005_T.JPG,640,512,data/metadata/dji_image_metadata.csv,thermal_profile,EXIF/XMP focal length + focal_length_35mm-derived sensor size,12.0,52.0,35.99392244790114,29.13650161648791,7.79666547283578,6.237332378268624,derived from EXIF/XMP focal_length_35mm and target image aspect,399.28,True,7,1,845053.9326202362,845063.9326202362,822366.525865373,822376.525865373,845058.9326202362,822371.525865373,22.340396516786107,114.26221163568273,10.0,10.0,100.0,False,7,Woodland / shrubland / grassland / wetland,1.0,,,0.0,high_confidence,"Dominant LUHK land-use assigned by majority overlap between the pilot 10m grid cell and the LUHK 2024 10m raster. This step does not extract thermal temperatures, calculate delta-T, or run prediction. The current pilot stage is thermal-first: outputs are plotted on `_T.JPG` using thermal image geometry and `thermal_profile` assumptions when metadata does not provide FOV or sensor size. Visible `_V.JPG` overlays are deferred. The overlay remains an approximate first-pass visualization using the north-up rectangular footprint assumption.",100.0,"{""71"": 100.0}"
DJI_20260107143259_0005_T__thermal__r007_c002,20260107_Thermal_HKUST/DCIM/DJI_202601071424_001::DJI_20260107143259_0005,DJI_20260107143259_0005_V.JPG,DJI_20260107143259_0005_T.JPG,data/raw/hkust/20260107_Thermal_HKUST/DCIM/DJI_202601071424_001/DJI_20260107143259_0005_V.JPG,data/raw/hkust/20260107_Thermal_HKUST/DCIM/DJI_202601071424_001/DJI_20260107143259_0005_T.JPG,thermal,data/raw/hkust/20260107_Thermal_HKUST/DCIM/DJI_202601071424_001/DJI_20260107143259_0005_T.JPG,640,512,data/metadata/dji_image_metadata.csv,thermal_profile,EXIF/XMP focal length + focal_length_35mm-derived sensor size,12.0,52.0,35.99392244790114,29.13650161648791,7.79666547283578,6.237332378268624,derived from EXIF/XMP focal_length_35mm and target image aspect,399.28,True,7,2,845063.9326202362,845073.9326202362,822366.525865373,822376.525865373,845068.9326202362,822371.525865373,22.340396465602982,114.26230870979434,10.0,10.0,100.0,False,7,Woodland / shrubland / grassland / wetland,1.0,,,0.0,high_confidence,"Dominant LUHK land-use assigned by majority overlap between the pilot 10m grid cell and the LUHK 2024 10m raster. This step does not extract thermal temperatures, calculate delta-T, or run prediction. The current pilot stage is thermal-first: outputs are plotted on `_T.JPG` using thermal image geometry and `thermal_profile` assumptions when metadata does not provide FOV or sensor size. Visible `_V.JPG` overlays are deferred. The overlay remains an approximate first-pass visualization using the north-up rectangular footprint assumption.",100.0,"{""71"": 60.67379763815552, ""72"": 39.32620236184448}"
DJI_20260107143259_0005_T__thermal__r007_c003,20260107_Thermal_HKUST/DCIM/DJI_202601071424_001::DJI_20260107143259_0005,DJI_20260107143259_0005_V.JPG,DJI_20260107143259_0005_T.JPG,data/raw/hkust/20260107_Thermal_HKUST/DCIM/DJI_202601071424_001/DJI_20260107143259_0005_V.JPG,data/raw/hkust/20260107_Thermal_HKUST/DCIM/DJI_202601071424_001/DJI_20260107143259_0005_T.JPG,thermal,data/raw/hkust/20260107_Thermal_HKUST/DCIM/DJI_202601071424_001/DJI_20260107143259_0005_T.JPG,640,512,data/metadata/dji_image_metadata.csv,thermal_profile,EXIF/XMP focal length + focal_length_35mm-derived sensor size,12.0,52.0,35.99392244790114,29.13650161648791,7.79666547283578,6.237332378268624,derived from EXIF/XMP focal_length_35mm and target image aspect,399.28,True,7,3,845073.9326202362,845083.9326202362,822366.525865373,822376.525865373,845078.9326202362,822371.525865373,22.34039641436169,114.26240578390569,10.0,10.0,100.0,False,7,Woodland / shrubland / grassland / wetland,1.0,,,0.0,high_confidence,"Dominant LUHK land-use assigned by majority overlap between the pilot 10m grid cell and the LUHK 2024 10m raster. This step does not extract thermal temperatures, calculate delta-T, or run prediction. The current pilot stage is thermal-first: outputs are plotted on `_T.JPG` using thermal image geometry and `thermal_profile` assumptions when metadata does not provide FOV or sensor size. Visible `_V.JPG` overlays are deferred. The overlay remains an approximate first-pass visualization using the north-up rectangular footprint assumption.",100.0,"{""72"": 60.67379763815552, ""73"": 39.32620236184448}"
DJI_20260107143259_0005_T__thermal__r007_c004,20260107_Thermal_HKUST/DCIM/DJI_202601071424_001::DJI_20260107143259_0005,DJI_20260107143259_0005_V.JPG,DJI_20260107143259_0005_T.JPG,data/raw/hkust/20260107_Thermal_HKUST/DCIM/DJI_202601071424_001/DJI_20260107143259_0005_V.JPG,data/raw/hkust/20260107_Thermal_HKUST/DCIM/DJI_202601071424_001/DJI_20260107143259_0005_T.JPG,thermal,data/raw/hkust/20260107_Thermal_HKUST/DCIM/DJI_202601071424_001/DJI_20260107143259_0005_T.JPG,640,512,data/metadata/dji_image_metadata.csv,thermal_profile,EXIF/XMP focal length + focal_length_35mm-derived sensor size,12.0,52.0,35.99392244790114,29.13650161648791,7.79666547283578,6.237332378268624,derived from EXIF/XMP focal_length_35mm and target image aspect,399.28,True,7,4,845083.9326202362,845093.9326202362,822366.525865373,822376.525865373,845088.9326202362,822371.525865373,22.34039636306225,114.26250285801676,10.0,10.0,100.0,False,7,Woodland / shrubland / grassland / wetland,1.0,,,0.0,high_confidence,"Dominant LUHK land-use assigned by majority overlap between the pilot 10m grid cell and the LUHK 2024 10m raster. This step does not extract thermal temperatures, calculate delta-T, or run prediction. The current pilot stage is thermal-first: outputs are plotted on `_T.JPG` using thermal image geometry and `thermal_profile` assumptions when metadata does not provide FOV or sensor size. Visible `_V.JPG` overlays are deferred. The overlay remains an approximate first-pass visualization using the north-up rectangular footprint assumption.",100.0,"{""71"": 25.663750224352622, ""73"": 74.33624977564737}"
DJI_20260107143259_0005_T__thermal__r007_c005,20260107_Thermal_HKUST/DCIM/DJI_202601071424_001::DJI_20260107143259_0005,DJI_20260107143259_0005_V.JPG,DJI_20260107143259_0005_T.JPG,data/raw/hkust/20260107_Thermal_HKUST/DCIM/DJI_202601071424_001/DJI_20260107143259_0005_V.JPG,data/raw/hkust/20260107_Thermal_HKUST/DCIM/DJI_202601071424_001/DJI_20260107143259_0005_T.JPG,thermal,data/raw/hkust/20260107_Thermal_HKUST/DCIM/DJI_202601071424_001/DJI_20260107143259_0005_T.JPG,640,512,data/metadata/dji_image_metadata.csv,thermal_profile,EXIF/XMP focal length + focal_length_35mm-derived sensor size,12.0,52.0,35.99392244790114,29.13650161648791,7.79666547283578,6.237332378268624,derived from EXIF/XMP focal_length_35mm and target image aspect,399.28,True,7,5,845093.9326202362,845103.9326202362,822366.525865373,822376.525865373,845098.9326202362,822371.525865373,22.340396311704644,114.26259993212756,10.0,10.0,100.0,False,7,Woodland / shrubland / grassland / wetland,0.6067379763815552,3.0,GIC / open space,0.3932620236184448,medium_confidence,"Dominant LUHK land-use assigned by majority overlap between the pilot 10m grid cell and the LUHK 2024 10m raster. This step does not extract thermal temperatures, calculate delta-T, or run prediction. The current pilot stage is thermal-first: outputs are plotted on `_T.JPG` using thermal image geometry and `thermal_profile` assumptions when metadata does not provide FOV or sensor size. Visible `_V.JPG` overlays are deferred. The overlay remains an approximate first-pass visualization using the north-up rectangular footprint assumption.",100.0,"{""31"": 39.32620236184448, ""71"": 39.59490350533576, ""73"": 21.078894132819766}"
DJI_20260107143259_0005_T__thermal__r007_c006,20260107_Thermal_HKUST/DCIM/DJI_202601071424_001::DJI_20260107143259_0005,DJI_20260107143259_0005_V.JPG,DJI_20260107143259_0005_T.JPG,data/raw/hkust/20260107_Thermal_HKUST/DCIM/DJI_202601071424_001/DJI_20260107143259_0005_V.JPG,data/raw/hkust/20260107_Thermal_HKUST/DCIM/DJI_202601071424_001/DJI_20260107143259_0005_T.JPG,thermal,data/raw/hkust/20260107_Thermal_HKUST/DCIM/DJI_202601071424_001/DJI_20260107143259_0005_T.JPG,640,512,data/metadata/dji_image_metadata.csv,thermal_profile,EXIF/XMP focal length + focal_length_35mm-derived sensor size,12.0,52.0,35.99392244790114,29.13650161648791,7.79666547283578,6.237332378268624,derived from EXIF/XMP focal_length_35mm and target image aspect,399.28,True,7,6,845103.9326202362,845113.9326202362,822366.525865373,822376.525865373,845108.9326202362,822371.525865373,22.340396260288877,114.26269700623807,10.0,10.0,100.0,False,3,GIC / open space,1.0,,,0.0,high_confidence,"Dominant LUHK land-use assigned by majority overlap between the pilot 10m grid cell and the LUHK 2024 10m raster. This step does not extract thermal temperatures, calculate delta-T, or run prediction. The current pilot stage is thermal-first: outputs are plotted on `_T.JPG` using thermal image geometry and `thermal_profile` assumptions when metadata does not provide FOV or sensor size. Visible `_V.JPG` overlays are deferred. The overlay remains an approximate first-pass visualization using the north-up rectangular footprint assumption.",100.0,"{""31"": 100.0}"
DJI_20260107143259_0005_T__thermal__r007_c007,20260107_Thermal_HKUST/DCIM/DJI_202601071424_001::DJI_20260107143259_0005,DJI_20260107143259_0005_V.JPG,DJI_20260107143259_0005_T.JPG,data/raw/hkust/20260107_Thermal_HKUST/DCIM/DJI_202601071424_001/DJI_20260107143259_0005_V.JPG,data/raw/hkust/20260107_Thermal_HKUST/DCIM/DJI_202601071424_001/DJI_20260107143259_0005_T.JPG,thermal,data/raw/hkust/20260107_Thermal_HKUST/DCIM/DJI_202601071424_001/DJI_20260107143259_0005_T.JPG,640,512,data/metadata/dji_image_metadata.csv,thermal_profile,EXIF/XMP focal length + focal_length_35mm-derived sensor size,12.0,52.0,35.99392244790114,29.13650161648791,7.79666547283578,6.237332378268624,derived from EXIF/XMP focal_length_35mm and target image aspect,399.28,True,7,7,845113.9326202362,845123.9326202362,822366.525865373,822376.525865373,845118.9326202362,822371.525865373,22.34039620881496,114.26279408034829,10.0,10.0,100.0,False,3,GIC / open space,1.0,,,0.0,high_confidence,"Dominant LUHK land-use assigned by majority overlap between the pilot 10m grid cell and the LUHK 2024 10m raster. This step does not extract thermal temperatures, calculate delta-T, or run prediction. The current pilot stage is thermal-first: outputs are plotted on `_T.JPG` using thermal image geometry and `thermal_profile` assumptions when metadata does not provide FOV or sensor size. Visible `_V.JPG` overlays are deferred. The overlay remains an approximate first-pass visualization using the north-up rectangular footprint assumption.",100.0,"{""31"": 100.0}"
DJI_20260107143259_0005_T__thermal__r007_c008,20260107_Thermal_HKUST/DCIM/DJI_202601071424_001::DJI_20260107143259_0005,DJI_20260107143259_0005_V.JPG,DJI_20260107143259_0005_T.JPG,data/raw/hkust/20260107_Thermal_HKUST/DCIM/DJI_202601071424_001/DJI_20260107143259_0005_V.JPG,data/raw/hkust/20260107_Thermal_HKUST/DCIM/DJI_202601071424_001/DJI_20260107143259_0005_T.JPG,thermal,data/raw/hkust/20260107_Thermal_HKUST/DCIM/DJI_202601071424_001/DJI_20260107143259_0005_T.JPG,640,512,data/metadata/dji_image_metadata.csv,thermal_profile,EXIF/XMP focal length + focal_length_35mm-derived sensor size,12.0,52.0,35.99392244790114,29.13650161648791,7.79666547283578,6.237332378268624,derived from EXIF/XMP focal_length_35mm and target image aspect,399.28,True,7,8,845123.9326202362,845133.9326202362,822366.525865373,822376.525865373,845128.9326202362,822371.525865373,22.340396157282868,114.26289115445826,10.0,10.0,100.0,False,3,GIC / open space,1.0,,,0.0,high_confidence,"Dominant LUHK land-use assigned by majority overlap between the pilot 10m grid cell and the LUHK 2024 10m raster. This step does not extract thermal temperatures, calculate delta-T, or run prediction. The current pilot stage is thermal-first: outputs are plotted on `_T.JPG` using thermal image geometry and `thermal_profile` assumptions when metadata does not provide FOV or sensor size. Visible `_V.JPG` overlays are deferred. The overlay remains an approximate first-pass visualization using the north-up rectangular footprint assumption.",100.0,"{""31"": 100.0}"
DJI_20260107143259_0005_T__thermal__r007_c009,20260107_Thermal_HKUST/DCIM/DJI_202601071424_001::DJI_20260107143259_0005,DJI_20260107143259_0005_V.JPG,DJI_20260107143259_0005_T.JPG,data/raw/hkust/20260107_Thermal_HKUST/DCIM/DJI_202601071424_001/DJI_20260107143259_0005_V.JPG,data/raw/hkust/20260107_Thermal_HKUST/DCIM/DJI_202601071424_001/DJI_20260107143259_0005_T.JPG,thermal,data/raw/hkust/20260107_Thermal_HKUST/DCIM/DJI_202601071424_001/DJI_20260107143259_0005_T.JPG,640,512,data/metadata/dji_image_metadata.csv,thermal_profile,EXIF/XMP focal length + focal_length_35mm-derived sensor size,12.0,52.0,35.99392244790114,29.13650161648791,7.79666547283578,6.237332378268624,derived from EXIF/XMP focal_length_35mm and target image aspect,399.28,True,7,9,845133.9326202362,845143.9326202362,822366.525865373,822376.525865373,845138.9326202362,822371.525865373,22.340396105692626,114.26298822856795,10.0,10.0,100.0,False,3,GIC / open space,1.0,,,0.0,high_confidence,"Dominant LUHK land-use assigned by majority overlap between the pilot 10m grid cell and the LUHK 2024 10m raster. This step does not extract thermal temperatures, calculate delta-T, or run prediction. The current pilot stage is thermal-first: outputs are plotted on `_T.JPG` using thermal image geometry and `thermal_profile` assumptions when metadata does not provide FOV or sensor size. Visible `_V.JPG` overlays are deferred. The overlay remains an approximate first-pass visualization using the north-up rectangular footprint assumption.",100.0,"{""31"": 100.0}"
DJI_20260107143259_0005_T__thermal__r007_c010,20260107_Thermal_HKUST/DCIM/DJI_202601071424_001::DJI_20260107143259_0005,DJI_20260107143259_0005_V.JPG,DJI_20260107143259_0005_T.JPG,data/raw/hkust/20260107_Thermal_HKUST/DCIM/DJI_202601071424_001/DJI_20260107143259_0005_V.JPG,data/raw/hkust/20260107_Thermal_HKUST/DCIM/DJI_202601071424_001/DJI_20260107143259_0005_T.JPG,thermal,data/raw/hkust/20260107_Thermal_HKUST/DCIM/DJI_202601071424_001/DJI_20260107143259_0005_T.JPG,640,512,data/metadata/dji_image_metadata.csv,thermal_profile,EXIF/XMP focal length + focal_length_35mm-derived sensor size,12.0,52.0,35.99392244790114,29.13650161648791,7.79666547283578,6.237332378268624,derived from EXIF/XMP focal_length_35mm and target image aspect,399.28,True,7,10,845143.9326202362,845153.9326202362,822366.525865373,822376.525865373,845148.9326202362,822371.525865373,22.340396054044216,114.26308530267734,10.0,10.0,100.0,False,3,GIC / open space,1.0,,,0.0,high_confidence,"Dominant LUHK land-use assigned by majority overlap between the pilot 10m grid cell and the LUHK 2024 10m raster. This step does not extract thermal temperatures, calculate delta-T, or run prediction. The current pilot stage is thermal-first: outputs are plotted on `_T.JPG` using thermal image geometry and `thermal_profile` assumptions when metadata does not provide FOV or sensor size. Visible `_V.JPG` overlays are deferred. The overlay remains an approximate first-pass visualization using the north-up rectangular footprint assumption.",100.0,"{""31"": 100.0}"
DJI_20260107143259_0005_T__thermal__r007_c011,20260107_Thermal_HKUST/DCIM/DJI_202601071424_001::DJI_20260107143259_0005,DJI_20260107143259_0005_V.JPG,DJI_20260107143259_0005_T.JPG,data/raw/hkust/20260107_Thermal_HKUST/DCIM/DJI_202601071424_001/DJI_20260107143259_0005_V.JPG,data/raw/hkust/20260107_Thermal_HKUST/DCIM/DJI_202601071424_001/DJI_20260107143259_0005_T.JPG,thermal,data/raw/hkust/20260107_Thermal_HKUST/DCIM/DJI_202601071424_001/DJI_20260107143259_0005_T.JPG,640,512,data/metadata/dji_image_metadata.csv,thermal_profile,EXIF/XMP focal length + focal_length_35mm-derived sensor size,12.0,52.0,35.99392244790114,29.13650161648791,7.79666547283578,6.237332378268624,derived from EXIF/XMP focal_length_35mm and target image aspect,399.28,True,7,11,845153.9326202362,845163.9326202362,822366.525865373,822376.525865373,845158.9326202362,822371.525865373,22.34039600233765,114.26318237678642,10.0,10.0,100.0,False,3,GIC / open space,1.0,,,0.0,high_confidence,"Dominant LUHK land-use assigned by majority overlap between the pilot 10m grid cell and the LUHK 2024 10m raster. This step does not extract thermal temperatures, calculate delta-T, or run prediction. The current pilot stage is thermal-first: outputs are plotted on `_T.JPG` using thermal image geometry and `thermal_profile` assumptions when metadata does not provide FOV or sensor size. Visible `_V.JPG` overlays are deferred. The overlay remains an approximate first-pass visualization using the north-up rectangular footprint assumption.",100.0,"{""31"": 100.0}"
DJI_20260107143259_0005_T__thermal__r007_c012,20260107_Thermal_HKUST/DCIM/DJI_202601071424_001::DJI_20260107143259_0005,DJI_20260107143259_0005_V.JPG,DJI_20260107143259_0005_T.JPG,data/raw/hkust/20260107_Thermal_HKUST/DCIM/DJI_202601071424_001/DJI_20260107143259_0005_V.JPG,data/raw/hkust/20260107_Thermal_HKUST/DCIM/DJI_202601071424_001/DJI_20260107143259_0005_T.JPG,thermal,data/raw/hkust/20260107_Thermal_HKUST/DCIM/DJI_202601071424_001/DJI_20260107143259_0005_T.JPG,640,512,data/metadata/dji_image_metadata.csv,thermal_profile,EXIF/XMP focal length + focal_length_35mm-derived sensor size,12.0,52.0,35.99392244790114,29.13650161648791,7.79666547283578,6.237332378268624,derived from EXIF/XMP focal_length_35mm and target image aspect,399.28,True,7,12,845163.9326202362,845173.9326202362,822366.525865373,822376.525865373,845168.9326202362,822371.525865373,22.340395950572923,114.26327945089525,10.0,10.0,100.0,False,3,GIC / open space,1.0,,,0.0,high_confidence,"Dominant LUHK land-use assigned by majority overlap between the pilot 10m grid cell and the LUHK 2024 10m raster. This step does not extract thermal temperatures, calculate delta-T, or run prediction. The current pilot stage is thermal-first: outputs are plotted on `_T.JPG` using thermal image geometry and `thermal_profile` assumptions when metadata does not provide FOV or sensor size. Visible `_V.JPG` overlays are deferred. The overlay remains an approximate first-pass visualization using the north-up rectangular footprint assumption.",100.0,"{""31"": 100.0}"
DJI_20260107143259_0005_T__thermal__r007_c013,20260107_Thermal_HKUST/DCIM/DJI_202601071424_001::DJI_20260107143259_0005,DJI_20260107143259_0005_V.JPG,DJI_20260107143259_0005_T.JPG,data/raw/hkust/20260107_Thermal_HKUST/DCIM/DJI_202601071424_001/DJI_20260107143259_0005_V.JPG,data/raw/hkust/20260107_Thermal_HKUST/DCIM/DJI_202601071424_001/DJI_20260107143259_0005_T.JPG,thermal,data/raw/hkust/20260107_Thermal_HKUST/DCIM/DJI_202601071424_001/DJI_20260107143259_0005_T.JPG,640,512,data/metadata/dji_image_metadata.csv,thermal_profile,EXIF/XMP focal length + focal_length_35mm-derived sensor size,12.0,52.0,35.99392244790114,29.13650161648791,7.79666547283578,6.237332378268624,derived from EXIF/XMP focal_length_35mm and target image aspect,399.28,True,7,13,845173.9326202362,845183.9326202362,822366.525865373,822376.525865373,845178.9326202362,822371.525865373,22.34039589875003,114.2633765250038,10.0,10.0,100.0,False,3,GIC / open space,1.0,,,0.0,high_confidence,"Dominant LUHK land-use assigned by majority overlap between the pilot 10m grid cell and the LUHK 2024 10m raster. This step does not extract thermal temperatures, calculate delta-T, or run prediction. The current pilot stage is thermal-first: outputs are plotted on `_T.JPG` using thermal image geometry and `thermal_profile` assumptions when metadata does not provide FOV or sensor size. Visible `_V.JPG` overlays are deferred. The overlay remains an approximate first-pass visualization using the north-up rectangular footprint assumption.",100.0,"{""31"": 100.0}"
DJI_20260107143259_0005_T__thermal__r007_c014,20260107_Thermal_HKUST/DCIM/DJI_202601071424_001::DJI_20260107143259_0005,DJI_20260107143259_0005_V.JPG,DJI_20260107143259_0005_T.JPG,data/raw/hkust/20260107_Thermal_HKUST/DCIM/DJI_202601071424_001/DJI_20260107143259_0005_V.JPG,data/raw/hkust/20260107_Thermal_HKUST/DCIM/DJI_202601071424_001/DJI_20260107143259_0005_T.JPG,thermal,data/raw/hkust/20260107_Thermal_HKUST/DCIM/DJI_202601071424_001/DJI_20260107143259_0005_T.JPG,640,512,data/metadata/dji_image_metadata.csv,thermal_profile,EXIF/XMP focal length + focal_length_35mm-derived sensor size,12.0,52.0,35.99392244790114,29.13650161648791,7.79666547283578,6.237332378268624,derived from EXIF/XMP focal_length_35mm and target image aspect,399.28,True,7,14,845183.9326202362,845193.9326202362,822366.525865373,822376.525865373,845188.9326202362,822371.525865373,22.34039584686899,114.2634735991121,10.0,10.0,100.0,False,3,GIC / open space,1.0,,,0.0,high_confidence,"Dominant LUHK land-use assigned by majority overlap between the pilot 10m grid cell and the LUHK 2024 10m raster. This step does not extract thermal temperatures, calculate delta-T, or run prediction. The current pilot stage is thermal-first: outputs are plotted on `_T.JPG` using thermal image geometry and `thermal_profile` assumptions when metadata does not provide FOV or sensor size. Visible `_V.JPG` overlays are deferred. The overlay remains an approximate first-pass visualization using the north-up rectangular footprint assumption.",100.0,"{""31"": 100.0}"
DJI_20260107143259_0005_T__thermal__r007_c015,20260107_Thermal_HKUST/DCIM/DJI_202601071424_001::DJI_20260107143259_0005,DJI_20260107143259_0005_V.JPG,DJI_20260107143259_0005_T.JPG,data/raw/hkust/20260107_Thermal_HKUST/DCIM/DJI_202601071424_001/DJI_20260107143259_0005_V.JPG,data/raw/hkust/20260107_Thermal_HKUST/DCIM/DJI_202601071424_001/DJI_20260107143259_0005_T.JPG,thermal,data/raw/hkust/20260107_Thermal_HKUST/DCIM/DJI_202601071424_001/DJI_20260107143259_0005_T.JPG,640,512,data/metadata/dji_image_metadata.csv,thermal_profile,EXIF/XMP focal length + focal_length_35mm-derived sensor size,12.0,52.0,35.99392244790114,29.13650161648791,7.79666547283578,6.237332378268624,derived from EXIF/XMP focal_length_35mm and target image aspect,399.28,True,7,15,845193.9326202362,845203.9326202362,822366.525865373,822376.525865373,845198.9326202362,822371.525865373,22.340395794929783,114.26357067322009,10.0,10.0,100.0,False,3,GIC / open space,1.0,,,0.0,high_confidence,"Dominant LUHK land-use assigned by majority overlap between the pilot 10m grid cell and the LUHK 2024 10m raster. This step does not extract thermal temperatures, calculate delta-T, or run prediction. The current pilot stage is thermal-first: outputs are plotted on `_T.JPG` using thermal image geometry and `thermal_profile` assumptions when metadata does not provide FOV or sensor size. Visible `_V.JPG` overlays are deferred. The overlay remains an approximate first-pass visualization using the north-up rectangular footprint assumption.",100.0,"{""31"": 100.0}"
DJI_20260107143259_0005_T__thermal__r007_c016,20260107_Thermal_HKUST/DCIM/DJI_202601071424_001::DJI_20260107143259_0005,DJI_20260107143259_0005_V.JPG,DJI_20260107143259_0005_T.JPG,data/raw/hkust/20260107_Thermal_HKUST/DCIM/DJI_202601071424_001/DJI_20260107143259_0005_V.JPG,data/raw/hkust/20260107_Thermal_HKUST/DCIM/DJI_202601071424_001/DJI_20260107143259_0005_T.JPG,thermal,data/raw/hkust/20260107_Thermal_HKUST/DCIM/DJI_202601071424_001/DJI_20260107143259_0005_T.JPG,640,512,data/metadata/dji_image_metadata.csv,thermal_profile,EXIF/XMP focal length + focal_length_35mm-derived sensor size,12.0,52.0,35.99392244790114,29.13650161648791,7.79666547283578,6.237332378268624,derived from EXIF/XMP focal_length_35mm and target image aspect,399.28,True,7,16,845203.9326202362,845213.9326202362,822366.525865373,822376.525865373,845208.9326202362,822371.525865373,22.34039574293241,114.26366774732779,10.0,10.0,100.0,False,3,GIC / open space,1.0,,,0.0,high_confidence,"Dominant LUHK land-use assigned by majority overlap between the pilot 10m grid cell and the LUHK 2024 10m raster. This step does not extract thermal temperatures, calculate delta-T, or run prediction. The current pilot stage is thermal-first: outputs are plotted on `_T.JPG` using thermal image geometry and `thermal_profile` assumptions when metadata does not provide FOV or sensor size. Visible `_V.JPG` overlays are deferred. The overlay remains an approximate first-pass visualization using the north-up rectangular footprint assumption.",100.0,"{""31"": 100.0}"
DJI_20260107143259_0005_T__thermal__r007_c017,20260107_Thermal_HKUST/DCIM/DJI_202601071424_001::DJI_20260107143259_0005,DJI_20260107143259_0005_V.JPG,DJI_20260107143259_0005_T.JPG,data/raw/hkust/20260107_Thermal_HKUST/DCIM/DJI_202601071424_001/DJI_20260107143259_0005_V.JPG,data/raw/hkust/20260107_Thermal_HKUST/DCIM/DJI_202601071424_001/DJI_20260107143259_0005_T.JPG,thermal,data/raw/hkust/20260107_Thermal_HKUST/DCIM/DJI_202601071424_001/DJI_20260107143259_0005_T.JPG,640,512,data/metadata/dji_image_metadata.csv,thermal_profile,EXIF/XMP focal length + focal_length_35mm-derived sensor size,12.0,52.0,35.99392244790114,29.13650161648791,7.79666547283578,6.237332378268624,derived from EXIF/XMP focal_length_35mm and target image aspect,399.28,True,7,17,845213.9326202362,845223.9326202362,822366.525865373,822376.525865373,845218.9326202362,822371.525865373,22.340395690876885,114.26376482143522,10.0,10.0,100.0,False,3,GIC / open space,1.0,,,0.0,high_confidence,"Dominant LUHK land-use assigned by majority overlap between the pilot 10m grid cell and the LUHK 2024 10m raster. This step does not extract thermal temperatures, calculate delta-T, or run prediction. The current pilot stage is thermal-first: outputs are plotted on `_T.JPG` using thermal image geometry and `thermal_profile` assumptions when metadata does not provide FOV or sensor size. Visible `_V.JPG` overlays are deferred. The overlay remains an approximate first-pass visualization using the north-up rectangular footprint assumption.",100.0,"{""31"": 100.0}"
DJI_20260107143259_0005_T__thermal__r007_c018,20260107_Thermal_HKUST/DCIM/DJI_202601071424_001::DJI_20260107143259_0005,DJI_20260107143259_0005_V.JPG,DJI_20260107143259_0005_T.JPG,data/raw/hkust/20260107_Thermal_HKUST/DCIM/DJI_202601071424_001/DJI_20260107143259_0005_V.JPG,data/raw/hkust/20260107_Thermal_HKUST/DCIM/DJI_202601071424_001/DJI_20260107143259_0005_T.JPG,thermal,data/raw/hkust/20260107_Thermal_HKUST/DCIM/DJI_202601071424_001/DJI_20260107143259_0005_T.JPG,640,512,data/metadata/dji_image_metadata.csv,thermal_profile,EXIF/XMP focal length + focal_length_35mm-derived sensor size,12.0,52.0,35.99392244790114,29.13650161648791,7.79666547283578,6.237332378268624,derived from EXIF/XMP focal_length_35mm and target image aspect,399.28,True,7,18,845223.9326202362,845233.9326202362,822366.525865373,822376.525865373,845228.9326202362,822371.525865373,22.340395638763187,114.26386189554235,10.0,10.0,100.0,False,3,GIC / open space,1.0,,,0.0,high_confidence,"Dominant LUHK land-use assigned by majority overlap between the pilot 10m grid cell and the LUHK 2024 10m raster. This step does not extract thermal temperatures, calculate delta-T, or run prediction. The current pilot stage is thermal-first: outputs are plotted on `_T.JPG` using thermal image geometry and `thermal_profile` assumptions when metadata does not provide FOV or sensor size. Visible `_V.JPG` overlays are deferred. The overlay remains an approximate first-pass visualization using the north-up rectangular footprint assumption.",100.0,"{""31"": 100.0}"
DJI_20260107143259_0005_T__thermal__r007_c019,20260107_Thermal_HKUST/DCIM/DJI_202601071424_001::DJI_20260107143259_0005,DJI_20260107143259_0005_V.JPG,DJI_20260107143259_0005_T.JPG,data/raw/hkust/20260107_Thermal_HKUST/DCIM/DJI_202601071424_001/DJI_20260107143259_0005_V.JPG,data/raw/hkust/20260107_Thermal_HKUST/DCIM/DJI_202601071424_001/DJI_20260107143259_0005_T.JPG,thermal,data/raw/hkust/20260107_Thermal_HKUST/DCIM/DJI_202601071424_001/DJI_20260107143259_0005_T.JPG,640,512,data/metadata/dji_image_metadata.csv,thermal_profile,EXIF/XMP focal length + focal_length_35mm-derived sensor size,12.0,52.0,35.99392244790114,29.13650161648791,7.79666547283578,6.237332378268624,derived from EXIF/XMP focal_length_35mm and target image aspect,399.28,True,7,19,845233.9326202362,845243.9326202362,822366.525865373,822376.525865373,845238.9326202362,822371.525865373,22.34039558659134,114.2639589696492,10.0,10.0,100.0,False,3,GIC / open space,1.0,,,0.0,high_confidence,"Dominant LUHK land-use assigned by majority overlap between the pilot 10m grid cell and the LUHK 2024 10m raster. This step does not extract thermal temperatures, calculate delta-T, or run prediction. The current pilot stage is thermal-first: outputs are plotted on `_T.JPG` using thermal image geometry and `thermal_profile` assumptions when metadata does not provide FOV or sensor size. Visible `_V.JPG` overlays are deferred. The overlay remains an approximate first-pass visualization using the north-up rectangular footprint assumption.",100.0,"{""31"": 100.0}"
DJI_20260107143259_0005_T__thermal__r007_c020,20260107_Thermal_HKUST/DCIM/DJI_202601071424_001::DJI_20260107143259_0005,DJI_20260107143259_0005_V.JPG,DJI_20260107143259_0005_T.JPG,data/raw/hkust/20260107_Thermal_HKUST/DCIM/DJI_202601071424_001/DJI_20260107143259_0005_V.JPG,data/raw/hkust/20260107_Thermal_HKUST/DCIM/DJI_202601071424_001/DJI_20260107143259_0005_T.JPG,thermal,data/raw/hkust/20260107_Thermal_HKUST/DCIM/DJI_202601071424_001/DJI_20260107143259_0005_T.JPG,640,512,data/metadata/dji_image_metadata.csv,thermal_profile,EXIF/XMP focal length + focal_length_35mm-derived sensor size,12.0,52.0,35.99392244790114,29.13650161648791,7.79666547283578,6.237332378268624,derived from EXIF/XMP focal_length_35mm and target image aspect,399.28,True,7,20,845243.9326202362,845253.9326202362,822366.525865373,822376.525865373,845248.9326202362,822371.525865373,22.340395534361342,114.26405604375579,10.0,10.0,100.0,False,3,GIC / open space,1.0,,,0.0,high_confidence,"Dominant LUHK land-use assigned by majority overlap between the pilot 10m grid cell and the LUHK 2024 10m raster. This step does not extract thermal temperatures, calculate delta-T, or run prediction. The current pilot stage is thermal-first: outputs are plotted on `_T.JPG` using thermal image geometry and `thermal_profile` assumptions when metadata does not provide FOV or sensor size. Visible `_V.JPG` overlays are deferred. The overlay remains an approximate first-pass visualization using the north-up rectangular footprint assumption.",100.0,"{""31"": 100.0}"
DJI_20260107143259_0005_T__thermal__r007_c021,20260107_Thermal_HKUST/DCIM/DJI_202601071424_001::DJI_20260107143259_0005,DJI_20260107143259_0005_V.JPG,DJI_20260107143259_0005_T.JPG,data/raw/hkust/20260107_Thermal_HKUST/DCIM/DJI_202601071424_001/DJI_20260107143259_0005_V.JPG,data/raw/hkust/20260107_Thermal_HKUST/DCIM/DJI_202601071424_001/DJI_20260107143259_0005_T.JPG,thermal,data/raw/hkust/20260107_Thermal_HKUST/DCIM/DJI_202601071424_001/DJI_20260107143259_0005_T.JPG,640,512,data/metadata/dji_image_metadata.csv,thermal_profile,EXIF/XMP focal length + focal_length_35mm-derived sensor size,12.0,52.0,35.99392244790114,29.13650161648791,7.79666547283578,6.237332378268624,derived from EXIF/XMP focal_length_35mm and target image aspect,399.28,True,7,21,845253.9326202362,845263.9326202362,822366.525865373,822376.525865373,845258.9326202362,822371.525865373,22.34039548207317,114.26415311786207,10.0,10.0,100.0,False,3,GIC / open space,1.0,,,0.0,high_confidence,"Dominant LUHK land-use assigned by majority overlap between the pilot 10m grid cell and the LUHK 2024 10m raster. This step does not extract thermal temperatures, calculate delta-T, or run prediction. The current pilot stage is thermal-first: outputs are plotted on `_T.JPG` using thermal image geometry and `thermal_profile` assumptions when metadata does not provide FOV or sensor size. Visible `_V.JPG` overlays are deferred. The overlay remains an approximate first-pass visualization using the north-up rectangular footprint assumption.",100.0,"{""31"": 100.0}"
DJI_20260107143259_0005_T__thermal__r007_c022,20260107_Thermal_HKUST/DCIM/DJI_202601071424_001::DJI_20260107143259_0005,DJI_20260107143259_0005_V.JPG,DJI_20260107143259_0005_T.JPG,data/raw/hkust/20260107_Thermal_HKUST/DCIM/DJI_202601071424_001/DJI_20260107143259_0005_V.JPG,data/raw/hkust/20260107_Thermal_HKUST/DCIM/DJI_202601071424_001/DJI_20260107143259_0005_T.JPG,thermal,data/raw/hkust/20260107_Thermal_HKUST/DCIM/DJI_202601071424_001/DJI_20260107143259_0005_T.JPG,640,512,data/metadata/dji_image_metadata.csv,thermal_profile,EXIF/XMP focal length + focal_length_35mm-derived sensor size,12.0,52.0,35.99392244790114,29.13650161648791,7.79666547283578,6.237332378268624,derived from EXIF/XMP focal_length_35mm and target image aspect,399.28,True,7,22,845263.9326202362,845273.9326202362,822366.525865373,822376.525865373,845268.9326202362,822371.525865373,22.34039542972684,114.26425019196807,10.0,10.0,100.0,False,3,GIC / open space,1.0,,,0.0,high_confidence,"Dominant LUHK land-use assigned by majority overlap between the pilot 10m grid cell and the LUHK 2024 10m raster. This step does not extract thermal temperatures, calculate delta-T, or run prediction. The current pilot stage is thermal-first: outputs are plotted on `_T.JPG` using thermal image geometry and `thermal_profile` assumptions when metadata does not provide FOV or sensor size. Visible `_V.JPG` overlays are deferred. The overlay remains an approximate first-pass visualization using the north-up rectangular footprint assumption.",100.0,"{""31"": 100.0}"
DJI_20260107143259_0005_T__thermal__r007_c023,20260107_Thermal_HKUST/DCIM/DJI_202601071424_001::DJI_20260107143259_0005,DJI_20260107143259_0005_V.JPG,DJI_20260107143259_0005_T.JPG,data/raw/hkust/20260107_Thermal_HKUST/DCIM/DJI_202601071424_001/DJI_20260107143259_0005_V.JPG,data/raw/hkust/20260107_Thermal_HKUST/DCIM/DJI_202601071424_001/DJI_20260107143259_0005_T.JPG,thermal,data/raw/hkust/20260107_Thermal_HKUST/DCIM/DJI_202601071424_001/DJI_20260107143259_0005_T.JPG,640,512,data/metadata/dji_image_metadata.csv,thermal_profile,EXIF/XMP focal length + focal_length_35mm-derived sensor size,12.0,52.0,35.99392244790114,29.13650161648791,7.79666547283578,6.237332378268624,derived from EXIF/XMP focal_length_35mm and target image aspect,399.28,True,7,23,845273.9326202362,845283.9326202362,822366.525865373,822376.525865373,845278.9326202362,822371.525865373,22.340395377322356,114.26434726607381,10.0,10.0,100.0,False,3,GIC / open space,0.6067379763815552,7.0,Woodland / shrubland / grassland / wetland,0.3932620236184448,medium_confidence,"Dominant LUHK land-use assigned by majority overlap between the pilot 10m grid cell and the LUHK 2024 10m raster. This step does not extract thermal temperatures, calculate delta-T, or run prediction. The current pilot stage is thermal-first: outputs are plotted on `_T.JPG` using thermal image geometry and `thermal_profile` assumptions when metadata does not provide FOV or sensor size. Visible `_V.JPG` overlays are deferred. The overlay remains an approximate first-pass visualization using the north-up rectangular footprint assumption.",100.0,"{""31"": 60.67379763815552, ""71"": 39.32620236184448}"
DJI_20260107143259_0005_T__thermal__r007_c024,20260107_Thermal_HKUST/DCIM/DJI_202601071424_001::DJI_20260107143259_0005,DJI_20260107143259_0005_V.JPG,DJI_20260107143259_0005_T.JPG,data/raw/hkust/20260107_Thermal_HKUST/DCIM/DJI_202601071424_001/DJI_20260107143259_0005_V.JPG,data/raw/hkust/20260107_Thermal_HKUST/DCIM/DJI_202601071424_001/DJI_20260107143259_0005_T.JPG,thermal,data/raw/hkust/20260107_Thermal_HKUST/DCIM/DJI_202601071424_001/DJI_20260107143259_0005_T.JPG,640,512,data/metadata/dji_image_metadata.csv,thermal_profile,EXIF/XMP focal length + focal_length_35mm-derived sensor size,12.0,52.0,35.99392244790114,29.13650161648791,7.79666547283578,6.237332378268624,derived from EXIF/XMP focal_length_35mm and target image aspect,399.28,True,7,24,845283.9326202362,845293.9326202362,822366.525865373,822376.525865373,845288.9326202362,822371.525865373,22.340395324859706,114.26444434017925,10.0,10.0,100.0,False,7,Woodland / shrubland / grassland / wetland,1.0,,,0.0,high_confidence,"Dominant LUHK land-use assigned by majority overlap between the pilot 10m grid cell and the LUHK 2024 10m raster. This step does not extract thermal temperatures, calculate delta-T, or run prediction. The current pilot stage is thermal-first: outputs are plotted on `_T.JPG` using thermal image geometry and `thermal_profile` assumptions when metadata does not provide FOV or sensor size. Visible `_V.JPG` overlays are deferred. The overlay remains an approximate first-pass visualization using the north-up rectangular footprint assumption.",100.0,"{""71"": 60.67379763815552, ""72"": 39.32620236184448}"
DJI_20260107143259_0005_T__thermal__r007_c025,20260107_Thermal_HKUST/DCIM/DJI_202601071424_001::DJI_20260107143259_0005,DJI_20260107143259_0005_V.JPG,DJI_20260107143259_0005_T.JPG,data/raw/hkust/20260107_Thermal_HKUST/DCIM/DJI_202601071424_001/DJI_20260107143259_0005_V.JPG,data/raw/hkust/20260107_Thermal_HKUST/DCIM/DJI_202601071424_001/DJI_20260107143259_0005_T.JPG,thermal,data/raw/hkust/20260107_Thermal_HKUST/DCIM/DJI_202601071424_001/DJI_20260107143259_0005_T.JPG,640,512,data/metadata/dji_image_metadata.csv,thermal_profile,EXIF/XMP focal length + focal_length_35mm-derived sensor size,12.0,52.0,35.99392244790114,29.13650161648791,7.79666547283578,6.237332378268624,derived from EXIF/XMP focal_length_35mm and target image aspect,399.28,True,7,25,845293.9326202362,845303.3536694024,822366.525865373,822376.525865373,845298.6431448193,822371.525865373,22.340395273860057,114.26453860422771,9.421049166237935,10.0,94.21049166237935,True,7,Woodland / shrubland / grassland / wetland,1.0,,,0.0,high_confidence,"Dominant LUHK land-use assigned by majority overlap between the pilot 10m grid cell and the LUHK 2024 10m raster. This step does not extract thermal temperatures, calculate delta-T, or run prediction. The current pilot stage is thermal-first: outputs are plotted on `_T.JPG` using thermal image geometry and `thermal_profile` assumptions when metadata does not provide FOV or sensor size. Visible `_V.JPG` overlays are deferred. The overlay remains an approximate first-pass visualization using the north-up rectangular footprint assumption.",94.21049166237935,"{""71"": 21.885595025653327, ""72"": 72.32489663672602}"
DJI_20260107143259_0005_T__thermal__r008_c000,20260107_Thermal_HKUST/DCIM/DJI_202601071424_001::DJI_20260107143259_0005,DJI_20260107143259_0005_V.JPG,DJI_20260107143259_0005_T.JPG,data/raw/hkust/20260107_Thermal_HKUST/DCIM/DJI_202601071424_001/DJI_20260107143259_0005_V.JPG,data/raw/hkust/20260107_Thermal_HKUST/DCIM/DJI_202601071424_001/DJI_20260107143259_0005_T.JPG,thermal,data/raw/hkust/20260107_Thermal_HKUST/DCIM/DJI_202601071424_001/DJI_20260107143259_0005_T.JPG,640,512,data/metadata/dji_image_metadata.csv,thermal_profile,EXIF/XMP focal length + focal_length_35mm-derived sensor size,12.0,52.0,35.99392244790114,29.13650161648791,7.79666547283578,6.237332378268624,derived from EXIF/XMP focal_length_35mm and target image aspect,399.28,True,8,0,845043.9326202362,845053.9326202362,822356.525865373,822366.525865373,845048.9326202362,822361.525865373,22.340306262296238,114.26211450664528,10.0,10.0,100.0,False,7,Woodland / shrubland / grassland / wetland,1.0,,,0.0,high_confidence,"Dominant LUHK land-use assigned by majority overlap between the pilot 10m grid cell and the LUHK 2024 10m raster. This step does not extract thermal temperatures, calculate delta-T, or run prediction. The current pilot stage is thermal-first: outputs are plotted on `_T.JPG` using thermal image geometry and `thermal_profile` assumptions when metadata does not provide FOV or sensor size. Visible `_V.JPG` overlays are deferred. The overlay remains an approximate first-pass visualization using the north-up rectangular footprint assumption.",100.0,"{""71"": 86.33754786250815, ""72"": 13.66245213749186}"
DJI_20260107143259_0005_T__thermal__r008_c001,20260107_Thermal_HKUST/DCIM/DJI_202601071424_001::DJI_20260107143259_0005,DJI_20260107143259_0005_V.JPG,DJI_20260107143259_0005_T.JPG,data/raw/hkust/20260107_Thermal_HKUST/DCIM/DJI_202601071424_001/DJI_20260107143259_0005_V.JPG,data/raw/hkust/20260107_Thermal_HKUST/DCIM/DJI_202601071424_001/DJI_20260107143259_0005_T.JPG,thermal,data/raw/hkust/20260107_Thermal_HKUST/DCIM/DJI_202601071424_001/DJI_20260107143259_0005_T.JPG,640,512,data/metadata/dji_image_metadata.csv,thermal_profile,EXIF/XMP focal length + focal_length_35mm-derived sensor size,12.0,52.0,35.99392244790114,29.13650161648791,7.79666547283578,6.237332378268624,derived from EXIF/XMP focal_length_35mm and target image aspect,399.28,True,8,1,845053.9326202362,845063.9326202362,822356.525865373,822366.525865373,845058.9326202362,822361.525865373,22.3403062111715,114.26221158069467,10.0,10.0,100.0,False,7,Woodland / shrubland / grassland / wetland,1.0,,,0.0,high_confidence,"Dominant LUHK land-use assigned by majority overlap between the pilot 10m grid cell and the LUHK 2024 10m raster. This step does not extract thermal temperatures, calculate delta-T, or run prediction. The current pilot stage is thermal-first: outputs are plotted on `_T.JPG` using thermal image geometry and `thermal_profile` assumptions when metadata does not provide FOV or sensor size. Visible `_V.JPG` overlays are deferred. The overlay remains an approximate first-pass visualization using the north-up rectangular footprint assumption.",100.0,"{""71"": 65.25865372968838, ""72"": 34.741346270311624}"
DJI_20260107143259_0005_T__thermal__r008_c002,20260107_Thermal_HKUST/DCIM/DJI_202601071424_001::DJI_20260107143259_0005,DJI_20260107143259_0005_V.JPG,DJI_20260107143259_0005_T.JPG,data/raw/hkust/20260107_Thermal_HKUST/DCIM/DJI_202601071424_001/DJI_20260107143259_0005_V.JPG,data/raw/hkust/20260107_Thermal_HKUST/DCIM/DJI_202601071424_001/DJI_20260107143259_0005_T.JPG,thermal,data/raw/hkust/20260107_Thermal_HKUST/DCIM/DJI_202601071424_001/DJI_20260107143259_0005_T.JPG,640,512,data/metadata/dji_image_metadata.csv,thermal_profile,EXIF/XMP focal length + focal_length_35mm-derived sensor size,12.0,52.0,35.99392244790114,29.13650161648791,7.79666547283578,6.237332378268624,derived from EXIF/XMP focal_length_35mm and target image aspect,399.28,True,8,2,845063.9326202362,845073.9326202362,822356.525865373,822366.525865373,845068.9326202362,822361.525865373,22.3403061599886,114.26230865474378,10.0,10.0,100.0,False,7,Woodland / shrubland / grassland / wetland,1.0,,,0.0,high_confidence,"Dominant LUHK land-use assigned by majority overlap between the pilot 10m grid cell and the LUHK 2024 10m raster. This step does not extract thermal temperatures, calculate delta-T, or run prediction. The current pilot stage is thermal-first: outputs are plotted on `_T.JPG` using thermal image geometry and `thermal_profile` assumptions when metadata does not provide FOV or sensor size. Visible `_V.JPG` overlays are deferred. The overlay remains an approximate first-pass visualization using the north-up rectangular footprint assumption.",100.0,"{""71"": 39.59490350533576, ""72"": 46.74264435717239, ""73"": 13.66245213749186}"
DJI_20260107143259_0005_T__thermal__r008_c003,20260107_Thermal_HKUST/DCIM/DJI_202601071424_001::DJI_20260107143259_0005,DJI_20260107143259_0005_V.JPG,DJI_20260107143259_0005_T.JPG,data/raw/hkust/20260107_Thermal_HKUST/DCIM/DJI_202601071424_001/DJI_20260107143259_0005_V.JPG,data/raw/hkust/20260107_Thermal_HKUST/DCIM/DJI_202601071424_001/DJI_20260107143259_0005_T.JPG,thermal,data/raw/hkust/20260107_Thermal_HKUST/DCIM/DJI_202601071424_001/DJI_20260107143259_0005_T.JPG,640,512,data/metadata/dji_image_metadata.csv,thermal_profile,EXIF/XMP focal length + focal_length_35mm-derived sensor size,12.0,52.0,35.99392244790114,29.13650161648791,7.79666547283578,6.237332378268624,derived from EXIF/XMP focal_length_35mm and target image aspect,399.28,True,8,3,845073.9326202362,845083.9326202362,822356.525865373,822366.525865373,845078.9326202362,822361.525865373,22.340306108747544,114.26240572879261,10.0,10.0,100.0,False,7,Woodland / shrubland / grassland / wetland,1.0,,,0.0,high_confidence,"Dominant LUHK land-use assigned by majority overlap between the pilot 10m grid cell and the LUHK 2024 10m raster. This step does not extract thermal temperatures, calculate delta-T, or run prediction. The current pilot stage is thermal-first: outputs are plotted on `_T.JPG` using thermal image geometry and `thermal_profile` assumptions when metadata does not provide FOV or sensor size. Visible `_V.JPG` overlays are deferred. The overlay remains an approximate first-pass visualization using the north-up rectangular footprint assumption.",100.0,"{""72"": 39.59490350533576, ""73"": 60.40509649466425}"
DJI_20260107143259_0005_T__thermal__r008_c004,20260107_Thermal_HKUST/DCIM/DJI_202601071424_001::DJI_20260107143259_0005,DJI_20260107143259_0005_V.JPG,DJI_20260107143259_0005_T.JPG,data/raw/hkust/20260107_Thermal_HKUST/DCIM/DJI_202601071424_001/DJI_20260107143259_0005_V.JPG,data/raw/hkust/20260107_Thermal_HKUST/DCIM/DJI_202601071424_001/DJI_20260107143259_0005_T.JPG,thermal,data/raw/hkust/20260107_Thermal_HKUST/DCIM/DJI_202601071424_001/DJI_20260107143259_0005_T.JPG,640,512,data/metadata/dji_image_metadata.csv,thermal_profile,EXIF/XMP focal length + focal_length_35mm-derived sensor size,12.0,52.0,35.99392244790114,29.13650161648791,7.79666547283578,6.237332378268624,derived from EXIF/XMP focal_length_35mm and target image aspect,399.28,True,8,4,845083.9326202362,845093.9326202362,822356.525865373,822366.525865373,845088.9326202362,822361.525865373,22.340306057448316,114.26250280284115,10.0,10.0,100.0,False,7,Woodland / shrubland / grassland / wetland,1.0,,,0.0,high_confidence,"Dominant LUHK land-use assigned by majority overlap between the pilot 10m grid cell and the LUHK 2024 10m raster. This step does not extract thermal temperatures, calculate delta-T, or run prediction. The current pilot stage is thermal-first: outputs are plotted on `_T.JPG` using thermal image geometry and `thermal_profile` assumptions when metadata does not provide FOV or sensor size. Visible `_V.JPG` overlays are deferred. The overlay remains an approximate first-pass visualization using the north-up rectangular footprint assumption.",100.0,"{""73"": 100.0}"
DJI_20260107143259_0005_T__thermal__r008_c005,20260107_Thermal_HKUST/DCIM/DJI_202601071424_001::DJI_20260107143259_0005,DJI_20260107143259_0005_V.JPG,DJI_20260107143259_0005_T.JPG,data/raw/hkust/20260107_Thermal_HKUST/DCIM/DJI_202601071424_001/DJI_20260107143259_0005_V.JPG,data/raw/hkust/20260107_Thermal_HKUST/DCIM/DJI_202601071424_001/DJI_20260107143259_0005_T.JPG,thermal,data/raw/hkust/20260107_Thermal_HKUST/DCIM/DJI_202601071424_001/DJI_20260107143259_0005_T.JPG,640,512,data/metadata/dji_image_metadata.csv,thermal_profile,EXIF/XMP focal length + focal_length_35mm-derived sensor size,12.0,52.0,35.99392244790114,29.13650161648791,7.79666547283578,6.237332378268624,derived from EXIF/XMP focal_length_35mm and target image aspect,399.28,True,8,5,845093.9326202362,845103.9326202362,822356.525865373,822366.525865373,845098.9326202362,822361.525865373,22.340306006090945,114.26259987688944,10.0,10.0,100.0,False,7,Woodland / shrubland / grassland / wetland,0.6067379763815552,3.0,GIC / open space,0.3932620236184448,medium_confidence,"Dominant LUHK land-use assigned by majority overlap between the pilot 10m grid cell and the LUHK 2024 10m raster. This step does not extract thermal temperatures, calculate delta-T, or run prediction. The current pilot stage is thermal-first: outputs are plotted on `_T.JPG` using thermal image geometry and `thermal_profile` assumptions when metadata does not provide FOV or sensor size. Visible `_V.JPG` overlays are deferred. The overlay remains an approximate first-pass visualization using the north-up rectangular footprint assumption.",100.0,"{""31"": 39.32620236184448, ""73"": 60.67379763815552}"
DJI_20260107143259_0005_T__thermal__r008_c006,20260107_Thermal_HKUST/DCIM/DJI_202601071424_001::DJI_20260107143259_0005,DJI_20260107143259_0005_V.JPG,DJI_20260107143259_0005_T.JPG,data/raw/hkust/20260107_Thermal_HKUST/DCIM/DJI_202601071424_001/DJI_20260107143259_0005_V.JPG,data/raw/hkust/20260107_Thermal_HKUST/DCIM/DJI_202601071424_001/DJI_20260107143259_0005_T.JPG,thermal,data/raw/hkust/20260107_Thermal_HKUST/DCIM/DJI_202601071424_001/DJI_20260107143259_0005_T.JPG,640,512,data/metadata/dji_image_metadata.csv,thermal_profile,EXIF/XMP focal length + focal_length_35mm-derived sensor size,12.0,52.0,35.99392244790114,29.13650161648791,7.79666547283578,6.237332378268624,derived from EXIF/XMP focal_length_35mm and target image aspect,399.28,True,8,6,845103.9326202362,845113.9326202362,822356.525865373,822366.525865373,845108.9326202362,822361.525865373,22.3403059546754,114.26269695093742,10.0,10.0,100.0,False,3,GIC / open space,1.0,,,0.0,high_confidence,"Dominant LUHK land-use assigned by majority overlap between the pilot 10m grid cell and the LUHK 2024 10m raster. This step does not extract thermal temperatures, calculate delta-T, or run prediction. The current pilot stage is thermal-first: outputs are plotted on `_T.JPG` using thermal image geometry and `thermal_profile` assumptions when metadata does not provide FOV or sensor size. Visible `_V.JPG` overlays are deferred. The overlay remains an approximate first-pass visualization using the north-up rectangular footprint assumption.",100.0,"{""31"": 100.0}"
DJI_20260107143259_0005_T__thermal__r008_c007,20260107_Thermal_HKUST/DCIM/DJI_202601071424_001::DJI_20260107143259_0005,DJI_20260107143259_0005_V.JPG,DJI_20260107143259_0005_T.JPG,data/raw/hkust/20260107_Thermal_HKUST/DCIM/DJI_202601071424_001/DJI_20260107143259_0005_V.JPG,data/raw/hkust/20260107_Thermal_HKUST/DCIM/DJI_202601071424_001/DJI_20260107143259_0005_T.JPG,thermal,data/raw/hkust/20260107_Thermal_HKUST/DCIM/DJI_202601071424_001/DJI_20260107143259_0005_T.JPG,640,512,data/metadata/dji_image_metadata.csv,thermal_profile,EXIF/XMP focal length + focal_length_35mm-derived sensor size,12.0,52.0,35.99392244790114,29.13650161648791,7.79666547283578,6.237332378268624,derived from EXIF/XMP focal_length_35mm and target image aspect,399.28,True,8,7,845113.9326202362,845123.9326202362,822356.525865373,822366.525865373,845118.9326202362,822361.525865373,22.340305903201703,114.26279402498514,10.0,10.0,100.0,False,3,GIC / open space,1.0,,,0.0,high_confidence,"Dominant LUHK land-use assigned by majority overlap between the pilot 10m grid cell and the LUHK 2024 10m raster. This step does not extract thermal temperatures, calculate delta-T, or run prediction. The current pilot stage is thermal-first: outputs are plotted on `_T.JPG` using thermal image geometry and `thermal_profile` assumptions when metadata does not provide FOV or sensor size. Visible `_V.JPG` overlays are deferred. The overlay remains an approximate first-pass visualization using the north-up rectangular footprint assumption.",100.0,"{""31"": 100.0}"
DJI_20260107143259_0005_T__thermal__r008_c008,20260107_Thermal_HKUST/DCIM/DJI_202601071424_001::DJI_20260107143259_0005,DJI_20260107143259_0005_V.JPG,DJI_20260107143259_0005_T.JPG,data/raw/hkust/20260107_Thermal_HKUST/DCIM/DJI_202601071424_001/DJI_20260107143259_0005_V.JPG,data/raw/hkust/20260107_Thermal_HKUST/DCIM/DJI_202601071424_001/DJI_20260107143259_0005_T.JPG,thermal,data/raw/hkust/20260107_Thermal_HKUST/DCIM/DJI_202601071424_001/DJI_20260107143259_0005_T.JPG,640,512,data/metadata/dji_image_metadata.csv,thermal_profile,EXIF/XMP focal length + focal_length_35mm-derived sensor size,12.0,52.0,35.99392244790114,29.13650161648791,7.79666547283578,6.237332378268624,derived from EXIF/XMP focal_length_35mm and target image aspect,399.28,True,8,8,845123.9326202362,845133.9326202362,822356.525865373,822366.525865373,845128.9326202362,822361.525865373,22.340305851669836,114.26289109903256,10.0,10.0,100.0,False,3,GIC / open space,1.0,,,0.0,high_confidence,"Dominant LUHK land-use assigned by majority overlap between the pilot 10m grid cell and the LUHK 2024 10m raster. This step does not extract thermal temperatures, calculate delta-T, or run prediction. The current pilot stage is thermal-first: outputs are plotted on `_T.JPG` using thermal image geometry and `thermal_profile` assumptions when metadata does not provide FOV or sensor size. Visible `_V.JPG` overlays are deferred. The overlay remains an approximate first-pass visualization using the north-up rectangular footprint assumption.",100.0,"{""31"": 100.0}"
DJI_20260107143259_0005_T__thermal__r008_c009,20260107_Thermal_HKUST/DCIM/DJI_202601071424_001::DJI_20260107143259_0005,DJI_20260107143259_0005_V.JPG,DJI_20260107143259_0005_T.JPG,data/raw/hkust/20260107_Thermal_HKUST/DCIM/DJI_202601071424_001/DJI_20260107143259_0005_V.JPG,data/raw/hkust/20260107_Thermal_HKUST/DCIM/DJI_202601071424_001/DJI_20260107143259_0005_T.JPG,thermal,data/raw/hkust/20260107_Thermal_HKUST/DCIM/DJI_202601071424_001/DJI_20260107143259_0005_T.JPG,640,512,data/metadata/dji_image_metadata.csv,thermal_profile,EXIF/XMP focal length + focal_length_35mm-derived sensor size,12.0,52.0,35.99392244790114,29.13650161648791,7.79666547283578,6.237332378268624,derived from EXIF/XMP focal_length_35mm and target image aspect,399.28,True,8,9,845133.9326202362,845143.9326202362,822356.525865373,822366.525865373,845138.9326202362,822361.525865373,22.340305800079825,114.26298817307975,10.0,10.0,100.0,False,3,GIC / open space,1.0,,,0.0,high_confidence,"Dominant LUHK land-use assigned by majority overlap between the pilot 10m grid cell and the LUHK 2024 10m raster. This step does not extract thermal temperatures, calculate delta-T, or run prediction. The current pilot stage is thermal-first: outputs are plotted on `_T.JPG` using thermal image geometry and `thermal_profile` assumptions when metadata does not provide FOV or sensor size. Visible `_V.JPG` overlays are deferred. The overlay remains an approximate first-pass visualization using the north-up rectangular footprint assumption.",100.0,"{""31"": 100.0}"
DJI_20260107143259_0005_T__thermal__r008_c010,20260107_Thermal_HKUST/DCIM/DJI_202601071424_001::DJI_20260107143259_0005,DJI_20260107143259_0005_V.JPG,DJI_20260107143259_0005_T.JPG,data/raw/hkust/20260107_Thermal_HKUST/DCIM/DJI_202601071424_001/DJI_20260107143259_0005_V.JPG,data/raw/hkust/20260107_Thermal_HKUST/DCIM/DJI_202601071424_001/DJI_20260107143259_0005_T.JPG,thermal,data/raw/hkust/20260107_Thermal_HKUST/DCIM/DJI_202601071424_001/DJI_20260107143259_0005_T.JPG,640,512,data/metadata/dji_image_metadata.csv,thermal_profile,EXIF/XMP focal length + focal_length_35mm-derived sensor size,12.0,52.0,35.99392244790114,29.13650161648791,7.79666547283578,6.237332378268624,derived from EXIF/XMP focal_length_35mm and target image aspect,399.28,True,8,10,845143.9326202362,845153.9326202362,822356.525865373,822366.525865373,845148.9326202362,822361.525865373,22.340305748431643,114.2630852471266,10.0,10.0,100.0,False,3,GIC / open space,1.0,,,0.0,high_confidence,"Dominant LUHK land-use assigned by majority overlap between the pilot 10m grid cell and the LUHK 2024 10m raster. This step does not extract thermal temperatures, calculate delta-T, or run prediction. The current pilot stage is thermal-first: outputs are plotted on `_T.JPG` using thermal image geometry and `thermal_profile` assumptions when metadata does not provide FOV or sensor size. Visible `_V.JPG` overlays are deferred. The overlay remains an approximate first-pass visualization using the north-up rectangular footprint assumption.",100.0,"{""31"": 100.0}"
DJI_20260107143259_0005_T__thermal__r008_c011,20260107_Thermal_HKUST/DCIM/DJI_202601071424_001::DJI_20260107143259_0005,DJI_20260107143259_0005_V.JPG,DJI_20260107143259_0005_T.JPG,data/raw/hkust/20260107_Thermal_HKUST/DCIM/DJI_202601071424_001/DJI_20260107143259_0005_V.JPG,data/raw/hkust/20260107_Thermal_HKUST/DCIM/DJI_202601071424_001/DJI_20260107143259_0005_T.JPG,thermal,data/raw/hkust/20260107_Thermal_HKUST/DCIM/DJI_202601071424_001/DJI_20260107143259_0005_T.JPG,640,512,data/metadata/dji_image_metadata.csv,thermal_profile,EXIF/XMP focal length + focal_length_35mm-derived sensor size,12.0,52.0,35.99392244790114,29.13650161648791,7.79666547283578,6.237332378268624,derived from EXIF/XMP focal_length_35mm and target image aspect,399.28,True,8,11,845153.9326202362,845163.9326202362,822356.525865373,822366.525865373,845158.9326202362,822361.525865373,22.3403056967253,114.2631823211732,10.0,10.0,100.0,False,3,GIC / open space,1.0,,,0.0,high_confidence,"Dominant LUHK land-use assigned by majority overlap between the pilot 10m grid cell and the LUHK 2024 10m raster. This step does not extract thermal temperatures, calculate delta-T, or run prediction. The current pilot stage is thermal-first: outputs are plotted on `_T.JPG` using thermal image geometry and `thermal_profile` assumptions when metadata does not provide FOV or sensor size. Visible `_V.JPG` overlays are deferred. The overlay remains an approximate first-pass visualization using the north-up rectangular footprint assumption.",100.0,"{""31"": 100.0}"
DJI_20260107143259_0005_T__thermal__r008_c012,20260107_Thermal_HKUST/DCIM/DJI_202601071424_001::DJI_20260107143259_0005,DJI_20260107143259_0005_V.JPG,DJI_20260107143259_0005_T.JPG,data/raw/hkust/20260107_Thermal_HKUST/DCIM/DJI_202601071424_001/DJI_20260107143259_0005_V.JPG,data/raw/hkust/20260107_Thermal_HKUST/DCIM/DJI_202601071424_001/DJI_20260107143259_0005_T.JPG,thermal,data/raw/hkust/20260107_Thermal_HKUST/DCIM/DJI_202601071424_001/DJI_20260107143259_0005_T.JPG,640,512,data/metadata/dji_image_metadata.csv,thermal_profile,EXIF/XMP focal length + focal_length_35mm-derived sensor size,12.0,52.0,35.99392244790114,29.13650161648791,7.79666547283578,6.237332378268624,derived from EXIF/XMP focal_length_35mm and target image aspect,399.28,True,8,12,845163.9326202362,845173.9326202362,822356.525865373,822366.525865373,845168.9326202362,822361.525865373,22.340305644960797,114.26327939521951,10.0,10.0,100.0,False,3,GIC / open space,1.0,,,0.0,high_confidence,"Dominant LUHK land-use assigned by majority overlap between the pilot 10m grid cell and the LUHK 2024 10m raster. This step does not extract thermal temperatures, calculate delta-T, or run prediction. The current pilot stage is thermal-first: outputs are plotted on `_T.JPG` using thermal image geometry and `thermal_profile` assumptions when metadata does not provide FOV or sensor size. Visible `_V.JPG` overlays are deferred. The overlay remains an approximate first-pass visualization using the north-up rectangular footprint assumption.",100.0,"{""31"": 100.0}"
DJI_20260107143259_0005_T__thermal__r008_c013,20260107_Thermal_HKUST/DCIM/DJI_202601071424_001::DJI_20260107143259_0005,DJI_20260107143259_0005_V.JPG,DJI_20260107143259_0005_T.JPG,data/raw/hkust/20260107_Thermal_HKUST/DCIM/DJI_202601071424_001/DJI_20260107143259_0005_V.JPG,data/raw/hkust/20260107_Thermal_HKUST/DCIM/DJI_202601071424_001/DJI_20260107143259_0005_T.JPG,thermal,data/raw/hkust/20260107_Thermal_HKUST/DCIM/DJI_202601071424_001/DJI_20260107143259_0005_T.JPG,640,512,data/metadata/dji_image_metadata.csv,thermal_profile,EXIF/XMP focal length + focal_length_35mm-derived sensor size,12.0,52.0,35.99392244790114,29.13650161648791,7.79666547283578,6.237332378268624,derived from EXIF/XMP focal_length_35mm and target image aspect,399.28,True,8,13,845173.9326202362,845183.9326202362,822356.525865373,822366.525865373,845178.9326202362,822361.525865373,22.34030559313814,114.26337646926555,10.0,10.0,100.0,False,3,GIC / open space,1.0,,,0.0,high_confidence,"Dominant LUHK land-use assigned by majority overlap between the pilot 10m grid cell and the LUHK 2024 10m raster. This step does not extract thermal temperatures, calculate delta-T, or run prediction. The current pilot stage is thermal-first: outputs are plotted on `_T.JPG` using thermal image geometry and `thermal_profile` assumptions when metadata does not provide FOV or sensor size. Visible `_V.JPG` overlays are deferred. The overlay remains an approximate first-pass visualization using the north-up rectangular footprint assumption.",100.0,"{""31"": 100.0}"
DJI_20260107143259_0005_T__thermal__r008_c014,20260107_Thermal_HKUST/DCIM/DJI_202601071424_001::DJI_20260107143259_0005,DJI_20260107143259_0005_V.JPG,DJI_20260107143259_0005_T.JPG,data/raw/hkust/20260107_Thermal_HKUST/DCIM/DJI_202601071424_001/DJI_20260107143259_0005_V.JPG,data/raw/hkust/20260107_Thermal_HKUST/DCIM/DJI_202601071424_001/DJI_20260107143259_0005_T.JPG,thermal,data/raw/hkust/20260107_Thermal_HKUST/DCIM/DJI_202601071424_001/DJI_20260107143259_0005_T.JPG,640,512,data/metadata/dji_image_metadata.csv,thermal_profile,EXIF/XMP focal length + focal_length_35mm-derived sensor size,12.0,52.0,35.99392244790114,29.13650161648791,7.79666547283578,6.237332378268624,derived from EXIF/XMP focal_length_35mm and target image aspect,399.28,True,8,14,845183.9326202362,845193.9326202362,822356.525865373,822366.525865373,845188.9326202362,822361.525865373,22.34030554125732,114.26347354331129,10.0,10.0,100.0,False,3,GIC / open space,1.0,,,0.0,high_confidence,"Dominant LUHK land-use assigned by majority overlap between the pilot 10m grid cell and the LUHK 2024 10m raster. This step does not extract thermal temperatures, calculate delta-T, or run prediction. The current pilot stage is thermal-first: outputs are plotted on `_T.JPG` using thermal image geometry and `thermal_profile` assumptions when metadata does not provide FOV or sensor size. Visible `_V.JPG` overlays are deferred. The overlay remains an approximate first-pass visualization using the north-up rectangular footprint assumption.",100.0,"{""31"": 100.0}"
DJI_20260107143259_0005_T__thermal__r008_c015,20260107_Thermal_HKUST/DCIM/DJI_202601071424_001::DJI_20260107143259_0005,DJI_20260107143259_0005_V.JPG,DJI_20260107143259_0005_T.JPG,data/raw/hkust/20260107_Thermal_HKUST/DCIM/DJI_202601071424_001/DJI_20260107143259_0005_V.JPG,data/raw/hkust/20260107_Thermal_HKUST/DCIM/DJI_202601071424_001/DJI_20260107143259_0005_T.JPG,thermal,data/raw/hkust/20260107_Thermal_HKUST/DCIM/DJI_202601071424_001/DJI_20260107143259_0005_T.JPG,640,512,data/metadata/dji_image_metadata.csv,thermal_profile,EXIF/XMP focal length + focal_length_35mm-derived sensor size,12.0,52.0,35.99392244790114,29.13650161648791,7.79666547283578,6.237332378268624,derived from EXIF/XMP focal_length_35mm and target image aspect,399.28,True,8,15,845193.9326202362,845203.9326202362,822356.525865373,822366.525865373,845198.9326202362,822361.525865373,22.34030548931835,114.26357061735676,10.0,10.0,100.0,False,3,GIC / open space,1.0,,,0.0,high_confidence,"Dominant LUHK land-use assigned by majority overlap between the pilot 10m grid cell and the LUHK 2024 10m raster. This step does not extract thermal temperatures, calculate delta-T, or run prediction. The current pilot stage is thermal-first: outputs are plotted on `_T.JPG` using thermal image geometry and `thermal_profile` assumptions when metadata does not provide FOV or sensor size. Visible `_V.JPG` overlays are deferred. The overlay remains an approximate first-pass visualization using the north-up rectangular footprint assumption.",100.0,"{""31"": 100.0}"
DJI_20260107143259_0005_T__thermal__r008_c016,20260107_Thermal_HKUST/DCIM/DJI_202601071424_001::DJI_20260107143259_0005,DJI_20260107143259_0005_V.JPG,DJI_20260107143259_0005_T.JPG,data/raw/hkust/20260107_Thermal_HKUST/DCIM/DJI_202601071424_001/DJI_20260107143259_0005_V.JPG,data/raw/hkust/20260107_Thermal_HKUST/DCIM/DJI_202601071424_001/DJI_20260107143259_0005_T.JPG,thermal,data/raw/hkust/20260107_Thermal_HKUST/DCIM/DJI_202601071424_001/DJI_20260107143259_0005_T.JPG,640,512,data/metadata/dji_image_metadata.csv,thermal_profile,EXIF/XMP focal length + focal_length_35mm-derived sensor size,12.0,52.0,35.99392244790114,29.13650161648791,7.79666547283578,6.237332378268624,derived from EXIF/XMP focal_length_35mm and target image aspect,399.28,True,8,16,845203.9326202362,845213.9326202362,822356.525865373,822366.525865373,845208.9326202362,822361.525865373,22.34030543732121,114.26366769140195,10.0,10.0,100.0,False,3,GIC / open space,1.0,,,0.0,high_confidence,"Dominant LUHK land-use assigned by majority overlap between the pilot 10m grid cell and the LUHK 2024 10m raster. This step does not extract thermal temperatures, calculate delta-T, or run prediction. The current pilot stage is thermal-first: outputs are plotted on `_T.JPG` using thermal image geometry and `thermal_profile` assumptions when metadata does not provide FOV or sensor size. Visible `_V.JPG` overlays are deferred. The overlay remains an approximate first-pass visualization using the north-up rectangular footprint assumption.",100.0,"{""31"": 100.0}"
DJI_20260107143259_0005_T__thermal__r008_c017,20260107_Thermal_HKUST/DCIM/DJI_202601071424_001::DJI_20260107143259_0005,DJI_20260107143259_0005_V.JPG,DJI_20260107143259_0005_T.JPG,data/raw/hkust/20260107_Thermal_HKUST/DCIM/DJI_202601071424_001/DJI_20260107143259_0005_V.JPG,data/raw/hkust/20260107_Thermal_HKUST/DCIM/DJI_202601071424_001/DJI_20260107143259_0005_T.JPG,thermal,data/raw/hkust/20260107_Thermal_HKUST/DCIM/DJI_202601071424_001/DJI_20260107143259_0005_T.JPG,640,512,data/metadata/dji_image_metadata.csv,thermal_profile,EXIF/XMP focal length + focal_length_35mm-derived sensor size,12.0,52.0,35.99392244790114,29.13650161648791,7.79666547283578,6.237332378268624,derived from EXIF/XMP focal_length_35mm and target image aspect,399.28,True,8,17,845213.9326202362,845223.9326202362,822356.525865373,822366.525865373,845218.9326202362,822361.525865373,22.340305385265903,114.26376476544687,10.0,10.0,100.0,False,3,GIC / open space,1.0,,,0.0,high_confidence,"Dominant LUHK land-use assigned by majority overlap between the pilot 10m grid cell and the LUHK 2024 10m raster. This step does not extract thermal temperatures, calculate delta-T, or run prediction. The current pilot stage is thermal-first: outputs are plotted on `_T.JPG` using thermal image geometry and `thermal_profile` assumptions when metadata does not provide FOV or sensor size. Visible `_V.JPG` overlays are deferred. The overlay remains an approximate first-pass visualization using the north-up rectangular footprint assumption.",100.0,"{""31"": 100.0}"
DJI_20260107143259_0005_T__thermal__r008_c018,20260107_Thermal_HKUST/DCIM/DJI_202601071424_001::DJI_20260107143259_0005,DJI_20260107143259_0005_V.JPG,DJI_20260107143259_0005_T.JPG,data/raw/hkust/20260107_Thermal_HKUST/DCIM/DJI_202601071424_001/DJI_20260107143259_0005_V.JPG,data/raw/hkust/20260107_Thermal_HKUST/DCIM/DJI_202601071424_001/DJI_20260107143259_0005_T.JPG,thermal,data/raw/hkust/20260107_Thermal_HKUST/DCIM/DJI_202601071424_001/DJI_20260107143259_0005_T.JPG,640,512,data/metadata/dji_image_metadata.csv,thermal_profile,EXIF/XMP focal length + focal_length_35mm-derived sensor size,12.0,52.0,35.99392244790114,29.13650161648791,7.79666547283578,6.237332378268624,derived from EXIF/XMP focal_length_35mm and target image aspect,399.28,True,8,18,845223.9326202362,845233.9326202362,822356.525865373,822366.525865373,845228.9326202362,822361.525865373,22.34030533315245,114.26386183949147,10.0,10.0,100.0,False,3,GIC / open space,1.0,,,0.0,high_confidence,"Dominant LUHK land-use assigned by majority overlap between the pilot 10m grid cell and the LUHK 2024 10m raster. This step does not extract thermal temperatures, calculate delta-T, or run prediction. The current pilot stage is thermal-first: outputs are plotted on `_T.JPG` using thermal image geometry and `thermal_profile` assumptions when metadata does not provide FOV or sensor size. Visible `_V.JPG` overlays are deferred. The overlay remains an approximate first-pass visualization using the north-up rectangular footprint assumption.",100.0,"{""31"": 100.0}"
DJI_20260107143259_0005_T__thermal__r008_c019,20260107_Thermal_HKUST/DCIM/DJI_202601071424_001::DJI_20260107143259_0005,DJI_20260107143259_0005_V.JPG,DJI_20260107143259_0005_T.JPG,data/raw/hkust/20260107_Thermal_HKUST/DCIM/DJI_202601071424_001/DJI_20260107143259_0005_V.JPG,data/raw/hkust/20260107_Thermal_HKUST/DCIM/DJI_202601071424_001/DJI_20260107143259_0005_T.JPG,thermal,data/raw/hkust/20260107_Thermal_HKUST/DCIM/DJI_202601071424_001/DJI_20260107143259_0005_T.JPG,640,512,data/metadata/dji_image_metadata.csv,thermal_profile,EXIF/XMP focal length + focal_length_35mm-derived sensor size,12.0,52.0,35.99392244790114,29.13650161648791,7.79666547283578,6.237332378268624,derived from EXIF/XMP focal_length_35mm and target image aspect,399.28,True,8,19,845233.9326202362,845243.9326202362,822356.525865373,822366.525865373,845238.9326202362,822361.525865373,22.340305280980825,114.26395891353583,10.0,10.0,100.0,False,3,GIC / open space,1.0,,,0.0,high_confidence,"Dominant LUHK land-use assigned by majority overlap between the pilot 10m grid cell and the LUHK 2024 10m raster. This step does not extract thermal temperatures, calculate delta-T, or run prediction. The current pilot stage is thermal-first: outputs are plotted on `_T.JPG` using thermal image geometry and `thermal_profile` assumptions when metadata does not provide FOV or sensor size. Visible `_V.JPG` overlays are deferred. The overlay remains an approximate first-pass visualization using the north-up rectangular footprint assumption.",100.0,"{""31"": 100.0}"
DJI_20260107143259_0005_T__thermal__r008_c020,20260107_Thermal_HKUST/DCIM/DJI_202601071424_001::DJI_20260107143259_0005,DJI_20260107143259_0005_V.JPG,DJI_20260107143259_0005_T.JPG,data/raw/hkust/20260107_Thermal_HKUST/DCIM/DJI_202601071424_001/DJI_20260107143259_0005_V.JPG,data/raw/hkust/20260107_Thermal_HKUST/DCIM/DJI_202601071424_001/DJI_20260107143259_0005_T.JPG,thermal,data/raw/hkust/20260107_Thermal_HKUST/DCIM/DJI_202601071424_001/DJI_20260107143259_0005_T.JPG,640,512,data/metadata/dji_image_metadata.csv,thermal_profile,EXIF/XMP focal length + focal_length_35mm-derived sensor size,12.0,52.0,35.99392244790114,29.13650161648791,7.79666547283578,6.237332378268624,derived from EXIF/XMP focal_length_35mm and target image aspect,399.28,True,8,20,845243.9326202362,845253.9326202362,822356.525865373,822366.525865373,845248.9326202362,822361.525865373,22.34030522875104,114.26405598757988,10.0,10.0,100.0,False,3,GIC / open space,1.0,,,0.0,high_confidence,"Dominant LUHK land-use assigned by majority overlap between the pilot 10m grid cell and the LUHK 2024 10m raster. This step does not extract thermal temperatures, calculate delta-T, or run prediction. The current pilot stage is thermal-first: outputs are plotted on `_T.JPG` using thermal image geometry and `thermal_profile` assumptions when metadata does not provide FOV or sensor size. Visible `_V.JPG` overlays are deferred. The overlay remains an approximate first-pass visualization using the north-up rectangular footprint assumption.",100.0,"{""31"": 100.0}"
DJI_20260107143259_0005_T__thermal__r008_c021,20260107_Thermal_HKUST/DCIM/DJI_202601071424_001::DJI_20260107143259_0005,DJI_20260107143259_0005_V.JPG,DJI_20260107143259_0005_T.JPG,data/raw/hkust/20260107_Thermal_HKUST/DCIM/DJI_202601071424_001/DJI_20260107143259_0005_V.JPG,data/raw/hkust/20260107_Thermal_HKUST/DCIM/DJI_202601071424_001/DJI_20260107143259_0005_T.JPG,thermal,data/raw/hkust/20260107_Thermal_HKUST/DCIM/DJI_202601071424_001/DJI_20260107143259_0005_T.JPG,640,512,data/metadata/dji_image_metadata.csv,thermal_profile,EXIF/XMP focal length + focal_length_35mm-derived sensor size,12.0,52.0,35.99392244790114,29.13650161648791,7.79666547283578,6.237332378268624,derived from EXIF/XMP focal_length_35mm and target image aspect,399.28,True,8,21,845253.9326202362,845263.9326202362,822356.525865373,822366.525865373,845258.9326202362,822361.525865373,22.34030517646312,114.26415306162366,10.0,10.0,100.0,False,3,GIC / open space,1.0,,,0.0,high_confidence,"Dominant LUHK land-use assigned by majority overlap between the pilot 10m grid cell and the LUHK 2024 10m raster. This step does not extract thermal temperatures, calculate delta-T, or run prediction. The current pilot stage is thermal-first: outputs are plotted on `_T.JPG` using thermal image geometry and `thermal_profile` assumptions when metadata does not provide FOV or sensor size. Visible `_V.JPG` overlays are deferred. The overlay remains an approximate first-pass visualization using the north-up rectangular footprint assumption.",100.0,"{""31"": 100.0}"
DJI_20260107143259_0005_T__thermal__r008_c022,20260107_Thermal_HKUST/DCIM/DJI_202601071424_001::DJI_20260107143259_0005,DJI_20260107143259_0005_V.JPG,DJI_20260107143259_0005_T.JPG,data/raw/hkust/20260107_Thermal_HKUST/DCIM/DJI_202601071424_001/DJI_20260107143259_0005_V.JPG,data/raw/hkust/20260107_Thermal_HKUST/DCIM/DJI_202601071424_001/DJI_20260107143259_0005_T.JPG,thermal,data/raw/hkust/20260107_Thermal_HKUST/DCIM/DJI_202601071424_001/DJI_20260107143259_0005_T.JPG,640,512,data/metadata/dji_image_metadata.csv,thermal_profile,EXIF/XMP focal length + focal_length_35mm-derived sensor size,12.0,52.0,35.99392244790114,29.13650161648791,7.79666547283578,6.237332378268624,derived from EXIF/XMP focal_length_35mm and target image aspect,399.28,True,8,22,845263.9326202362,845273.9326202362,822356.525865373,822366.525865373,845268.9326202362,822361.525865373,22.340305124117002,114.26425013566714,10.0,10.0,100.0,False,3,GIC / open space,1.0,,,0.0,high_confidence,"Dominant LUHK land-use assigned by majority overlap between the pilot 10m grid cell and the LUHK 2024 10m raster. This step does not extract thermal temperatures, calculate delta-T, or run prediction. The current pilot stage is thermal-first: outputs are plotted on `_T.JPG` using thermal image geometry and `thermal_profile` assumptions when metadata does not provide FOV or sensor size. Visible `_V.JPG` overlays are deferred. The overlay remains an approximate first-pass visualization using the north-up rectangular footprint assumption.",100.0,"{""31"": 100.0}"
DJI_20260107143259_0005_T__thermal__r008_c023,20260107_Thermal_HKUST/DCIM/DJI_202601071424_001::DJI_20260107143259_0005,DJI_20260107143259_0005_V.JPG,DJI_20260107143259_0005_T.JPG,data/raw/hkust/20260107_Thermal_HKUST/DCIM/DJI_202601071424_001/DJI_20260107143259_0005_V.JPG,data/raw/hkust/20260107_Thermal_HKUST/DCIM/DJI_202601071424_001/DJI_20260107143259_0005_T.JPG,thermal,data/raw/hkust/20260107_Thermal_HKUST/DCIM/DJI_202601071424_001/DJI_20260107143259_0005_T.JPG,640,512,data/metadata/dji_image_metadata.csv,thermal_profile,EXIF/XMP focal length + focal_length_35mm-derived sensor size,12.0,52.0,35.99392244790114,29.13650161648791,7.79666547283578,6.237332378268624,derived from EXIF/XMP focal_length_35mm and target image aspect,399.28,True,8,23,845273.9326202362,845283.9326202362,822356.525865373,822366.525865373,845278.9326202362,822361.525865373,22.340305071712745,114.26434720971035,10.0,10.0,100.0,False,3,GIC / open space,0.6067379763815552,7.0,Woodland / shrubland / grassland / wetland,0.3932620236184448,medium_confidence,"Dominant LUHK land-use assigned by majority overlap between the pilot 10m grid cell and the LUHK 2024 10m raster. This step does not extract thermal temperatures, calculate delta-T, or run prediction. The current pilot stage is thermal-first: outputs are plotted on `_T.JPG` using thermal image geometry and `thermal_profile` assumptions when metadata does not provide FOV or sensor size. Visible `_V.JPG` overlays are deferred. The overlay remains an approximate first-pass visualization using the north-up rectangular footprint assumption.",100.0,"{""31"": 60.67379763815552, ""71"": 25.663750224352622, ""72"": 13.66245213749186}"
DJI_20260107143259_0005_T__thermal__r008_c024,20260107_Thermal_HKUST/DCIM/DJI_202601071424_001::DJI_20260107143259_0005,DJI_20260107143259_0005_V.JPG,DJI_20260107143259_0005_T.JPG,data/raw/hkust/20260107_Thermal_HKUST/DCIM/DJI_202601071424_001/DJI_20260107143259_0005_V.JPG,data/raw/hkust/20260107_Thermal_HKUST/DCIM/DJI_202601071424_001/DJI_20260107143259_0005_T.JPG,thermal,data/raw/hkust/20260107_Thermal_HKUST/DCIM/DJI_202601071424_001/DJI_20260107143259_0005_T.JPG,640,512,data/metadata/dji_image_metadata.csv,thermal_profile,EXIF/XMP focal length + focal_length_35mm-derived sensor size,12.0,52.0,35.99392244790114,29.13650161648791,7.79666547283578,6.237332378268624,derived from EXIF/XMP focal_length_35mm and target image aspect,399.28,True,8,24,845283.9326202362,845293.9326202362,822356.525865373,822366.525865373,845288.9326202362,822361.525865373,22.34030501925033,114.26444428375326,10.0,10.0,100.0,False,7,Woodland / shrubland / grassland / wetland,1.0,,,0.0,high_confidence,"Dominant LUHK land-use assigned by majority overlap between the pilot 10m grid cell and the LUHK 2024 10m raster. This step does not extract thermal temperatures, calculate delta-T, or run prediction. The current pilot stage is thermal-first: outputs are plotted on `_T.JPG` using thermal image geometry and `thermal_profile` assumptions when metadata does not provide FOV or sensor size. Visible `_V.JPG` overlays are deferred. The overlay remains an approximate first-pass visualization using the north-up rectangular footprint assumption.",100.0,"{""71"": 39.59490350533576, ""72"": 60.40509649466425}"
DJI_20260107143259_0005_T__thermal__r008_c025,20260107_Thermal_HKUST/DCIM/DJI_202601071424_001::DJI_20260107143259_0005,DJI_20260107143259_0005_V.JPG,DJI_20260107143259_0005_T.JPG,data/raw/hkust/20260107_Thermal_HKUST/DCIM/DJI_202601071424_001/DJI_20260107143259_0005_V.JPG,data/raw/hkust/20260107_Thermal_HKUST/DCIM/DJI_202601071424_001/DJI_20260107143259_0005_T.JPG,thermal,data/raw/hkust/20260107_Thermal_HKUST/DCIM/DJI_202601071424_001/DJI_20260107143259_0005_T.JPG,640,512,data/metadata/dji_image_metadata.csv,thermal_profile,EXIF/XMP focal length + focal_length_35mm-derived sensor size,12.0,52.0,35.99392244790114,29.13650161648791,7.79666547283578,6.237332378268624,derived from EXIF/XMP focal_length_35mm and target image aspect,399.28,True,8,25,845293.9326202362,845303.3536694024,822356.525865373,822366.525865373,845298.6431448193,822361.525865373,22.340304968250916,114.264538547741,9.421049166237935,10.0,94.21049166237935,True,7,Woodland / shrubland / grassland / wetland,1.0,,,0.0,high_confidence,"Dominant LUHK land-use assigned by majority overlap between the pilot 10m grid cell and the LUHK 2024 10m raster. This step does not extract thermal temperatures, calculate delta-T, or run prediction. The current pilot stage is thermal-first: outputs are plotted on `_T.JPG` using thermal image geometry and `thermal_profile` assumptions when metadata does not provide FOV or sensor size. Visible `_V.JPG` overlays are deferred. The overlay remains an approximate first-pass visualization using the north-up rectangular footprint assumption.",94.21049166237935,"{""72"": 94.21049166237935}"
DJI_20260107143259_0005_T__thermal__r009_c000,20260107_Thermal_HKUST/DCIM/DJI_202601071424_001::DJI_20260107143259_0005,DJI_20260107143259_0005_V.JPG,DJI_20260107143259_0005_T.JPG,data/raw/hkust/20260107_Thermal_HKUST/DCIM/DJI_202601071424_001/DJI_20260107143259_0005_V.JPG,data/raw/hkust/20260107_Thermal_HKUST/DCIM/DJI_202601071424_001/DJI_20260107143259_0005_T.JPG,thermal,data/raw/hkust/20260107_Thermal_HKUST/DCIM/DJI_202601071424_001/DJI_20260107143259_0005_T.JPG,640,512,data/metadata/dji_image_metadata.csv,thermal_profile,EXIF/XMP focal length + focal_length_35mm-derived sensor size,12.0,52.0,35.99392244790114,29.13650161648791,7.79666547283578,6.237332378268624,derived from EXIF/XMP focal_length_35mm and target image aspect,399.28,True,9,0,845043.9326202362,845053.9326202362,822346.525865373,822356.525865373,845048.9326202362,822351.525865373,22.340215956680403,114.26211445172004,10.0,10.0,100.0,False,7,Woodland / shrubland / grassland / wetland,1.0,,,0.0,high_confidence,"Dominant LUHK land-use assigned by majority overlap between the pilot 10m grid cell and the LUHK 2024 10m raster. This step does not extract thermal temperatures, calculate delta-T, or run prediction. The current pilot stage is thermal-first: outputs are plotted on `_T.JPG` using thermal image geometry and `thermal_profile` assumptions when metadata does not provide FOV or sensor size. Visible `_V.JPG` overlays are deferred. The overlay remains an approximate first-pass visualization using the north-up rectangular footprint assumption.",100.0,"{""71"": 74.33624977564737, ""72"": 25.663750224352622}"
DJI_20260107143259_0005_T__thermal__r009_c001,20260107_Thermal_HKUST/DCIM/DJI_202601071424_001::DJI_20260107143259_0005,DJI_20260107143259_0005_V.JPG,DJI_20260107143259_0005_T.JPG,data/raw/hkust/20260107_Thermal_HKUST/DCIM/DJI_202601071424_001/DJI_20260107143259_0005_V.JPG,data/raw/hkust/20260107_Thermal_HKUST/DCIM/DJI_202601071424_001/DJI_20260107143259_0005_T.JPG,thermal,data/raw/hkust/20260107_Thermal_HKUST/DCIM/DJI_202601071424_001/DJI_20260107143259_0005_T.JPG,640,512,data/metadata/dji_image_metadata.csv,thermal_profile,EXIF/XMP focal length + focal_length_35mm-derived sensor size,12.0,52.0,35.99392244790114,29.13650161648791,7.79666547283578,6.237332378268624,derived from EXIF/XMP focal_length_35mm and target image aspect,399.28,True,9,1,845053.9326202362,845063.9326202362,822346.525865373,822356.525865373,845058.9326202362,822351.525865373,22.340215905555894,114.2622115257069,10.0,10.0,100.0,False,7,Woodland / shrubland / grassland / wetland,1.0,,,0.0,high_confidence,"Dominant LUHK land-use assigned by majority overlap between the pilot 10m grid cell and the LUHK 2024 10m raster. This step does not extract thermal temperatures, calculate delta-T, or run prediction. The current pilot stage is thermal-first: outputs are plotted on `_T.JPG` using thermal image geometry and `thermal_profile` assumptions when metadata does not provide FOV or sensor size. Visible `_V.JPG` overlays are deferred. The overlay remains an approximate first-pass visualization using the north-up rectangular footprint assumption.",100.0,"{""71"": 21.078894132819766, ""72"": 65.25865372968838, ""73"": 13.66245213749186}"
DJI_20260107143259_0005_T__thermal__r009_c002,20260107_Thermal_HKUST/DCIM/DJI_202601071424_001::DJI_20260107143259_0005,DJI_20260107143259_0005_V.JPG,DJI_20260107143259_0005_T.JPG,data/raw/hkust/20260107_Thermal_HKUST/DCIM/DJI_202601071424_001/DJI_20260107143259_0005_V.JPG,data/raw/hkust/20260107_Thermal_HKUST/DCIM/DJI_202601071424_001/DJI_20260107143259_0005_T.JPG,thermal,data/raw/hkust/20260107_Thermal_HKUST/DCIM/DJI_202601071424_001/DJI_20260107143259_0005_T.JPG,640,512,data/metadata/dji_image_metadata.csv,thermal_profile,EXIF/XMP focal length + focal_length_35mm-derived sensor size,12.0,52.0,35.99392244790114,29.13650161648791,7.79666547283578,6.237332378268624,derived from EXIF/XMP focal_length_35mm and target image aspect,399.28,True,9,2,845063.9326202362,845073.9326202362,822346.525865373,822356.525865373,845068.9326202362,822351.525865373,22.340215854373216,114.2623085996935,10.0,10.0,100.0,False,7,Woodland / shrubland / grassland / wetland,1.0,,,0.0,high_confidence,"Dominant LUHK land-use assigned by majority overlap between the pilot 10m grid cell and the LUHK 2024 10m raster. This step does not extract thermal temperatures, calculate delta-T, or run prediction. The current pilot stage is thermal-first: outputs are plotted on `_T.JPG` using thermal image geometry and `thermal_profile` assumptions when metadata does not provide FOV or sensor size. Visible `_V.JPG` overlays are deferred. The overlay remains an approximate first-pass visualization using the north-up rectangular footprint assumption.",100.0,"{""72"": 39.59490350533576, ""73"": 60.40509649466425}"
DJI_20260107143259_0005_T__thermal__r009_c003,20260107_Thermal_HKUST/DCIM/DJI_202601071424_001::DJI_20260107143259_0005,DJI_20260107143259_0005_V.JPG,DJI_20260107143259_0005_T.JPG,data/raw/hkust/20260107_Thermal_HKUST/DCIM/DJI_202601071424_001/DJI_20260107143259_0005_V.JPG,data/raw/hkust/20260107_Thermal_HKUST/DCIM/DJI_202601071424_001/DJI_20260107143259_0005_T.JPG,thermal,data/raw/hkust/20260107_Thermal_HKUST/DCIM/DJI_202601071424_001/DJI_20260107143259_0005_T.JPG,640,512,data/metadata/dji_image_metadata.csv,thermal_profile,EXIF/XMP focal length + focal_length_35mm-derived sensor size,12.0,52.0,35.99392244790114,29.13650161648791,7.79666547283578,6.237332378268624,derived from EXIF/XMP focal_length_35mm and target image aspect,399.28,True,9,3,845073.9326202362,845083.9326202362,822346.525865373,822356.525865373,845078.9326202362,822351.525865373,22.340215803132374,114.2624056736798,10.0,10.0,100.0,False,7,Woodland / shrubland / grassland / wetland,1.0,,,0.0,high_confidence,"Dominant LUHK land-use assigned by majority overlap between the pilot 10m grid cell and the LUHK 2024 10m raster. This step does not extract thermal temperatures, calculate delta-T, or run prediction. The current pilot stage is thermal-first: outputs are plotted on `_T.JPG` using thermal image geometry and `thermal_profile` assumptions when metadata does not provide FOV or sensor size. Visible `_V.JPG` overlays are deferred. The overlay remains an approximate first-pass visualization using the north-up rectangular footprint assumption.",100.0,"{""73"": 100.0}"
DJI_20260107143259_0005_T__thermal__r009_c004,20260107_Thermal_HKUST/DCIM/DJI_202601071424_001::DJI_20260107143259_0005,DJI_20260107143259_0005_V.JPG,DJI_20260107143259_0005_T.JPG,data/raw/hkust/20260107_Thermal_HKUST/DCIM/DJI_202601071424_001/DJI_20260107143259_0005_V.JPG,data/raw/hkust/20260107_Thermal_HKUST/DCIM/DJI_202601071424_001/DJI_20260107143259_0005_T.JPG,thermal,data/raw/hkust/20260107_Thermal_HKUST/DCIM/DJI_202601071424_001/DJI_20260107143259_0005_T.JPG,640,512,data/metadata/dji_image_metadata.csv,thermal_profile,EXIF/XMP focal length + focal_length_35mm-derived sensor size,12.0,52.0,35.99392244790114,29.13650161648791,7.79666547283578,6.237332378268624,derived from EXIF/XMP focal_length_35mm and target image aspect,399.28,True,9,4,845083.9326202362,845093.9326202362,822346.525865373,822356.525865373,845088.9326202362,822351.525865373,22.34021575183338,114.26250274766582,10.0,10.0,100.0,False,7,Woodland / shrubland / grassland / wetland,0.8633754786250815,3.0,GIC / open space,0.1366245213749186,high_confidence,"Dominant LUHK land-use assigned by majority overlap between the pilot 10m grid cell and the LUHK 2024 10m raster. This step does not extract thermal temperatures, calculate delta-T, or run prediction. The current pilot stage is thermal-first: outputs are plotted on `_T.JPG` using thermal image geometry and `thermal_profile` assumptions when metadata does not provide FOV or sensor size. Visible `_V.JPG` overlays are deferred. The overlay remains an approximate first-pass visualization using the north-up rectangular footprint assumption.",100.0,"{""31"": 13.66245213749186, ""73"": 86.33754786250815}"
DJI_20260107143259_0005_T__thermal__r009_c005,20260107_Thermal_HKUST/DCIM/DJI_202601071424_001::DJI_20260107143259_0005,DJI_20260107143259_0005_V.JPG,DJI_20260107143259_0005_T.JPG,data/raw/hkust/20260107_Thermal_HKUST/DCIM/DJI_202601071424_001/DJI_20260107143259_0005_V.JPG,data/raw/hkust/20260107_Thermal_HKUST/DCIM/DJI_202601071424_001/DJI_20260107143259_0005_T.JPG,thermal,data/raw/hkust/20260107_Thermal_HKUST/DCIM/DJI_202601071424_001/DJI_20260107143259_0005_T.JPG,640,512,data/metadata/dji_image_metadata.csv,thermal_profile,EXIF/XMP focal length + focal_length_35mm-derived sensor size,12.0,52.0,35.99392244790114,29.13650161648791,7.79666547283578,6.237332378268624,derived from EXIF/XMP focal_length_35mm and target image aspect,399.28,True,9,5,845093.9326202362,845103.9326202362,822346.525865373,822356.525865373,845098.9326202362,822351.525865373,22.340215700476232,114.26259982165159,10.0,10.0,100.0,False,3,GIC / open space,0.6040509649466425,7.0,Woodland / shrubland / grassland / wetland,0.3959490350533576,medium_confidence,"Dominant LUHK land-use assigned by majority overlap between the pilot 10m grid cell and the LUHK 2024 10m raster. This step does not extract thermal temperatures, calculate delta-T, or run prediction. The current pilot stage is thermal-first: outputs are plotted on `_T.JPG` using thermal image geometry and `thermal_profile` assumptions when metadata does not provide FOV or sensor size. Visible `_V.JPG` overlays are deferred. The overlay remains an approximate first-pass visualization using the north-up rectangular footprint assumption.",100.0,"{""31"": 60.40509649466425, ""73"": 39.59490350533576}"
DJI_20260107143259_0005_T__thermal__r009_c006,20260107_Thermal_HKUST/DCIM/DJI_202601071424_001::DJI_20260107143259_0005,DJI_20260107143259_0005_V.JPG,DJI_20260107143259_0005_T.JPG,data/raw/hkust/20260107_Thermal_HKUST/DCIM/DJI_202601071424_001/DJI_20260107143259_0005_V.JPG,data/raw/hkust/20260107_Thermal_HKUST/DCIM/DJI_202601071424_001/DJI_20260107143259_0005_T.JPG,thermal,data/raw/hkust/20260107_Thermal_HKUST/DCIM/DJI_202601071424_001/DJI_20260107143259_0005_T.JPG,640,512,data/metadata/dji_image_metadata.csv,thermal_profile,EXIF/XMP focal length + focal_length_35mm-derived sensor size,12.0,52.0,35.99392244790114,29.13650161648791,7.79666547283578,6.237332378268624,derived from EXIF/XMP focal_length_35mm and target image aspect,399.28,True,9,6,845103.9326202362,845113.9326202362,822346.525865373,822356.525865373,845108.9326202362,822351.525865373,22.340215649060923,114.26269689563706,10.0,10.0,100.0,False,3,GIC / open space,1.0,,,0.0,high_confidence,"Dominant LUHK land-use assigned by majority overlap between the pilot 10m grid cell and the LUHK 2024 10m raster. This step does not extract thermal temperatures, calculate delta-T, or run prediction. The current pilot stage is thermal-first: outputs are plotted on `_T.JPG` using thermal image geometry and `thermal_profile` assumptions when metadata does not provide FOV or sensor size. Visible `_V.JPG` overlays are deferred. The overlay remains an approximate first-pass visualization using the north-up rectangular footprint assumption.",100.0,"{""31"": 100.0}"
DJI_20260107143259_0005_T__thermal__r009_c007,20260107_Thermal_HKUST/DCIM/DJI_202601071424_001::DJI_20260107143259_0005,DJI_20260107143259_0005_V.JPG,DJI_20260107143259_0005_T.JPG,data/raw/hkust/20260107_Thermal_HKUST/DCIM/DJI_202601071424_001/DJI_20260107143259_0005_V.JPG,data/raw/hkust/20260107_Thermal_HKUST/DCIM/DJI_202601071424_001/DJI_20260107143259_0005_T.JPG,thermal,data/raw/hkust/20260107_Thermal_HKUST/DCIM/DJI_202601071424_001/DJI_20260107143259_0005_T.JPG,640,512,data/metadata/dji_image_metadata.csv,thermal_profile,EXIF/XMP focal length + focal_length_35mm-derived sensor size,12.0,52.0,35.99392244790114,29.13650161648791,7.79666547283578,6.237332378268624,derived from EXIF/XMP focal_length_35mm and target image aspect,399.28,True,9,7,845113.9326202362,845123.9326202362,822346.525865373,822356.525865373,845118.9326202362,822351.525865373,22.34021559758745,114.26279396962227,10.0,10.0,100.0,False,3,GIC / open space,1.0,,,0.0,high_confidence,"Dominant LUHK land-use assigned by majority overlap between the pilot 10m grid cell and the LUHK 2024 10m raster. This step does not extract thermal temperatures, calculate delta-T, or run prediction. The current pilot stage is thermal-first: outputs are plotted on `_T.JPG` using thermal image geometry and `thermal_profile` assumptions when metadata does not provide FOV or sensor size. Visible `_V.JPG` overlays are deferred. The overlay remains an approximate first-pass visualization using the north-up rectangular footprint assumption.",100.0,"{""31"": 100.0}"
DJI_20260107143259_0005_T__thermal__r009_c008,20260107_Thermal_HKUST/DCIM/DJI_202601071424_001::DJI_20260107143259_0005,DJI_20260107143259_0005_V.JPG,DJI_20260107143259_0005_T.JPG,data/raw/hkust/20260107_Thermal_HKUST/DCIM/DJI_202601071424_001/DJI_20260107143259_0005_V.JPG,data/raw/hkust/20260107_Thermal_HKUST/DCIM/DJI_202601071424_001/DJI_20260107143259_0005_T.JPG,thermal,data/raw/hkust/20260107_Thermal_HKUST/DCIM/DJI_202601071424_001/DJI_20260107143259_0005_T.JPG,640,512,data/metadata/dji_image_metadata.csv,thermal_profile,EXIF/XMP focal length + focal_length_35mm-derived sensor size,12.0,52.0,35.99392244790114,29.13650161648791,7.79666547283578,6.237332378268624,derived from EXIF/XMP focal_length_35mm and target image aspect,399.28,True,9,8,845123.9326202362,845133.9326202362,822346.525865373,822356.525865373,845128.9326202362,822351.525865373,22.340215546055813,114.26289104360717,10.0,10.0,100.0,False,3,GIC / open space,1.0,,,0.0,high_confidence,"Dominant LUHK land-use assigned by majority overlap between the pilot 10m grid cell and the LUHK 2024 10m raster. This step does not extract thermal temperatures, calculate delta-T, or run prediction. The current pilot stage is thermal-first: outputs are plotted on `_T.JPG` using thermal image geometry and `thermal_profile` assumptions when metadata does not provide FOV or sensor size. Visible `_V.JPG` overlays are deferred. The overlay remains an approximate first-pass visualization using the north-up rectangular footprint assumption.",100.0,"{""31"": 100.0}"
DJI_20260107143259_0005_T__thermal__r009_c009,20260107_Thermal_HKUST/DCIM/DJI_202601071424_001::DJI_20260107143259_0005,DJI_20260107143259_0005_V.JPG,DJI_20260107143259_0005_T.JPG,data/raw/hkust/20260107_Thermal_HKUST/DCIM/DJI_202601071424_001/DJI_20260107143259_0005_V.JPG,data/raw/hkust/20260107_Thermal_HKUST/DCIM/DJI_202601071424_001/DJI_20260107143259_0005_T.JPG,thermal,data/raw/hkust/20260107_Thermal_HKUST/DCIM/DJI_202601071424_001/DJI_20260107143259_0005_T.JPG,640,512,data/metadata/dji_image_metadata.csv,thermal_profile,EXIF/XMP focal length + focal_length_35mm-derived sensor size,12.0,52.0,35.99392244790114,29.13650161648791,7.79666547283578,6.237332378268624,derived from EXIF/XMP focal_length_35mm and target image aspect,399.28,True,9,9,845133.9326202362,845143.9326202362,822346.525865373,822356.525865373,845138.9326202362,822351.525865373,22.340215494466023,114.26298811759182,10.0,10.0,100.0,False,3,GIC / open space,1.0,,,0.0,high_confidence,"Dominant LUHK land-use assigned by majority overlap between the pilot 10m grid cell and the LUHK 2024 10m raster. This step does not extract thermal temperatures, calculate delta-T, or run prediction. The current pilot stage is thermal-first: outputs are plotted on `_T.JPG` using thermal image geometry and `thermal_profile` assumptions when metadata does not provide FOV or sensor size. Visible `_V.JPG` overlays are deferred. The overlay remains an approximate first-pass visualization using the north-up rectangular footprint assumption.",100.0,"{""31"": 100.0}"
DJI_20260107143259_0005_T__thermal__r009_c010,20260107_Thermal_HKUST/DCIM/DJI_202601071424_001::DJI_20260107143259_0005,DJI_20260107143259_0005_V.JPG,DJI_20260107143259_0005_T.JPG,data/raw/hkust/20260107_Thermal_HKUST/DCIM/DJI_202601071424_001/DJI_20260107143259_0005_V.JPG,data/raw/hkust/20260107_Thermal_HKUST/DCIM/DJI_202601071424_001/DJI_20260107143259_0005_T.JPG,thermal,data/raw/hkust/20260107_Thermal_HKUST/DCIM/DJI_202601071424_001/DJI_20260107143259_0005_T.JPG,640,512,data/metadata/dji_image_metadata.csv,thermal_profile,EXIF/XMP focal length + focal_length_35mm-derived sensor size,12.0,52.0,35.99392244790114,29.13650161648791,7.79666547283578,6.237332378268624,derived from EXIF/XMP focal_length_35mm and target image aspect,399.28,True,9,10,845143.9326202362,845153.9326202362,822346.525865373,822356.525865373,845148.9326202362,822351.525865373,22.340215442818067,114.26308519157618,10.0,10.0,100.0,False,3,GIC / open space,1.0,,,0.0,high_confidence,"Dominant LUHK land-use assigned by majority overlap between the pilot 10m grid cell and the LUHK 2024 10m raster. This step does not extract thermal temperatures, calculate delta-T, or run prediction. The current pilot stage is thermal-first: outputs are plotted on `_T.JPG` using thermal image geometry and `thermal_profile` assumptions when metadata does not provide FOV or sensor size. Visible `_V.JPG` overlays are deferred. The overlay remains an approximate first-pass visualization using the north-up rectangular footprint assumption.",100.0,"{""31"": 100.0}"
DJI_20260107143259_0005_T__thermal__r009_c011,20260107_Thermal_HKUST/DCIM/DJI_202601071424_001::DJI_20260107143259_0005,DJI_20260107143259_0005_V.JPG,DJI_20260107143259_0005_T.JPG,data/raw/hkust/20260107_Thermal_HKUST/DCIM/DJI_202601071424_001/DJI_20260107143259_0005_V.JPG,data/raw/hkust/20260107_Thermal_HKUST/DCIM/DJI_202601071424_001/DJI_20260107143259_0005_T.JPG,thermal,data/raw/hkust/20260107_Thermal_HKUST/DCIM/DJI_202601071424_001/DJI_20260107143259_0005_T.JPG,640,512,data/metadata/dji_image_metadata.csv,thermal_profile,EXIF/XMP focal length + focal_length_35mm-derived sensor size,12.0,52.0,35.99392244790114,29.13650161648791,7.79666547283578,6.237332378268624,derived from EXIF/XMP focal_length_35mm and target image aspect,399.28,True,9,11,845153.9326202362,845163.9326202362,822346.525865373,822356.525865373,845158.9326202362,822351.525865373,22.340215391111958,114.26318226556023,10.0,10.0,100.0,False,3,GIC / open space,1.0,,,0.0,high_confidence,"Dominant LUHK land-use assigned by majority overlap between the pilot 10m grid cell and the LUHK 2024 10m raster. This step does not extract thermal temperatures, calculate delta-T, or run prediction. The current pilot stage is thermal-first: outputs are plotted on `_T.JPG` using thermal image geometry and `thermal_profile` assumptions when metadata does not provide FOV or sensor size. Visible `_V.JPG` overlays are deferred. The overlay remains an approximate first-pass visualization using the north-up rectangular footprint assumption.",100.0,"{""31"": 100.0}"
DJI_20260107143259_0005_T__thermal__r009_c012,20260107_Thermal_HKUST/DCIM/DJI_202601071424_001::DJI_20260107143259_0005,DJI_20260107143259_0005_V.JPG,DJI_20260107143259_0005_T.JPG,data/raw/hkust/20260107_Thermal_HKUST/DCIM/DJI_202601071424_001/DJI_20260107143259_0005_V.JPG,data/raw/hkust/20260107_Thermal_HKUST/DCIM/DJI_202601071424_001/DJI_20260107143259_0005_T.JPG,thermal,data/raw/hkust/20260107_Thermal_HKUST/DCIM/DJI_202601071424_001/DJI_20260107143259_0005_T.JPG,640,512,data/metadata/dji_image_metadata.csv,thermal_profile,EXIF/XMP focal length + focal_length_35mm-derived sensor size,12.0,52.0,35.99392244790114,29.13650161648791,7.79666547283578,6.237332378268624,derived from EXIF/XMP focal_length_35mm and target image aspect,399.28,True,9,12,845163.9326202362,845173.9326202362,822346.525865373,822356.525865373,845168.9326202362,822351.525865373,22.340215339347687,114.26327933954404,10.0,10.0,100.0,False,3,GIC / open space,1.0,,,0.0,high_confidence,"Dominant LUHK land-use assigned by majority overlap between the pilot 10m grid cell and the LUHK 2024 10m raster. This step does not extract thermal temperatures, calculate delta-T, or run prediction. The current pilot stage is thermal-first: outputs are plotted on `_T.JPG` using thermal image geometry and `thermal_profile` assumptions when metadata does not provide FOV or sensor size. Visible `_V.JPG` overlays are deferred. The overlay remains an approximate first-pass visualization using the north-up rectangular footprint assumption.",100.0,"{""31"": 100.0}"
DJI_20260107143259_0005_T__thermal__r009_c013,20260107_Thermal_HKUST/DCIM/DJI_202601071424_001::DJI_20260107143259_0005,DJI_20260107143259_0005_V.JPG,DJI_20260107143259_0005_T.JPG,data/raw/hkust/20260107_Thermal_HKUST/DCIM/DJI_202601071424_001/DJI_20260107143259_0005_V.JPG,data/raw/hkust/20260107_Thermal_HKUST/DCIM/DJI_202601071424_001/DJI_20260107143259_0005_T.JPG,thermal,data/raw/hkust/20260107_Thermal_HKUST/DCIM/DJI_202601071424_001/DJI_20260107143259_0005_T.JPG,640,512,data/metadata/dji_image_metadata.csv,thermal_profile,EXIF/XMP focal length + focal_length_35mm-derived sensor size,12.0,52.0,35.99392244790114,29.13650161648791,7.79666547283578,6.237332378268624,derived from EXIF/XMP focal_length_35mm and target image aspect,399.28,True,9,13,845173.9326202362,845183.9326202362,822346.525865373,822356.525865373,845178.9326202362,822351.525865373,22.34021528752524,114.26337641352755,10.0,10.0,100.0,False,3,GIC / open space,1.0,,,0.0,high_confidence,"Dominant LUHK land-use assigned by majority overlap between the pilot 10m grid cell and the LUHK 2024 10m raster. This step does not extract thermal temperatures, calculate delta-T, or run prediction. The current pilot stage is thermal-first: outputs are plotted on `_T.JPG` using thermal image geometry and `thermal_profile` assumptions when metadata does not provide FOV or sensor size. Visible `_V.JPG` overlays are deferred. The overlay remains an approximate first-pass visualization using the north-up rectangular footprint assumption.",100.0,"{""31"": 100.0}"
DJI_20260107143259_0005_T__thermal__r009_c014,20260107_Thermal_HKUST/DCIM/DJI_202601071424_001::DJI_20260107143259_0005,DJI_20260107143259_0005_V.JPG,DJI_20260107143259_0005_T.JPG,data/raw/hkust/20260107_Thermal_HKUST/DCIM/DJI_202601071424_001/DJI_20260107143259_0005_V.JPG,data/raw/hkust/20260107_Thermal_HKUST/DCIM/DJI_202601071424_001/DJI_20260107143259_0005_T.JPG,thermal,data/raw/hkust/20260107_Thermal_HKUST/DCIM/DJI_202601071424_001/DJI_20260107143259_0005_T.JPG,640,512,data/metadata/dji_image_metadata.csv,thermal_profile,EXIF/XMP focal length + focal_length_35mm-derived sensor size,12.0,52.0,35.99392244790114,29.13650161648791,7.79666547283578,6.237332378268624,derived from EXIF/XMP focal_length_35mm and target image aspect,399.28,True,9,14,845183.9326202362,845193.9326202362,822346.525865373,822356.525865373,845188.9326202362,822351.525865373,22.340215235644653,114.2634734875108,10.0,10.0,100.0,False,3,GIC / open space,1.0,,,0.0,high_confidence,"Dominant LUHK land-use assigned by majority overlap between the pilot 10m grid cell and the LUHK 2024 10m raster. This step does not extract thermal temperatures, calculate delta-T, or run prediction. The current pilot stage is thermal-first: outputs are plotted on `_T.JPG` using thermal image geometry and `thermal_profile` assumptions when metadata does not provide FOV or sensor size. Visible `_V.JPG` overlays are deferred. The overlay remains an approximate first-pass visualization using the north-up rectangular footprint assumption.",100.0,"{""31"": 100.0}"
DJI_20260107143259_0005_T__thermal__r009_c015,20260107_Thermal_HKUST/DCIM/DJI_202601071424_001::DJI_20260107143259_0005,DJI_20260107143259_0005_V.JPG,DJI_20260107143259_0005_T.JPG,data/raw/hkust/20260107_Thermal_HKUST/DCIM/DJI_202601071424_001/DJI_20260107143259_0005_V.JPG,data/raw/hkust/20260107_Thermal_HKUST/DCIM/DJI_202601071424_001/DJI_20260107143259_0005_T.JPG,thermal,data/raw/hkust/20260107_Thermal_HKUST/DCIM/DJI_202601071424_001/DJI_20260107143259_0005_T.JPG,640,512,data/metadata/dji_image_metadata.csv,thermal_profile,EXIF/XMP focal length + focal_length_35mm-derived sensor size,12.0,52.0,35.99392244790114,29.13650161648791,7.79666547283578,6.237332378268624,derived from EXIF/XMP focal_length_35mm and target image aspect,399.28,True,9,15,845193.9326202362,845203.9326202362,822346.525865373,822356.525865373,845198.9326202362,822351.525865373,22.340215183705904,114.26357056149374,10.0,10.0,100.0,False,3,GIC / open space,1.0,,,0.0,high_confidence,"Dominant LUHK land-use assigned by majority overlap between the pilot 10m grid cell and the LUHK 2024 10m raster. This step does not extract thermal temperatures, calculate delta-T, or run prediction. The current pilot stage is thermal-first: outputs are plotted on `_T.JPG` using thermal image geometry and `thermal_profile` assumptions when metadata does not provide FOV or sensor size. Visible `_V.JPG` overlays are deferred. The overlay remains an approximate first-pass visualization using the north-up rectangular footprint assumption.",100.0,"{""31"": 100.0}"
DJI_20260107143259_0005_T__thermal__r009_c016,20260107_Thermal_HKUST/DCIM/DJI_202601071424_001::DJI_20260107143259_0005,DJI_20260107143259_0005_V.JPG,DJI_20260107143259_0005_T.JPG,data/raw/hkust/20260107_Thermal_HKUST/DCIM/DJI_202601071424_001/DJI_20260107143259_0005_V.JPG,data/raw/hkust/20260107_Thermal_HKUST/DCIM/DJI_202601071424_001/DJI_20260107143259_0005_T.JPG,thermal,data/raw/hkust/20260107_Thermal_HKUST/DCIM/DJI_202601071424_001/DJI_20260107143259_0005_T.JPG,640,512,data/metadata/dji_image_metadata.csv,thermal_profile,EXIF/XMP focal length + focal_length_35mm-derived sensor size,12.0,52.0,35.99392244790114,29.13650161648791,7.79666547283578,6.237332378268624,derived from EXIF/XMP focal_length_35mm and target image aspect,399.28,True,9,16,845203.9326202362,845213.9326202362,822346.525865373,822356.525865373,845208.9326202362,822351.525865373,22.340215131708998,114.26366763547641,10.0,10.0,100.0,False,3,GIC / open space,1.0,,,0.0,high_confidence,"Dominant LUHK land-use assigned by majority overlap between the pilot 10m grid cell and the LUHK 2024 10m raster. This step does not extract thermal temperatures, calculate delta-T, or run prediction. The current pilot stage is thermal-first: outputs are plotted on `_T.JPG` using thermal image geometry and `thermal_profile` assumptions when metadata does not provide FOV or sensor size. Visible `_V.JPG` overlays are deferred. The overlay remains an approximate first-pass visualization using the north-up rectangular footprint assumption.",100.0,"{""31"": 100.0}"
DJI_20260107143259_0005_T__thermal__r009_c017,20260107_Thermal_HKUST/DCIM/DJI_202601071424_001::DJI_20260107143259_0005,DJI_20260107143259_0005_V.JPG,DJI_20260107143259_0005_T.JPG,data/raw/hkust/20260107_Thermal_HKUST/DCIM/DJI_202601071424_001/DJI_20260107143259_0005_V.JPG,data/raw/hkust/20260107_Thermal_HKUST/DCIM/DJI_202601071424_001/DJI_20260107143259_0005_T.JPG,thermal,data/raw/hkust/20260107_Thermal_HKUST/DCIM/DJI_202601071424_001/DJI_20260107143259_0005_T.JPG,640,512,data/metadata/dji_image_metadata.csv,thermal_profile,EXIF/XMP focal length + focal_length_35mm-derived sensor size,12.0,52.0,35.99392244790114,29.13650161648791,7.79666547283578,6.237332378268624,derived from EXIF/XMP focal_length_35mm and target image aspect,399.28,True,9,17,845213.9326202362,845223.9326202362,822346.525865373,822356.525865373,845218.9326202362,822351.525865373,22.340215079653927,114.2637647094588,10.0,10.0,100.0,False,3,GIC / open space,1.0,,,0.0,high_confidence,"Dominant LUHK land-use assigned by majority overlap between the pilot 10m grid cell and the LUHK 2024 10m raster. This step does not extract thermal temperatures, calculate delta-T, or run prediction. The current pilot stage is thermal-first: outputs are plotted on `_T.JPG` using thermal image geometry and `thermal_profile` assumptions when metadata does not provide FOV or sensor size. Visible `_V.JPG` overlays are deferred. The overlay remains an approximate first-pass visualization using the north-up rectangular footprint assumption.",100.0,"{""31"": 100.0}"
DJI_20260107143259_0005_T__thermal__r009_c018,20260107_Thermal_HKUST/DCIM/DJI_202601071424_001::DJI_20260107143259_0005,DJI_20260107143259_0005_V.JPG,DJI_20260107143259_0005_T.JPG,data/raw/hkust/20260107_Thermal_HKUST/DCIM/DJI_202601071424_001/DJI_20260107143259_0005_V.JPG,data/raw/hkust/20260107_Thermal_HKUST/DCIM/DJI_202601071424_001/DJI_20260107143259_0005_T.JPG,thermal,data/raw/hkust/20260107_Thermal_HKUST/DCIM/DJI_202601071424_001/DJI_20260107143259_0005_T.JPG,640,512,data/metadata/dji_image_metadata.csv,thermal_profile,EXIF/XMP focal length + focal_length_35mm-derived sensor size,12.0,52.0,35.99392244790114,29.13650161648791,7.79666547283578,6.237332378268624,derived from EXIF/XMP focal_length_35mm and target image aspect,399.28,True,9,18,845223.9326202362,845233.9326202362,822346.525865373,822356.525865373,845228.9326202362,822351.525865373,22.340215027540694,114.2638617834409,10.0,10.0,100.0,False,3,GIC / open space,1.0,,,0.0,high_confidence,"Dominant LUHK land-use assigned by majority overlap between the pilot 10m grid cell and the LUHK 2024 10m raster. This step does not extract thermal temperatures, calculate delta-T, or run prediction. The current pilot stage is thermal-first: outputs are plotted on `_T.JPG` using thermal image geometry and `thermal_profile` assumptions when metadata does not provide FOV or sensor size. Visible `_V.JPG` overlays are deferred. The overlay remains an approximate first-pass visualization using the north-up rectangular footprint assumption.",100.0,"{""31"": 100.0}"
DJI_20260107143259_0005_T__thermal__r009_c019,20260107_Thermal_HKUST/DCIM/DJI_202601071424_001::DJI_20260107143259_0005,DJI_20260107143259_0005_V.JPG,DJI_20260107143259_0005_T.JPG,data/raw/hkust/20260107_Thermal_HKUST/DCIM/DJI_202601071424_001/DJI_20260107143259_0005_V.JPG,data/raw/hkust/20260107_Thermal_HKUST/DCIM/DJI_202601071424_001/DJI_20260107143259_0005_T.JPG,thermal,data/raw/hkust/20260107_Thermal_HKUST/DCIM/DJI_202601071424_001/DJI_20260107143259_0005_T.JPG,640,512,data/metadata/dji_image_metadata.csv,thermal_profile,EXIF/XMP focal length + focal_length_35mm-derived sensor size,12.0,52.0,35.99392244790114,29.13650161648791,7.79666547283578,6.237332378268624,derived from EXIF/XMP focal_length_35mm and target image aspect,399.28,True,9,19,845233.9326202362,845243.9326202362,822346.525865373,822356.525865373,845238.9326202362,822351.525865373,22.340214975369303,114.26395885742272,10.0,10.0,100.0,False,3,GIC / open space,1.0,,,0.0,high_confidence,"Dominant LUHK land-use assigned by majority overlap between the pilot 10m grid cell and the LUHK 2024 10m raster. This step does not extract thermal temperatures, calculate delta-T, or run prediction. The current pilot stage is thermal-first: outputs are plotted on `_T.JPG` using thermal image geometry and `thermal_profile` assumptions when metadata does not provide FOV or sensor size. Visible `_V.JPG` overlays are deferred. The overlay remains an approximate first-pass visualization using the north-up rectangular footprint assumption.",100.0,"{""31"": 100.0}"
DJI_20260107143259_0005_T__thermal__r009_c020,20260107_Thermal_HKUST/DCIM/DJI_202601071424_001::DJI_20260107143259_0005,DJI_20260107143259_0005_V.JPG,DJI_20260107143259_0005_T.JPG,data/raw/hkust/20260107_Thermal_HKUST/DCIM/DJI_202601071424_001/DJI_20260107143259_0005_V.JPG,data/raw/hkust/20260107_Thermal_HKUST/DCIM/DJI_202601071424_001/DJI_20260107143259_0005_T.JPG,thermal,data/raw/hkust/20260107_Thermal_HKUST/DCIM/DJI_202601071424_001/DJI_20260107143259_0005_T.JPG,640,512,data/metadata/dji_image_metadata.csv,thermal_profile,EXIF/XMP focal length + focal_length_35mm-derived sensor size,12.0,52.0,35.99392244790114,29.13650161648791,7.79666547283578,6.237332378268624,derived from EXIF/XMP focal_length_35mm and target image aspect,399.28,True,9,20,845243.9326202362,845253.9326202362,822346.525865373,822356.525865373,845248.9326202362,822351.525865373,22.340214923139747,114.26405593140426,10.0,10.0,100.0,False,3,GIC / open space,1.0,,,0.0,high_confidence,"Dominant LUHK land-use assigned by majority overlap between the pilot 10m grid cell and the LUHK 2024 10m raster. This step does not extract thermal temperatures, calculate delta-T, or run prediction. The current pilot stage is thermal-first: outputs are plotted on `_T.JPG` using thermal image geometry and `thermal_profile` assumptions when metadata does not provide FOV or sensor size. Visible `_V.JPG` overlays are deferred. The overlay remains an approximate first-pass visualization using the north-up rectangular footprint assumption.",100.0,"{""31"": 100.0}"
DJI_20260107143259_0005_T__thermal__r009_c021,20260107_Thermal_HKUST/DCIM/DJI_202601071424_001::DJI_20260107143259_0005,DJI_20260107143259_0005_V.JPG,DJI_20260107143259_0005_T.JPG,data/raw/hkust/20260107_Thermal_HKUST/DCIM/DJI_202601071424_001/DJI_20260107143259_0005_V.JPG,data/raw/hkust/20260107_Thermal_HKUST/DCIM/DJI_202601071424_001/DJI_20260107143259_0005_T.JPG,thermal,data/raw/hkust/20260107_Thermal_HKUST/DCIM/DJI_202601071424_001/DJI_20260107143259_0005_T.JPG,640,512,data/metadata/dji_image_metadata.csv,thermal_profile,EXIF/XMP focal length + focal_length_35mm-derived sensor size,12.0,52.0,35.99392244790114,29.13650161648791,7.79666547283578,6.237332378268624,derived from EXIF/XMP focal_length_35mm and target image aspect,399.28,True,9,21,845253.9326202362,845263.9326202362,822346.525865373,822356.525865373,845258.9326202362,822351.525865373,22.340214870852044,114.26415300538551,10.0,10.0,100.0,False,3,GIC / open space,1.0,,,0.0,high_confidence,"Dominant LUHK land-use assigned by majority overlap between the pilot 10m grid cell and the LUHK 2024 10m raster. This step does not extract thermal temperatures, calculate delta-T, or run prediction. The current pilot stage is thermal-first: outputs are plotted on `_T.JPG` using thermal image geometry and `thermal_profile` assumptions when metadata does not provide FOV or sensor size. Visible `_V.JPG` overlays are deferred. The overlay remains an approximate first-pass visualization using the north-up rectangular footprint assumption.",100.0,"{""31"": 100.0}"
DJI_20260107143259_0005_T__thermal__r009_c022,20260107_Thermal_HKUST/DCIM/DJI_202601071424_001::DJI_20260107143259_0005,DJI_20260107143259_0005_V.JPG,DJI_20260107143259_0005_T.JPG,data/raw/hkust/20260107_Thermal_HKUST/DCIM/DJI_202601071424_001/DJI_20260107143259_0005_V.JPG,data/raw/hkust/20260107_Thermal_HKUST/DCIM/DJI_202601071424_001/DJI_20260107143259_0005_T.JPG,thermal,data/raw/hkust/20260107_Thermal_HKUST/DCIM/DJI_202601071424_001/DJI_20260107143259_0005_T.JPG,640,512,data/metadata/dji_image_metadata.csv,thermal_profile,EXIF/XMP focal length + focal_length_35mm-derived sensor size,12.0,52.0,35.99392244790114,29.13650161648791,7.79666547283578,6.237332378268624,derived from EXIF/XMP focal_length_35mm and target image aspect,399.28,True,9,22,845263.9326202362,845273.9326202362,822346.525865373,822356.525865373,845268.9326202362,822351.525865373,22.34021481850618,114.26425007936648,10.0,10.0,100.0,False,3,GIC / open space,1.0,,,0.0,high_confidence,"Dominant LUHK land-use assigned by majority overlap between the pilot 10m grid cell and the LUHK 2024 10m raster. This step does not extract thermal temperatures, calculate delta-T, or run prediction. The current pilot stage is thermal-first: outputs are plotted on `_T.JPG` using thermal image geometry and `thermal_profile` assumptions when metadata does not provide FOV or sensor size. Visible `_V.JPG` overlays are deferred. The overlay remains an approximate first-pass visualization using the north-up rectangular footprint assumption.",100.0,"{""31"": 100.0}"
DJI_20260107143259_0005_T__thermal__r009_c023,20260107_Thermal_HKUST/DCIM/DJI_202601071424_001::DJI_20260107143259_0005,DJI_20260107143259_0005_V.JPG,DJI_20260107143259_0005_T.JPG,data/raw/hkust/20260107_Thermal_HKUST/DCIM/DJI_202601071424_001/DJI_20260107143259_0005_V.JPG,data/raw/hkust/20260107_Thermal_HKUST/DCIM/DJI_202601071424_001/DJI_20260107143259_0005_T.JPG,thermal,data/raw/hkust/20260107_Thermal_HKUST/DCIM/DJI_202601071424_001/DJI_20260107143259_0005_T.JPG,640,512,data/metadata/dji_image_metadata.csv,thermal_profile,EXIF/XMP focal length + focal_length_35mm-derived sensor size,12.0,52.0,35.99392244790114,29.13650161648791,7.79666547283578,6.237332378268624,derived from EXIF/XMP focal_length_35mm and target image aspect,399.28,True,9,23,845273.9326202362,845283.9326202362,822346.525865373,822356.525865373,845278.9326202362,822351.525865373,22.34021476610215,114.26434715334716,10.0,10.0,100.0,False,3,GIC / open space,0.7433624977564738,7.0,Woodland / shrubland / grassland / wetland,0.2566375022435262,medium_confidence,"Dominant LUHK land-use assigned by majority overlap between the pilot 10m grid cell and the LUHK 2024 10m raster. This step does not extract thermal temperatures, calculate delta-T, or run prediction. The current pilot stage is thermal-first: outputs are plotted on `_T.JPG` using thermal image geometry and `thermal_profile` assumptions when metadata does not provide FOV or sensor size. Visible `_V.JPG` overlays are deferred. The overlay remains an approximate first-pass visualization using the north-up rectangular footprint assumption.",100.0,"{""31"": 74.33624977564737, ""72"": 25.663750224352622}"
DJI_20260107143259_0005_T__thermal__r009_c024,20260107_Thermal_HKUST/DCIM/DJI_202601071424_001::DJI_20260107143259_0005,DJI_20260107143259_0005_V.JPG,DJI_20260107143259_0005_T.JPG,data/raw/hkust/20260107_Thermal_HKUST/DCIM/DJI_202601071424_001/DJI_20260107143259_0005_V.JPG,data/raw/hkust/20260107_Thermal_HKUST/DCIM/DJI_202601071424_001/DJI_20260107143259_0005_T.JPG,thermal,data/raw/hkust/20260107_Thermal_HKUST/DCIM/DJI_202601071424_001/DJI_20260107143259_0005_T.JPG,640,512,data/metadata/dji_image_metadata.csv,thermal_profile,EXIF/XMP focal length + focal_length_35mm-derived sensor size,12.0,52.0,35.99392244790114,29.13650161648791,7.79666547283578,6.237332378268624,derived from EXIF/XMP focal_length_35mm and target image aspect,399.28,True,9,24,845283.9326202362,845293.9326202362,822346.525865373,822356.525865373,845288.9326202362,822351.525865373,22.34021471363996,114.26444422732756,10.0,10.0,100.0,False,7,Woodland / shrubland / grassland / wetland,0.7892110586718023,3.0,GIC / open space,0.21078894132819767,medium_confidence,"Dominant LUHK land-use assigned by majority overlap between the pilot 10m grid cell and the LUHK 2024 10m raster. This step does not extract thermal temperatures, calculate delta-T, or run prediction. The current pilot stage is thermal-first: outputs are plotted on `_T.JPG` using thermal image geometry and `thermal_profile` assumptions when metadata does not provide FOV or sensor size. Visible `_V.JPG` overlays are deferred. The overlay remains an approximate first-pass visualization using the north-up rectangular footprint assumption.",100.0,"{""31"": 21.078894132819766, ""71"": 13.66245213749186, ""72"": 65.25865372968838}"
DJI_20260107143259_0005_T__thermal__r009_c025,20260107_Thermal_HKUST/DCIM/DJI_202601071424_001::DJI_20260107143259_0005,DJI_20260107143259_0005_V.JPG,DJI_20260107143259_0005_T.JPG,data/raw/hkust/20260107_Thermal_HKUST/DCIM/DJI_202601071424_001/DJI_20260107143259_0005_V.JPG,data/raw/hkust/20260107_Thermal_HKUST/DCIM/DJI_202601071424_001/DJI_20260107143259_0005_T.JPG,thermal,data/raw/hkust/20260107_Thermal_HKUST/DCIM/DJI_202601071424_001/DJI_20260107143259_0005_T.JPG,640,512,data/metadata/dji_image_metadata.csv,thermal_profile,EXIF/XMP focal length + focal_length_35mm-derived sensor size,12.0,52.0,35.99392244790114,29.13650161648791,7.79666547283578,6.237332378268624,derived from EXIF/XMP focal_length_35mm and target image aspect,399.28,True,9,25,845293.9326202362,845303.3536694024,822346.525865373,822356.525865373,845298.6431448193,822351.525865373,22.34021466264077,114.2645384912546,9.421049166237935,10.0,94.21049166237935,True,7,Woodland / shrubland / grassland / wetland,1.0,,,0.0,high_confidence,"Dominant LUHK land-use assigned by majority overlap between the pilot 10m grid cell and the LUHK 2024 10m raster. This step does not extract thermal temperatures, calculate delta-T, or run prediction. The current pilot stage is thermal-first: outputs are plotted on `_T.JPG` using thermal image geometry and `thermal_profile` assumptions when metadata does not provide FOV or sensor size. Visible `_V.JPG` overlays are deferred. The overlay remains an approximate first-pass visualization using the north-up rectangular footprint assumption.",94.21049166237935,"{""71"": 32.72999313139027, ""72"": 61.48049853098908}"
DJI_20260107143259_0005_T__thermal__r010_c000,20260107_Thermal_HKUST/DCIM/DJI_202601071424_001::DJI_20260107143259_0005,DJI_20260107143259_0005_V.JPG,DJI_20260107143259_0005_T.JPG,data/raw/hkust/20260107_Thermal_HKUST/DCIM/DJI_202601071424_001/DJI_20260107143259_0005_V.JPG,data/raw/hkust/20260107_Thermal_HKUST/DCIM/DJI_202601071424_001/DJI_20260107143259_0005_T.JPG,thermal,data/raw/hkust/20260107_Thermal_HKUST/DCIM/DJI_202601071424_001/DJI_20260107143259_0005_T.JPG,640,512,data/metadata/dji_image_metadata.csv,thermal_profile,EXIF/XMP focal length + focal_length_35mm-derived sensor size,12.0,52.0,35.99392244790114,29.13650161648791,7.79666547283578,6.237332378268624,derived from EXIF/XMP focal_length_35mm and target image aspect,399.28,True,10,0,845043.9326202362,845053.9326202362,822336.525865373,822346.525865373,845048.9326202362,822341.525865373,22.340125651063566,114.26211439679506,10.0,10.0,100.0,False,7,Woodland / shrubland / grassland / wetland,1.0,,,0.0,high_confidence,"Dominant LUHK land-use assigned by majority overlap between the pilot 10m grid cell and the LUHK 2024 10m raster. This step does not extract thermal temperatures, calculate delta-T, or run prediction. The current pilot stage is thermal-first: outputs are plotted on `_T.JPG` using thermal image geometry and `thermal_profile` assumptions when metadata does not provide FOV or sensor size. Visible `_V.JPG` overlays are deferred. The overlay remains an approximate first-pass visualization using the north-up rectangular footprint assumption.",100.0,"{""71"": 100.0}"
DJI_20260107143259_0005_T__thermal__r010_c001,20260107_Thermal_HKUST/DCIM/DJI_202601071424_001::DJI_20260107143259_0005,DJI_20260107143259_0005_V.JPG,DJI_20260107143259_0005_T.JPG,data/raw/hkust/20260107_Thermal_HKUST/DCIM/DJI_202601071424_001/DJI_20260107143259_0005_V.JPG,data/raw/hkust/20260107_Thermal_HKUST/DCIM/DJI_202601071424_001/DJI_20260107143259_0005_T.JPG,thermal,data/raw/hkust/20260107_Thermal_HKUST/DCIM/DJI_202601071424_001/DJI_20260107143259_0005_T.JPG,640,512,data/metadata/dji_image_metadata.csv,thermal_profile,EXIF/XMP focal length + focal_length_35mm-derived sensor size,12.0,52.0,35.99392244790114,29.13650161648791,7.79666547283578,6.237332378268624,derived from EXIF/XMP focal_length_35mm and target image aspect,399.28,True,10,1,845053.9326202362,845063.9326202362,822336.525865373,822346.525865373,845058.9326202362,822341.525865373,22.340125599939274,114.26221147071942,10.0,10.0,100.0,False,7,Woodland / shrubland / grassland / wetland,1.0,,,0.0,high_confidence,"Dominant LUHK land-use assigned by majority overlap between the pilot 10m grid cell and the LUHK 2024 10m raster. This step does not extract thermal temperatures, calculate delta-T, or run prediction. The current pilot stage is thermal-first: outputs are plotted on `_T.JPG` using thermal image geometry and `thermal_profile` assumptions when metadata does not provide FOV or sensor size. Visible `_V.JPG` overlays are deferred. The overlay remains an approximate first-pass visualization using the north-up rectangular footprint assumption.",100.0,"{""71"": 60.67379763815552, ""73"": 39.32620236184448}"
DJI_20260107143259_0005_T__thermal__r010_c002,20260107_Thermal_HKUST/DCIM/DJI_202601071424_001::DJI_20260107143259_0005,DJI_20260107143259_0005_V.JPG,DJI_20260107143259_0005_T.JPG,data/raw/hkust/20260107_Thermal_HKUST/DCIM/DJI_202601071424_001/DJI_20260107143259_0005_V.JPG,data/raw/hkust/20260107_Thermal_HKUST/DCIM/DJI_202601071424_001/DJI_20260107143259_0005_T.JPG,thermal,data/raw/hkust/20260107_Thermal_HKUST/DCIM/DJI_202601071424_001/DJI_20260107143259_0005_T.JPG,640,512,data/metadata/dji_image_metadata.csv,thermal_profile,EXIF/XMP focal length + focal_length_35mm-derived sensor size,12.0,52.0,35.99392244790114,29.13650161648791,7.79666547283578,6.237332378268624,derived from EXIF/XMP focal_length_35mm and target image aspect,399.28,True,10,2,845063.9326202362,845073.9326202362,822336.525865373,822346.525865373,845068.9326202362,822341.525865373,22.340125548756824,114.26230854464349,10.0,10.0,100.0,False,7,Woodland / shrubland / grassland / wetland,1.0,,,0.0,high_confidence,"Dominant LUHK land-use assigned by majority overlap between the pilot 10m grid cell and the LUHK 2024 10m raster. This step does not extract thermal temperatures, calculate delta-T, or run prediction. The current pilot stage is thermal-first: outputs are plotted on `_T.JPG` using thermal image geometry and `thermal_profile` assumptions when metadata does not provide FOV or sensor size. Visible `_V.JPG` overlays are deferred. The overlay remains an approximate first-pass visualization using the north-up rectangular footprint assumption.",100.0,"{""71"": 13.66245213749186, ""73"": 86.33754786250815}"
DJI_20260107143259_0005_T__thermal__r010_c003,20260107_Thermal_HKUST/DCIM/DJI_202601071424_001::DJI_20260107143259_0005,DJI_20260107143259_0005_V.JPG,DJI_20260107143259_0005_T.JPG,data/raw/hkust/20260107_Thermal_HKUST/DCIM/DJI_202601071424_001/DJI_20260107143259_0005_V.JPG,data/raw/hkust/20260107_Thermal_HKUST/DCIM/DJI_202601071424_001/DJI_20260107143259_0005_T.JPG,thermal,data/raw/hkust/20260107_Thermal_HKUST/DCIM/DJI_202601071424_001/DJI_20260107143259_0005_T.JPG,640,512,data/metadata/dji_image_metadata.csv,thermal_profile,EXIF/XMP focal length + focal_length_35mm-derived sensor size,12.0,52.0,35.99392244790114,29.13650161648791,7.79666547283578,6.237332378268624,derived from EXIF/XMP focal_length_35mm and target image aspect,399.28,True,10,3,845073.9326202362,845083.9326202362,822336.525865373,822346.525865373,845078.9326202362,822341.525865373,22.340125497516212,114.26240561856727,10.0,10.0,100.0,False,7,Woodland / shrubland / grassland / wetland,1.0,,,0.0,high_confidence,"Dominant LUHK land-use assigned by majority overlap between the pilot 10m grid cell and the LUHK 2024 10m raster. This step does not extract thermal temperatures, calculate delta-T, or run prediction. The current pilot stage is thermal-first: outputs are plotted on `_T.JPG` using thermal image geometry and `thermal_profile` assumptions when metadata does not provide FOV or sensor size. Visible `_V.JPG` overlays are deferred. The overlay remains an approximate first-pass visualization using the north-up rectangular footprint assumption.",100.0,"{""71"": 21.078894132819766, ""72"": 13.66245213749186, ""73"": 65.25865372968838}"
DJI_20260107143259_0005_T__thermal__r010_c004,20260107_Thermal_HKUST/DCIM/DJI_202601071424_001::DJI_20260107143259_0005,DJI_20260107143259_0005_V.JPG,DJI_20260107143259_0005_T.JPG,data/raw/hkust/20260107_Thermal_HKUST/DCIM/DJI_202601071424_001/DJI_20260107143259_0005_V.JPG,data/raw/hkust/20260107_Thermal_HKUST/DCIM/DJI_202601071424_001/DJI_20260107143259_0005_T.JPG,thermal,data/raw/hkust/20260107_Thermal_HKUST/DCIM/DJI_202601071424_001/DJI_20260107143259_0005_T.JPG,640,512,data/metadata/dji_image_metadata.csv,thermal_profile,EXIF/XMP focal length + focal_length_35mm-derived sensor size,12.0,52.0,35.99392244790114,29.13650161648791,7.79666547283578,6.237332378268624,derived from EXIF/XMP focal_length_35mm and target image aspect,399.28,True,10,4,845083.9326202362,845093.9326202362,822336.525865373,822346.525865373,845088.9326202362,822341.525865373,22.340125446217446,114.26250269249078,10.0,10.0,100.0,False,7,Woodland / shrubland / grassland / wetland,0.6067379763815552,3.0,GIC / open space,0.3932620236184448,medium_confidence,"Dominant LUHK land-use assigned by majority overlap between the pilot 10m grid cell and the LUHK 2024 10m raster. This step does not extract thermal temperatures, calculate delta-T, or run prediction. The current pilot stage is thermal-first: outputs are plotted on `_T.JPG` using thermal image geometry and `thermal_profile` assumptions when metadata does not provide FOV or sensor size. Visible `_V.JPG` overlays are deferred. The overlay remains an approximate first-pass visualization using the north-up rectangular footprint assumption.",100.0,"{""31"": 39.32620236184448, ""72"": 21.078894132819766, ""73"": 39.59490350533576}"
DJI_20260107143259_0005_T__thermal__r010_c005,20260107_Thermal_HKUST/DCIM/DJI_202601071424_001::DJI_20260107143259_0005,DJI_20260107143259_0005_V.JPG,DJI_20260107143259_0005_T.JPG,data/raw/hkust/20260107_Thermal_HKUST/DCIM/DJI_202601071424_001/DJI_20260107143259_0005_V.JPG,data/raw/hkust/20260107_Thermal_HKUST/DCIM/DJI_202601071424_001/DJI_20260107143259_0005_T.JPG,thermal,data/raw/hkust/20260107_Thermal_HKUST/DCIM/DJI_202601071424_001/DJI_20260107143259_0005_T.JPG,640,512,data/metadata/dji_image_metadata.csv,thermal_profile,EXIF/XMP focal length + focal_length_35mm-derived sensor size,12.0,52.0,35.99392244790114,29.13650161648791,7.79666547283578,6.237332378268624,derived from EXIF/XMP focal_length_35mm and target image aspect,399.28,True,10,5,845093.9326202362,845103.9326202362,822336.525865373,822346.525865373,845098.9326202362,822341.525865373,22.340125394860518,114.26259976641403,10.0,10.0,100.0,False,3,GIC / open space,1.0,,,0.0,high_confidence,"Dominant LUHK land-use assigned by majority overlap between the pilot 10m grid cell and the LUHK 2024 10m raster. This step does not extract thermal temperatures, calculate delta-T, or run prediction. The current pilot stage is thermal-first: outputs are plotted on `_T.JPG` using thermal image geometry and `thermal_profile` assumptions when metadata does not provide FOV or sensor size. Visible `_V.JPG` overlays are deferred. The overlay remains an approximate first-pass visualization using the north-up rectangular footprint assumption.",100.0,"{""31"": 100.0}"
DJI_20260107143259_0005_T__thermal__r010_c006,20260107_Thermal_HKUST/DCIM/DJI_202601071424_001::DJI_20260107143259_0005,DJI_20260107143259_0005_V.JPG,DJI_20260107143259_0005_T.JPG,data/raw/hkust/20260107_Thermal_HKUST/DCIM/DJI_202601071424_001/DJI_20260107143259_0005_V.JPG,data/raw/hkust/20260107_Thermal_HKUST/DCIM/DJI_202601071424_001/DJI_20260107143259_0005_T.JPG,thermal,data/raw/hkust/20260107_Thermal_HKUST/DCIM/DJI_202601071424_001/DJI_20260107143259_0005_T.JPG,640,512,data/metadata/dji_image_metadata.csv,thermal_profile,EXIF/XMP focal length + focal_length_35mm-derived sensor size,12.0,52.0,35.99392244790114,29.13650161648791,7.79666547283578,6.237332378268624,derived from EXIF/XMP focal_length_35mm and target image aspect,399.28,True,10,6,845103.9326202362,845113.9326202362,822336.525865373,822346.525865373,845108.9326202362,822341.525865373,22.340125343445425,114.26269684033697,10.0,10.0,100.0,False,3,GIC / open space,1.0,,,0.0,high_confidence,"Dominant LUHK land-use assigned by majority overlap between the pilot 10m grid cell and the LUHK 2024 10m raster. This step does not extract thermal temperatures, calculate delta-T, or run prediction. The current pilot stage is thermal-first: outputs are plotted on `_T.JPG` using thermal image geometry and `thermal_profile` assumptions when metadata does not provide FOV or sensor size. Visible `_V.JPG` overlays are deferred. The overlay remains an approximate first-pass visualization using the north-up rectangular footprint assumption.",100.0,"{""31"": 100.0}"
DJI_20260107143259_0005_T__thermal__r010_c007,20260107_Thermal_HKUST/DCIM/DJI_202601071424_001::DJI_20260107143259_0005,DJI_20260107143259_0005_V.JPG,DJI_20260107143259_0005_T.JPG,data/raw/hkust/20260107_Thermal_HKUST/DCIM/DJI_202601071424_001/DJI_20260107143259_0005_V.JPG,data/raw/hkust/20260107_Thermal_HKUST/DCIM/DJI_202601071424_001/DJI_20260107143259_0005_T.JPG,thermal,data/raw/hkust/20260107_Thermal_HKUST/DCIM/DJI_202601071424_001/DJI_20260107143259_0005_T.JPG,640,512,data/metadata/dji_image_metadata.csv,thermal_profile,EXIF/XMP focal length + focal_length_35mm-derived sensor size,12.0,52.0,35.99392244790114,29.13650161648791,7.79666547283578,6.237332378268624,derived from EXIF/XMP focal_length_35mm and target image aspect,399.28,True,10,7,845113.9326202362,845123.9326202362,822336.525865373,822346.525865373,845118.9326202362,822341.525865373,22.340125291972182,114.26279391425966,10.0,10.0,100.0,False,3,GIC / open space,1.0,,,0.0,high_confidence,"Dominant LUHK land-use assigned by majority overlap between the pilot 10m grid cell and the LUHK 2024 10m raster. This step does not extract thermal temperatures, calculate delta-T, or run prediction. The current pilot stage is thermal-first: outputs are plotted on `_T.JPG` using thermal image geometry and `thermal_profile` assumptions when metadata does not provide FOV or sensor size. Visible `_V.JPG` overlays are deferred. The overlay remains an approximate first-pass visualization using the north-up rectangular footprint assumption.",100.0,"{""31"": 100.0}"
DJI_20260107143259_0005_T__thermal__r010_c008,20260107_Thermal_HKUST/DCIM/DJI_202601071424_001::DJI_20260107143259_0005,DJI_20260107143259_0005_V.JPG,DJI_20260107143259_0005_T.JPG,data/raw/hkust/20260107_Thermal_HKUST/DCIM/DJI_202601071424_001/DJI_20260107143259_0005_V.JPG,data/raw/hkust/20260107_Thermal_HKUST/DCIM/DJI_202601071424_001/DJI_20260107143259_0005_T.JPG,thermal,data/raw/hkust/20260107_Thermal_HKUST/DCIM/DJI_202601071424_001/DJI_20260107143259_0005_T.JPG,640,512,data/metadata/dji_image_metadata.csv,thermal_profile,EXIF/XMP focal length + focal_length_35mm-derived sensor size,12.0,52.0,35.99392244790114,29.13650161648791,7.79666547283578,6.237332378268624,derived from EXIF/XMP focal_length_35mm and target image aspect,399.28,True,10,8,845123.9326202362,845133.9326202362,822336.525865373,822346.525865373,845128.9326202362,822341.525865373,22.34012524044078,114.26289098818206,10.0,10.0,100.0,False,3,GIC / open space,1.0,,,0.0,high_confidence,"Dominant LUHK land-use assigned by majority overlap between the pilot 10m grid cell and the LUHK 2024 10m raster. This step does not extract thermal temperatures, calculate delta-T, or run prediction. The current pilot stage is thermal-first: outputs are plotted on `_T.JPG` using thermal image geometry and `thermal_profile` assumptions when metadata does not provide FOV or sensor size. Visible `_V.JPG` overlays are deferred. The overlay remains an approximate first-pass visualization using the north-up rectangular footprint assumption.",100.0,"{""31"": 100.0}"
DJI_20260107143259_0005_T__thermal__r010_c009,20260107_Thermal_HKUST/DCIM/DJI_202601071424_001::DJI_20260107143259_0005,DJI_20260107143259_0005_V.JPG,DJI_20260107143259_0005_T.JPG,data/raw/hkust/20260107_Thermal_HKUST/DCIM/DJI_202601071424_001/DJI_20260107143259_0005_V.JPG,data/raw/hkust/20260107_Thermal_HKUST/DCIM/DJI_202601071424_001/DJI_20260107143259_0005_T.JPG,thermal,data/raw/hkust/20260107_Thermal_HKUST/DCIM/DJI_202601071424_001/DJI_20260107143259_0005_T.JPG,640,512,data/metadata/dji_image_metadata.csv,thermal_profile,EXIF/XMP focal length + focal_length_35mm-derived sensor size,12.0,52.0,35.99392244790114,29.13650161648791,7.79666547283578,6.237332378268624,derived from EXIF/XMP focal_length_35mm and target image aspect,399.28,True,10,9,845133.9326202362,845143.9326202362,822336.525865373,822346.525865373,845138.9326202362,822341.525865373,22.34012518885121,114.26298806210417,10.0,10.0,100.0,False,3,GIC / open space,1.0,,,0.0,high_confidence,"Dominant LUHK land-use assigned by majority overlap between the pilot 10m grid cell and the LUHK 2024 10m raster. This step does not extract thermal temperatures, calculate delta-T, or run prediction. The current pilot stage is thermal-first: outputs are plotted on `_T.JPG` using thermal image geometry and `thermal_profile` assumptions when metadata does not provide FOV or sensor size. Visible `_V.JPG` overlays are deferred. The overlay remains an approximate first-pass visualization using the north-up rectangular footprint assumption.",100.0,"{""31"": 100.0}"
DJI_20260107143259_0005_T__thermal__r010_c010,20260107_Thermal_HKUST/DCIM/DJI_202601071424_001::DJI_20260107143259_0005,DJI_20260107143259_0005_V.JPG,DJI_20260107143259_0005_T.JPG,data/raw/hkust/20260107_Thermal_HKUST/DCIM/DJI_202601071424_001/DJI_20260107143259_0005_V.JPG,data/raw/hkust/20260107_Thermal_HKUST/DCIM/DJI_202601071424_001/DJI_20260107143259_0005_T.JPG,thermal,data/raw/hkust/20260107_Thermal_HKUST/DCIM/DJI_202601071424_001/DJI_20260107143259_0005_T.JPG,640,512,data/metadata/dji_image_metadata.csv,thermal_profile,EXIF/XMP focal length + focal_length_35mm-derived sensor size,12.0,52.0,35.99392244790114,29.13650161648791,7.79666547283578,6.237332378268624,derived from EXIF/XMP focal_length_35mm and target image aspect,399.28,True,10,10,845143.9326202362,845153.9326202362,822336.525865373,822346.525865373,845148.9326202362,822341.525865373,22.340125137203483,114.26308513602602,10.0,10.0,100.0,False,3,GIC / open space,1.0,,,0.0,high_confidence,"Dominant LUHK land-use assigned by majority overlap between the pilot 10m grid cell and the LUHK 2024 10m raster. This step does not extract thermal temperatures, calculate delta-T, or run prediction. The current pilot stage is thermal-first: outputs are plotted on `_T.JPG` using thermal image geometry and `thermal_profile` assumptions when metadata does not provide FOV or sensor size. Visible `_V.JPG` overlays are deferred. The overlay remains an approximate first-pass visualization using the north-up rectangular footprint assumption.",100.0,"{""31"": 100.0}"
DJI_20260107143259_0005_T__thermal__r010_c011,20260107_Thermal_HKUST/DCIM/DJI_202601071424_001::DJI_20260107143259_0005,DJI_20260107143259_0005_V.JPG,DJI_20260107143259_0005_T.JPG,data/raw/hkust/20260107_Thermal_HKUST/DCIM/DJI_202601071424_001/DJI_20260107143259_0005_V.JPG,data/raw/hkust/20260107_Thermal_HKUST/DCIM/DJI_202601071424_001/DJI_20260107143259_0005_T.JPG,thermal,data/raw/hkust/20260107_Thermal_HKUST/DCIM/DJI_202601071424_001/DJI_20260107143259_0005_T.JPG,640,512,data/metadata/dji_image_metadata.csv,thermal_profile,EXIF/XMP focal length + focal_length_35mm-derived sensor size,12.0,52.0,35.99392244790114,29.13650161648791,7.79666547283578,6.237332378268624,derived from EXIF/XMP focal_length_35mm and target image aspect,399.28,True,10,11,845153.9326202362,845163.9326202362,822336.525865373,822346.525865373,845158.9326202362,822341.525865373,22.3401250854976,114.26318220994757,10.0,10.0,100.0,False,3,GIC / open space,1.0,,,0.0,high_confidence,"Dominant LUHK land-use assigned by majority overlap between the pilot 10m grid cell and the LUHK 2024 10m raster. This step does not extract thermal temperatures, calculate delta-T, or run prediction. The current pilot stage is thermal-first: outputs are plotted on `_T.JPG` using thermal image geometry and `thermal_profile` assumptions when metadata does not provide FOV or sensor size. Visible `_V.JPG` overlays are deferred. The overlay remains an approximate first-pass visualization using the north-up rectangular footprint assumption.",100.0,"{""31"": 100.0}"
DJI_20260107143259_0005_T__thermal__r010_c012,20260107_Thermal_HKUST/DCIM/DJI_202601071424_001::DJI_20260107143259_0005,DJI_20260107143259_0005_V.JPG,DJI_20260107143259_0005_T.JPG,data/raw/hkust/20260107_Thermal_HKUST/DCIM/DJI_202601071424_001/DJI_20260107143259_0005_V.JPG,data/raw/hkust/20260107_Thermal_HKUST/DCIM/DJI_202601071424_001/DJI_20260107143259_0005_T.JPG,thermal,data/raw/hkust/20260107_Thermal_HKUST/DCIM/DJI_202601071424_001/DJI_20260107143259_0005_T.JPG,640,512,data/metadata/dji_image_metadata.csv,thermal_profile,EXIF/XMP focal length + focal_length_35mm-derived sensor size,12.0,52.0,35.99392244790114,29.13650161648791,7.79666547283578,6.237332378268624,derived from EXIF/XMP focal_length_35mm and target image aspect,399.28,True,10,12,845163.9326202362,845173.9326202362,822336.525865373,822346.525865373,845168.9326202362,822341.525865373,22.34012503373356,114.26327928386885,10.0,10.0,100.0,False,3,GIC / open space,1.0,,,0.0,high_confidence,"Dominant LUHK land-use assigned by majority overlap between the pilot 10m grid cell and the LUHK 2024 10m raster. This step does not extract thermal temperatures, calculate delta-T, or run prediction. The current pilot stage is thermal-first: outputs are plotted on `_T.JPG` using thermal image geometry and `thermal_profile` assumptions when metadata does not provide FOV or sensor size. Visible `_V.JPG` overlays are deferred. The overlay remains an approximate first-pass visualization using the north-up rectangular footprint assumption.",100.0,"{""31"": 100.0}"
DJI_20260107143259_0005_T__thermal__r010_c013,20260107_Thermal_HKUST/DCIM/DJI_202601071424_001::DJI_20260107143259_0005,DJI_20260107143259_0005_V.JPG,DJI_20260107143259_0005_T.JPG,data/raw/hkust/20260107_Thermal_HKUST/DCIM/DJI_202601071424_001/DJI_20260107143259_0005_V.JPG,data/raw/hkust/20260107_Thermal_HKUST/DCIM/DJI_202601071424_001/DJI_20260107143259_0005_T.JPG,thermal,data/raw/hkust/20260107_Thermal_HKUST/DCIM/DJI_202601071424_001/DJI_20260107143259_0005_T.JPG,640,512,data/metadata/dji_image_metadata.csv,thermal_profile,EXIF/XMP focal length + focal_length_35mm-derived sensor size,12.0,52.0,35.99392244790114,29.13650161648791,7.79666547283578,6.237332378268624,derived from EXIF/XMP focal_length_35mm and target image aspect,399.28,True,10,13,845173.9326202362,845183.9326202362,822336.525865373,822346.525865373,845178.9326202362,822341.525865373,22.340124981911355,114.26337635778984,10.0,10.0,100.0,False,3,GIC / open space,1.0,,,0.0,high_confidence,"Dominant LUHK land-use assigned by majority overlap between the pilot 10m grid cell and the LUHK 2024 10m raster. This step does not extract thermal temperatures, calculate delta-T, or run prediction. The current pilot stage is thermal-first: outputs are plotted on `_T.JPG` using thermal image geometry and `thermal_profile` assumptions when metadata does not provide FOV or sensor size. Visible `_V.JPG` overlays are deferred. The overlay remains an approximate first-pass visualization using the north-up rectangular footprint assumption.",100.0,"{""31"": 100.0}"
DJI_20260107143259_0005_T__thermal__r010_c014,20260107_Thermal_HKUST/DCIM/DJI_202601071424_001::DJI_20260107143259_0005,DJI_20260107143259_0005_V.JPG,DJI_20260107143259_0005_T.JPG,data/raw/hkust/20260107_Thermal_HKUST/DCIM/DJI_202601071424_001/DJI_20260107143259_0005_V.JPG,data/raw/hkust/20260107_Thermal_HKUST/DCIM/DJI_202601071424_001/DJI_20260107143259_0005_T.JPG,thermal,data/raw/hkust/20260107_Thermal_HKUST/DCIM/DJI_202601071424_001/DJI_20260107143259_0005_T.JPG,640,512,data/metadata/dji_image_metadata.csv,thermal_profile,EXIF/XMP focal length + focal_length_35mm-derived sensor size,12.0,52.0,35.99392244790114,29.13650161648791,7.79666547283578,6.237332378268624,derived from EXIF/XMP focal_length_35mm and target image aspect,399.28,True,10,14,845183.9326202362,845193.9326202362,822336.525865373,822346.525865373,845188.9326202362,822341.525865373,22.340124930030978,114.26347343171055,10.0,10.0,100.0,False,3,GIC / open space,1.0,,,0.0,high_confidence,"Dominant LUHK land-use assigned by majority overlap between the pilot 10m grid cell and the LUHK 2024 10m raster. This step does not extract thermal temperatures, calculate delta-T, or run prediction. The current pilot stage is thermal-first: outputs are plotted on `_T.JPG` using thermal image geometry and `thermal_profile` assumptions when metadata does not provide FOV or sensor size. Visible `_V.JPG` overlays are deferred. The overlay remains an approximate first-pass visualization using the north-up rectangular footprint assumption.",100.0,"{""31"": 100.0}"
DJI_20260107143259_0005_T__thermal__r010_c015,20260107_Thermal_HKUST/DCIM/DJI_202601071424_001::DJI_20260107143259_0005,DJI_20260107143259_0005_V.JPG,DJI_20260107143259_0005_T.JPG,data/raw/hkust/20260107_Thermal_HKUST/DCIM/DJI_202601071424_001/DJI_20260107143259_0005_V.JPG,data/raw/hkust/20260107_Thermal_HKUST/DCIM/DJI_202601071424_001/DJI_20260107143259_0005_T.JPG,thermal,data/raw/hkust/20260107_Thermal_HKUST/DCIM/DJI_202601071424_001/DJI_20260107143259_0005_T.JPG,640,512,data/metadata/dji_image_metadata.csv,thermal_profile,EXIF/XMP focal length + focal_length_35mm-derived sensor size,12.0,52.0,35.99392244790114,29.13650161648791,7.79666547283578,6.237332378268624,derived from EXIF/XMP focal_length_35mm and target image aspect,399.28,True,10,15,845193.9326202362,845203.9326202362,822336.525865373,822346.525865373,845198.9326202362,822341.525865373,22.340124878092464,114.263570505631,10.0,10.0,100.0,False,3,GIC / open space,1.0,,,0.0,high_confidence,"Dominant LUHK land-use assigned by majority overlap between the pilot 10m grid cell and the LUHK 2024 10m raster. This step does not extract thermal temperatures, calculate delta-T, or run prediction. The current pilot stage is thermal-first: outputs are plotted on `_T.JPG` using thermal image geometry and `thermal_profile` assumptions when metadata does not provide FOV or sensor size. Visible `_V.JPG` overlays are deferred. The overlay remains an approximate first-pass visualization using the north-up rectangular footprint assumption.",100.0,"{""31"": 100.0}"
DJI_20260107143259_0005_T__thermal__r010_c016,20260107_Thermal_HKUST/DCIM/DJI_202601071424_001::DJI_20260107143259_0005,DJI_20260107143259_0005_V.JPG,DJI_20260107143259_0005_T.JPG,data/raw/hkust/20260107_Thermal_HKUST/DCIM/DJI_202601071424_001/DJI_20260107143259_0005_V.JPG,data/raw/hkust/20260107_Thermal_HKUST/DCIM/DJI_202601071424_001/DJI_20260107143259_0005_T.JPG,thermal,data/raw/hkust/20260107_Thermal_HKUST/DCIM/DJI_202601071424_001/DJI_20260107143259_0005_T.JPG,640,512,data/metadata/dji_image_metadata.csv,thermal_profile,EXIF/XMP focal length + focal_length_35mm-derived sensor size,12.0,52.0,35.99392244790114,29.13650161648791,7.79666547283578,6.237332378268624,derived from EXIF/XMP focal_length_35mm and target image aspect,399.28,True,10,16,845203.9326202362,845213.9326202362,822336.525865373,822346.525865373,845208.9326202362,822341.525865373,22.340124826095778,114.26366757955114,10.0,10.0,100.0,False,3,GIC / open space,1.0,,,0.0,high_confidence,"Dominant LUHK land-use assigned by majority overlap between the pilot 10m grid cell and the LUHK 2024 10m raster. This step does not extract thermal temperatures, calculate delta-T, or run prediction. The current pilot stage is thermal-first: outputs are plotted on `_T.JPG` using thermal image geometry and `thermal_profile` assumptions when metadata does not provide FOV or sensor size. Visible `_V.JPG` overlays are deferred. The overlay remains an approximate first-pass visualization using the north-up rectangular footprint assumption.",100.0,"{""31"": 100.0}"
DJI_20260107143259_0005_T__thermal__r010_c017,20260107_Thermal_HKUST/DCIM/DJI_202601071424_001::DJI_20260107143259_0005,DJI_20260107143259_0005_V.JPG,DJI_20260107143259_0005_T.JPG,data/raw/hkust/20260107_Thermal_HKUST/DCIM/DJI_202601071424_001/DJI_20260107143259_0005_V.JPG,data/raw/hkust/20260107_Thermal_HKUST/DCIM/DJI_202601071424_001/DJI_20260107143259_0005_T.JPG,thermal,data/raw/hkust/20260107_Thermal_HKUST/DCIM/DJI_202601071424_001/DJI_20260107143259_0005_T.JPG,640,512,data/metadata/dji_image_metadata.csv,thermal_profile,EXIF/XMP focal length + focal_length_35mm-derived sensor size,12.0,52.0,35.99392244790114,29.13650161648791,7.79666547283578,6.237332378268624,derived from EXIF/XMP focal_length_35mm and target image aspect,399.28,True,10,17,845213.9326202362,845223.9326202362,822336.525865373,822346.525865373,845218.9326202362,822341.525865373,22.340124774040937,114.263764653471,10.0,10.0,100.0,False,3,GIC / open space,1.0,,,0.0,high_confidence,"Dominant LUHK land-use assigned by majority overlap between the pilot 10m grid cell and the LUHK 2024 10m raster. This step does not extract thermal temperatures, calculate delta-T, or run prediction. The current pilot stage is thermal-first: outputs are plotted on `_T.JPG` using thermal image geometry and `thermal_profile` assumptions when metadata does not provide FOV or sensor size. Visible `_V.JPG` overlays are deferred. The overlay remains an approximate first-pass visualization using the north-up rectangular footprint assumption.",100.0,"{""31"": 100.0}"
DJI_20260107143259_0005_T__thermal__r010_c018,20260107_Thermal_HKUST/DCIM/DJI_202601071424_001::DJI_20260107143259_0005,DJI_20260107143259_0005_V.JPG,DJI_20260107143259_0005_T.JPG,data/raw/hkust/20260107_Thermal_HKUST/DCIM/DJI_202601071424_001/DJI_20260107143259_0005_V.JPG,data/raw/hkust/20260107_Thermal_HKUST/DCIM/DJI_202601071424_001/DJI_20260107143259_0005_T.JPG,thermal,data/raw/hkust/20260107_Thermal_HKUST/DCIM/DJI_202601071424_001/DJI_20260107143259_0005_T.JPG,640,512,data/metadata/dji_image_metadata.csv,thermal_profile,EXIF/XMP focal length + focal_length_35mm-derived sensor size,12.0,52.0,35.99392244790114,29.13650161648791,7.79666547283578,6.237332378268624,derived from EXIF/XMP focal_length_35mm and target image aspect,399.28,True,10,18,845223.9326202362,845233.9326202362,822336.525865373,822346.525865373,845228.9326202362,822341.525865373,22.340124721927946,114.26386172739059,10.0,10.0,100.0,False,3,GIC / open space,1.0,,,0.0,high_confidence,"Dominant LUHK land-use assigned by majority overlap between the pilot 10m grid cell and the LUHK 2024 10m raster. This step does not extract thermal temperatures, calculate delta-T, or run prediction. The current pilot stage is thermal-first: outputs are plotted on `_T.JPG` using thermal image geometry and `thermal_profile` assumptions when metadata does not provide FOV or sensor size. Visible `_V.JPG` overlays are deferred. The overlay remains an approximate first-pass visualization using the north-up rectangular footprint assumption.",100.0,"{""31"": 100.0}"
DJI_20260107143259_0005_T__thermal__r010_c019,20260107_Thermal_HKUST/DCIM/DJI_202601071424_001::DJI_20260107143259_0005,DJI_20260107143259_0005_V.JPG,DJI_20260107143259_0005_T.JPG,data/raw/hkust/20260107_Thermal_HKUST/DCIM/DJI_202601071424_001/DJI_20260107143259_0005_V.JPG,data/raw/hkust/20260107_Thermal_HKUST/DCIM/DJI_202601071424_001/DJI_20260107143259_0005_T.JPG,thermal,data/raw/hkust/20260107_Thermal_HKUST/DCIM/DJI_202601071424_001/DJI_20260107143259_0005_T.JPG,640,512,data/metadata/dji_image_metadata.csv,thermal_profile,EXIF/XMP focal length + focal_length_35mm-derived sensor size,12.0,52.0,35.99392244790114,29.13650161648791,7.79666547283578,6.237332378268624,derived from EXIF/XMP focal_length_35mm and target image aspect,399.28,True,10,19,845233.9326202362,845243.9326202362,822336.525865373,822346.525865373,845238.9326202362,822341.525865373,22.34012466975678,114.2639588013099,10.0,10.0,100.0,False,3,GIC / open space,1.0,,,0.0,high_confidence,"Dominant LUHK land-use assigned by majority overlap between the pilot 10m grid cell and the LUHK 2024 10m raster. This step does not extract thermal temperatures, calculate delta-T, or run prediction. The current pilot stage is thermal-first: outputs are plotted on `_T.JPG` using thermal image geometry and `thermal_profile` assumptions when metadata does not provide FOV or sensor size. Visible `_V.JPG` overlays are deferred. The overlay remains an approximate first-pass visualization using the north-up rectangular footprint assumption.",100.0,"{""31"": 100.0}"
DJI_20260107143259_0005_T__thermal__r010_c020,20260107_Thermal_HKUST/DCIM/DJI_202601071424_001::DJI_20260107143259_0005,DJI_20260107143259_0005_V.JPG,DJI_20260107143259_0005_T.JPG,data/raw/hkust/20260107_Thermal_HKUST/DCIM/DJI_202601071424_001/DJI_20260107143259_0005_V.JPG,data/raw/hkust/20260107_Thermal_HKUST/DCIM/DJI_202601071424_001/DJI_20260107143259_0005_T.JPG,thermal,data/raw/hkust/20260107_Thermal_HKUST/DCIM/DJI_202601071424_001/DJI_20260107143259_0005_T.JPG,640,512,data/metadata/dji_image_metadata.csv,thermal_profile,EXIF/XMP focal length + focal_length_35mm-derived sensor size,12.0,52.0,35.99392244790114,29.13650161648791,7.79666547283578,6.237332378268624,derived from EXIF/XMP focal_length_35mm and target image aspect,399.28,True,10,20,845243.9326202362,845253.9326202362,822336.525865373,822346.525865373,845248.9326202362,822341.525865373,22.340124617527454,114.26405587522892,10.0,10.0,100.0,False,3,GIC / open space,1.0,,,0.0,high_confidence,"Dominant LUHK land-use assigned by majority overlap between the pilot 10m grid cell and the LUHK 2024 10m raster. This step does not extract thermal temperatures, calculate delta-T, or run prediction. The current pilot stage is thermal-first: outputs are plotted on `_T.JPG` using thermal image geometry and `thermal_profile` assumptions when metadata does not provide FOV or sensor size. Visible `_V.JPG` overlays are deferred. The overlay remains an approximate first-pass visualization using the north-up rectangular footprint assumption.",100.0,"{""31"": 100.0}"
DJI_20260107143259_0005_T__thermal__r010_c021,20260107_Thermal_HKUST/DCIM/DJI_202601071424_001::DJI_20260107143259_0005,DJI_20260107143259_0005_V.JPG,DJI_20260107143259_0005_T.JPG,data/raw/hkust/20260107_Thermal_HKUST/DCIM/DJI_202601071424_001/DJI_20260107143259_0005_V.JPG,data/raw/hkust/20260107_Thermal_HKUST/DCIM/DJI_202601071424_001/DJI_20260107143259_0005_T.JPG,thermal,data/raw/hkust/20260107_Thermal_HKUST/DCIM/DJI_202601071424_001/DJI_20260107143259_0005_T.JPG,640,512,data/metadata/dji_image_metadata.csv,thermal_profile,EXIF/XMP focal length + focal_length_35mm-derived sensor size,12.0,52.0,35.99392244790114,29.13650161648791,7.79666547283578,6.237332378268624,derived from EXIF/XMP focal_length_35mm and target image aspect,399.28,True,10,21,845253.9326202362,845263.9326202362,822336.525865373,822346.525865373,845258.9326202362,822341.525865373,22.340124565239982,114.26415294914766,10.0,10.0,100.0,False,3,GIC / open space,1.0,,,0.0,high_confidence,"Dominant LUHK land-use assigned by majority overlap between the pilot 10m grid cell and the LUHK 2024 10m raster. This step does not extract thermal temperatures, calculate delta-T, or run prediction. The current pilot stage is thermal-first: outputs are plotted on `_T.JPG` using thermal image geometry and `thermal_profile` assumptions when metadata does not provide FOV or sensor size. Visible `_V.JPG` overlays are deferred. The overlay remains an approximate first-pass visualization using the north-up rectangular footprint assumption.",100.0,"{""31"": 100.0}"
DJI_20260107143259_0005_T__thermal__r010_c022,20260107_Thermal_HKUST/DCIM/DJI_202601071424_001::DJI_20260107143259_0005,DJI_20260107143259_0005_V.JPG,DJI_20260107143259_0005_T.JPG,data/raw/hkust/20260107_Thermal_HKUST/DCIM/DJI_202601071424_001/DJI_20260107143259_0005_V.JPG,data/raw/hkust/20260107_Thermal_HKUST/DCIM/DJI_202601071424_001/DJI_20260107143259_0005_T.JPG,thermal,data/raw/hkust/20260107_Thermal_HKUST/DCIM/DJI_202601071424_001/DJI_20260107143259_0005_T.JPG,640,512,data/metadata/dji_image_metadata.csv,thermal_profile,EXIF/XMP focal length + focal_length_35mm-derived sensor size,12.0,52.0,35.99392244790114,29.13650161648791,7.79666547283578,6.237332378268624,derived from EXIF/XMP focal_length_35mm and target image aspect,399.28,True,10,22,845263.9326202362,845273.9326202362,822336.525865373,822346.525865373,845268.9326202362,822341.525865373,22.340124512894345,114.2642500230661,10.0,10.0,100.0,False,3,GIC / open space,1.0,,,0.0,high_confidence,"Dominant LUHK land-use assigned by majority overlap between the pilot 10m grid cell and the LUHK 2024 10m raster. This step does not extract thermal temperatures, calculate delta-T, or run prediction. The current pilot stage is thermal-first: outputs are plotted on `_T.JPG` using thermal image geometry and `thermal_profile` assumptions when metadata does not provide FOV or sensor size. Visible `_V.JPG` overlays are deferred. The overlay remains an approximate first-pass visualization using the north-up rectangular footprint assumption.",100.0,"{""31"": 100.0}"
DJI_20260107143259_0005_T__thermal__r010_c023,20260107_Thermal_HKUST/DCIM/DJI_202601071424_001::DJI_20260107143259_0005,DJI_20260107143259_0005_V.JPG,DJI_20260107143259_0005_T.JPG,data/raw/hkust/20260107_Thermal_HKUST/DCIM/DJI_202601071424_001/DJI_20260107143259_0005_V.JPG,data/raw/hkust/20260107_Thermal_HKUST/DCIM/DJI_202601071424_001/DJI_20260107143259_0005_T.JPG,thermal,data/raw/hkust/20260107_Thermal_HKUST/DCIM/DJI_202601071424_001/DJI_20260107143259_0005_T.JPG,640,512,data/metadata/dji_image_metadata.csv,thermal_profile,EXIF/XMP focal length + focal_length_35mm-derived sensor size,12.0,52.0,35.99392244790114,29.13650161648791,7.79666547283578,6.237332378268624,derived from EXIF/XMP focal_length_35mm and target image aspect,399.28,True,10,23,845273.9326202362,845283.9326202362,822336.525865373,822346.525865373,845278.9326202362,822341.525865373,22.34012446049055,114.26434709698427,10.0,10.0,100.0,False,3,GIC / open space,1.0,,,0.0,high_confidence,"Dominant LUHK land-use assigned by majority overlap between the pilot 10m grid cell and the LUHK 2024 10m raster. This step does not extract thermal temperatures, calculate delta-T, or run prediction. The current pilot stage is thermal-first: outputs are plotted on `_T.JPG` using thermal image geometry and `thermal_profile` assumptions when metadata does not provide FOV or sensor size. Visible `_V.JPG` overlays are deferred. The overlay remains an approximate first-pass visualization using the north-up rectangular footprint assumption.",100.0,"{""31"": 100.0}"
DJI_20260107143259_0005_T__thermal__r010_c024,20260107_Thermal_HKUST/DCIM/DJI_202601071424_001::DJI_20260107143259_0005,DJI_20260107143259_0005_V.JPG,DJI_20260107143259_0005_T.JPG,data/raw/hkust/20260107_Thermal_HKUST/DCIM/DJI_202601071424_001/DJI_20260107143259_0005_V.JPG,data/raw/hkust/20260107_Thermal_HKUST/DCIM/DJI_202601071424_001/DJI_20260107143259_0005_T.JPG,thermal,data/raw/hkust/20260107_Thermal_HKUST/DCIM/DJI_202601071424_001/DJI_20260107143259_0005_T.JPG,640,512,data/metadata/dji_image_metadata.csv,thermal_profile,EXIF/XMP focal length + focal_length_35mm-derived sensor size,12.0,52.0,35.99392244790114,29.13650161648791,7.79666547283578,6.237332378268624,derived from EXIF/XMP focal_length_35mm and target image aspect,399.28,True,10,24,845283.9326202362,845293.9326202362,822336.525865373,822346.525865373,845288.9326202362,822341.525865373,22.340124408028586,114.26444417090215,10.0,10.0,100.0,False,3,GIC / open space,0.7433624977564738,7.0,Woodland / shrubland / grassland / wetland,0.2566375022435262,medium_confidence,"Dominant LUHK land-use assigned by majority overlap between the pilot 10m grid cell and the LUHK 2024 10m raster. This step does not extract thermal temperatures, calculate delta-T, or run prediction. The current pilot stage is thermal-first: outputs are plotted on `_T.JPG` using thermal image geometry and `thermal_profile` assumptions when metadata does not provide FOV or sensor size. Visible `_V.JPG` overlays are deferred. The overlay remains an approximate first-pass visualization using the north-up rectangular footprint assumption.",100.0,"{""31"": 74.33624977564737, ""71"": 25.663750224352622}"
DJI_20260107143259_0005_T__thermal__r010_c025,20260107_Thermal_HKUST/DCIM/DJI_202601071424_001::DJI_20260107143259_0005,DJI_20260107143259_0005_V.JPG,DJI_20260107143259_0005_T.JPG,data/raw/hkust/20260107_Thermal_HKUST/DCIM/DJI_202601071424_001/DJI_20260107143259_0005_V.JPG,data/raw/hkust/20260107_Thermal_HKUST/DCIM/DJI_202601071424_001/DJI_20260107143259_0005_T.JPG,thermal,data/raw/hkust/20260107_Thermal_HKUST/DCIM/DJI_202601071424_001/DJI_20260107143259_0005_T.JPG,640,512,data/metadata/dji_image_metadata.csv,thermal_profile,EXIF/XMP focal length + focal_length_35mm-derived sensor size,12.0,52.0,35.99392244790114,29.13650161648791,7.79666547283578,6.237332378268624,derived from EXIF/XMP focal_length_35mm and target image aspect,399.28,True,10,25,845293.9326202362,845303.3536694024,822336.525865373,822346.525865373,845298.6431448193,822341.525865373,22.340124357029612,114.26453843476847,9.421049166237935,10.0,94.21049166237935,True,7,Woodland / shrubland / grassland / wetland,0.7762574660117488,3.0,GIC / open space,0.22374253398825117,medium_confidence,"Dominant LUHK land-use assigned by majority overlap between the pilot 10m grid cell and the LUHK 2024 10m raster. This step does not extract thermal temperatures, calculate delta-T, or run prediction. The current pilot stage is thermal-first: outputs are plotted on `_T.JPG` using thermal image geometry and `thermal_profile` assumptions when metadata does not provide FOV or sensor size. Visible `_V.JPG` overlays are deferred. The overlay remains an approximate first-pass visualization using the north-up rectangular footprint assumption.",94.21049166237935,"{""31"": 21.078894132819766, ""71"": 73.13159752955958}"
DJI_20260107143259_0005_T__thermal__r011_c000,20260107_Thermal_HKUST/DCIM/DJI_202601071424_001::DJI_20260107143259_0005,DJI_20260107143259_0005_V.JPG,DJI_20260107143259_0005_T.JPG,data/raw/hkust/20260107_Thermal_HKUST/DCIM/DJI_202601071424_001/DJI_20260107143259_0005_V.JPG,data/raw/hkust/20260107_Thermal_HKUST/DCIM/DJI_202601071424_001/DJI_20260107143259_0005_T.JPG,thermal,data/raw/hkust/20260107_Thermal_HKUST/DCIM/DJI_202601071424_001/DJI_20260107143259_0005_T.JPG,640,512,data/metadata/dji_image_metadata.csv,thermal_profile,EXIF/XMP focal length + focal_length_35mm-derived sensor size,12.0,52.0,35.99392244790114,29.13650161648791,7.79666547283578,6.237332378268624,derived from EXIF/XMP focal_length_35mm and target image aspect,399.28,True,11,0,845043.9326202362,845053.9326202362,822326.525865373,822336.525865373,845048.9326202362,822331.525865373,22.340035345445727,114.26211434187039,10.0,10.0,100.0,False,7,Woodland / shrubland / grassland / wetland,1.0,,,0.0,high_confidence,"Dominant LUHK land-use assigned by majority overlap between the pilot 10m grid cell and the LUHK 2024 10m raster. This step does not extract thermal temperatures, calculate delta-T, or run prediction. The current pilot stage is thermal-first: outputs are plotted on `_T.JPG` using thermal image geometry and `thermal_profile` assumptions when metadata does not provide FOV or sensor size. Visible `_V.JPG` overlays are deferred. The overlay remains an approximate first-pass visualization using the north-up rectangular footprint assumption.",100.0,"{""71"": 86.33754786250815, ""72"": 13.66245213749186}"
DJI_20260107143259_0005_T__thermal__r011_c001,20260107_Thermal_HKUST/DCIM/DJI_202601071424_001::DJI_20260107143259_0005,DJI_20260107143259_0005_V.JPG,DJI_20260107143259_0005_T.JPG,data/raw/hkust/20260107_Thermal_HKUST/DCIM/DJI_202601071424_001/DJI_20260107143259_0005_V.JPG,data/raw/hkust/20260107_Thermal_HKUST/DCIM/DJI_202601071424_001/DJI_20260107143259_0005_T.JPG,thermal,data/raw/hkust/20260107_Thermal_HKUST/DCIM/DJI_202601071424_001/DJI_20260107143259_0005_T.JPG,640,512,data/metadata/dji_image_metadata.csv,thermal_profile,EXIF/XMP focal length + focal_length_35mm-derived sensor size,12.0,52.0,35.99392244790114,29.13650161648791,7.79666547283578,6.237332378268624,derived from EXIF/XMP focal_length_35mm and target image aspect,399.28,True,11,1,845053.9326202362,845063.9326202362,822326.525865373,822336.525865373,845058.9326202362,822331.525865373,22.340035294321662,114.26221141573221,10.0,10.0,100.0,False,7,Woodland / shrubland / grassland / wetland,1.0,,,0.0,high_confidence,"Dominant LUHK land-use assigned by majority overlap between the pilot 10m grid cell and the LUHK 2024 10m raster. This step does not extract thermal temperatures, calculate delta-T, or run prediction. The current pilot stage is thermal-first: outputs are plotted on `_T.JPG` using thermal image geometry and `thermal_profile` assumptions when metadata does not provide FOV or sensor size. Visible `_V.JPG` overlays are deferred. The overlay remains an approximate first-pass visualization using the north-up rectangular footprint assumption.",100.0,"{""71"": 53.25735564282762, ""72"": 21.078894132819766, ""73"": 25.663750224352622}"
DJI_20260107143259_0005_T__thermal__r011_c002,20260107_Thermal_HKUST/DCIM/DJI_202601071424_001::DJI_20260107143259_0005,DJI_20260107143259_0005_V.JPG,DJI_20260107143259_0005_T.JPG,data/raw/hkust/20260107_Thermal_HKUST/DCIM/DJI_202601071424_001/DJI_20260107143259_0005_V.JPG,data/raw/hkust/20260107_Thermal_HKUST/DCIM/DJI_202601071424_001/DJI_20260107143259_0005_T.JPG,thermal,data/raw/hkust/20260107_Thermal_HKUST/DCIM/DJI_202601071424_001/DJI_20260107143259_0005_T.JPG,640,512,data/metadata/dji_image_metadata.csv,thermal_profile,EXIF/XMP focal length + focal_length_35mm-derived sensor size,12.0,52.0,35.99392244790114,29.13650161648791,7.79666547283578,6.237332378268624,derived from EXIF/XMP focal_length_35mm and target image aspect,399.28,True,11,2,845063.9326202362,845073.9326202362,822326.525865373,822336.525865373,845068.9326202362,822331.525865373,22.34003524313943,114.26230848959376,10.0,10.0,100.0,False,7,Woodland / shrubland / grassland / wetland,1.0,,,0.0,high_confidence,"Dominant LUHK land-use assigned by majority overlap between the pilot 10m grid cell and the LUHK 2024 10m raster. This step does not extract thermal temperatures, calculate delta-T, or run prediction. The current pilot stage is thermal-first: outputs are plotted on `_T.JPG` using thermal image geometry and `thermal_profile` assumptions when metadata does not provide FOV or sensor size. Visible `_V.JPG` overlays are deferred. The overlay remains an approximate first-pass visualization using the north-up rectangular footprint assumption.",100.0,"{""71"": 60.40509649466425, ""73"": 39.59490350533576}"
DJI_20260107143259_0005_T__thermal__r011_c003,20260107_Thermal_HKUST/DCIM/DJI_202601071424_001::DJI_20260107143259_0005,DJI_20260107143259_0005_V.JPG,DJI_20260107143259_0005_T.JPG,data/raw/hkust/20260107_Thermal_HKUST/DCIM/DJI_202601071424_001/DJI_20260107143259_0005_V.JPG,data/raw/hkust/20260107_Thermal_HKUST/DCIM/DJI_202601071424_001/DJI_20260107143259_0005_T.JPG,thermal,data/raw/hkust/20260107_Thermal_HKUST/DCIM/DJI_202601071424_001/DJI_20260107143259_0005_T.JPG,640,512,data/metadata/dji_image_metadata.csv,thermal_profile,EXIF/XMP focal length + focal_length_35mm-derived sensor size,12.0,52.0,35.99392244790114,29.13650161648791,7.79666547283578,6.237332378268624,derived from EXIF/XMP focal_length_35mm and target image aspect,399.28,True,11,3,845073.9326202362,845083.9326202362,822326.525865373,822336.525865373,845078.9326202362,822331.525865373,22.34003519189904,114.26240556345502,10.0,10.0,100.0,False,7,Woodland / shrubland / grassland / wetland,1.0,,,0.0,high_confidence,"Dominant LUHK land-use assigned by majority overlap between the pilot 10m grid cell and the LUHK 2024 10m raster. This step does not extract thermal temperatures, calculate delta-T, or run prediction. The current pilot stage is thermal-first: outputs are plotted on `_T.JPG` using thermal image geometry and `thermal_profile` assumptions when metadata does not provide FOV or sensor size. Visible `_V.JPG` overlays are deferred. The overlay remains an approximate first-pass visualization using the north-up rectangular footprint assumption.",100.0,"{""71"": 74.33624977564737, ""72"": 25.663750224352622}"
DJI_20260107143259_0005_T__thermal__r011_c004,20260107_Thermal_HKUST/DCIM/DJI_202601071424_001::DJI_20260107143259_0005,DJI_20260107143259_0005_V.JPG,DJI_20260107143259_0005_T.JPG,data/raw/hkust/20260107_Thermal_HKUST/DCIM/DJI_202601071424_001/DJI_20260107143259_0005_V.JPG,data/raw/hkust/20260107_Thermal_HKUST/DCIM/DJI_202601071424_001/DJI_20260107143259_0005_T.JPG,thermal,data/raw/hkust/20260107_Thermal_HKUST/DCIM/DJI_202601071424_001/DJI_20260107143259_0005_T.JPG,640,512,data/metadata/dji_image_metadata.csv,thermal_profile,EXIF/XMP focal length + focal_length_35mm-derived sensor size,12.0,52.0,35.99392244790114,29.13650161648791,7.79666547283578,6.237332378268624,derived from EXIF/XMP focal_length_35mm and target image aspect,399.28,True,11,4,845083.9326202362,845093.9326202362,822326.525865373,822336.525865373,845088.9326202362,822331.525865373,22.340035140600513,114.26250263731602,10.0,10.0,100.0,False,7,Woodland / shrubland / grassland / wetland,0.6067379763815552,3.0,GIC / open space,0.3932620236184448,medium_confidence,"Dominant LUHK land-use assigned by majority overlap between the pilot 10m grid cell and the LUHK 2024 10m raster. This step does not extract thermal temperatures, calculate delta-T, or run prediction. The current pilot stage is thermal-first: outputs are plotted on `_T.JPG` using thermal image geometry and `thermal_profile` assumptions when metadata does not provide FOV or sensor size. Visible `_V.JPG` overlays are deferred. The overlay remains an approximate first-pass visualization using the north-up rectangular footprint assumption.",100.0,"{""31"": 39.32620236184448, ""71"": 21.078894132819766, ""72"": 39.59490350533576}"
DJI_20260107143259_0005_T__thermal__r011_c005,20260107_Thermal_HKUST/DCIM/DJI_202601071424_001::DJI_20260107143259_0005,DJI_20260107143259_0005_V.JPG,DJI_20260107143259_0005_T.JPG,data/raw/hkust/20260107_Thermal_HKUST/DCIM/DJI_202601071424_001/DJI_20260107143259_0005_V.JPG,data/raw/hkust/20260107_Thermal_HKUST/DCIM/DJI_202601071424_001/DJI_20260107143259_0005_T.JPG,thermal,data/raw/hkust/20260107_Thermal_HKUST/DCIM/DJI_202601071424_001/DJI_20260107143259_0005_T.JPG,640,512,data/metadata/dji_image_metadata.csv,thermal_profile,EXIF/XMP focal length + focal_length_35mm-derived sensor size,12.0,52.0,35.99392244790114,29.13650161648791,7.79666547283578,6.237332378268624,derived from EXIF/XMP focal_length_35mm and target image aspect,399.28,True,11,5,845093.9326202362,845103.9326202362,822326.525865373,822336.525865373,845098.9326202362,822331.525865373,22.3400350892438,114.26259971117675,10.0,10.0,100.0,False,3,GIC / open space,1.0,,,0.0,high_confidence,"Dominant LUHK land-use assigned by majority overlap between the pilot 10m grid cell and the LUHK 2024 10m raster. This step does not extract thermal temperatures, calculate delta-T, or run prediction. The current pilot stage is thermal-first: outputs are plotted on `_T.JPG` using thermal image geometry and `thermal_profile` assumptions when metadata does not provide FOV or sensor size. Visible `_V.JPG` overlays are deferred. The overlay remains an approximate first-pass visualization using the north-up rectangular footprint assumption.",100.0,"{""31"": 100.0}"
DJI_20260107143259_0005_T__thermal__r011_c006,20260107_Thermal_HKUST/DCIM/DJI_202601071424_001::DJI_20260107143259_0005,DJI_20260107143259_0005_V.JPG,DJI_20260107143259_0005_T.JPG,data/raw/hkust/20260107_Thermal_HKUST/DCIM/DJI_202601071424_001/DJI_20260107143259_0005_V.JPG,data/raw/hkust/20260107_Thermal_HKUST/DCIM/DJI_202601071424_001/DJI_20260107143259_0005_T.JPG,thermal,data/raw/hkust/20260107_Thermal_HKUST/DCIM/DJI_202601071424_001/DJI_20260107143259_0005_T.JPG,640,512,data/metadata/dji_image_metadata.csv,thermal_profile,EXIF/XMP focal length + focal_length_35mm-derived sensor size,12.0,52.0,35.99392244790114,29.13650161648791,7.79666547283578,6.237332378268624,derived from EXIF/XMP focal_length_35mm and target image aspect,399.28,True,11,6,845103.9326202362,845113.9326202362,822326.525865373,822336.525865373,845108.9326202362,822331.525865373,22.340035037828933,114.26269678503716,10.0,10.0,100.0,False,3,GIC / open space,1.0,,,0.0,high_confidence,"Dominant LUHK land-use assigned by majority overlap between the pilot 10m grid cell and the LUHK 2024 10m raster. This step does not extract thermal temperatures, calculate delta-T, or run prediction. The current pilot stage is thermal-first: outputs are plotted on `_T.JPG` using thermal image geometry and `thermal_profile` assumptions when metadata does not provide FOV or sensor size. Visible `_V.JPG` overlays are deferred. The overlay remains an approximate first-pass visualization using the north-up rectangular footprint assumption.",100.0,"{""31"": 100.0}"
DJI_20260107143259_0005_T__thermal__r011_c007,20260107_Thermal_HKUST/DCIM/DJI_202601071424_001::DJI_20260107143259_0005,DJI_20260107143259_0005_V.JPG,DJI_20260107143259_0005_T.JPG,data/raw/hkust/20260107_Thermal_HKUST/DCIM/DJI_202601071424_001/DJI_20260107143259_0005_V.JPG,data/raw/hkust/20260107_Thermal_HKUST/DCIM/DJI_202601071424_001/DJI_20260107143259_0005_T.JPG,thermal,data/raw/hkust/20260107_Thermal_HKUST/DCIM/DJI_202601071424_001/DJI_20260107143259_0005_T.JPG,640,512,data/metadata/dji_image_metadata.csv,thermal_profile,EXIF/XMP focal length + focal_length_35mm-derived sensor size,12.0,52.0,35.99392244790114,29.13650161648791,7.79666547283578,6.237332378268624,derived from EXIF/XMP focal_length_35mm and target image aspect,399.28,True,11,7,845113.9326202362,845123.9326202362,822326.525865373,822336.525865373,845118.9326202362,822331.525865373,22.340034986355917,114.26279385889734,10.0,10.0,100.0,False,3,GIC / open space,1.0,,,0.0,high_confidence,"Dominant LUHK land-use assigned by majority overlap between the pilot 10m grid cell and the LUHK 2024 10m raster. This step does not extract thermal temperatures, calculate delta-T, or run prediction. The current pilot stage is thermal-first: outputs are plotted on `_T.JPG` using thermal image geometry and `thermal_profile` assumptions when metadata does not provide FOV or sensor size. Visible `_V.JPG` overlays are deferred. The overlay remains an approximate first-pass visualization using the north-up rectangular footprint assumption.",100.0,"{""31"": 100.0}"
DJI_20260107143259_0005_T__thermal__r011_c008,20260107_Thermal_HKUST/DCIM/DJI_202601071424_001::DJI_20260107143259_0005,DJI_20260107143259_0005_V.JPG,DJI_20260107143259_0005_T.JPG,data/raw/hkust/20260107_Thermal_HKUST/DCIM/DJI_202601071424_001/DJI_20260107143259_0005_V.JPG,data/raw/hkust/20260107_Thermal_HKUST/DCIM/DJI_202601071424_001/DJI_20260107143259_0005_T.JPG,thermal,data/raw/hkust/20260107_Thermal_HKUST/DCIM/DJI_202601071424_001/DJI_20260107143259_0005_T.JPG,640,512,data/metadata/dji_image_metadata.csv,thermal_profile,EXIF/XMP focal length + focal_length_35mm-derived sensor size,12.0,52.0,35.99392244790114,29.13650161648791,7.79666547283578,6.237332378268624,derived from EXIF/XMP focal_length_35mm and target image aspect,399.28,True,11,8,845123.9326202362,845133.9326202362,822326.525865373,822336.525865373,845128.9326202362,822331.525865373,22.340034934824736,114.26289093275722,10.0,10.0,100.0,False,3,GIC / open space,1.0,,,0.0,high_confidence,"Dominant LUHK land-use assigned by majority overlap between the pilot 10m grid cell and the LUHK 2024 10m raster. This step does not extract thermal temperatures, calculate delta-T, or run prediction. The current pilot stage is thermal-first: outputs are plotted on `_T.JPG` using thermal image geometry and `thermal_profile` assumptions when metadata does not provide FOV or sensor size. Visible `_V.JPG` overlays are deferred. The overlay remains an approximate first-pass visualization using the north-up rectangular footprint assumption.",100.0,"{""31"": 100.0}"
DJI_20260107143259_0005_T__thermal__r011_c009,20260107_Thermal_HKUST/DCIM/DJI_202601071424_001::DJI_20260107143259_0005,DJI_20260107143259_0005_V.JPG,DJI_20260107143259_0005_T.JPG,data/raw/hkust/20260107_Thermal_HKUST/DCIM/DJI_202601071424_001/DJI_20260107143259_0005_V.JPG,data/raw/hkust/20260107_Thermal_HKUST/DCIM/DJI_202601071424_001/DJI_20260107143259_0005_T.JPG,thermal,data/raw/hkust/20260107_Thermal_HKUST/DCIM/DJI_202601071424_001/DJI_20260107143259_0005_T.JPG,640,512,data/metadata/dji_image_metadata.csv,thermal_profile,EXIF/XMP focal length + focal_length_35mm-derived sensor size,12.0,52.0,35.99392244790114,29.13650161648791,7.79666547283578,6.237332378268624,derived from EXIF/XMP focal_length_35mm and target image aspect,399.28,True,11,9,845133.9326202362,845143.9326202362,822326.525865373,822336.525865373,845138.9326202362,822331.525865373,22.3400348832354,114.26298800661681,10.0,10.0,100.0,False,3,GIC / open space,1.0,,,0.0,high_confidence,"Dominant LUHK land-use assigned by majority overlap between the pilot 10m grid cell and the LUHK 2024 10m raster. This step does not extract thermal temperatures, calculate delta-T, or run prediction. The current pilot stage is thermal-first: outputs are plotted on `_T.JPG` using thermal image geometry and `thermal_profile` assumptions when metadata does not provide FOV or sensor size. Visible `_V.JPG` overlays are deferred. The overlay remains an approximate first-pass visualization using the north-up rectangular footprint assumption.",100.0,"{""31"": 100.0}"
DJI_20260107143259_0005_T__thermal__r011_c010,20260107_Thermal_HKUST/DCIM/DJI_202601071424_001::DJI_20260107143259_0005,DJI_20260107143259_0005_V.JPG,DJI_20260107143259_0005_T.JPG,data/raw/hkust/20260107_Thermal_HKUST/DCIM/DJI_202601071424_001/DJI_20260107143259_0005_V.JPG,data/raw/hkust/20260107_Thermal_HKUST/DCIM/DJI_202601071424_001/DJI_20260107143259_0005_T.JPG,thermal,data/raw/hkust/20260107_Thermal_HKUST/DCIM/DJI_202601071424_001/DJI_20260107143259_0005_T.JPG,640,512,data/metadata/dji_image_metadata.csv,thermal_profile,EXIF/XMP focal length + focal_length_35mm-derived sensor size,12.0,52.0,35.99392244790114,29.13650161648791,7.79666547283578,6.237332378268624,derived from EXIF/XMP focal_length_35mm and target image aspect,399.28,True,11,10,845143.9326202362,845153.9326202362,822326.525865373,822336.525865373,845148.9326202362,822331.525865373,22.3400348315879,114.26308508047615,10.0,10.0,100.0,False,3,GIC / open space,1.0,,,0.0,high_confidence,"Dominant LUHK land-use assigned by majority overlap between the pilot 10m grid cell and the LUHK 2024 10m raster. This step does not extract thermal temperatures, calculate delta-T, or run prediction. The current pilot stage is thermal-first: outputs are plotted on `_T.JPG` using thermal image geometry and `thermal_profile` assumptions when metadata does not provide FOV or sensor size. Visible `_V.JPG` overlays are deferred. The overlay remains an approximate first-pass visualization using the north-up rectangular footprint assumption.",100.0,"{""31"": 100.0}"
DJI_20260107143259_0005_T__thermal__r011_c011,20260107_Thermal_HKUST/DCIM/DJI_202601071424_001::DJI_20260107143259_0005,DJI_20260107143259_0005_V.JPG,DJI_20260107143259_0005_T.JPG,data/raw/hkust/20260107_Thermal_HKUST/DCIM/DJI_202601071424_001/DJI_20260107143259_0005_V.JPG,data/raw/hkust/20260107_Thermal_HKUST/DCIM/DJI_202601071424_001/DJI_20260107143259_0005_T.JPG,thermal,data/raw/hkust/20260107_Thermal_HKUST/DCIM/DJI_202601071424_001/DJI_20260107143259_0005_T.JPG,640,512,data/metadata/dji_image_metadata.csv,thermal_profile,EXIF/XMP focal length + focal_length_35mm-derived sensor size,12.0,52.0,35.99392244790114,29.13650161648791,7.79666547283578,6.237332378268624,derived from EXIF/XMP focal_length_35mm and target image aspect,399.28,True,11,11,845153.9326202362,845163.9326202362,822326.525865373,822336.525865373,845158.9326202362,822331.525865373,22.34003477988225,114.26318215433518,10.0,10.0,100.0,False,3,GIC / open space,1.0,,,0.0,high_confidence,"Dominant LUHK land-use assigned by majority overlap between the pilot 10m grid cell and the LUHK 2024 10m raster. This step does not extract thermal temperatures, calculate delta-T, or run prediction. The current pilot stage is thermal-first: outputs are plotted on `_T.JPG` using thermal image geometry and `thermal_profile` assumptions when metadata does not provide FOV or sensor size. Visible `_V.JPG` overlays are deferred. The overlay remains an approximate first-pass visualization using the north-up rectangular footprint assumption.",100.0,"{""31"": 100.0}"
DJI_20260107143259_0005_T__thermal__r011_c012,20260107_Thermal_HKUST/DCIM/DJI_202601071424_001::DJI_20260107143259_0005,DJI_20260107143259_0005_V.JPG,DJI_20260107143259_0005_T.JPG,data/raw/hkust/20260107_Thermal_HKUST/DCIM/DJI_202601071424_001/DJI_20260107143259_0005_V.JPG,data/raw/hkust/20260107_Thermal_HKUST/DCIM/DJI_202601071424_001/DJI_20260107143259_0005_T.JPG,thermal,data/raw/hkust/20260107_Thermal_HKUST/DCIM/DJI_202601071424_001/DJI_20260107143259_0005_T.JPG,640,512,data/metadata/dji_image_metadata.csv,thermal_profile,EXIF/XMP focal length + focal_length_35mm-derived sensor size,12.0,52.0,35.99392244790114,29.13650161648791,7.79666547283578,6.237332378268624,derived from EXIF/XMP focal_length_35mm and target image aspect,399.28,True,11,12,845163.9326202362,845173.9326202362,822326.525865373,822336.525865373,845168.9326202362,822331.525865373,22.34003472811843,114.26327922819392,10.0,10.0,100.0,False,3,GIC / open space,1.0,,,0.0,high_confidence,"Dominant LUHK land-use assigned by majority overlap between the pilot 10m grid cell and the LUHK 2024 10m raster. This step does not extract thermal temperatures, calculate delta-T, or run prediction. The current pilot stage is thermal-first: outputs are plotted on `_T.JPG` using thermal image geometry and `thermal_profile` assumptions when metadata does not provide FOV or sensor size. Visible `_V.JPG` overlays are deferred. The overlay remains an approximate first-pass visualization using the north-up rectangular footprint assumption.",100.0,"{""31"": 100.0}"
DJI_20260107143259_0005_T__thermal__r011_c013,20260107_Thermal_HKUST/DCIM/DJI_202601071424_001::DJI_20260107143259_0005,DJI_20260107143259_0005_V.JPG,DJI_20260107143259_0005_T.JPG,data/raw/hkust/20260107_Thermal_HKUST/DCIM/DJI_202601071424_001/DJI_20260107143259_0005_V.JPG,data/raw/hkust/20260107_Thermal_HKUST/DCIM/DJI_202601071424_001/DJI_20260107143259_0005_T.JPG,thermal,data/raw/hkust/20260107_Thermal_HKUST/DCIM/DJI_202601071424_001/DJI_20260107143259_0005_T.JPG,640,512,data/metadata/dji_image_metadata.csv,thermal_profile,EXIF/XMP focal length + focal_length_35mm-derived sensor size,12.0,52.0,35.99392244790114,29.13650161648791,7.79666547283578,6.237332378268624,derived from EXIF/XMP focal_length_35mm and target image aspect,399.28,True,11,13,845173.9326202362,845183.9326202362,822326.525865373,822336.525865373,845178.9326202362,822331.525865373,22.340034676296455,114.26337630205242,10.0,10.0,100.0,False,3,GIC / open space,1.0,,,0.0,high_confidence,"Dominant LUHK land-use assigned by majority overlap between the pilot 10m grid cell and the LUHK 2024 10m raster. This step does not extract thermal temperatures, calculate delta-T, or run prediction. The current pilot stage is thermal-first: outputs are plotted on `_T.JPG` using thermal image geometry and `thermal_profile` assumptions when metadata does not provide FOV or sensor size. Visible `_V.JPG` overlays are deferred. The overlay remains an approximate first-pass visualization using the north-up rectangular footprint assumption.",100.0,"{""31"": 100.0}"
DJI_20260107143259_0005_T__thermal__r011_c014,20260107_Thermal_HKUST/DCIM/DJI_202601071424_001::DJI_20260107143259_0005,DJI_20260107143259_0005_V.JPG,DJI_20260107143259_0005_T.JPG,data/raw/hkust/20260107_Thermal_HKUST/DCIM/DJI_202601071424_001/DJI_20260107143259_0005_V.JPG,data/raw/hkust/20260107_Thermal_HKUST/DCIM/DJI_202601071424_001/DJI_20260107143259_0005_T.JPG,thermal,data/raw/hkust/20260107_Thermal_HKUST/DCIM/DJI_202601071424_001/DJI_20260107143259_0005_T.JPG,640,512,data/metadata/dji_image_metadata.csv,thermal_profile,EXIF/XMP focal length + focal_length_35mm-derived sensor size,12.0,52.0,35.99392244790114,29.13650161648791,7.79666547283578,6.237332378268624,derived from EXIF/XMP focal_length_35mm and target image aspect,399.28,True,11,14,845183.9326202362,845193.9326202362,822326.525865373,822336.525865373,845188.9326202362,822331.525865373,22.34003462441632,114.2634733759106,10.0,10.0,100.0,False,3,GIC / open space,1.0,,,0.0,high_confidence,"Dominant LUHK land-use assigned by majority overlap between the pilot 10m grid cell and the LUHK 2024 10m raster. This step does not extract thermal temperatures, calculate delta-T, or run prediction. The current pilot stage is thermal-first: outputs are plotted on `_T.JPG` using thermal image geometry and `thermal_profile` assumptions when metadata does not provide FOV or sensor size. Visible `_V.JPG` overlays are deferred. The overlay remains an approximate first-pass visualization using the north-up rectangular footprint assumption.",100.0,"{""31"": 100.0}"
DJI_20260107143259_0005_T__thermal__r011_c015,20260107_Thermal_HKUST/DCIM/DJI_202601071424_001::DJI_20260107143259_0005,DJI_20260107143259_0005_V.JPG,DJI_20260107143259_0005_T.JPG,data/raw/hkust/20260107_Thermal_HKUST/DCIM/DJI_202601071424_001/DJI_20260107143259_0005_V.JPG,data/raw/hkust/20260107_Thermal_HKUST/DCIM/DJI_202601071424_001/DJI_20260107143259_0005_T.JPG,thermal,data/raw/hkust/20260107_Thermal_HKUST/DCIM/DJI_202601071424_001/DJI_20260107143259_0005_T.JPG,640,512,data/metadata/dji_image_metadata.csv,thermal_profile,EXIF/XMP focal length + focal_length_35mm-derived sensor size,12.0,52.0,35.99392244790114,29.13650161648791,7.79666547283578,6.237332378268624,derived from EXIF/XMP focal_length_35mm and target image aspect,399.28,True,11,15,845193.9326202362,845203.9326202362,822326.525865373,822336.525865373,845198.9326202362,822331.525865373,22.340034572478025,114.26357044976852,10.0,10.0,100.0,False,3,GIC / open space,1.0,,,0.0,high_confidence,"Dominant LUHK land-use assigned by majority overlap between the pilot 10m grid cell and the LUHK 2024 10m raster. This step does not extract thermal temperatures, calculate delta-T, or run prediction. The current pilot stage is thermal-first: outputs are plotted on `_T.JPG` using thermal image geometry and `thermal_profile` assumptions when metadata does not provide FOV or sensor size. Visible `_V.JPG` overlays are deferred. The overlay remains an approximate first-pass visualization using the north-up rectangular footprint assumption.",100.0,"{""31"": 100.0}"
DJI_20260107143259_0005_T__thermal__r011_c016,20260107_Thermal_HKUST/DCIM/DJI_202601071424_001::DJI_20260107143259_0005,DJI_20260107143259_0005_V.JPG,DJI_20260107143259_0005_T.JPG,data/raw/hkust/20260107_Thermal_HKUST/DCIM/DJI_202601071424_001/DJI_20260107143259_0005_V.JPG,data/raw/hkust/20260107_Thermal_HKUST/DCIM/DJI_202601071424_001/DJI_20260107143259_0005_T.JPG,thermal,data/raw/hkust/20260107_Thermal_HKUST/DCIM/DJI_202601071424_001/DJI_20260107143259_0005_T.JPG,640,512,data/metadata/dji_image_metadata.csv,thermal_profile,EXIF/XMP focal length + focal_length_35mm-derived sensor size,12.0,52.0,35.99392244790114,29.13650161648791,7.79666547283578,6.237332378268624,derived from EXIF/XMP focal_length_35mm and target image aspect,399.28,True,11,16,845203.9326202362,845213.9326202362,822326.525865373,822336.525865373,845208.9326202362,822331.525865373,22.34003452048156,114.26366752362614,10.0,10.0,100.0,False,3,GIC / open space,1.0,,,0.0,high_confidence,"Dominant LUHK land-use assigned by majority overlap between the pilot 10m grid cell and the LUHK 2024 10m raster. This step does not extract thermal temperatures, calculate delta-T, or run prediction. The current pilot stage is thermal-first: outputs are plotted on `_T.JPG` using thermal image geometry and `thermal_profile` assumptions when metadata does not provide FOV or sensor size. Visible `_V.JPG` overlays are deferred. The overlay remains an approximate first-pass visualization using the north-up rectangular footprint assumption.",100.0,"{""31"": 100.0}"
DJI_20260107143259_0005_T__thermal__r011_c017,20260107_Thermal_HKUST/DCIM/DJI_202601071424_001::DJI_20260107143259_0005,DJI_20260107143259_0005_V.JPG,DJI_20260107143259_0005_T.JPG,data/raw/hkust/20260107_Thermal_HKUST/DCIM/DJI_202601071424_001/DJI_20260107143259_0005_V.JPG,data/raw/hkust/20260107_Thermal_HKUST/DCIM/DJI_202601071424_001/DJI_20260107143259_0005_T.JPG,thermal,data/raw/hkust/20260107_Thermal_HKUST/DCIM/DJI_202601071424_001/DJI_20260107143259_0005_T.JPG,640,512,data/metadata/dji_image_metadata.csv,thermal_profile,EXIF/XMP focal length + focal_length_35mm-derived sensor size,12.0,52.0,35.99392244790114,29.13650161648791,7.79666547283578,6.237332378268624,derived from EXIF/XMP focal_length_35mm and target image aspect,399.28,True,11,17,845213.9326202362,845223.9326202362,822326.525865373,822336.525865373,845218.9326202362,822331.525865373,22.34003446842695,114.2637645974835,10.0,10.0,100.0,False,3,GIC / open space,1.0,,,0.0,high_confidence,"Dominant LUHK land-use assigned by majority overlap between the pilot 10m grid cell and the LUHK 2024 10m raster. This step does not extract thermal temperatures, calculate delta-T, or run prediction. The current pilot stage is thermal-first: outputs are plotted on `_T.JPG` using thermal image geometry and `thermal_profile` assumptions when metadata does not provide FOV or sensor size. Visible `_V.JPG` overlays are deferred. The overlay remains an approximate first-pass visualization using the north-up rectangular footprint assumption.",100.0,"{""31"": 100.0}"
DJI_20260107143259_0005_T__thermal__r011_c018,20260107_Thermal_HKUST/DCIM/DJI_202601071424_001::DJI_20260107143259_0005,DJI_20260107143259_0005_V.JPG,DJI_20260107143259_0005_T.JPG,data/raw/hkust/20260107_Thermal_HKUST/DCIM/DJI_202601071424_001/DJI_20260107143259_0005_V.JPG,data/raw/hkust/20260107_Thermal_HKUST/DCIM/DJI_202601071424_001/DJI_20260107143259_0005_T.JPG,thermal,data/raw/hkust/20260107_Thermal_HKUST/DCIM/DJI_202601071424_001/DJI_20260107143259_0005_T.JPG,640,512,data/metadata/dji_image_metadata.csv,thermal_profile,EXIF/XMP focal length + focal_length_35mm-derived sensor size,12.0,52.0,35.99392244790114,29.13650161648791,7.79666547283578,6.237332378268624,derived from EXIF/XMP focal_length_35mm and target image aspect,399.28,True,11,18,845223.9326202362,845233.9326202362,822326.525865373,822336.525865373,845228.9326202362,822331.525865373,22.340034416314182,114.26386167134056,10.0,10.0,100.0,False,3,GIC / open space,1.0,,,0.0,high_confidence,"Dominant LUHK land-use assigned by majority overlap between the pilot 10m grid cell and the LUHK 2024 10m raster. This step does not extract thermal temperatures, calculate delta-T, or run prediction. The current pilot stage is thermal-first: outputs are plotted on `_T.JPG` using thermal image geometry and `thermal_profile` assumptions when metadata does not provide FOV or sensor size. Visible `_V.JPG` overlays are deferred. The overlay remains an approximate first-pass visualization using the north-up rectangular footprint assumption.",100.0,"{""31"": 100.0}"
DJI_20260107143259_0005_T__thermal__r011_c019,20260107_Thermal_HKUST/DCIM/DJI_202601071424_001::DJI_20260107143259_0005,DJI_20260107143259_0005_V.JPG,DJI_20260107143259_0005_T.JPG,data/raw/hkust/20260107_Thermal_HKUST/DCIM/DJI_202601071424_001/DJI_20260107143259_0005_V.JPG,data/raw/hkust/20260107_Thermal_HKUST/DCIM/DJI_202601071424_001/DJI_20260107143259_0005_T.JPG,thermal,data/raw/hkust/20260107_Thermal_HKUST/DCIM/DJI_202601071424_001/DJI_20260107143259_0005_T.JPG,640,512,data/metadata/dji_image_metadata.csv,thermal_profile,EXIF/XMP focal length + focal_length_35mm-derived sensor size,12.0,52.0,35.99392244790114,29.13650161648791,7.79666547283578,6.237332378268624,derived from EXIF/XMP focal_length_35mm and target image aspect,399.28,True,11,19,845233.9326202362,845243.9326202362,822326.525865373,822336.525865373,845238.9326202362,822331.525865373,22.34003436414325,114.26395874519736,10.0,10.0,100.0,False,3,GIC / open space,1.0,,,0.0,high_confidence,"Dominant LUHK land-use assigned by majority overlap between the pilot 10m grid cell and the LUHK 2024 10m raster. This step does not extract thermal temperatures, calculate delta-T, or run prediction. The current pilot stage is thermal-first: outputs are plotted on `_T.JPG` using thermal image geometry and `thermal_profile` assumptions when metadata does not provide FOV or sensor size. Visible `_V.JPG` overlays are deferred. The overlay remains an approximate first-pass visualization using the north-up rectangular footprint assumption.",100.0,"{""31"": 100.0}"
DJI_20260107143259_0005_T__thermal__r011_c020,20260107_Thermal_HKUST/DCIM/DJI_202601071424_001::DJI_20260107143259_0005,DJI_20260107143259_0005_V.JPG,DJI_20260107143259_0005_T.JPG,data/raw/hkust/20260107_Thermal_HKUST/DCIM/DJI_202601071424_001/DJI_20260107143259_0005_V.JPG,data/raw/hkust/20260107_Thermal_HKUST/DCIM/DJI_202601071424_001/DJI_20260107143259_0005_T.JPG,thermal,data/raw/hkust/20260107_Thermal_HKUST/DCIM/DJI_202601071424_001/DJI_20260107143259_0005_T.JPG,640,512,data/metadata/dji_image_metadata.csv,thermal_profile,EXIF/XMP focal length + focal_length_35mm-derived sensor size,12.0,52.0,35.99392244790114,29.13650161648791,7.79666547283578,6.237332378268624,derived from EXIF/XMP focal_length_35mm and target image aspect,399.28,True,11,20,845243.9326202362,845253.9326202362,822326.525865373,822336.525865373,845248.9326202362,822331.525865373,22.340034311914163,114.26405581905385,10.0,10.0,100.0,False,3,GIC / open space,1.0,,,0.0,high_confidence,"Dominant LUHK land-use assigned by majority overlap between the pilot 10m grid cell and the LUHK 2024 10m raster. This step does not extract thermal temperatures, calculate delta-T, or run prediction. The current pilot stage is thermal-first: outputs are plotted on `_T.JPG` using thermal image geometry and `thermal_profile` assumptions when metadata does not provide FOV or sensor size. Visible `_V.JPG` overlays are deferred. The overlay remains an approximate first-pass visualization using the north-up rectangular footprint assumption.",100.0,"{""31"": 100.0}"
DJI_20260107143259_0005_T__thermal__r011_c021,20260107_Thermal_HKUST/DCIM/DJI_202601071424_001::DJI_20260107143259_0005,DJI_20260107143259_0005_V.JPG,DJI_20260107143259_0005_T.JPG,data/raw/hkust/20260107_Thermal_HKUST/DCIM/DJI_202601071424_001/DJI_20260107143259_0005_V.JPG,data/raw/hkust/20260107_Thermal_HKUST/DCIM/DJI_202601071424_001/DJI_20260107143259_0005_T.JPG,thermal,data/raw/hkust/20260107_Thermal_HKUST/DCIM/DJI_202601071424_001/DJI_20260107143259_0005_T.JPG,640,512,data/metadata/dji_image_metadata.csv,thermal_profile,EXIF/XMP focal length + focal_length_35mm-derived sensor size,12.0,52.0,35.99392244790114,29.13650161648791,7.79666547283578,6.237332378268624,derived from EXIF/XMP focal_length_35mm and target image aspect,399.28,True,11,21,845253.9326202362,845263.9326202362,822326.525865373,822336.525865373,845258.9326202362,822331.525865373,22.340034259626904,114.26415289291006,10.0,10.0,100.0,False,3,GIC / open space,1.0,,,0.0,high_confidence,"Dominant LUHK land-use assigned by majority overlap between the pilot 10m grid cell and the LUHK 2024 10m raster. This step does not extract thermal temperatures, calculate delta-T, or run prediction. The current pilot stage is thermal-first: outputs are plotted on `_T.JPG` using thermal image geometry and `thermal_profile` assumptions when metadata does not provide FOV or sensor size. Visible `_V.JPG` overlays are deferred. The overlay remains an approximate first-pass visualization using the north-up rectangular footprint assumption.",100.0,"{""31"": 100.0}"
DJI_20260107143259_0005_T__thermal__r011_c022,20260107_Thermal_HKUST/DCIM/DJI_202601071424_001::DJI_20260107143259_0005,DJI_20260107143259_0005_V.JPG,DJI_20260107143259_0005_T.JPG,data/raw/hkust/20260107_Thermal_HKUST/DCIM/DJI_202601071424_001/DJI_20260107143259_0005_V.JPG,data/raw/hkust/20260107_Thermal_HKUST/DCIM/DJI_202601071424_001/DJI_20260107143259_0005_T.JPG,thermal,data/raw/hkust/20260107_Thermal_HKUST/DCIM/DJI_202601071424_001/DJI_20260107143259_0005_T.JPG,640,512,data/metadata/dji_image_metadata.csv,thermal_profile,EXIF/XMP focal length + focal_length_35mm-derived sensor size,12.0,52.0,35.99392244790114,29.13650161648791,7.79666547283578,6.237332378268624,derived from EXIF/XMP focal_length_35mm and target image aspect,399.28,True,11,22,845263.9326202362,845273.9326202362,822326.525865373,822336.525865373,845268.9326202362,822331.525865373,22.3400342072815,114.264249966766,10.0,10.0,100.0,False,3,GIC / open space,1.0,,,0.0,high_confidence,"Dominant LUHK land-use assigned by majority overlap between the pilot 10m grid cell and the LUHK 2024 10m raster. This step does not extract thermal temperatures, calculate delta-T, or run prediction. The current pilot stage is thermal-first: outputs are plotted on `_T.JPG` using thermal image geometry and `thermal_profile` assumptions when metadata does not provide FOV or sensor size. Visible `_V.JPG` overlays are deferred. The overlay remains an approximate first-pass visualization using the north-up rectangular footprint assumption.",100.0,"{""31"": 100.0}"
DJI_20260107143259_0005_T__thermal__r011_c023,20260107_Thermal_HKUST/DCIM/DJI_202601071424_001::DJI_20260107143259_0005,DJI_20260107143259_0005_V.JPG,DJI_20260107143259_0005_T.JPG,data/raw/hkust/20260107_Thermal_HKUST/DCIM/DJI_202601071424_001/DJI_20260107143259_0005_V.JPG,data/raw/hkust/20260107_Thermal_HKUST/DCIM/DJI_202601071424_001/DJI_20260107143259_0005_T.JPG,thermal,data/raw/hkust/20260107_Thermal_HKUST/DCIM/DJI_202601071424_001/DJI_20260107143259_0005_T.JPG,640,512,data/metadata/dji_image_metadata.csv,thermal_profile,EXIF/XMP focal length + focal_length_35mm-derived sensor size,12.0,52.0,35.99392244790114,29.13650161648791,7.79666547283578,6.237332378268624,derived from EXIF/XMP focal_length_35mm and target image aspect,399.28,True,11,23,845273.9326202362,845283.9326202362,822326.525865373,822336.525865373,845278.9326202362,822331.525865373,22.340034154877937,114.26434704062166,10.0,10.0,100.0,False,3,GIC / open space,1.0,,,0.0,high_confidence,"Dominant LUHK land-use assigned by majority overlap between the pilot 10m grid cell and the LUHK 2024 10m raster. This step does not extract thermal temperatures, calculate delta-T, or run prediction. The current pilot stage is thermal-first: outputs are plotted on `_T.JPG` using thermal image geometry and `thermal_profile` assumptions when metadata does not provide FOV or sensor size. Visible `_V.JPG` overlays are deferred. The overlay remains an approximate first-pass visualization using the north-up rectangular footprint assumption.",100.0,"{""31"": 100.0}"
DJI_20260107143259_0005_T__thermal__r011_c024,20260107_Thermal_HKUST/DCIM/DJI_202601071424_001::DJI_20260107143259_0005,DJI_20260107143259_0005_V.JPG,DJI_20260107143259_0005_T.JPG,data/raw/hkust/20260107_Thermal_HKUST/DCIM/DJI_202601071424_001/DJI_20260107143259_0005_V.JPG,data/raw/hkust/20260107_Thermal_HKUST/DCIM/DJI_202601071424_001/DJI_20260107143259_0005_T.JPG,thermal,data/raw/hkust/20260107_Thermal_HKUST/DCIM/DJI_202601071424_001/DJI_20260107143259_0005_T.JPG,640,512,data/metadata/dji_image_metadata.csv,thermal_profile,EXIF/XMP focal length + focal_length_35mm-derived sensor size,12.0,52.0,35.99392244790114,29.13650161648791,7.79666547283578,6.237332378268624,derived from EXIF/XMP focal_length_35mm and target image aspect,399.28,True,11,24,845283.9326202362,845293.9326202362,822326.525865373,822336.525865373,845288.9326202362,822331.525865373,22.340034102416208,114.26444411447702,10.0,10.0,100.0,False,3,GIC / open space,1.0,,,0.0,high_confidence,"Dominant LUHK land-use assigned by majority overlap between the pilot 10m grid cell and the LUHK 2024 10m raster. This step does not extract thermal temperatures, calculate delta-T, or run prediction. The current pilot stage is thermal-first: outputs are plotted on `_T.JPG` using thermal image geometry and `thermal_profile` assumptions when metadata does not provide FOV or sensor size. Visible `_V.JPG` overlays are deferred. The overlay remains an approximate first-pass visualization using the north-up rectangular footprint assumption.",100.0,"{""31"": 100.0}"
DJI_20260107143259_0005_T__thermal__r011_c025,20260107_Thermal_HKUST/DCIM/DJI_202601071424_001::DJI_20260107143259_0005,DJI_20260107143259_0005_V.JPG,DJI_20260107143259_0005_T.JPG,data/raw/hkust/20260107_Thermal_HKUST/DCIM/DJI_202601071424_001/DJI_20260107143259_0005_V.JPG,data/raw/hkust/20260107_Thermal_HKUST/DCIM/DJI_202601071424_001/DJI_20260107143259_0005_T.JPG,thermal,data/raw/hkust/20260107_Thermal_HKUST/DCIM/DJI_202601071424_001/DJI_20260107143259_0005_T.JPG,640,512,data/metadata/dji_image_metadata.csv,thermal_profile,EXIF/XMP focal length + focal_length_35mm-derived sensor size,12.0,52.0,35.99392244790114,29.13650161648791,7.79666547283578,6.237332378268624,derived from EXIF/XMP focal_length_35mm and target image aspect,399.28,True,11,25,845293.9326202362,845303.3536694024,822326.525865373,822336.525865373,845298.6431448193,822331.525865373,22.34003405141747,114.26453837828262,9.421049166237935,10.0,94.21049166237935,True,3,GIC / open space,0.7676947159549449,7.0,Woodland / shrubland / grassland / wetland,0.23230528404505504,medium_confidence,"Dominant LUHK land-use assigned by majority overlap between the pilot 10m grid cell and the LUHK 2024 10m raster. This step does not extract thermal temperatures, calculate delta-T, or run prediction. The current pilot stage is thermal-first: outputs are plotted on `_T.JPG` using thermal image geometry and `thermal_profile` assumptions when metadata does not provide FOV or sensor size. Visible `_V.JPG` overlays are deferred. The overlay remains an approximate first-pass visualization using the north-up rectangular footprint assumption.",94.21049166237935,"{""31"": 72.32489663672602, ""71"": 21.885595025653327}"
DJI_20260107143259_0005_T__thermal__r012_c000,20260107_Thermal_HKUST/DCIM/DJI_202601071424_001::DJI_20260107143259_0005,DJI_20260107143259_0005_V.JPG,DJI_20260107143259_0005_T.JPG,data/raw/hkust/20260107_Thermal_HKUST/DCIM/DJI_202601071424_001/DJI_20260107143259_0005_V.JPG,data/raw/hkust/20260107_Thermal_HKUST/DCIM/DJI_202601071424_001/DJI_20260107143259_0005_T.JPG,thermal,data/raw/hkust/20260107_Thermal_HKUST/DCIM/DJI_202601071424_001/DJI_20260107143259_0005_T.JPG,640,512,data/metadata/dji_image_metadata.csv,thermal_profile,EXIF/XMP focal length + focal_length_35mm-derived sensor size,12.0,52.0,35.99392244790114,29.13650161648791,7.79666547283578,6.237332378268624,derived from EXIF/XMP focal_length_35mm and target image aspect,399.28,True,12,0,845043.9326202362,845053.9326202362,822316.525865373,822326.525865373,845048.9326202362,822321.525865373,22.339945039826883,114.26211428694596,10.0,10.0,100.0,False,7,Woodland / shrubland / grassland / wetland,1.0,,,0.0,high_confidence,"Dominant LUHK land-use assigned by majority overlap between the pilot 10m grid cell and the LUHK 2024 10m raster. This step does not extract thermal temperatures, calculate delta-T, or run prediction. The current pilot stage is thermal-first: outputs are plotted on `_T.JPG` using thermal image geometry and `thermal_profile` assumptions when metadata does not provide FOV or sensor size. Visible `_V.JPG` overlays are deferred. The overlay remains an approximate first-pass visualization using the north-up rectangular footprint assumption.",100.0,"{""71"": 74.33624977564737, ""72"": 25.663750224352622}"
DJI_20260107143259_0005_T__thermal__r012_c001,20260107_Thermal_HKUST/DCIM/DJI_202601071424_001::DJI_20260107143259_0005,DJI_20260107143259_0005_V.JPG,DJI_20260107143259_0005_T.JPG,data/raw/hkust/20260107_Thermal_HKUST/DCIM/DJI_202601071424_001/DJI_20260107143259_0005_V.JPG,data/raw/hkust/20260107_Thermal_HKUST/DCIM/DJI_202601071424_001/DJI_20260107143259_0005_T.JPG,thermal,data/raw/hkust/20260107_Thermal_HKUST/DCIM/DJI_202601071424_001/DJI_20260107143259_0005_T.JPG,640,512,data/metadata/dji_image_metadata.csv,thermal_profile,EXIF/XMP focal length + focal_length_35mm-derived sensor size,12.0,52.0,35.99392244790114,29.13650161648791,7.79666547283578,6.237332378268624,derived from EXIF/XMP focal_length_35mm and target image aspect,399.28,True,12,1,845053.9326202362,845063.9326202362,822316.525865373,822326.525865373,845058.9326202362,822321.525865373,22.339944988703042,114.26221136074527,10.0,10.0,100.0,False,7,Woodland / shrubland / grassland / wetland,1.0,,,0.0,high_confidence,"Dominant LUHK land-use assigned by majority overlap between the pilot 10m grid cell and the LUHK 2024 10m raster. This step does not extract thermal temperatures, calculate delta-T, or run prediction. The current pilot stage is thermal-first: outputs are plotted on `_T.JPG` using thermal image geometry and `thermal_profile` assumptions when metadata does not provide FOV or sensor size. Visible `_V.JPG` overlays are deferred. The overlay remains an approximate first-pass visualization using the north-up rectangular footprint assumption.",100.0,"{""71"": 60.40509649466425, ""72"": 39.59490350533576}"
DJI_20260107143259_0005_T__thermal__r012_c002,20260107_Thermal_HKUST/DCIM/DJI_202601071424_001::DJI_20260107143259_0005,DJI_20260107143259_0005_V.JPG,DJI_20260107143259_0005_T.JPG,data/raw/hkust/20260107_Thermal_HKUST/DCIM/DJI_202601071424_001/DJI_20260107143259_0005_V.JPG,data/raw/hkust/20260107_Thermal_HKUST/DCIM/DJI_202601071424_001/DJI_20260107143259_0005_T.JPG,thermal,data/raw/hkust/20260107_Thermal_HKUST/DCIM/DJI_202601071424_001/DJI_20260107143259_0005_T.JPG,640,512,data/metadata/dji_image_metadata.csv,thermal_profile,EXIF/XMP focal length + focal_length_35mm-derived sensor size,12.0,52.0,35.99392244790114,29.13650161648791,7.79666547283578,6.237332378268624,derived from EXIF/XMP focal_length_35mm and target image aspect,399.28,True,12,2,845063.9326202362,845073.9326202362,822316.525865373,822326.525865373,845068.9326202362,822321.525865373,22.33994493752104,114.26230843454431,10.0,10.0,100.0,False,7,Woodland / shrubland / grassland / wetland,1.0,,,0.0,high_confidence,"Dominant LUHK land-use assigned by majority overlap between the pilot 10m grid cell and the LUHK 2024 10m raster. This step does not extract thermal temperatures, calculate delta-T, or run prediction. The current pilot stage is thermal-first: outputs are plotted on `_T.JPG` using thermal image geometry and `thermal_profile` assumptions when metadata does not provide FOV or sensor size. Visible `_V.JPG` overlays are deferred. The overlay remains an approximate first-pass visualization using the north-up rectangular footprint assumption.",100.0,"{""71"": 100.0}"
DJI_20260107143259_0005_T__thermal__r012_c003,20260107_Thermal_HKUST/DCIM/DJI_202601071424_001::DJI_20260107143259_0005,DJI_20260107143259_0005_V.JPG,DJI_20260107143259_0005_T.JPG,data/raw/hkust/20260107_Thermal_HKUST/DCIM/DJI_202601071424_001/DJI_20260107143259_0005_V.JPG,data/raw/hkust/20260107_Thermal_HKUST/DCIM/DJI_202601071424_001/DJI_20260107143259_0005_T.JPG,thermal,data/raw/hkust/20260107_Thermal_HKUST/DCIM/DJI_202601071424_001/DJI_20260107143259_0005_T.JPG,640,512,data/metadata/dji_image_metadata.csv,thermal_profile,EXIF/XMP focal length + focal_length_35mm-derived sensor size,12.0,52.0,35.99392244790114,29.13650161648791,7.79666547283578,6.237332378268624,derived from EXIF/XMP focal_length_35mm and target image aspect,399.28,True,12,3,845073.9326202362,845083.9326202362,822316.525865373,822326.525865373,845078.9326202362,822321.525865373,22.33994488628088,114.26240550834305,10.0,10.0,100.0,False,7,Woodland / shrubland / grassland / wetland,0.8633754786250815,3.0,GIC / open space,0.1366245213749186,high_confidence,"Dominant LUHK land-use assigned by majority overlap between the pilot 10m grid cell and the LUHK 2024 10m raster. This step does not extract thermal temperatures, calculate delta-T, or run prediction. The current pilot stage is thermal-first: outputs are plotted on `_T.JPG` using thermal image geometry and `thermal_profile` assumptions when metadata does not provide FOV or sensor size. Visible `_V.JPG` overlays are deferred. The overlay remains an approximate first-pass visualization using the north-up rectangular footprint assumption.",100.0,"{""31"": 13.66245213749186, ""71"": 86.33754786250815}"
DJI_20260107143259_0005_T__thermal__r012_c004,20260107_Thermal_HKUST/DCIM/DJI_202601071424_001::DJI_20260107143259_0005,DJI_20260107143259_0005_V.JPG,DJI_20260107143259_0005_T.JPG,data/raw/hkust/20260107_Thermal_HKUST/DCIM/DJI_202601071424_001/DJI_20260107143259_0005_V.JPG,data/raw/hkust/20260107_Thermal_HKUST/DCIM/DJI_202601071424_001/DJI_20260107143259_0005_T.JPG,thermal,data/raw/hkust/20260107_Thermal_HKUST/DCIM/DJI_202601071424_001/DJI_20260107143259_0005_T.JPG,640,512,data/metadata/dji_image_metadata.csv,thermal_profile,EXIF/XMP focal length + focal_length_35mm-derived sensor size,12.0,52.0,35.99392244790114,29.13650161648791,7.79666547283578,6.237332378268624,derived from EXIF/XMP focal_length_35mm and target image aspect,399.28,True,12,4,845083.9326202362,845093.9326202362,822316.525865373,822326.525865373,845088.9326202362,822321.525865373,22.33994483498256,114.26250258214152,10.0,10.0,100.0,False,3,GIC / open space,0.6040509649466425,7.0,Woodland / shrubland / grassland / wetland,0.3959490350533576,medium_confidence,"Dominant LUHK land-use assigned by majority overlap between the pilot 10m grid cell and the LUHK 2024 10m raster. This step does not extract thermal temperatures, calculate delta-T, or run prediction. The current pilot stage is thermal-first: outputs are plotted on `_T.JPG` using thermal image geometry and `thermal_profile` assumptions when metadata does not provide FOV or sensor size. Visible `_V.JPG` overlays are deferred. The overlay remains an approximate first-pass visualization using the north-up rectangular footprint assumption.",100.0,"{""31"": 60.40509649466425, ""71"": 39.59490350533576}"
DJI_20260107143259_0005_T__thermal__r012_c005,20260107_Thermal_HKUST/DCIM/DJI_202601071424_001::DJI_20260107143259_0005,DJI_20260107143259_0005_V.JPG,DJI_20260107143259_0005_T.JPG,data/raw/hkust/20260107_Thermal_HKUST/DCIM/DJI_202601071424_001/DJI_20260107143259_0005_V.JPG,data/raw/hkust/20260107_Thermal_HKUST/DCIM/DJI_202601071424_001/DJI_20260107143259_0005_T.JPG,thermal,data/raw/hkust/20260107_Thermal_HKUST/DCIM/DJI_202601071424_001/DJI_20260107143259_0005_T.JPG,640,512,data/metadata/dji_image_metadata.csv,thermal_profile,EXIF/XMP focal length + focal_length_35mm-derived sensor size,12.0,52.0,35.99392244790114,29.13650161648791,7.79666547283578,6.237332378268624,derived from EXIF/XMP focal_length_35mm and target image aspect,399.28,True,12,5,845093.9326202362,845103.9326202362,822316.525865373,822326.525865373,845098.9326202362,822321.525865373,22.339944783626084,114.26259965593972,10.0,10.0,100.0,False,3,GIC / open space,1.0,,,0.0,high_confidence,"Dominant LUHK land-use assigned by majority overlap between the pilot 10m grid cell and the LUHK 2024 10m raster. This step does not extract thermal temperatures, calculate delta-T, or run prediction. The current pilot stage is thermal-first: outputs are plotted on `_T.JPG` using thermal image geometry and `thermal_profile` assumptions when metadata does not provide FOV or sensor size. Visible `_V.JPG` overlays are deferred. The overlay remains an approximate first-pass visualization using the north-up rectangular footprint assumption.",100.0,"{""31"": 100.0}"
DJI_20260107143259_0005_T__thermal__r012_c006,20260107_Thermal_HKUST/DCIM/DJI_202601071424_001::DJI_20260107143259_0005,DJI_20260107143259_0005_V.JPG,DJI_20260107143259_0005_T.JPG,data/raw/hkust/20260107_Thermal_HKUST/DCIM/DJI_202601071424_001/DJI_20260107143259_0005_V.JPG,data/raw/hkust/20260107_Thermal_HKUST/DCIM/DJI_202601071424_001/DJI_20260107143259_0005_T.JPG,thermal,data/raw/hkust/20260107_Thermal_HKUST/DCIM/DJI_202601071424_001/DJI_20260107143259_0005_T.JPG,640,512,data/metadata/dji_image_metadata.csv,thermal_profile,EXIF/XMP focal length + focal_length_35mm-derived sensor size,12.0,52.0,35.99392244790114,29.13650161648791,7.79666547283578,6.237332378268624,derived from EXIF/XMP focal_length_35mm and target image aspect,399.28,True,12,6,845103.9326202362,845113.9326202362,822316.525865373,822326.525865373,845108.9326202362,822321.525865373,22.339944732211446,114.26269672973767,10.0,10.0,100.0,False,3,GIC / open space,1.0,,,0.0,high_confidence,"Dominant LUHK land-use assigned by majority overlap between the pilot 10m grid cell and the LUHK 2024 10m raster. This step does not extract thermal temperatures, calculate delta-T, or run prediction. The current pilot stage is thermal-first: outputs are plotted on `_T.JPG` using thermal image geometry and `thermal_profile` assumptions when metadata does not provide FOV or sensor size. Visible `_V.JPG` overlays are deferred. The overlay remains an approximate first-pass visualization using the north-up rectangular footprint assumption.",100.0,"{""31"": 100.0}"
DJI_20260107143259_0005_T__thermal__r012_c007,20260107_Thermal_HKUST/DCIM/DJI_202601071424_001::DJI_20260107143259_0005,DJI_20260107143259_0005_V.JPG,DJI_20260107143259_0005_T.JPG,data/raw/hkust/20260107_Thermal_HKUST/DCIM/DJI_202601071424_001/DJI_20260107143259_0005_V.JPG,data/raw/hkust/20260107_Thermal_HKUST/DCIM/DJI_202601071424_001/DJI_20260107143259_0005_T.JPG,thermal,data/raw/hkust/20260107_Thermal_HKUST/DCIM/DJI_202601071424_001/DJI_20260107143259_0005_T.JPG,640,512,data/metadata/dji_image_metadata.csv,thermal_profile,EXIF/XMP focal length + focal_length_35mm-derived sensor size,12.0,52.0,35.99392244790114,29.13650161648791,7.79666547283578,6.237332378268624,derived from EXIF/XMP focal_length_35mm and target image aspect,399.28,True,12,7,845113.9326202362,845123.9326202362,822316.525865373,822326.525865373,845118.9326202362,822321.525865373,22.339944680738654,114.2627938035353,10.0,10.0,100.0,False,3,GIC / open space,1.0,,,0.0,high_confidence,"Dominant LUHK land-use assigned by majority overlap between the pilot 10m grid cell and the LUHK 2024 10m raster. This step does not extract thermal temperatures, calculate delta-T, or run prediction. The current pilot stage is thermal-first: outputs are plotted on `_T.JPG` using thermal image geometry and `thermal_profile` assumptions when metadata does not provide FOV or sensor size. Visible `_V.JPG` overlays are deferred. The overlay remains an approximate first-pass visualization using the north-up rectangular footprint assumption.",100.0,"{""31"": 100.0}"
DJI_20260107143259_0005_T__thermal__r012_c008,20260107_Thermal_HKUST/DCIM/DJI_202601071424_001::DJI_20260107143259_0005,DJI_20260107143259_0005_V.JPG,DJI_20260107143259_0005_T.JPG,data/raw/hkust/20260107_Thermal_HKUST/DCIM/DJI_202601071424_001/DJI_20260107143259_0005_V.JPG,data/raw/hkust/20260107_Thermal_HKUST/DCIM/DJI_202601071424_001/DJI_20260107143259_0005_T.JPG,thermal,data/raw/hkust/20260107_Thermal_HKUST/DCIM/DJI_202601071424_001/DJI_20260107143259_0005_T.JPG,640,512,data/metadata/dji_image_metadata.csv,thermal_profile,EXIF/XMP focal length + focal_length_35mm-derived sensor size,12.0,52.0,35.99392244790114,29.13650161648791,7.79666547283578,6.237332378268624,derived from EXIF/XMP focal_length_35mm and target image aspect,399.28,True,12,8,845123.9326202362,845133.9326202362,822316.525865373,822326.525865373,845128.9326202362,822321.525865373,22.3399446292077,114.26289087733267,10.0,10.0,100.0,False,3,GIC / open space,1.0,,,0.0,high_confidence,"Dominant LUHK land-use assigned by majority overlap between the pilot 10m grid cell and the LUHK 2024 10m raster. This step does not extract thermal temperatures, calculate delta-T, or run prediction. The current pilot stage is thermal-first: outputs are plotted on `_T.JPG` using thermal image geometry and `thermal_profile` assumptions when metadata does not provide FOV or sensor size. Visible `_V.JPG` overlays are deferred. The overlay remains an approximate first-pass visualization using the north-up rectangular footprint assumption.",100.0,"{""31"": 100.0}"
DJI_20260107143259_0005_T__thermal__r012_c009,20260107_Thermal_HKUST/DCIM/DJI_202601071424_001::DJI_20260107143259_0005,DJI_20260107143259_0005_V.JPG,DJI_20260107143259_0005_T.JPG,data/raw/hkust/20260107_Thermal_HKUST/DCIM/DJI_202601071424_001/DJI_20260107143259_0005_V.JPG,data/raw/hkust/20260107_Thermal_HKUST/DCIM/DJI_202601071424_001/DJI_20260107143259_0005_T.JPG,thermal,data/raw/hkust/20260107_Thermal_HKUST/DCIM/DJI_202601071424_001/DJI_20260107143259_0005_T.JPG,640,512,data/metadata/dji_image_metadata.csv,thermal_profile,EXIF/XMP focal length + focal_length_35mm-derived sensor size,12.0,52.0,35.99392244790114,29.13650161648791,7.79666547283578,6.237332378268624,derived from EXIF/XMP focal_length_35mm and target image aspect,399.28,True,12,9,845133.9326202362,845143.9326202362,822316.525865373,822326.525865373,845138.9326202362,822321.525865373,22.339944577618596,114.26298795112973,10.0,10.0,100.0,False,3,GIC / open space,1.0,,,0.0,high_confidence,"Dominant LUHK land-use assigned by majority overlap between the pilot 10m grid cell and the LUHK 2024 10m raster. This step does not extract thermal temperatures, calculate delta-T, or run prediction. The current pilot stage is thermal-first: outputs are plotted on `_T.JPG` using thermal image geometry and `thermal_profile` assumptions when metadata does not provide FOV or sensor size. Visible `_V.JPG` overlays are deferred. The overlay remains an approximate first-pass visualization using the north-up rectangular footprint assumption.",100.0,"{""31"": 100.0}"
DJI_20260107143259_0005_T__thermal__r012_c010,20260107_Thermal_HKUST/DCIM/DJI_202601071424_001::DJI_20260107143259_0005,DJI_20260107143259_0005_V.JPG,DJI_20260107143259_0005_T.JPG,data/raw/hkust/20260107_Thermal_HKUST/DCIM/DJI_202601071424_001/DJI_20260107143259_0005_V.JPG,data/raw/hkust/20260107_Thermal_HKUST/DCIM/DJI_202601071424_001/DJI_20260107143259_0005_T.JPG,thermal,data/raw/hkust/20260107_Thermal_HKUST/DCIM/DJI_202601071424_001/DJI_20260107143259_0005_T.JPG,640,512,data/metadata/dji_image_metadata.csv,thermal_profile,EXIF/XMP focal length + focal_length_35mm-derived sensor size,12.0,52.0,35.99392244790114,29.13650161648791,7.79666547283578,6.237332378268624,derived from EXIF/XMP focal_length_35mm and target image aspect,399.28,True,12,10,845143.9326202362,845153.9326202362,822316.525865373,822326.525865373,845148.9326202362,822321.525865373,22.33994452597132,114.26308502492654,10.0,10.0,100.0,False,3,GIC / open space,1.0,,,0.0,high_confidence,"Dominant LUHK land-use assigned by majority overlap between the pilot 10m grid cell and the LUHK 2024 10m raster. This step does not extract thermal temperatures, calculate delta-T, or run prediction. The current pilot stage is thermal-first: outputs are plotted on `_T.JPG` using thermal image geometry and `thermal_profile` assumptions when metadata does not provide FOV or sensor size. Visible `_V.JPG` overlays are deferred. The overlay remains an approximate first-pass visualization using the north-up rectangular footprint assumption.",100.0,"{""31"": 100.0}"
DJI_20260107143259_0005_T__thermal__r012_c011,20260107_Thermal_HKUST/DCIM/DJI_202601071424_001::DJI_20260107143259_0005,DJI_20260107143259_0005_V.JPG,DJI_20260107143259_0005_T.JPG,data/raw/hkust/20260107_Thermal_HKUST/DCIM/DJI_202601071424_001/DJI_20260107143259_0005_V.JPG,data/raw/hkust/20260107_Thermal_HKUST/DCIM/DJI_202601071424_001/DJI_20260107143259_0005_T.JPG,thermal,data/raw/hkust/20260107_Thermal_HKUST/DCIM/DJI_202601071424_001/DJI_20260107143259_0005_T.JPG,640,512,data/metadata/dji_image_metadata.csv,thermal_profile,EXIF/XMP focal length + focal_length_35mm-derived sensor size,12.0,52.0,35.99392244790114,29.13650161648791,7.79666547283578,6.237332378268624,derived from EXIF/XMP focal_length_35mm and target image aspect,399.28,True,12,11,845153.9326202362,845163.9326202362,822316.525865373,822326.525865373,845158.9326202362,822321.525865373,22.339944474265895,114.26318209872308,10.0,10.0,100.0,False,3,GIC / open space,1.0,,,0.0,high_confidence,"Dominant LUHK land-use assigned by majority overlap between the pilot 10m grid cell and the LUHK 2024 10m raster. This step does not extract thermal temperatures, calculate delta-T, or run prediction. The current pilot stage is thermal-first: outputs are plotted on `_T.JPG` using thermal image geometry and `thermal_profile` assumptions when metadata does not provide FOV or sensor size. Visible `_V.JPG` overlays are deferred. The overlay remains an approximate first-pass visualization using the north-up rectangular footprint assumption.",100.0,"{""31"": 100.0}"
DJI_20260107143259_0005_T__thermal__r012_c012,20260107_Thermal_HKUST/DCIM/DJI_202601071424_001::DJI_20260107143259_0005,DJI_20260107143259_0005_V.JPG,DJI_20260107143259_0005_T.JPG,data/raw/hkust/20260107_Thermal_HKUST/DCIM/DJI_202601071424_001/DJI_20260107143259_0005_V.JPG,data/raw/hkust/20260107_Thermal_HKUST/DCIM/DJI_202601071424_001/DJI_20260107143259_0005_T.JPG,thermal,data/raw/hkust/20260107_Thermal_HKUST/DCIM/DJI_202601071424_001/DJI_20260107143259_0005_T.JPG,640,512,data/metadata/dji_image_metadata.csv,thermal_profile,EXIF/XMP focal length + focal_length_35mm-derived sensor size,12.0,52.0,35.99392244790114,29.13650161648791,7.79666547283578,6.237332378268624,derived from EXIF/XMP focal_length_35mm and target image aspect,399.28,True,12,12,845163.9326202362,845173.9326202362,822316.525865373,822326.525865373,845168.9326202362,822321.525865373,22.339944422502292,114.2632791725193,10.0,10.0,100.0,False,3,GIC / open space,1.0,,,0.0,high_confidence,"Dominant LUHK land-use assigned by majority overlap between the pilot 10m grid cell and the LUHK 2024 10m raster. This step does not extract thermal temperatures, calculate delta-T, or run prediction. The current pilot stage is thermal-first: outputs are plotted on `_T.JPG` using thermal image geometry and `thermal_profile` assumptions when metadata does not provide FOV or sensor size. Visible `_V.JPG` overlays are deferred. The overlay remains an approximate first-pass visualization using the north-up rectangular footprint assumption.",100.0,"{""31"": 100.0}"
DJI_20260107143259_0005_T__thermal__r012_c013,20260107_Thermal_HKUST/DCIM/DJI_202601071424_001::DJI_20260107143259_0005,DJI_20260107143259_0005_V.JPG,DJI_20260107143259_0005_T.JPG,data/raw/hkust/20260107_Thermal_HKUST/DCIM/DJI_202601071424_001/DJI_20260107143259_0005_V.JPG,data/raw/hkust/20260107_Thermal_HKUST/DCIM/DJI_202601071424_001/DJI_20260107143259_0005_T.JPG,thermal,data/raw/hkust/20260107_Thermal_HKUST/DCIM/DJI_202601071424_001/DJI_20260107143259_0005_T.JPG,640,512,data/metadata/dji_image_metadata.csv,thermal_profile,EXIF/XMP focal length + focal_length_35mm-derived sensor size,12.0,52.0,35.99392244790114,29.13650161648791,7.79666547283578,6.237332378268624,derived from EXIF/XMP focal_length_35mm and target image aspect,399.28,True,12,13,845173.9326202362,845183.9326202362,822316.525865373,822326.525865373,845178.9326202362,822321.525865373,22.339944370680552,114.26337624631525,10.0,10.0,100.0,False,3,GIC / open space,1.0,,,0.0,high_confidence,"Dominant LUHK land-use assigned by majority overlap between the pilot 10m grid cell and the LUHK 2024 10m raster. This step does not extract thermal temperatures, calculate delta-T, or run prediction. The current pilot stage is thermal-first: outputs are plotted on `_T.JPG` using thermal image geometry and `thermal_profile` assumptions when metadata does not provide FOV or sensor size. Visible `_V.JPG` overlays are deferred. The overlay remains an approximate first-pass visualization using the north-up rectangular footprint assumption.",100.0,"{""31"": 100.0}"
DJI_20260107143259_0005_T__thermal__r012_c014,20260107_Thermal_HKUST/DCIM/DJI_202601071424_001::DJI_20260107143259_0005,DJI_20260107143259_0005_V.JPG,DJI_20260107143259_0005_T.JPG,data/raw/hkust/20260107_Thermal_HKUST/DCIM/DJI_202601071424_001/DJI_20260107143259_0005_V.JPG,data/raw/hkust/20260107_Thermal_HKUST/DCIM/DJI_202601071424_001/DJI_20260107143259_0005_T.JPG,thermal,data/raw/hkust/20260107_Thermal_HKUST/DCIM/DJI_202601071424_001/DJI_20260107143259_0005_T.JPG,640,512,data/metadata/dji_image_metadata.csv,thermal_profile,EXIF/XMP focal length + focal_length_35mm-derived sensor size,12.0,52.0,35.99392244790114,29.13650161648791,7.79666547283578,6.237332378268624,derived from EXIF/XMP focal_length_35mm and target image aspect,399.28,True,12,14,845183.9326202362,845193.9326202362,822316.525865373,822326.525865373,845188.9326202362,822321.525865373,22.33994431880064,114.26347332011095,10.0,10.0,100.0,False,3,GIC / open space,1.0,,,0.0,high_confidence,"Dominant LUHK land-use assigned by majority overlap between the pilot 10m grid cell and the LUHK 2024 10m raster. This step does not extract thermal temperatures, calculate delta-T, or run prediction. The current pilot stage is thermal-first: outputs are plotted on `_T.JPG` using thermal image geometry and `thermal_profile` assumptions when metadata does not provide FOV or sensor size. Visible `_V.JPG` overlays are deferred. The overlay remains an approximate first-pass visualization using the north-up rectangular footprint assumption.",100.0,"{""31"": 100.0}"
DJI_20260107143259_0005_T__thermal__r012_c015,20260107_Thermal_HKUST/DCIM/DJI_202601071424_001::DJI_20260107143259_0005,DJI_20260107143259_0005_V.JPG,DJI_20260107143259_0005_T.JPG,data/raw/hkust/20260107_Thermal_HKUST/DCIM/DJI_202601071424_001/DJI_20260107143259_0005_V.JPG,data/raw/hkust/20260107_Thermal_HKUST/DCIM/DJI_202601071424_001/DJI_20260107143259_0005_T.JPG,thermal,data/raw/hkust/20260107_Thermal_HKUST/DCIM/DJI_202601071424_001/DJI_20260107143259_0005_T.JPG,640,512,data/metadata/dji_image_metadata.csv,thermal_profile,EXIF/XMP focal length + focal_length_35mm-derived sensor size,12.0,52.0,35.99392244790114,29.13650161648791,7.79666547283578,6.237332378268624,derived from EXIF/XMP focal_length_35mm and target image aspect,399.28,True,12,15,845193.9326202362,845203.9326202362,822316.525865373,822326.525865373,845198.9326202362,822321.525865373,22.339944266862574,114.26357039390633,10.0,10.0,100.0,False,3,GIC / open space,1.0,,,0.0,high_confidence,"Dominant LUHK land-use assigned by majority overlap between the pilot 10m grid cell and the LUHK 2024 10m raster. This step does not extract thermal temperatures, calculate delta-T, or run prediction. The current pilot stage is thermal-first: outputs are plotted on `_T.JPG` using thermal image geometry and `thermal_profile` assumptions when metadata does not provide FOV or sensor size. Visible `_V.JPG` overlays are deferred. The overlay remains an approximate first-pass visualization using the north-up rectangular footprint assumption.",100.0,"{""31"": 100.0}"
DJI_20260107143259_0005_T__thermal__r012_c016,20260107_Thermal_HKUST/DCIM/DJI_202601071424_001::DJI_20260107143259_0005,DJI_20260107143259_0005_V.JPG,DJI_20260107143259_0005_T.JPG,data/raw/hkust/20260107_Thermal_HKUST/DCIM/DJI_202601071424_001/DJI_20260107143259_0005_V.JPG,data/raw/hkust/20260107_Thermal_HKUST/DCIM/DJI_202601071424_001/DJI_20260107143259_0005_T.JPG,thermal,data/raw/hkust/20260107_Thermal_HKUST/DCIM/DJI_202601071424_001/DJI_20260107143259_0005_T.JPG,640,512,data/metadata/dji_image_metadata.csv,thermal_profile,EXIF/XMP focal length + focal_length_35mm-derived sensor size,12.0,52.0,35.99392244790114,29.13650161648791,7.79666547283578,6.237332378268624,derived from EXIF/XMP focal_length_35mm and target image aspect,399.28,True,12,16,845203.9326202362,845213.9326202362,822316.525865373,822326.525865373,845208.9326202362,822321.525865373,22.339944214866357,114.26366746770144,10.0,10.0,100.0,False,3,GIC / open space,1.0,,,0.0,high_confidence,"Dominant LUHK land-use assigned by majority overlap between the pilot 10m grid cell and the LUHK 2024 10m raster. This step does not extract thermal temperatures, calculate delta-T, or run prediction. The current pilot stage is thermal-first: outputs are plotted on `_T.JPG` using thermal image geometry and `thermal_profile` assumptions when metadata does not provide FOV or sensor size. Visible `_V.JPG` overlays are deferred. The overlay remains an approximate first-pass visualization using the north-up rectangular footprint assumption.",100.0,"{""31"": 100.0}"
DJI_20260107143259_0005_T__thermal__r012_c017,20260107_Thermal_HKUST/DCIM/DJI_202601071424_001::DJI_20260107143259_0005,DJI_20260107143259_0005_V.JPG,DJI_20260107143259_0005_T.JPG,data/raw/hkust/20260107_Thermal_HKUST/DCIM/DJI_202601071424_001/DJI_20260107143259_0005_V.JPG,data/raw/hkust/20260107_Thermal_HKUST/DCIM/DJI_202601071424_001/DJI_20260107143259_0005_T.JPG,thermal,data/raw/hkust/20260107_Thermal_HKUST/DCIM/DJI_202601071424_001/DJI_20260107143259_0005_T.JPG,640,512,data/metadata/dji_image_metadata.csv,thermal_profile,EXIF/XMP focal length + focal_length_35mm-derived sensor size,12.0,52.0,35.99392244790114,29.13650161648791,7.79666547283578,6.237332378268624,derived from EXIF/XMP focal_length_35mm and target image aspect,399.28,True,12,17,845213.9326202362,845223.9326202362,822316.525865373,822326.525865373,845218.9326202362,822321.525865373,22.339944162811967,114.26376454149629,10.0,10.0,100.0,False,3,GIC / open space,1.0,,,0.0,high_confidence,"Dominant LUHK land-use assigned by majority overlap between the pilot 10m grid cell and the LUHK 2024 10m raster. This step does not extract thermal temperatures, calculate delta-T, or run prediction. The current pilot stage is thermal-first: outputs are plotted on `_T.JPG` using thermal image geometry and `thermal_profile` assumptions when metadata does not provide FOV or sensor size. Visible `_V.JPG` overlays are deferred. The overlay remains an approximate first-pass visualization using the north-up rectangular footprint assumption.",100.0,"{""31"": 100.0}"
DJI_20260107143259_0005_T__thermal__r012_c018,20260107_Thermal_HKUST/DCIM/DJI_202601071424_001::DJI_20260107143259_0005,DJI_20260107143259_0005_V.JPG,DJI_20260107143259_0005_T.JPG,data/raw/hkust/20260107_Thermal_HKUST/DCIM/DJI_202601071424_001/DJI_20260107143259_0005_V.JPG,data/raw/hkust/20260107_Thermal_HKUST/DCIM/DJI_202601071424_001/DJI_20260107143259_0005_T.JPG,thermal,data/raw/hkust/20260107_Thermal_HKUST/DCIM/DJI_202601071424_001/DJI_20260107143259_0005_T.JPG,640,512,data/metadata/dji_image_metadata.csv,thermal_profile,EXIF/XMP focal length + focal_length_35mm-derived sensor size,12.0,52.0,35.99392244790114,29.13650161648791,7.79666547283578,6.237332378268624,derived from EXIF/XMP focal_length_35mm and target image aspect,399.28,True,12,18,845223.9326202362,845233.9326202362,822316.525865373,822326.525865373,845228.9326202362,822321.525865373,22.339944110699417,114.26386161529082,10.0,10.0,100.0,False,3,GIC / open space,1.0,,,0.0,high_confidence,"Dominant LUHK land-use assigned by majority overlap between the pilot 10m grid cell and the LUHK 2024 10m raster. This step does not extract thermal temperatures, calculate delta-T, or run prediction. The current pilot stage is thermal-first: outputs are plotted on `_T.JPG` using thermal image geometry and `thermal_profile` assumptions when metadata does not provide FOV or sensor size. Visible `_V.JPG` overlays are deferred. The overlay remains an approximate first-pass visualization using the north-up rectangular footprint assumption.",100.0,"{""31"": 100.0}"
DJI_20260107143259_0005_T__thermal__r012_c019,20260107_Thermal_HKUST/DCIM/DJI_202601071424_001::DJI_20260107143259_0005,DJI_20260107143259_0005_V.JPG,DJI_20260107143259_0005_T.JPG,data/raw/hkust/20260107_Thermal_HKUST/DCIM/DJI_202601071424_001/DJI_20260107143259_0005_V.JPG,data/raw/hkust/20260107_Thermal_HKUST/DCIM/DJI_202601071424_001/DJI_20260107143259_0005_T.JPG,thermal,data/raw/hkust/20260107_Thermal_HKUST/DCIM/DJI_202601071424_001/DJI_20260107143259_0005_T.JPG,640,512,data/metadata/dji_image_metadata.csv,thermal_profile,EXIF/XMP focal length + focal_length_35mm-derived sensor size,12.0,52.0,35.99392244790114,29.13650161648791,7.79666547283578,6.237332378268624,derived from EXIF/XMP focal_length_35mm and target image aspect,399.28,True,12,19,845233.9326202362,845243.9326202362,822316.525865373,822326.525865373,845238.9326202362,822321.525865373,22.33994405852872,114.26395868908511,10.0,10.0,100.0,False,3,GIC / open space,1.0,,,0.0,high_confidence,"Dominant LUHK land-use assigned by majority overlap between the pilot 10m grid cell and the LUHK 2024 10m raster. This step does not extract thermal temperatures, calculate delta-T, or run prediction. The current pilot stage is thermal-first: outputs are plotted on `_T.JPG` using thermal image geometry and `thermal_profile` assumptions when metadata does not provide FOV or sensor size. Visible `_V.JPG` overlays are deferred. The overlay remains an approximate first-pass visualization using the north-up rectangular footprint assumption.",100.0,"{""31"": 100.0}"
DJI_20260107143259_0005_T__thermal__r012_c020,20260107_Thermal_HKUST/DCIM/DJI_202601071424_001::DJI_20260107143259_0005,DJI_20260107143259_0005_V.JPG,DJI_20260107143259_0005_T.JPG,data/raw/hkust/20260107_Thermal_HKUST/DCIM/DJI_202601071424_001/DJI_20260107143259_0005_V.JPG,data/raw/hkust/20260107_Thermal_HKUST/DCIM/DJI_202601071424_001/DJI_20260107143259_0005_T.JPG,thermal,data/raw/hkust/20260107_Thermal_HKUST/DCIM/DJI_202601071424_001/DJI_20260107143259_0005_T.JPG,640,512,data/metadata/dji_image_metadata.csv,thermal_profile,EXIF/XMP focal length + focal_length_35mm-derived sensor size,12.0,52.0,35.99392244790114,29.13650161648791,7.79666547283578,6.237332378268624,derived from EXIF/XMP focal_length_35mm and target image aspect,399.28,True,12,20,845243.9326202362,845253.9326202362,822316.525865373,822326.525865373,845248.9326202362,822321.525865373,22.339944006299856,114.26405576287908,10.0,10.0,100.0,False,3,GIC / open space,1.0,,,0.0,high_confidence,"Dominant LUHK land-use assigned by majority overlap between the pilot 10m grid cell and the LUHK 2024 10m raster. This step does not extract thermal temperatures, calculate delta-T, or run prediction. The current pilot stage is thermal-first: outputs are plotted on `_T.JPG` using thermal image geometry and `thermal_profile` assumptions when metadata does not provide FOV or sensor size. Visible `_V.JPG` overlays are deferred. The overlay remains an approximate first-pass visualization using the north-up rectangular footprint assumption.",100.0,"{""31"": 100.0}"
DJI_20260107143259_0005_T__thermal__r012_c021,20260107_Thermal_HKUST/DCIM/DJI_202601071424_001::DJI_20260107143259_0005,DJI_20260107143259_0005_V.JPG,DJI_20260107143259_0005_T.JPG,data/raw/hkust/20260107_Thermal_HKUST/DCIM/DJI_202601071424_001/DJI_20260107143259_0005_V.JPG,data/raw/hkust/20260107_Thermal_HKUST/DCIM/DJI_202601071424_001/DJI_20260107143259_0005_T.JPG,thermal,data/raw/hkust/20260107_Thermal_HKUST/DCIM/DJI_202601071424_001/DJI_20260107143259_0005_T.JPG,640,512,data/metadata/dji_image_metadata.csv,thermal_profile,EXIF/XMP focal length + focal_length_35mm-derived sensor size,12.0,52.0,35.99392244790114,29.13650161648791,7.79666547283578,6.237332378268624,derived from EXIF/XMP focal_length_35mm and target image aspect,399.28,True,12,21,845253.9326202362,845263.9326202362,822316.525865373,822326.525865373,845258.9326202362,822321.525865373,22.339943954012835,114.26415283667278,10.0,10.0,100.0,False,3,GIC / open space,1.0,,,0.0,high_confidence,"Dominant LUHK land-use assigned by majority overlap between the pilot 10m grid cell and the LUHK 2024 10m raster. This step does not extract thermal temperatures, calculate delta-T, or run prediction. The current pilot stage is thermal-first: outputs are plotted on `_T.JPG` using thermal image geometry and `thermal_profile` assumptions when metadata does not provide FOV or sensor size. Visible `_V.JPG` overlays are deferred. The overlay remains an approximate first-pass visualization using the north-up rectangular footprint assumption.",100.0,"{""31"": 100.0}"
DJI_20260107143259_0005_T__thermal__r012_c022,20260107_Thermal_HKUST/DCIM/DJI_202601071424_001::DJI_20260107143259_0005,DJI_20260107143259_0005_V.JPG,DJI_20260107143259_0005_T.JPG,data/raw/hkust/20260107_Thermal_HKUST/DCIM/DJI_202601071424_001/DJI_20260107143259_0005_V.JPG,data/raw/hkust/20260107_Thermal_HKUST/DCIM/DJI_202601071424_001/DJI_20260107143259_0005_T.JPG,thermal,data/raw/hkust/20260107_Thermal_HKUST/DCIM/DJI_202601071424_001/DJI_20260107143259_0005_T.JPG,640,512,data/metadata/dji_image_metadata.csv,thermal_profile,EXIF/XMP focal length + focal_length_35mm-derived sensor size,12.0,52.0,35.99392244790114,29.13650161648791,7.79666547283578,6.237332378268624,derived from EXIF/XMP focal_length_35mm and target image aspect,399.28,True,12,22,845263.9326202362,845273.9326202362,822316.525865373,822326.525865373,845268.9326202362,822321.525865373,22.33994390166766,114.26424991046618,10.0,10.0,100.0,False,3,GIC / open space,1.0,,,0.0,high_confidence,"Dominant LUHK land-use assigned by majority overlap between the pilot 10m grid cell and the LUHK 2024 10m raster. This step does not extract thermal temperatures, calculate delta-T, or run prediction. The current pilot stage is thermal-first: outputs are plotted on `_T.JPG` using thermal image geometry and `thermal_profile` assumptions when metadata does not provide FOV or sensor size. Visible `_V.JPG` overlays are deferred. The overlay remains an approximate first-pass visualization using the north-up rectangular footprint assumption.",100.0,"{""31"": 100.0}"
DJI_20260107143259_0005_T__thermal__r012_c023,20260107_Thermal_HKUST/DCIM/DJI_202601071424_001::DJI_20260107143259_0005,DJI_20260107143259_0005_V.JPG,DJI_20260107143259_0005_T.JPG,data/raw/hkust/20260107_Thermal_HKUST/DCIM/DJI_202601071424_001/DJI_20260107143259_0005_V.JPG,data/raw/hkust/20260107_Thermal_HKUST/DCIM/DJI_202601071424_001/DJI_20260107143259_0005_T.JPG,thermal,data/raw/hkust/20260107_Thermal_HKUST/DCIM/DJI_202601071424_001/DJI_20260107143259_0005_T.JPG,640,512,data/metadata/dji_image_metadata.csv,thermal_profile,EXIF/XMP focal length + focal_length_35mm-derived sensor size,12.0,52.0,35.99392244790114,29.13650161648791,7.79666547283578,6.237332378268624,derived from EXIF/XMP focal_length_35mm and target image aspect,399.28,True,12,23,845273.9326202362,845283.9326202362,822316.525865373,822326.525865373,845278.9326202362,822321.525865373,22.339943849264316,114.26434698425932,10.0,10.0,100.0,False,3,GIC / open space,1.0,,,0.0,high_confidence,"Dominant LUHK land-use assigned by majority overlap between the pilot 10m grid cell and the LUHK 2024 10m raster. This step does not extract thermal temperatures, calculate delta-T, or run prediction. The current pilot stage is thermal-first: outputs are plotted on `_T.JPG` using thermal image geometry and `thermal_profile` assumptions when metadata does not provide FOV or sensor size. Visible `_V.JPG` overlays are deferred. The overlay remains an approximate first-pass visualization using the north-up rectangular footprint assumption.",100.0,"{""31"": 100.0}"
DJI_20260107143259_0005_T__thermal__r012_c024,20260107_Thermal_HKUST/DCIM/DJI_202601071424_001::DJI_20260107143259_0005,DJI_20260107143259_0005_V.JPG,DJI_20260107143259_0005_T.JPG,data/raw/hkust/20260107_Thermal_HKUST/DCIM/DJI_202601071424_001/DJI_20260107143259_0005_V.JPG,data/raw/hkust/20260107_Thermal_HKUST/DCIM/DJI_202601071424_001/DJI_20260107143259_0005_T.JPG,thermal,data/raw/hkust/20260107_Thermal_HKUST/DCIM/DJI_202601071424_001/DJI_20260107143259_0005_T.JPG,640,512,data/metadata/dji_image_metadata.csv,thermal_profile,EXIF/XMP focal length + focal_length_35mm-derived sensor size,12.0,52.0,35.99392244790114,29.13650161648791,7.79666547283578,6.237332378268624,derived from EXIF/XMP focal_length_35mm and target image aspect,399.28,True,12,24,845283.9326202362,845293.9326202362,822316.525865373,822326.525865373,845288.9326202362,822321.525865373,22.33994379680283,114.26444405805218,10.0,10.0,100.0,False,3,GIC / open space,1.0,,,0.0,high_confidence,"Dominant LUHK land-use assigned by majority overlap between the pilot 10m grid cell and the LUHK 2024 10m raster. This step does not extract thermal temperatures, calculate delta-T, or run prediction. The current pilot stage is thermal-first: outputs are plotted on `_T.JPG` using thermal image geometry and `thermal_profile` assumptions when metadata does not provide FOV or sensor size. Visible `_V.JPG` overlays are deferred. The overlay remains an approximate first-pass visualization using the north-up rectangular footprint assumption.",100.0,"{""31"": 100.0}"
DJI_20260107143259_0005_T__thermal__r012_c025,20260107_Thermal_HKUST/DCIM/DJI_202601071424_001::DJI_20260107143259_0005,DJI_20260107143259_0005_V.JPG,DJI_20260107143259_0005_T.JPG,data/raw/hkust/20260107_Thermal_HKUST/DCIM/DJI_202601071424_001/DJI_20260107143259_0005_V.JPG,data/raw/hkust/20260107_Thermal_HKUST/DCIM/DJI_202601071424_001/DJI_20260107143259_0005_T.JPG,thermal,data/raw/hkust/20260107_Thermal_HKUST/DCIM/DJI_202601071424_001/DJI_20260107143259_0005_T.JPG,640,512,data/metadata/dji_image_metadata.csv,thermal_profile,EXIF/XMP focal length + focal_length_35mm-derived sensor size,12.0,52.0,35.99392244790114,29.13650161648791,7.79666547283578,6.237332378268624,derived from EXIF/XMP focal_length_35mm and target image aspect,399.28,True,12,25,845293.9326202362,845303.3536694024,822316.525865373,822326.525865373,845298.6431448193,822321.525865373,22.339943745804305,114.26453832179708,9.421049166237935,10.0,94.21049166237935,True,3,GIC / open space,1.0,,,0.0,high_confidence,"Dominant LUHK land-use assigned by majority overlap between the pilot 10m grid cell and the LUHK 2024 10m raster. This step does not extract thermal temperatures, calculate delta-T, or run prediction. The current pilot stage is thermal-first: outputs are plotted on `_T.JPG` using thermal image geometry and `thermal_profile` assumptions when metadata does not provide FOV or sensor size. Visible `_V.JPG` overlays are deferred. The overlay remains an approximate first-pass visualization using the north-up rectangular footprint assumption.",94.21049166237935,"{""31"": 94.21049166237935}"
DJI_20260107143259_0005_T__thermal__r013_c000,20260107_Thermal_HKUST/DCIM/DJI_202601071424_001::DJI_20260107143259_0005,DJI_20260107143259_0005_V.JPG,DJI_20260107143259_0005_T.JPG,data/raw/hkust/20260107_Thermal_HKUST/DCIM/DJI_202601071424_001/DJI_20260107143259_0005_V.JPG,data/raw/hkust/20260107_Thermal_HKUST/DCIM/DJI_202601071424_001/DJI_20260107143259_0005_T.JPG,thermal,data/raw/hkust/20260107_Thermal_HKUST/DCIM/DJI_202601071424_001/DJI_20260107143259_0005_T.JPG,640,512,data/metadata/dji_image_metadata.csv,thermal_profile,EXIF/XMP focal length + focal_length_35mm-derived sensor size,12.0,52.0,35.99392244790114,29.13650161648791,7.79666547283578,6.237332378268624,derived from EXIF/XMP focal_length_35mm and target image aspect,399.28,True,13,0,845043.9326202362,845053.9326202362,822306.525865373,822316.525865373,845048.9326202362,822311.525865373,22.339854734207034,114.26211423202183,10.0,10.0,100.0,False,7,Woodland / shrubland / grassland / wetland,1.0,,,0.0,high_confidence,"Dominant LUHK land-use assigned by majority overlap between the pilot 10m grid cell and the LUHK 2024 10m raster. This step does not extract thermal temperatures, calculate delta-T, or run prediction. The current pilot stage is thermal-first: outputs are plotted on `_T.JPG` using thermal image geometry and `thermal_profile` assumptions when metadata does not provide FOV or sensor size. Visible `_V.JPG` overlays are deferred. The overlay remains an approximate first-pass visualization using the north-up rectangular footprint assumption.",100.0,"{""71"": 100.0}"
DJI_20260107143259_0005_T__thermal__r013_c001,20260107_Thermal_HKUST/DCIM/DJI_202601071424_001::DJI_20260107143259_0005,DJI_20260107143259_0005_V.JPG,DJI_20260107143259_0005_T.JPG,data/raw/hkust/20260107_Thermal_HKUST/DCIM/DJI_202601071424_001/DJI_20260107143259_0005_V.JPG,data/raw/hkust/20260107_Thermal_HKUST/DCIM/DJI_202601071424_001/DJI_20260107143259_0005_T.JPG,thermal,data/raw/hkust/20260107_Thermal_HKUST/DCIM/DJI_202601071424_001/DJI_20260107143259_0005_T.JPG,640,512,data/metadata/dji_image_metadata.csv,thermal_profile,EXIF/XMP focal length + focal_length_35mm-derived sensor size,12.0,52.0,35.99392244790114,29.13650161648791,7.79666547283578,6.237332378268624,derived from EXIF/XMP focal_length_35mm and target image aspect,399.28,True,13,1,845053.9326202362,845063.9326202362,822306.525865373,822316.525865373,845058.9326202362,822311.525865373,22.339854683083416,114.26221130575861,10.0,10.0,100.0,False,7,Woodland / shrubland / grassland / wetland,1.0,,,0.0,high_confidence,"Dominant LUHK land-use assigned by majority overlap between the pilot 10m grid cell and the LUHK 2024 10m raster. This step does not extract thermal temperatures, calculate delta-T, or run prediction. The current pilot stage is thermal-first: outputs are plotted on `_T.JPG` using thermal image geometry and `thermal_profile` assumptions when metadata does not provide FOV or sensor size. Visible `_V.JPG` overlays are deferred. The overlay remains an approximate first-pass visualization using the north-up rectangular footprint assumption.",100.0,"{""71"": 100.0}"
DJI_20260107143259_0005_T__thermal__r013_c002,20260107_Thermal_HKUST/DCIM/DJI_202601071424_001::DJI_20260107143259_0005,DJI_20260107143259_0005_V.JPG,DJI_20260107143259_0005_T.JPG,data/raw/hkust/20260107_Thermal_HKUST/DCIM/DJI_202601071424_001/DJI_20260107143259_0005_V.JPG,data/raw/hkust/20260107_Thermal_HKUST/DCIM/DJI_202601071424_001/DJI_20260107143259_0005_T.JPG,thermal,data/raw/hkust/20260107_Thermal_HKUST/DCIM/DJI_202601071424_001/DJI_20260107143259_0005_T.JPG,640,512,data/metadata/dji_image_metadata.csv,thermal_profile,EXIF/XMP focal length + focal_length_35mm-derived sensor size,12.0,52.0,35.99392244790114,29.13650161648791,7.79666547283578,6.237332378268624,derived from EXIF/XMP focal_length_35mm and target image aspect,399.28,True,13,2,845063.9326202362,845073.9326202362,822306.525865373,822316.525865373,845068.9326202362,822311.525865373,22.33985463190164,114.26230837949512,10.0,10.0,100.0,False,7,Woodland / shrubland / grassland / wetland,1.0,,,0.0,high_confidence,"Dominant LUHK land-use assigned by majority overlap between the pilot 10m grid cell and the LUHK 2024 10m raster. This step does not extract thermal temperatures, calculate delta-T, or run prediction. The current pilot stage is thermal-first: outputs are plotted on `_T.JPG` using thermal image geometry and `thermal_profile` assumptions when metadata does not provide FOV or sensor size. Visible `_V.JPG` overlays are deferred. The overlay remains an approximate first-pass visualization using the north-up rectangular footprint assumption.",100.0,"{""71"": 100.0}"
DJI_20260107143259_0005_T__thermal__r013_c003,20260107_Thermal_HKUST/DCIM/DJI_202601071424_001::DJI_20260107143259_0005,DJI_20260107143259_0005_V.JPG,DJI_20260107143259_0005_T.JPG,data/raw/hkust/20260107_Thermal_HKUST/DCIM/DJI_202601071424_001/DJI_20260107143259_0005_V.JPG,data/raw/hkust/20260107_Thermal_HKUST/DCIM/DJI_202601071424_001/DJI_20260107143259_0005_T.JPG,thermal,data/raw/hkust/20260107_Thermal_HKUST/DCIM/DJI_202601071424_001/DJI_20260107143259_0005_T.JPG,640,512,data/metadata/dji_image_metadata.csv,thermal_profile,EXIF/XMP focal length + focal_length_35mm-derived sensor size,12.0,52.0,35.99392244790114,29.13650161648791,7.79666547283578,6.237332378268624,derived from EXIF/XMP focal_length_35mm and target image aspect,399.28,True,13,3,845073.9326202362,845083.9326202362,822306.525865373,822316.525865373,845078.9326202362,822311.525865373,22.33985458066171,114.26240545323137,10.0,10.0,100.0,False,7,Woodland / shrubland / grassland / wetland,0.6067379763815552,3.0,GIC / open space,0.3932620236184448,medium_confidence,"Dominant LUHK land-use assigned by majority overlap between the pilot 10m grid cell and the LUHK 2024 10m raster. This step does not extract thermal temperatures, calculate delta-T, or run prediction. The current pilot stage is thermal-first: outputs are plotted on `_T.JPG` using thermal image geometry and `thermal_profile` assumptions when metadata does not provide FOV or sensor size. Visible `_V.JPG` overlays are deferred. The overlay remains an approximate first-pass visualization using the north-up rectangular footprint assumption.",100.0,"{""31"": 39.32620236184448, ""71"": 60.67379763815552}"
DJI_20260107143259_0005_T__thermal__r013_c004,20260107_Thermal_HKUST/DCIM/DJI_202601071424_001::DJI_20260107143259_0005,DJI_20260107143259_0005_V.JPG,DJI_20260107143259_0005_T.JPG,data/raw/hkust/20260107_Thermal_HKUST/DCIM/DJI_202601071424_001/DJI_20260107143259_0005_V.JPG,data/raw/hkust/20260107_Thermal_HKUST/DCIM/DJI_202601071424_001/DJI_20260107143259_0005_T.JPG,thermal,data/raw/hkust/20260107_Thermal_HKUST/DCIM/DJI_202601071424_001/DJI_20260107143259_0005_T.JPG,640,512,data/metadata/dji_image_metadata.csv,thermal_profile,EXIF/XMP focal length + focal_length_35mm-derived sensor size,12.0,52.0,35.99392244790114,29.13650161648791,7.79666547283578,6.237332378268624,derived from EXIF/XMP focal_length_35mm and target image aspect,399.28,True,13,4,845083.9326202362,845093.9326202362,822306.525865373,822316.525865373,845088.9326202362,822311.525865373,22.339854529363617,114.26250252696732,10.0,10.0,100.0,False,3,GIC / open space,1.0,,,0.0,high_confidence,"Dominant LUHK land-use assigned by majority overlap between the pilot 10m grid cell and the LUHK 2024 10m raster. This step does not extract thermal temperatures, calculate delta-T, or run prediction. The current pilot stage is thermal-first: outputs are plotted on `_T.JPG` using thermal image geometry and `thermal_profile` assumptions when metadata does not provide FOV or sensor size. Visible `_V.JPG` overlays are deferred. The overlay remains an approximate first-pass visualization using the north-up rectangular footprint assumption.",100.0,"{""31"": 100.0}"
DJI_20260107143259_0005_T__thermal__r013_c005,20260107_Thermal_HKUST/DCIM/DJI_202601071424_001::DJI_20260107143259_0005,DJI_20260107143259_0005_V.JPG,DJI_20260107143259_0005_T.JPG,data/raw/hkust/20260107_Thermal_HKUST/DCIM/DJI_202601071424_001/DJI_20260107143259_0005_V.JPG,data/raw/hkust/20260107_Thermal_HKUST/DCIM/DJI_202601071424_001/DJI_20260107143259_0005_T.JPG,thermal,data/raw/hkust/20260107_Thermal_HKUST/DCIM/DJI_202601071424_001/DJI_20260107143259_0005_T.JPG,640,512,data/metadata/dji_image_metadata.csv,thermal_profile,EXIF/XMP focal length + focal_length_35mm-derived sensor size,12.0,52.0,35.99392244790114,29.13650161648791,7.79666547283578,6.237332378268624,derived from EXIF/XMP focal_length_35mm and target image aspect,399.28,True,13,5,845093.9326202362,845103.9326202362,822306.525865373,822316.525865373,845098.9326202362,822311.525865373,22.339854478007357,114.26259960070301,10.0,10.0,100.0,False,3,GIC / open space,1.0,,,0.0,high_confidence,"Dominant LUHK land-use assigned by majority overlap between the pilot 10m grid cell and the LUHK 2024 10m raster. This step does not extract thermal temperatures, calculate delta-T, or run prediction. The current pilot stage is thermal-first: outputs are plotted on `_T.JPG` using thermal image geometry and `thermal_profile` assumptions when metadata does not provide FOV or sensor size. Visible `_V.JPG` overlays are deferred. The overlay remains an approximate first-pass visualization using the north-up rectangular footprint assumption.",100.0,"{""31"": 100.0}"
DJI_20260107143259_0005_T__thermal__r013_c006,20260107_Thermal_HKUST/DCIM/DJI_202601071424_001::DJI_20260107143259_0005,DJI_20260107143259_0005_V.JPG,DJI_20260107143259_0005_T.JPG,data/raw/hkust/20260107_Thermal_HKUST/DCIM/DJI_202601071424_001/DJI_20260107143259_0005_V.JPG,data/raw/hkust/20260107_Thermal_HKUST/DCIM/DJI_202601071424_001/DJI_20260107143259_0005_T.JPG,thermal,data/raw/hkust/20260107_Thermal_HKUST/DCIM/DJI_202601071424_001/DJI_20260107143259_0005_T.JPG,640,512,data/metadata/dji_image_metadata.csv,thermal_profile,EXIF/XMP focal length + focal_length_35mm-derived sensor size,12.0,52.0,35.99392244790114,29.13650161648791,7.79666547283578,6.237332378268624,derived from EXIF/XMP focal_length_35mm and target image aspect,399.28,True,13,6,845103.9326202362,845113.9326202362,822306.525865373,822316.525865373,845108.9326202362,822311.525865373,22.339854426592954,114.26269667443842,10.0,10.0,100.0,False,3,GIC / open space,1.0,,,0.0,high_confidence,"Dominant LUHK land-use assigned by majority overlap between the pilot 10m grid cell and the LUHK 2024 10m raster. This step does not extract thermal temperatures, calculate delta-T, or run prediction. The current pilot stage is thermal-first: outputs are plotted on `_T.JPG` using thermal image geometry and `thermal_profile` assumptions when metadata does not provide FOV or sensor size. Visible `_V.JPG` overlays are deferred. The overlay remains an approximate first-pass visualization using the north-up rectangular footprint assumption.",100.0,"{""31"": 100.0}"
DJI_20260107143259_0005_T__thermal__r013_c007,20260107_Thermal_HKUST/DCIM/DJI_202601071424_001::DJI_20260107143259_0005,DJI_20260107143259_0005_V.JPG,DJI_20260107143259_0005_T.JPG,data/raw/hkust/20260107_Thermal_HKUST/DCIM/DJI_202601071424_001/DJI_20260107143259_0005_V.JPG,data/raw/hkust/20260107_Thermal_HKUST/DCIM/DJI_202601071424_001/DJI_20260107143259_0005_T.JPG,thermal,data/raw/hkust/20260107_Thermal_HKUST/DCIM/DJI_202601071424_001/DJI_20260107143259_0005_T.JPG,640,512,data/metadata/dji_image_metadata.csv,thermal_profile,EXIF/XMP focal length + focal_length_35mm-derived sensor size,12.0,52.0,35.99392244790114,29.13650161648791,7.79666547283578,6.237332378268624,derived from EXIF/XMP focal_length_35mm and target image aspect,399.28,True,13,7,845113.9326202362,845123.9326202362,822306.525865373,822316.525865373,845118.9326202362,822311.525865373,22.33985437512039,114.26279374817354,10.0,10.0,100.0,False,3,GIC / open space,1.0,,,0.0,high_confidence,"Dominant LUHK land-use assigned by majority overlap between the pilot 10m grid cell and the LUHK 2024 10m raster. This step does not extract thermal temperatures, calculate delta-T, or run prediction. The current pilot stage is thermal-first: outputs are plotted on `_T.JPG` using thermal image geometry and `thermal_profile` assumptions when metadata does not provide FOV or sensor size. Visible `_V.JPG` overlays are deferred. The overlay remains an approximate first-pass visualization using the north-up rectangular footprint assumption.",100.0,"{""31"": 100.0}"
DJI_20260107143259_0005_T__thermal__r013_c008,20260107_Thermal_HKUST/DCIM/DJI_202601071424_001::DJI_20260107143259_0005,DJI_20260107143259_0005_V.JPG,DJI_20260107143259_0005_T.JPG,data/raw/hkust/20260107_Thermal_HKUST/DCIM/DJI_202601071424_001/DJI_20260107143259_0005_V.JPG,data/raw/hkust/20260107_Thermal_HKUST/DCIM/DJI_202601071424_001/DJI_20260107143259_0005_T.JPG,thermal,data/raw/hkust/20260107_Thermal_HKUST/DCIM/DJI_202601071424_001/DJI_20260107143259_0005_T.JPG,640,512,data/metadata/dji_image_metadata.csv,thermal_profile,EXIF/XMP focal length + focal_length_35mm-derived sensor size,12.0,52.0,35.99392244790114,29.13650161648791,7.79666547283578,6.237332378268624,derived from EXIF/XMP focal_length_35mm and target image aspect,399.28,True,13,8,845123.9326202362,845133.9326202362,822306.525865373,822316.525865373,845128.9326202362,822311.525865373,22.33985432358966,114.26289082190837,10.0,10.0,100.0,False,3,GIC / open space,1.0,,,0.0,high_confidence,"Dominant LUHK land-use assigned by majority overlap between the pilot 10m grid cell and the LUHK 2024 10m raster. This step does not extract thermal temperatures, calculate delta-T, or run prediction. The current pilot stage is thermal-first: outputs are plotted on `_T.JPG` using thermal image geometry and `thermal_profile` assumptions when metadata does not provide FOV or sensor size. Visible `_V.JPG` overlays are deferred. The overlay remains an approximate first-pass visualization using the north-up rectangular footprint assumption.",100.0,"{""31"": 100.0}"
DJI_20260107143259_0005_T__thermal__r013_c009,20260107_Thermal_HKUST/DCIM/DJI_202601071424_001::DJI_20260107143259_0005,DJI_20260107143259_0005_V.JPG,DJI_20260107143259_0005_T.JPG,data/raw/hkust/20260107_Thermal_HKUST/DCIM/DJI_202601071424_001/DJI_20260107143259_0005_V.JPG,data/raw/hkust/20260107_Thermal_HKUST/DCIM/DJI_202601071424_001/DJI_20260107143259_0005_T.JPG,thermal,data/raw/hkust/20260107_Thermal_HKUST/DCIM/DJI_202601071424_001/DJI_20260107143259_0005_T.JPG,640,512,data/metadata/dji_image_metadata.csv,thermal_profile,EXIF/XMP focal length + focal_length_35mm-derived sensor size,12.0,52.0,35.99392244790114,29.13650161648791,7.79666547283578,6.237332378268624,derived from EXIF/XMP focal_length_35mm and target image aspect,399.28,True,13,9,845133.9326202362,845143.9326202362,822306.525865373,822316.525865373,845138.9326202362,822311.525865373,22.339854272000768,114.26298789564295,10.0,10.0,100.0,False,3,GIC / open space,1.0,,,0.0,high_confidence,"Dominant LUHK land-use assigned by majority overlap between the pilot 10m grid cell and the LUHK 2024 10m raster. This step does not extract thermal temperatures, calculate delta-T, or run prediction. The current pilot stage is thermal-first: outputs are plotted on `_T.JPG` using thermal image geometry and `thermal_profile` assumptions when metadata does not provide FOV or sensor size. Visible `_V.JPG` overlays are deferred. The overlay remains an approximate first-pass visualization using the north-up rectangular footprint assumption.",100.0,"{""31"": 100.0}"
DJI_20260107143259_0005_T__thermal__r013_c010,20260107_Thermal_HKUST/DCIM/DJI_202601071424_001::DJI_20260107143259_0005,DJI_20260107143259_0005_V.JPG,DJI_20260107143259_0005_T.JPG,data/raw/hkust/20260107_Thermal_HKUST/DCIM/DJI_202601071424_001/DJI_20260107143259_0005_V.JPG,data/raw/hkust/20260107_Thermal_HKUST/DCIM/DJI_202601071424_001/DJI_20260107143259_0005_T.JPG,thermal,data/raw/hkust/20260107_Thermal_HKUST/DCIM/DJI_202601071424_001/DJI_20260107143259_0005_T.JPG,640,512,data/metadata/dji_image_metadata.csv,thermal_profile,EXIF/XMP focal length + focal_length_35mm-derived sensor size,12.0,52.0,35.99392244790114,29.13650161648791,7.79666547283578,6.237332378268624,derived from EXIF/XMP focal_length_35mm and target image aspect,399.28,True,13,10,845143.9326202362,845153.9326202362,822306.525865373,822316.525865373,845148.9326202362,822311.525865373,22.33985422035373,114.26308496937723,10.0,10.0,100.0,False,3,GIC / open space,1.0,,,0.0,high_confidence,"Dominant LUHK land-use assigned by majority overlap between the pilot 10m grid cell and the LUHK 2024 10m raster. This step does not extract thermal temperatures, calculate delta-T, or run prediction. The current pilot stage is thermal-first: outputs are plotted on `_T.JPG` using thermal image geometry and `thermal_profile` assumptions when metadata does not provide FOV or sensor size. Visible `_V.JPG` overlays are deferred. The overlay remains an approximate first-pass visualization using the north-up rectangular footprint assumption.",100.0,"{""31"": 100.0}"
DJI_20260107143259_0005_T__thermal__r013_c011,20260107_Thermal_HKUST/DCIM/DJI_202601071424_001::DJI_20260107143259_0005,DJI_20260107143259_0005_V.JPG,DJI_20260107143259_0005_T.JPG,data/raw/hkust/20260107_Thermal_HKUST/DCIM/DJI_202601071424_001/DJI_20260107143259_0005_V.JPG,data/raw/hkust/20260107_Thermal_HKUST/DCIM/DJI_202601071424_001/DJI_20260107143259_0005_T.JPG,thermal,data/raw/hkust/20260107_Thermal_HKUST/DCIM/DJI_202601071424_001/DJI_20260107143259_0005_T.JPG,640,512,data/metadata/dji_image_metadata.csv,thermal_profile,EXIF/XMP focal length + focal_length_35mm-derived sensor size,12.0,52.0,35.99392244790114,29.13650161648791,7.79666547283578,6.237332378268624,derived from EXIF/XMP focal_length_35mm and target image aspect,399.28,True,13,11,845153.9326202362,845163.9326202362,822306.525865373,822316.525865373,845158.9326202362,822311.525865373,22.339854168648518,114.26318204311123,10.0,10.0,100.0,False,3,GIC / open space,1.0,,,0.0,high_confidence,"Dominant LUHK land-use assigned by majority overlap between the pilot 10m grid cell and the LUHK 2024 10m raster. This step does not extract thermal temperatures, calculate delta-T, or run prediction. The current pilot stage is thermal-first: outputs are plotted on `_T.JPG` using thermal image geometry and `thermal_profile` assumptions when metadata does not provide FOV or sensor size. Visible `_V.JPG` overlays are deferred. The overlay remains an approximate first-pass visualization using the north-up rectangular footprint assumption.",100.0,"{""31"": 100.0}"
DJI_20260107143259_0005_T__thermal__r013_c012,20260107_Thermal_HKUST/DCIM/DJI_202601071424_001::DJI_20260107143259_0005,DJI_20260107143259_0005_V.JPG,DJI_20260107143259_0005_T.JPG,data/raw/hkust/20260107_Thermal_HKUST/DCIM/DJI_202601071424_001/DJI_20260107143259_0005_V.JPG,data/raw/hkust/20260107_Thermal_HKUST/DCIM/DJI_202601071424_001/DJI_20260107143259_0005_T.JPG,thermal,data/raw/hkust/20260107_Thermal_HKUST/DCIM/DJI_202601071424_001/DJI_20260107143259_0005_T.JPG,640,512,data/metadata/dji_image_metadata.csv,thermal_profile,EXIF/XMP focal length + focal_length_35mm-derived sensor size,12.0,52.0,35.99392244790114,29.13650161648791,7.79666547283578,6.237332378268624,derived from EXIF/XMP focal_length_35mm and target image aspect,399.28,True,13,12,845163.9326202362,845173.9326202362,822306.525865373,822316.525865373,845168.9326202362,822311.525865373,22.339854116885164,114.26327911684496,10.0,10.0,100.0,False,3,GIC / open space,1.0,,,0.0,high_confidence,"Dominant LUHK land-use assigned by majority overlap between the pilot 10m grid cell and the LUHK 2024 10m raster. This step does not extract thermal temperatures, calculate delta-T, or run prediction. The current pilot stage is thermal-first: outputs are plotted on `_T.JPG` using thermal image geometry and `thermal_profile` assumptions when metadata does not provide FOV or sensor size. Visible `_V.JPG` overlays are deferred. The overlay remains an approximate first-pass visualization using the north-up rectangular footprint assumption.",100.0,"{""31"": 100.0}"
DJI_20260107143259_0005_T__thermal__r013_c013,20260107_Thermal_HKUST/DCIM/DJI_202601071424_001::DJI_20260107143259_0005,DJI_20260107143259_0005_V.JPG,DJI_20260107143259_0005_T.JPG,data/raw/hkust/20260107_Thermal_HKUST/DCIM/DJI_202601071424_001/DJI_20260107143259_0005_V.JPG,data/raw/hkust/20260107_Thermal_HKUST/DCIM/DJI_202601071424_001/DJI_20260107143259_0005_T.JPG,thermal,data/raw/hkust/20260107_Thermal_HKUST/DCIM/DJI_202601071424_001/DJI_20260107143259_0005_T.JPG,640,512,data/metadata/dji_image_metadata.csv,thermal_profile,EXIF/XMP focal length + focal_length_35mm-derived sensor size,12.0,52.0,35.99392244790114,29.13650161648791,7.79666547283578,6.237332378268624,derived from EXIF/XMP focal_length_35mm and target image aspect,399.28,True,13,13,845173.9326202362,845183.9326202362,822306.525865373,822316.525865373,845178.9326202362,822311.525865373,22.33985406506364,114.2633761905784,10.0,10.0,100.0,False,3,GIC / open space,1.0,,,0.0,high_confidence,"Dominant LUHK land-use assigned by majority overlap between the pilot 10m grid cell and the LUHK 2024 10m raster. This step does not extract thermal temperatures, calculate delta-T, or run prediction. The current pilot stage is thermal-first: outputs are plotted on `_T.JPG` using thermal image geometry and `thermal_profile` assumptions when metadata does not provide FOV or sensor size. Visible `_V.JPG` overlays are deferred. The overlay remains an approximate first-pass visualization using the north-up rectangular footprint assumption.",100.0,"{""31"": 100.0}"
DJI_20260107143259_0005_T__thermal__r013_c014,20260107_Thermal_HKUST/DCIM/DJI_202601071424_001::DJI_20260107143259_0005,DJI_20260107143259_0005_V.JPG,DJI_20260107143259_0005_T.JPG,data/raw/hkust/20260107_Thermal_HKUST/DCIM/DJI_202601071424_001/DJI_20260107143259_0005_V.JPG,data/raw/hkust/20260107_Thermal_HKUST/DCIM/DJI_202601071424_001/DJI_20260107143259_0005_T.JPG,thermal,data/raw/hkust/20260107_Thermal_HKUST/DCIM/DJI_202601071424_001/DJI_20260107143259_0005_T.JPG,640,512,data/metadata/dji_image_metadata.csv,thermal_profile,EXIF/XMP focal length + focal_length_35mm-derived sensor size,12.0,52.0,35.99392244790114,29.13650161648791,7.79666547283578,6.237332378268624,derived from EXIF/XMP focal_length_35mm and target image aspect,399.28,True,13,14,845183.9326202362,845193.9326202362,822306.525865373,822316.525865373,845188.9326202362,822311.525865373,22.33985401318396,114.26347326431156,10.0,10.0,100.0,False,3,GIC / open space,1.0,,,0.0,high_confidence,"Dominant LUHK land-use assigned by majority overlap between the pilot 10m grid cell and the LUHK 2024 10m raster. This step does not extract thermal temperatures, calculate delta-T, or run prediction. The current pilot stage is thermal-first: outputs are plotted on `_T.JPG` using thermal image geometry and `thermal_profile` assumptions when metadata does not provide FOV or sensor size. Visible `_V.JPG` overlays are deferred. The overlay remains an approximate first-pass visualization using the north-up rectangular footprint assumption.",100.0,"{""31"": 100.0}"
DJI_20260107143259_0005_T__thermal__r013_c015,20260107_Thermal_HKUST/DCIM/DJI_202601071424_001::DJI_20260107143259_0005,DJI_20260107143259_0005_V.JPG,DJI_20260107143259_0005_T.JPG,data/raw/hkust/20260107_Thermal_HKUST/DCIM/DJI_202601071424_001/DJI_20260107143259_0005_V.JPG,data/raw/hkust/20260107_Thermal_HKUST/DCIM/DJI_202601071424_001/DJI_20260107143259_0005_T.JPG,thermal,data/raw/hkust/20260107_Thermal_HKUST/DCIM/DJI_202601071424_001/DJI_20260107143259_0005_T.JPG,640,512,data/metadata/dji_image_metadata.csv,thermal_profile,EXIF/XMP focal length + focal_length_35mm-derived sensor size,12.0,52.0,35.99392244790114,29.13650161648791,7.79666547283578,6.237332378268624,derived from EXIF/XMP focal_length_35mm and target image aspect,399.28,True,13,15,845193.9326202362,845203.9326202362,822306.525865373,822316.525865373,845198.9326202362,822311.525865373,22.339853961246128,114.26357033804445,10.0,10.0,100.0,False,3,GIC / open space,1.0,,,0.0,high_confidence,"Dominant LUHK land-use assigned by majority overlap between the pilot 10m grid cell and the LUHK 2024 10m raster. This step does not extract thermal temperatures, calculate delta-T, or run prediction. The current pilot stage is thermal-first: outputs are plotted on `_T.JPG` using thermal image geometry and `thermal_profile` assumptions when metadata does not provide FOV or sensor size. Visible `_V.JPG` overlays are deferred. The overlay remains an approximate first-pass visualization using the north-up rectangular footprint assumption.",100.0,"{""31"": 100.0}"
DJI_20260107143259_0005_T__thermal__r013_c016,20260107_Thermal_HKUST/DCIM/DJI_202601071424_001::DJI_20260107143259_0005,DJI_20260107143259_0005_V.JPG,DJI_20260107143259_0005_T.JPG,data/raw/hkust/20260107_Thermal_HKUST/DCIM/DJI_202601071424_001/DJI_20260107143259_0005_V.JPG,data/raw/hkust/20260107_Thermal_HKUST/DCIM/DJI_202601071424_001/DJI_20260107143259_0005_T.JPG,thermal,data/raw/hkust/20260107_Thermal_HKUST/DCIM/DJI_202601071424_001/DJI_20260107143259_0005_T.JPG,640,512,data/metadata/dji_image_metadata.csv,thermal_profile,EXIF/XMP focal length + focal_length_35mm-derived sensor size,12.0,52.0,35.99392244790114,29.13650161648791,7.79666547283578,6.237332378268624,derived from EXIF/XMP focal_length_35mm and target image aspect,399.28,True,13,16,845203.9326202362,845213.9326202362,822306.525865373,822316.525865373,845208.9326202362,822311.525865373,22.339853909250127,114.26366741177704,10.0,10.0,100.0,False,3,GIC / open space,1.0,,,0.0,high_confidence,"Dominant LUHK land-use assigned by majority overlap between the pilot 10m grid cell and the LUHK 2024 10m raster. This step does not extract thermal temperatures, calculate delta-T, or run prediction. The current pilot stage is thermal-first: outputs are plotted on `_T.JPG` using thermal image geometry and `thermal_profile` assumptions when metadata does not provide FOV or sensor size. Visible `_V.JPG` overlays are deferred. The overlay remains an approximate first-pass visualization using the north-up rectangular footprint assumption.",100.0,"{""31"": 100.0}"
DJI_20260107143259_0005_T__thermal__r013_c017,20260107_Thermal_HKUST/DCIM/DJI_202601071424_001::DJI_20260107143259_0005,DJI_20260107143259_0005_V.JPG,DJI_20260107143259_0005_T.JPG,data/raw/hkust/20260107_Thermal_HKUST/DCIM/DJI_202601071424_001/DJI_20260107143259_0005_V.JPG,data/raw/hkust/20260107_Thermal_HKUST/DCIM/DJI_202601071424_001/DJI_20260107143259_0005_T.JPG,thermal,data/raw/hkust/20260107_Thermal_HKUST/DCIM/DJI_202601071424_001/DJI_20260107143259_0005_T.JPG,640,512,data/metadata/dji_image_metadata.csv,thermal_profile,EXIF/XMP focal length + focal_length_35mm-derived sensor size,12.0,52.0,35.99392244790114,29.13650161648791,7.79666547283578,6.237332378268624,derived from EXIF/XMP focal_length_35mm and target image aspect,399.28,True,13,17,845213.9326202362,845223.9326202362,822306.525865373,822316.525865373,845218.9326202362,822311.525865373,22.33985385719597,114.26376448550934,10.0,10.0,100.0,False,3,GIC / open space,1.0,,,0.0,high_confidence,"Dominant LUHK land-use assigned by majority overlap between the pilot 10m grid cell and the LUHK 2024 10m raster. This step does not extract thermal temperatures, calculate delta-T, or run prediction. The current pilot stage is thermal-first: outputs are plotted on `_T.JPG` using thermal image geometry and `thermal_profile` assumptions when metadata does not provide FOV or sensor size. Visible `_V.JPG` overlays are deferred. The overlay remains an approximate first-pass visualization using the north-up rectangular footprint assumption.",100.0,"{""31"": 100.0}"
DJI_20260107143259_0005_T__thermal__r013_c018,20260107_Thermal_HKUST/DCIM/DJI_202601071424_001::DJI_20260107143259_0005,DJI_20260107143259_0005_V.JPG,DJI_20260107143259_0005_T.JPG,data/raw/hkust/20260107_Thermal_HKUST/DCIM/DJI_202601071424_001/DJI_20260107143259_0005_V.JPG,data/raw/hkust/20260107_Thermal_HKUST/DCIM/DJI_202601071424_001/DJI_20260107143259_0005_T.JPG,thermal,data/raw/hkust/20260107_Thermal_HKUST/DCIM/DJI_202601071424_001/DJI_20260107143259_0005_T.JPG,640,512,data/metadata/dji_image_metadata.csv,thermal_profile,EXIF/XMP focal length + focal_length_35mm-derived sensor size,12.0,52.0,35.99392244790114,29.13650161648791,7.79666547283578,6.237332378268624,derived from EXIF/XMP focal_length_35mm and target image aspect,399.28,True,13,18,845223.9326202362,845233.9326202362,822306.525865373,822316.525865373,845228.9326202362,822311.525865373,22.339853805083653,114.26386155924138,10.0,10.0,100.0,False,3,GIC / open space,1.0,,,0.0,high_confidence,"Dominant LUHK land-use assigned by majority overlap between the pilot 10m grid cell and the LUHK 2024 10m raster. This step does not extract thermal temperatures, calculate delta-T, or run prediction. The current pilot stage is thermal-first: outputs are plotted on `_T.JPG` using thermal image geometry and `thermal_profile` assumptions when metadata does not provide FOV or sensor size. Visible `_V.JPG` overlays are deferred. The overlay remains an approximate first-pass visualization using the north-up rectangular footprint assumption.",100.0,"{""31"": 100.0}"
DJI_20260107143259_0005_T__thermal__r013_c019,20260107_Thermal_HKUST/DCIM/DJI_202601071424_001::DJI_20260107143259_0005,DJI_20260107143259_0005_V.JPG,DJI_20260107143259_0005_T.JPG,data/raw/hkust/20260107_Thermal_HKUST/DCIM/DJI_202601071424_001/DJI_20260107143259_0005_V.JPG,data/raw/hkust/20260107_Thermal_HKUST/DCIM/DJI_202601071424_001/DJI_20260107143259_0005_T.JPG,thermal,data/raw/hkust/20260107_Thermal_HKUST/DCIM/DJI_202601071424_001/DJI_20260107143259_0005_T.JPG,640,512,data/metadata/dji_image_metadata.csv,thermal_profile,EXIF/XMP focal length + focal_length_35mm-derived sensor size,12.0,52.0,35.99392244790114,29.13650161648791,7.79666547283578,6.237332378268624,derived from EXIF/XMP focal_length_35mm and target image aspect,399.28,True,13,19,845233.9326202362,845243.9326202362,822306.525865373,822316.525865373,845238.9326202362,822311.525865373,22.33985375291318,114.26395863297313,10.0,10.0,100.0,False,3,GIC / open space,1.0,,,0.0,high_confidence,"Dominant LUHK land-use assigned by majority overlap between the pilot 10m grid cell and the LUHK 2024 10m raster. This step does not extract thermal temperatures, calculate delta-T, or run prediction. The current pilot stage is thermal-first: outputs are plotted on `_T.JPG` using thermal image geometry and `thermal_profile` assumptions when metadata does not provide FOV or sensor size. Visible `_V.JPG` overlays are deferred. The overlay remains an approximate first-pass visualization using the north-up rectangular footprint assumption.",100.0,"{""31"": 100.0}"
DJI_20260107143259_0005_T__thermal__r013_c020,20260107_Thermal_HKUST/DCIM/DJI_202601071424_001::DJI_20260107143259_0005,DJI_20260107143259_0005_V.JPG,DJI_20260107143259_0005_T.JPG,data/raw/hkust/20260107_Thermal_HKUST/DCIM/DJI_202601071424_001/DJI_20260107143259_0005_V.JPG,data/raw/hkust/20260107_Thermal_HKUST/DCIM/DJI_202601071424_001/DJI_20260107143259_0005_T.JPG,thermal,data/raw/hkust/20260107_Thermal_HKUST/DCIM/DJI_202601071424_001/DJI_20260107143259_0005_T.JPG,640,512,data/metadata/dji_image_metadata.csv,thermal_profile,EXIF/XMP focal length + focal_length_35mm-derived sensor size,12.0,52.0,35.99392244790114,29.13650161648791,7.79666547283578,6.237332378268624,derived from EXIF/XMP focal_length_35mm and target image aspect,399.28,True,13,20,845243.9326202362,845253.9326202362,822306.525865373,822316.525865373,845248.9326202362,822311.525865373,22.33985370068456,114.2640557067046,10.0,10.0,100.0,False,3,GIC / open space,1.0,,,0.0,high_confidence,"Dominant LUHK land-use assigned by majority overlap between the pilot 10m grid cell and the LUHK 2024 10m raster. This step does not extract thermal temperatures, calculate delta-T, or run prediction. The current pilot stage is thermal-first: outputs are plotted on `_T.JPG` using thermal image geometry and `thermal_profile` assumptions when metadata does not provide FOV or sensor size. Visible `_V.JPG` overlays are deferred. The overlay remains an approximate first-pass visualization using the north-up rectangular footprint assumption.",100.0,"{""31"": 100.0}"
DJI_20260107143259_0005_T__thermal__r013_c021,20260107_Thermal_HKUST/DCIM/DJI_202601071424_001::DJI_20260107143259_0005,DJI_20260107143259_0005_V.JPG,DJI_20260107143259_0005_T.JPG,data/raw/hkust/20260107_Thermal_HKUST/DCIM/DJI_202601071424_001/DJI_20260107143259_0005_V.JPG,data/raw/hkust/20260107_Thermal_HKUST/DCIM/DJI_202601071424_001/DJI_20260107143259_0005_T.JPG,thermal,data/raw/hkust/20260107_Thermal_HKUST/DCIM/DJI_202601071424_001/DJI_20260107143259_0005_T.JPG,640,512,data/metadata/dji_image_metadata.csv,thermal_profile,EXIF/XMP focal length + focal_length_35mm-derived sensor size,12.0,52.0,35.99392244790114,29.13650161648791,7.79666547283578,6.237332378268624,derived from EXIF/XMP focal_length_35mm and target image aspect,399.28,True,13,21,845253.9326202362,845263.9326202362,822306.525865373,822316.525865373,845258.9326202362,822311.525865373,22.339853648397767,114.26415278043577,10.0,10.0,100.0,False,3,GIC / open space,1.0,,,0.0,high_confidence,"Dominant LUHK land-use assigned by majority overlap between the pilot 10m grid cell and the LUHK 2024 10m raster. This step does not extract thermal temperatures, calculate delta-T, or run prediction. The current pilot stage is thermal-first: outputs are plotted on `_T.JPG` using thermal image geometry and `thermal_profile` assumptions when metadata does not provide FOV or sensor size. Visible `_V.JPG` overlays are deferred. The overlay remains an approximate first-pass visualization using the north-up rectangular footprint assumption.",100.0,"{""31"": 100.0}"
DJI_20260107143259_0005_T__thermal__r013_c022,20260107_Thermal_HKUST/DCIM/DJI_202601071424_001::DJI_20260107143259_0005,DJI_20260107143259_0005_V.JPG,DJI_20260107143259_0005_T.JPG,data/raw/hkust/20260107_Thermal_HKUST/DCIM/DJI_202601071424_001/DJI_20260107143259_0005_V.JPG,data/raw/hkust/20260107_Thermal_HKUST/DCIM/DJI_202601071424_001/DJI_20260107143259_0005_T.JPG,thermal,data/raw/hkust/20260107_Thermal_HKUST/DCIM/DJI_202601071424_001/DJI_20260107143259_0005_T.JPG,640,512,data/metadata/dji_image_metadata.csv,thermal_profile,EXIF/XMP focal length + focal_length_35mm-derived sensor size,12.0,52.0,35.99392244790114,29.13650161648791,7.79666547283578,6.237332378268624,derived from EXIF/XMP focal_length_35mm and target image aspect,399.28,True,13,22,845263.9326202362,845273.9326202362,822306.525865373,822316.525865373,845268.9326202362,822311.525865373,22.33985359605283,114.26424985416666,10.0,10.0,100.0,False,3,GIC / open space,1.0,,,0.0,high_confidence,"Dominant LUHK land-use assigned by majority overlap between the pilot 10m grid cell and the LUHK 2024 10m raster. This step does not extract thermal temperatures, calculate delta-T, or run prediction. The current pilot stage is thermal-first: outputs are plotted on `_T.JPG` using thermal image geometry and `thermal_profile` assumptions when metadata does not provide FOV or sensor size. Visible `_V.JPG` overlays are deferred. The overlay remains an approximate first-pass visualization using the north-up rectangular footprint assumption.",100.0,"{""31"": 100.0}"
DJI_20260107143259_0005_T__thermal__r013_c023,20260107_Thermal_HKUST/DCIM/DJI_202601071424_001::DJI_20260107143259_0005,DJI_20260107143259_0005_V.JPG,DJI_20260107143259_0005_T.JPG,data/raw/hkust/20260107_Thermal_HKUST/DCIM/DJI_202601071424_001/DJI_20260107143259_0005_V.JPG,data/raw/hkust/20260107_Thermal_HKUST/DCIM/DJI_202601071424_001/DJI_20260107143259_0005_T.JPG,thermal,data/raw/hkust/20260107_Thermal_HKUST/DCIM/DJI_202601071424_001/DJI_20260107143259_0005_T.JPG,640,512,data/metadata/dji_image_metadata.csv,thermal_profile,EXIF/XMP focal length + focal_length_35mm-derived sensor size,12.0,52.0,35.99392244790114,29.13650161648791,7.79666547283578,6.237332378268624,derived from EXIF/XMP focal_length_35mm and target image aspect,399.28,True,13,23,845273.9326202362,845283.9326202362,822306.525865373,822316.525865373,845278.9326202362,822311.525865373,22.339853543649706,114.2643469278973,10.0,10.0,100.0,False,3,GIC / open space,1.0,,,0.0,high_confidence,"Dominant LUHK land-use assigned by majority overlap between the pilot 10m grid cell and the LUHK 2024 10m raster. This step does not extract thermal temperatures, calculate delta-T, or run prediction. The current pilot stage is thermal-first: outputs are plotted on `_T.JPG` using thermal image geometry and `thermal_profile` assumptions when metadata does not provide FOV or sensor size. Visible `_V.JPG` overlays are deferred. The overlay remains an approximate first-pass visualization using the north-up rectangular footprint assumption.",100.0,"{""31"": 100.0}"
DJI_20260107143259_0005_T__thermal__r013_c024,20260107_Thermal_HKUST/DCIM/DJI_202601071424_001::DJI_20260107143259_0005,DJI_20260107143259_0005_V.JPG,DJI_20260107143259_0005_T.JPG,data/raw/hkust/20260107_Thermal_HKUST/DCIM/DJI_202601071424_001/DJI_20260107143259_0005_V.JPG,data/raw/hkust/20260107_Thermal_HKUST/DCIM/DJI_202601071424_001/DJI_20260107143259_0005_T.JPG,thermal,data/raw/hkust/20260107_Thermal_HKUST/DCIM/DJI_202601071424_001/DJI_20260107143259_0005_T.JPG,640,512,data/metadata/dji_image_metadata.csv,thermal_profile,EXIF/XMP focal length + focal_length_35mm-derived sensor size,12.0,52.0,35.99392244790114,29.13650161648791,7.79666547283578,6.237332378268624,derived from EXIF/XMP focal_length_35mm and target image aspect,399.28,True,13,24,845283.9326202362,845293.9326202362,822306.525865373,822316.525865373,845288.9326202362,822311.525865373,22.339853491188446,114.2644440016276,10.0,10.0,100.0,False,3,GIC / open space,1.0,,,0.0,high_confidence,"Dominant LUHK land-use assigned by majority overlap between the pilot 10m grid cell and the LUHK 2024 10m raster. This step does not extract thermal temperatures, calculate delta-T, or run prediction. The current pilot stage is thermal-first: outputs are plotted on `_T.JPG` using thermal image geometry and `thermal_profile` assumptions when metadata does not provide FOV or sensor size. Visible `_V.JPG` overlays are deferred. The overlay remains an approximate first-pass visualization using the north-up rectangular footprint assumption.",100.0,"{""31"": 100.0}"
DJI_20260107143259_0005_T__thermal__r013_c025,20260107_Thermal_HKUST/DCIM/DJI_202601071424_001::DJI_20260107143259_0005,DJI_20260107143259_0005_V.JPG,DJI_20260107143259_0005_T.JPG,data/raw/hkust/20260107_Thermal_HKUST/DCIM/DJI_202601071424_001/DJI_20260107143259_0005_V.JPG,data/raw/hkust/20260107_Thermal_HKUST/DCIM/DJI_202601071424_001/DJI_20260107143259_0005_T.JPG,thermal,data/raw/hkust/20260107_Thermal_HKUST/DCIM/DJI_202601071424_001/DJI_20260107143259_0005_T.JPG,640,512,data/metadata/dji_image_metadata.csv,thermal_profile,EXIF/XMP focal length + focal_length_35mm-derived sensor size,12.0,52.0,35.99392244790114,29.13650161648791,7.79666547283578,6.237332378268624,derived from EXIF/XMP focal_length_35mm and target image aspect,399.28,True,13,25,845293.9326202362,845303.3536694024,822306.525865373,822316.525865373,845298.6431448193,822311.525865373,22.339853440190144,114.26453826531181,9.421049166237935,10.0,94.21049166237935,True,3,GIC / open space,1.0,,,0.0,high_confidence,"Dominant LUHK land-use assigned by majority overlap between the pilot 10m grid cell and the LUHK 2024 10m raster. This step does not extract thermal temperatures, calculate delta-T, or run prediction. The current pilot stage is thermal-first: outputs are plotted on `_T.JPG` using thermal image geometry and `thermal_profile` assumptions when metadata does not provide FOV or sensor size. Visible `_V.JPG` overlays are deferred. The overlay remains an approximate first-pass visualization using the north-up rectangular footprint assumption.",94.21049166237935,"{""31"": 94.21049166237935}"
DJI_20260107143259_0005_T__thermal__r014_c000,20260107_Thermal_HKUST/DCIM/DJI_202601071424_001::DJI_20260107143259_0005,DJI_20260107143259_0005_V.JPG,DJI_20260107143259_0005_T.JPG,data/raw/hkust/20260107_Thermal_HKUST/DCIM/DJI_202601071424_001/DJI_20260107143259_0005_V.JPG,data/raw/hkust/20260107_Thermal_HKUST/DCIM/DJI_202601071424_001/DJI_20260107143259_0005_T.JPG,thermal,data/raw/hkust/20260107_Thermal_HKUST/DCIM/DJI_202601071424_001/DJI_20260107143259_0005_T.JPG,640,512,data/metadata/dji_image_metadata.csv,thermal_profile,EXIF/XMP focal length + focal_length_35mm-derived sensor size,12.0,52.0,35.99392244790114,29.13650161648791,7.79666547283578,6.237332378268624,derived from EXIF/XMP focal_length_35mm and target image aspect,399.28,True,14,0,845043.9326202362,845053.9326202362,822296.525865373,822306.525865373,845048.9326202362,822301.525865373,22.339764428586182,114.26211417709796,10.0,10.0,100.0,False,7,Woodland / shrubland / grassland / wetland,1.0,,,0.0,high_confidence,"Dominant LUHK land-use assigned by majority overlap between the pilot 10m grid cell and the LUHK 2024 10m raster. This step does not extract thermal temperatures, calculate delta-T, or run prediction. The current pilot stage is thermal-first: outputs are plotted on `_T.JPG` using thermal image geometry and `thermal_profile` assumptions when metadata does not provide FOV or sensor size. Visible `_V.JPG` overlays are deferred. The overlay remains an approximate first-pass visualization using the north-up rectangular footprint assumption.",100.0,"{""71"": 100.0}"
DJI_20260107143259_0005_T__thermal__r014_c001,20260107_Thermal_HKUST/DCIM/DJI_202601071424_001::DJI_20260107143259_0005,DJI_20260107143259_0005_V.JPG,DJI_20260107143259_0005_T.JPG,data/raw/hkust/20260107_Thermal_HKUST/DCIM/DJI_202601071424_001/DJI_20260107143259_0005_V.JPG,data/raw/hkust/20260107_Thermal_HKUST/DCIM/DJI_202601071424_001/DJI_20260107143259_0005_T.JPG,thermal,data/raw/hkust/20260107_Thermal_HKUST/DCIM/DJI_202601071424_001/DJI_20260107143259_0005_T.JPG,640,512,data/metadata/dji_image_metadata.csv,thermal_profile,EXIF/XMP focal length + focal_length_35mm-derived sensor size,12.0,52.0,35.99392244790114,29.13650161648791,7.79666547283578,6.237332378268624,derived from EXIF/XMP focal_length_35mm and target image aspect,399.28,True,14,1,845053.9326202362,845063.9326202362,822296.525865373,822306.525865373,845058.9326202362,822301.525865373,22.339764377462792,114.26221125077224,10.0,10.0,100.0,False,7,Woodland / shrubland / grassland / wetland,1.0,,,0.0,high_confidence,"Dominant LUHK land-use assigned by majority overlap between the pilot 10m grid cell and the LUHK 2024 10m raster. This step does not extract thermal temperatures, calculate delta-T, or run prediction. The current pilot stage is thermal-first: outputs are plotted on `_T.JPG` using thermal image geometry and `thermal_profile` assumptions when metadata does not provide FOV or sensor size. Visible `_V.JPG` overlays are deferred. The overlay remains an approximate first-pass visualization using the north-up rectangular footprint assumption.",100.0,"{""71"": 100.0}"
DJI_20260107143259_0005_T__thermal__r014_c002,20260107_Thermal_HKUST/DCIM/DJI_202601071424_001::DJI_20260107143259_0005,DJI_20260107143259_0005_V.JPG,DJI_20260107143259_0005_T.JPG,data/raw/hkust/20260107_Thermal_HKUST/DCIM/DJI_202601071424_001/DJI_20260107143259_0005_V.JPG,data/raw/hkust/20260107_Thermal_HKUST/DCIM/DJI_202601071424_001/DJI_20260107143259_0005_T.JPG,thermal,data/raw/hkust/20260107_Thermal_HKUST/DCIM/DJI_202601071424_001/DJI_20260107143259_0005_T.JPG,640,512,data/metadata/dji_image_metadata.csv,thermal_profile,EXIF/XMP focal length + focal_length_35mm-derived sensor size,12.0,52.0,35.99392244790114,29.13650161648791,7.79666547283578,6.237332378268624,derived from EXIF/XMP focal_length_35mm and target image aspect,399.28,True,14,2,845063.9326202362,845073.9326202362,822296.525865373,822306.525865373,845068.9326202362,822301.525865373,22.339764326281244,114.26230832444624,10.0,10.0,100.0,False,7,Woodland / shrubland / grassland / wetland,1.0,,,0.0,high_confidence,"Dominant LUHK land-use assigned by majority overlap between the pilot 10m grid cell and the LUHK 2024 10m raster. This step does not extract thermal temperatures, calculate delta-T, or run prediction. The current pilot stage is thermal-first: outputs are plotted on `_T.JPG` using thermal image geometry and `thermal_profile` assumptions when metadata does not provide FOV or sensor size. Visible `_V.JPG` overlays are deferred. The overlay remains an approximate first-pass visualization using the north-up rectangular footprint assumption.",100.0,"{""71"": 100.0}"
DJI_20260107143259_0005_T__thermal__r014_c003,20260107_Thermal_HKUST/DCIM/DJI_202601071424_001::DJI_20260107143259_0005,DJI_20260107143259_0005_V.JPG,DJI_20260107143259_0005_T.JPG,data/raw/hkust/20260107_Thermal_HKUST/DCIM/DJI_202601071424_001/DJI_20260107143259_0005_V.JPG,data/raw/hkust/20260107_Thermal_HKUST/DCIM/DJI_202601071424_001/DJI_20260107143259_0005_T.JPG,thermal,data/raw/hkust/20260107_Thermal_HKUST/DCIM/DJI_202601071424_001/DJI_20260107143259_0005_T.JPG,640,512,data/metadata/dji_image_metadata.csv,thermal_profile,EXIF/XMP focal length + focal_length_35mm-derived sensor size,12.0,52.0,35.99392244790114,29.13650161648791,7.79666547283578,6.237332378268624,derived from EXIF/XMP focal_length_35mm and target image aspect,399.28,True,14,3,845073.9326202362,845083.9326202362,822296.525865373,822306.525865373,845078.9326202362,822301.525865373,22.33976427504153,114.26240539811995,10.0,10.0,100.0,False,7,Woodland / shrubland / grassland / wetland,0.6067379763815552,3.0,GIC / open space,0.3932620236184448,medium_confidence,"Dominant LUHK land-use assigned by majority overlap between the pilot 10m grid cell and the LUHK 2024 10m raster. This step does not extract thermal temperatures, calculate delta-T, or run prediction. The current pilot stage is thermal-first: outputs are plotted on `_T.JPG` using thermal image geometry and `thermal_profile` assumptions when metadata does not provide FOV or sensor size. Visible `_V.JPG` overlays are deferred. The overlay remains an approximate first-pass visualization using the north-up rectangular footprint assumption.",100.0,"{""31"": 39.32620236184448, ""71"": 60.67379763815552}"
DJI_20260107143259_0005_T__thermal__r014_c004,20260107_Thermal_HKUST/DCIM/DJI_202601071424_001::DJI_20260107143259_0005,DJI_20260107143259_0005_V.JPG,DJI_20260107143259_0005_T.JPG,data/raw/hkust/20260107_Thermal_HKUST/DCIM/DJI_202601071424_001/DJI_20260107143259_0005_V.JPG,data/raw/hkust/20260107_Thermal_HKUST/DCIM/DJI_202601071424_001/DJI_20260107143259_0005_T.JPG,thermal,data/raw/hkust/20260107_Thermal_HKUST/DCIM/DJI_202601071424_001/DJI_20260107143259_0005_T.JPG,640,512,data/metadata/dji_image_metadata.csv,thermal_profile,EXIF/XMP focal length + focal_length_35mm-derived sensor size,12.0,52.0,35.99392244790114,29.13650161648791,7.79666547283578,6.237332378268624,derived from EXIF/XMP focal_length_35mm and target image aspect,399.28,True,14,4,845083.9326202362,845093.9326202362,822296.525865373,822306.525865373,845088.9326202362,822301.525865373,22.339764223743668,114.2625024717934,10.0,10.0,100.0,False,3,GIC / open space,1.0,,,0.0,high_confidence,"Dominant LUHK land-use assigned by majority overlap between the pilot 10m grid cell and the LUHK 2024 10m raster. This step does not extract thermal temperatures, calculate delta-T, or run prediction. The current pilot stage is thermal-first: outputs are plotted on `_T.JPG` using thermal image geometry and `thermal_profile` assumptions when metadata does not provide FOV or sensor size. Visible `_V.JPG` overlays are deferred. The overlay remains an approximate first-pass visualization using the north-up rectangular footprint assumption.",100.0,"{""31"": 100.0}"
DJI_20260107143259_0005_T__thermal__r014_c005,20260107_Thermal_HKUST/DCIM/DJI_202601071424_001::DJI_20260107143259_0005,DJI_20260107143259_0005_V.JPG,DJI_20260107143259_0005_T.JPG,data/raw/hkust/20260107_Thermal_HKUST/DCIM/DJI_202601071424_001/DJI_20260107143259_0005_V.JPG,data/raw/hkust/20260107_Thermal_HKUST/DCIM/DJI_202601071424_001/DJI_20260107143259_0005_T.JPG,thermal,data/raw/hkust/20260107_Thermal_HKUST/DCIM/DJI_202601071424_001/DJI_20260107143259_0005_T.JPG,640,512,data/metadata/dji_image_metadata.csv,thermal_profile,EXIF/XMP focal length + focal_length_35mm-derived sensor size,12.0,52.0,35.99392244790114,29.13650161648791,7.79666547283578,6.237332378268624,derived from EXIF/XMP focal_length_35mm and target image aspect,399.28,True,14,5,845093.9326202362,845103.9326202362,822296.525865373,822306.525865373,845098.9326202362,822301.525865373,22.339764172387643,114.26259954546657,10.0,10.0,100.0,False,3,GIC / open space,1.0,,,0.0,high_confidence,"Dominant LUHK land-use assigned by majority overlap between the pilot 10m grid cell and the LUHK 2024 10m raster. This step does not extract thermal temperatures, calculate delta-T, or run prediction. The current pilot stage is thermal-first: outputs are plotted on `_T.JPG` using thermal image geometry and `thermal_profile` assumptions when metadata does not provide FOV or sensor size. Visible `_V.JPG` overlays are deferred. The overlay remains an approximate first-pass visualization using the north-up rectangular footprint assumption.",100.0,"{""31"": 100.0}"
DJI_20260107143259_0005_T__thermal__r014_c006,20260107_Thermal_HKUST/DCIM/DJI_202601071424_001::DJI_20260107143259_0005,DJI_20260107143259_0005_V.JPG,DJI_20260107143259_0005_T.JPG,data/raw/hkust/20260107_Thermal_HKUST/DCIM/DJI_202601071424_001/DJI_20260107143259_0005_V.JPG,data/raw/hkust/20260107_Thermal_HKUST/DCIM/DJI_202601071424_001/DJI_20260107143259_0005_T.JPG,thermal,data/raw/hkust/20260107_Thermal_HKUST/DCIM/DJI_202601071424_001/DJI_20260107143259_0005_T.JPG,640,512,data/metadata/dji_image_metadata.csv,thermal_profile,EXIF/XMP focal length + focal_length_35mm-derived sensor size,12.0,52.0,35.99392244790114,29.13650161648791,7.79666547283578,6.237332378268624,derived from EXIF/XMP focal_length_35mm and target image aspect,399.28,True,14,6,845103.9326202362,845113.9326202362,822296.525865373,822306.525865373,845108.9326202362,822301.525865373,22.339764120973456,114.26269661913945,10.0,10.0,100.0,False,3,GIC / open space,1.0,,,0.0,high_confidence,"Dominant LUHK land-use assigned by majority overlap between the pilot 10m grid cell and the LUHK 2024 10m raster. This step does not extract thermal temperatures, calculate delta-T, or run prediction. The current pilot stage is thermal-first: outputs are plotted on `_T.JPG` using thermal image geometry and `thermal_profile` assumptions when metadata does not provide FOV or sensor size. Visible `_V.JPG` overlays are deferred. The overlay remains an approximate first-pass visualization using the north-up rectangular footprint assumption.",100.0,"{""31"": 100.0}"
DJI_20260107143259_0005_T__thermal__r014_c007,20260107_Thermal_HKUST/DCIM/DJI_202601071424_001::DJI_20260107143259_0005,DJI_20260107143259_0005_V.JPG,DJI_20260107143259_0005_T.JPG,data/raw/hkust/20260107_Thermal_HKUST/DCIM/DJI_202601071424_001/DJI_20260107143259_0005_V.JPG,data/raw/hkust/20260107_Thermal_HKUST/DCIM/DJI_202601071424_001/DJI_20260107143259_0005_T.JPG,thermal,data/raw/hkust/20260107_Thermal_HKUST/DCIM/DJI_202601071424_001/DJI_20260107143259_0005_T.JPG,640,512,data/metadata/dji_image_metadata.csv,thermal_profile,EXIF/XMP focal length + focal_length_35mm-derived sensor size,12.0,52.0,35.99392244790114,29.13650161648791,7.79666547283578,6.237332378268624,derived from EXIF/XMP focal_length_35mm and target image aspect,399.28,True,14,7,845113.9326202362,845123.9326202362,822296.525865373,822306.525865373,845118.9326202362,822301.525865373,22.33976406950112,114.26279369281205,10.0,10.0,100.0,False,3,GIC / open space,1.0,,,0.0,high_confidence,"Dominant LUHK land-use assigned by majority overlap between the pilot 10m grid cell and the LUHK 2024 10m raster. This step does not extract thermal temperatures, calculate delta-T, or run prediction. The current pilot stage is thermal-first: outputs are plotted on `_T.JPG` using thermal image geometry and `thermal_profile` assumptions when metadata does not provide FOV or sensor size. Visible `_V.JPG` overlays are deferred. The overlay remains an approximate first-pass visualization using the north-up rectangular footprint assumption.",100.0,"{""31"": 100.0}"
DJI_20260107143259_0005_T__thermal__r014_c008,20260107_Thermal_HKUST/DCIM/DJI_202601071424_001::DJI_20260107143259_0005,DJI_20260107143259_0005_V.JPG,DJI_20260107143259_0005_T.JPG,data/raw/hkust/20260107_Thermal_HKUST/DCIM/DJI_202601071424_001/DJI_20260107143259_0005_V.JPG,data/raw/hkust/20260107_Thermal_HKUST/DCIM/DJI_202601071424_001/DJI_20260107143259_0005_T.JPG,thermal,data/raw/hkust/20260107_Thermal_HKUST/DCIM/DJI_202601071424_001/DJI_20260107143259_0005_T.JPG,640,512,data/metadata/dji_image_metadata.csv,thermal_profile,EXIF/XMP focal length + focal_length_35mm-derived sensor size,12.0,52.0,35.99392244790114,29.13650161648791,7.79666547283578,6.237332378268624,derived from EXIF/XMP focal_length_35mm and target image aspect,399.28,True,14,8,845123.9326202362,845133.9326202362,822296.525865373,822306.525865373,845128.9326202362,822301.525865373,22.339764017970616,114.2628907664844,10.0,10.0,100.0,False,3,GIC / open space,1.0,,,0.0,high_confidence,"Dominant LUHK land-use assigned by majority overlap between the pilot 10m grid cell and the LUHK 2024 10m raster. This step does not extract thermal temperatures, calculate delta-T, or run prediction. The current pilot stage is thermal-first: outputs are plotted on `_T.JPG` using thermal image geometry and `thermal_profile` assumptions when metadata does not provide FOV or sensor size. Visible `_V.JPG` overlays are deferred. The overlay remains an approximate first-pass visualization using the north-up rectangular footprint assumption.",100.0,"{""31"": 100.0}"
DJI_20260107143259_0005_T__thermal__r014_c009,20260107_Thermal_HKUST/DCIM/DJI_202601071424_001::DJI_20260107143259_0005,DJI_20260107143259_0005_V.JPG,DJI_20260107143259_0005_T.JPG,data/raw/hkust/20260107_Thermal_HKUST/DCIM/DJI_202601071424_001/DJI_20260107143259_0005_V.JPG,data/raw/hkust/20260107_Thermal_HKUST/DCIM/DJI_202601071424_001/DJI_20260107143259_0005_T.JPG,thermal,data/raw/hkust/20260107_Thermal_HKUST/DCIM/DJI_202601071424_001/DJI_20260107143259_0005_T.JPG,640,512,data/metadata/dji_image_metadata.csv,thermal_profile,EXIF/XMP focal length + focal_length_35mm-derived sensor size,12.0,52.0,35.99392244790114,29.13650161648791,7.79666547283578,6.237332378268624,derived from EXIF/XMP focal_length_35mm and target image aspect,399.28,True,14,9,845133.9326202362,845143.9326202362,822296.525865373,822306.525865373,845138.9326202362,822301.525865373,22.33976396638195,114.26298784015643,10.0,10.0,100.0,False,3,GIC / open space,1.0,,,0.0,high_confidence,"Dominant LUHK land-use assigned by majority overlap between the pilot 10m grid cell and the LUHK 2024 10m raster. This step does not extract thermal temperatures, calculate delta-T, or run prediction. The current pilot stage is thermal-first: outputs are plotted on `_T.JPG` using thermal image geometry and `thermal_profile` assumptions when metadata does not provide FOV or sensor size. Visible `_V.JPG` overlays are deferred. The overlay remains an approximate first-pass visualization using the north-up rectangular footprint assumption.",100.0,"{""31"": 100.0}"
DJI_20260107143259_0005_T__thermal__r014_c010,20260107_Thermal_HKUST/DCIM/DJI_202601071424_001::DJI_20260107143259_0005,DJI_20260107143259_0005_V.JPG,DJI_20260107143259_0005_T.JPG,data/raw/hkust/20260107_Thermal_HKUST/DCIM/DJI_202601071424_001/DJI_20260107143259_0005_V.JPG,data/raw/hkust/20260107_Thermal_HKUST/DCIM/DJI_202601071424_001/DJI_20260107143259_0005_T.JPG,thermal,data/raw/hkust/20260107_Thermal_HKUST/DCIM/DJI_202601071424_001/DJI_20260107143259_0005_T.JPG,640,512,data/metadata/dji_image_metadata.csv,thermal_profile,EXIF/XMP focal length + focal_length_35mm-derived sensor size,12.0,52.0,35.99392244790114,29.13650161648791,7.79666547283578,6.237332378268624,derived from EXIF/XMP focal_length_35mm and target image aspect,399.28,True,14,10,845143.9326202362,845153.9326202362,822296.525865373,822306.525865373,845148.9326202362,822301.525865373,22.33976391473513,114.2630849138282,10.0,10.0,100.0,False,3,GIC / open space,1.0,,,0.0,high_confidence,"Dominant LUHK land-use assigned by majority overlap between the pilot 10m grid cell and the LUHK 2024 10m raster. This step does not extract thermal temperatures, calculate delta-T, or run prediction. The current pilot stage is thermal-first: outputs are plotted on `_T.JPG` using thermal image geometry and `thermal_profile` assumptions when metadata does not provide FOV or sensor size. Visible `_V.JPG` overlays are deferred. The overlay remains an approximate first-pass visualization using the north-up rectangular footprint assumption.",100.0,"{""31"": 100.0}"
DJI_20260107143259_0005_T__thermal__r014_c011,20260107_Thermal_HKUST/DCIM/DJI_202601071424_001::DJI_20260107143259_0005,DJI_20260107143259_0005_V.JPG,DJI_20260107143259_0005_T.JPG,data/raw/hkust/20260107_Thermal_HKUST/DCIM/DJI_202601071424_001/DJI_20260107143259_0005_V.JPG,data/raw/hkust/20260107_Thermal_HKUST/DCIM/DJI_202601071424_001/DJI_20260107143259_0005_T.JPG,thermal,data/raw/hkust/20260107_Thermal_HKUST/DCIM/DJI_202601071424_001/DJI_20260107143259_0005_T.JPG,640,512,data/metadata/dji_image_metadata.csv,thermal_profile,EXIF/XMP focal length + focal_length_35mm-derived sensor size,12.0,52.0,35.99392244790114,29.13650161648791,7.79666547283578,6.237332378268624,derived from EXIF/XMP focal_length_35mm and target image aspect,399.28,True,14,11,845153.9326202362,845163.9326202362,822296.525865373,822306.525865373,845158.9326202362,822301.525865373,22.33976386303016,114.26318198749969,10.0,10.0,100.0,False,3,GIC / open space,1.0,,,0.0,high_confidence,"Dominant LUHK land-use assigned by majority overlap between the pilot 10m grid cell and the LUHK 2024 10m raster. This step does not extract thermal temperatures, calculate delta-T, or run prediction. The current pilot stage is thermal-first: outputs are plotted on `_T.JPG` using thermal image geometry and `thermal_profile` assumptions when metadata does not provide FOV or sensor size. Visible `_V.JPG` overlays are deferred. The overlay remains an approximate first-pass visualization using the north-up rectangular footprint assumption.",100.0,"{""31"": 100.0}"
DJI_20260107143259_0005_T__thermal__r014_c012,20260107_Thermal_HKUST/DCIM/DJI_202601071424_001::DJI_20260107143259_0005,DJI_20260107143259_0005_V.JPG,DJI_20260107143259_0005_T.JPG,data/raw/hkust/20260107_Thermal_HKUST/DCIM/DJI_202601071424_001/DJI_20260107143259_0005_V.JPG,data/raw/hkust/20260107_Thermal_HKUST/DCIM/DJI_202601071424_001/DJI_20260107143259_0005_T.JPG,thermal,data/raw/hkust/20260107_Thermal_HKUST/DCIM/DJI_202601071424_001/DJI_20260107143259_0005_T.JPG,640,512,data/metadata/dji_image_metadata.csv,thermal_profile,EXIF/XMP focal length + focal_length_35mm-derived sensor size,12.0,52.0,35.99392244790114,29.13650161648791,7.79666547283578,6.237332378268624,derived from EXIF/XMP focal_length_35mm and target image aspect,399.28,True,14,12,845163.9326202362,845173.9326202362,822296.525865373,822306.525865373,845168.9326202362,822301.525865373,22.339763811267026,114.26327906117089,10.0,10.0,100.0,False,3,GIC / open space,1.0,,,0.0,high_confidence,"Dominant LUHK land-use assigned by majority overlap between the pilot 10m grid cell and the LUHK 2024 10m raster. This step does not extract thermal temperatures, calculate delta-T, or run prediction. The current pilot stage is thermal-first: outputs are plotted on `_T.JPG` using thermal image geometry and `thermal_profile` assumptions when metadata does not provide FOV or sensor size. Visible `_V.JPG` overlays are deferred. The overlay remains an approximate first-pass visualization using the north-up rectangular footprint assumption.",100.0,"{""31"": 100.0}"
DJI_20260107143259_0005_T__thermal__r014_c013,20260107_Thermal_HKUST/DCIM/DJI_202601071424_001::DJI_20260107143259_0005,DJI_20260107143259_0005_V.JPG,DJI_20260107143259_0005_T.JPG,data/raw/hkust/20260107_Thermal_HKUST/DCIM/DJI_202601071424_001/DJI_20260107143259_0005_V.JPG,data/raw/hkust/20260107_Thermal_HKUST/DCIM/DJI_202601071424_001/DJI_20260107143259_0005_T.JPG,thermal,data/raw/hkust/20260107_Thermal_HKUST/DCIM/DJI_202601071424_001/DJI_20260107143259_0005_T.JPG,640,512,data/metadata/dji_image_metadata.csv,thermal_profile,EXIF/XMP focal length + focal_length_35mm-derived sensor size,12.0,52.0,35.99392244790114,29.13650161648791,7.79666547283578,6.237332378268624,derived from EXIF/XMP focal_length_35mm and target image aspect,399.28,True,14,13,845173.9326202362,845183.9326202362,822296.525865373,822306.525865373,845178.9326202362,822301.525865373,22.339763759445734,114.2633761348418,10.0,10.0,100.0,False,3,GIC / open space,1.0,,,0.0,high_confidence,"Dominant LUHK land-use assigned by majority overlap between the pilot 10m grid cell and the LUHK 2024 10m raster. This step does not extract thermal temperatures, calculate delta-T, or run prediction. The current pilot stage is thermal-first: outputs are plotted on `_T.JPG` using thermal image geometry and `thermal_profile` assumptions when metadata does not provide FOV or sensor size. Visible `_V.JPG` overlays are deferred. The overlay remains an approximate first-pass visualization using the north-up rectangular footprint assumption.",100.0,"{""31"": 100.0}"
DJI_20260107143259_0005_T__thermal__r014_c014,20260107_Thermal_HKUST/DCIM/DJI_202601071424_001::DJI_20260107143259_0005,DJI_20260107143259_0005_V.JPG,DJI_20260107143259_0005_T.JPG,data/raw/hkust/20260107_Thermal_HKUST/DCIM/DJI_202601071424_001/DJI_20260107143259_0005_V.JPG,data/raw/hkust/20260107_Thermal_HKUST/DCIM/DJI_202601071424_001/DJI_20260107143259_0005_T.JPG,thermal,data/raw/hkust/20260107_Thermal_HKUST/DCIM/DJI_202601071424_001/DJI_20260107143259_0005_T.JPG,640,512,data/metadata/dji_image_metadata.csv,thermal_profile,EXIF/XMP focal length + focal_length_35mm-derived sensor size,12.0,52.0,35.99392244790114,29.13650161648791,7.79666547283578,6.237332378268624,derived from EXIF/XMP focal_length_35mm and target image aspect,399.28,True,14,14,845183.9326202362,845193.9326202362,822296.525865373,822306.525865373,845188.9326202362,822301.525865373,22.339763707566277,114.26347320851245,10.0,10.0,100.0,False,3,GIC / open space,1.0,,,0.0,high_confidence,"Dominant LUHK land-use assigned by majority overlap between the pilot 10m grid cell and the LUHK 2024 10m raster. This step does not extract thermal temperatures, calculate delta-T, or run prediction. The current pilot stage is thermal-first: outputs are plotted on `_T.JPG` using thermal image geometry and `thermal_profile` assumptions when metadata does not provide FOV or sensor size. Visible `_V.JPG` overlays are deferred. The overlay remains an approximate first-pass visualization using the north-up rectangular footprint assumption.",100.0,"{""31"": 100.0}"
DJI_20260107143259_0005_T__thermal__r014_c015,20260107_Thermal_HKUST/DCIM/DJI_202601071424_001::DJI_20260107143259_0005,DJI_20260107143259_0005_V.JPG,DJI_20260107143259_0005_T.JPG,data/raw/hkust/20260107_Thermal_HKUST/DCIM/DJI_202601071424_001/DJI_20260107143259_0005_V.JPG,data/raw/hkust/20260107_Thermal_HKUST/DCIM/DJI_202601071424_001/DJI_20260107143259_0005_T.JPG,thermal,data/raw/hkust/20260107_Thermal_HKUST/DCIM/DJI_202601071424_001/DJI_20260107143259_0005_T.JPG,640,512,data/metadata/dji_image_metadata.csv,thermal_profile,EXIF/XMP focal length + focal_length_35mm-derived sensor size,12.0,52.0,35.99392244790114,29.13650161648791,7.79666547283578,6.237332378268624,derived from EXIF/XMP focal_length_35mm and target image aspect,399.28,True,14,15,845193.9326202362,845203.9326202362,822296.525865373,822306.525865373,845198.9326202362,822301.525865373,22.33976365562867,114.26357028218281,10.0,10.0,100.0,False,3,GIC / open space,1.0,,,0.0,high_confidence,"Dominant LUHK land-use assigned by majority overlap between the pilot 10m grid cell and the LUHK 2024 10m raster. This step does not extract thermal temperatures, calculate delta-T, or run prediction. The current pilot stage is thermal-first: outputs are plotted on `_T.JPG` using thermal image geometry and `thermal_profile` assumptions when metadata does not provide FOV or sensor size. Visible `_V.JPG` overlays are deferred. The overlay remains an approximate first-pass visualization using the north-up rectangular footprint assumption.",100.0,"{""31"": 100.0}"
DJI_20260107143259_0005_T__thermal__r014_c016,20260107_Thermal_HKUST/DCIM/DJI_202601071424_001::DJI_20260107143259_0005,DJI_20260107143259_0005_V.JPG,DJI_20260107143259_0005_T.JPG,data/raw/hkust/20260107_Thermal_HKUST/DCIM/DJI_202601071424_001/DJI_20260107143259_0005_V.JPG,data/raw/hkust/20260107_Thermal_HKUST/DCIM/DJI_202601071424_001/DJI_20260107143259_0005_T.JPG,thermal,data/raw/hkust/20260107_Thermal_HKUST/DCIM/DJI_202601071424_001/DJI_20260107143259_0005_T.JPG,640,512,data/metadata/dji_image_metadata.csv,thermal_profile,EXIF/XMP focal length + focal_length_35mm-derived sensor size,12.0,52.0,35.99392244790114,29.13650161648791,7.79666547283578,6.237332378268624,derived from EXIF/XMP focal_length_35mm and target image aspect,399.28,True,14,16,845203.9326202362,845213.9326202362,822296.525865373,822306.525865373,845208.9326202362,822301.525865373,22.339763603632907,114.2636673558529,10.0,10.0,100.0,False,3,GIC / open space,1.0,,,0.0,high_confidence,"Dominant LUHK land-use assigned by majority overlap between the pilot 10m grid cell and the LUHK 2024 10m raster. This step does not extract thermal temperatures, calculate delta-T, or run prediction. The current pilot stage is thermal-first: outputs are plotted on `_T.JPG` using thermal image geometry and `thermal_profile` assumptions when metadata does not provide FOV or sensor size. Visible `_V.JPG` overlays are deferred. The overlay remains an approximate first-pass visualization using the north-up rectangular footprint assumption.",100.0,"{""31"": 100.0}"
DJI_20260107143259_0005_T__thermal__r014_c017,20260107_Thermal_HKUST/DCIM/DJI_202601071424_001::DJI_20260107143259_0005,DJI_20260107143259_0005_V.JPG,DJI_20260107143259_0005_T.JPG,data/raw/hkust/20260107_Thermal_HKUST/DCIM/DJI_202601071424_001/DJI_20260107143259_0005_V.JPG,data/raw/hkust/20260107_Thermal_HKUST/DCIM/DJI_202601071424_001/DJI_20260107143259_0005_T.JPG,thermal,data/raw/hkust/20260107_Thermal_HKUST/DCIM/DJI_202601071424_001/DJI_20260107143259_0005_T.JPG,640,512,data/metadata/dji_image_metadata.csv,thermal_profile,EXIF/XMP focal length + focal_length_35mm-derived sensor size,12.0,52.0,35.99392244790114,29.13650161648791,7.79666547283578,6.237332378268624,derived from EXIF/XMP focal_length_35mm and target image aspect,399.28,True,14,17,845213.9326202362,845223.9326202362,822296.525865373,822306.525865373,845218.9326202362,822301.525865373,22.339763551578983,114.2637644295227,10.0,10.0,100.0,False,3,GIC / open space,1.0,,,0.0,high_confidence,"Dominant LUHK land-use assigned by majority overlap between the pilot 10m grid cell and the LUHK 2024 10m raster. This step does not extract thermal temperatures, calculate delta-T, or run prediction. The current pilot stage is thermal-first: outputs are plotted on `_T.JPG` using thermal image geometry and `thermal_profile` assumptions when metadata does not provide FOV or sensor size. Visible `_V.JPG` overlays are deferred. The overlay remains an approximate first-pass visualization using the north-up rectangular footprint assumption.",100.0,"{""31"": 100.0}"
DJI_20260107143259_0005_T__thermal__r014_c018,20260107_Thermal_HKUST/DCIM/DJI_202601071424_001::DJI_20260107143259_0005,DJI_20260107143259_0005_V.JPG,DJI_20260107143259_0005_T.JPG,data/raw/hkust/20260107_Thermal_HKUST/DCIM/DJI_202601071424_001/DJI_20260107143259_0005_V.JPG,data/raw/hkust/20260107_Thermal_HKUST/DCIM/DJI_202601071424_001/DJI_20260107143259_0005_T.JPG,thermal,data/raw/hkust/20260107_Thermal_HKUST/DCIM/DJI_202601071424_001/DJI_20260107143259_0005_T.JPG,640,512,data/metadata/dji_image_metadata.csv,thermal_profile,EXIF/XMP focal length + focal_length_35mm-derived sensor size,12.0,52.0,35.99392244790114,29.13650161648791,7.79666547283578,6.237332378268624,derived from EXIF/XMP focal_length_35mm and target image aspect,399.28,True,14,18,845223.9326202362,845233.9326202362,822296.525865373,822306.525865373,845228.9326202362,822301.525865373,22.339763499466887,114.2638615031922,10.0,10.0,100.0,False,3,GIC / open space,1.0,,,0.0,high_confidence,"Dominant LUHK land-use assigned by majority overlap between the pilot 10m grid cell and the LUHK 2024 10m raster. This step does not extract thermal temperatures, calculate delta-T, or run prediction. The current pilot stage is thermal-first: outputs are plotted on `_T.JPG` using thermal image geometry and `thermal_profile` assumptions when metadata does not provide FOV or sensor size. Visible `_V.JPG` overlays are deferred. The overlay remains an approximate first-pass visualization using the north-up rectangular footprint assumption.",100.0,"{""31"": 100.0}"
DJI_20260107143259_0005_T__thermal__r014_c019,20260107_Thermal_HKUST/DCIM/DJI_202601071424_001::DJI_20260107143259_0005,DJI_20260107143259_0005_V.JPG,DJI_20260107143259_0005_T.JPG,data/raw/hkust/20260107_Thermal_HKUST/DCIM/DJI_202601071424_001/DJI_20260107143259_0005_V.JPG,data/raw/hkust/20260107_Thermal_HKUST/DCIM/DJI_202601071424_001/DJI_20260107143259_0005_T.JPG,thermal,data/raw/hkust/20260107_Thermal_HKUST/DCIM/DJI_202601071424_001/DJI_20260107143259_0005_T.JPG,640,512,data/metadata/dji_image_metadata.csv,thermal_profile,EXIF/XMP focal length + focal_length_35mm-derived sensor size,12.0,52.0,35.99392244790114,29.13650161648791,7.79666547283578,6.237332378268624,derived from EXIF/XMP focal_length_35mm and target image aspect,399.28,True,14,19,845233.9326202362,845243.9326202362,822296.525865373,822306.525865373,845238.9326202362,822301.525865373,22.339763447296644,114.26395857686143,10.0,10.0,100.0,False,3,GIC / open space,1.0,,,0.0,high_confidence,"Dominant LUHK land-use assigned by majority overlap between the pilot 10m grid cell and the LUHK 2024 10m raster. This step does not extract thermal temperatures, calculate delta-T, or run prediction. The current pilot stage is thermal-first: outputs are plotted on `_T.JPG` using thermal image geometry and `thermal_profile` assumptions when metadata does not provide FOV or sensor size. Visible `_V.JPG` overlays are deferred. The overlay remains an approximate first-pass visualization using the north-up rectangular footprint assumption.",100.0,"{""31"": 100.0}"
DJI_20260107143259_0005_T__thermal__r014_c020,20260107_Thermal_HKUST/DCIM/DJI_202601071424_001::DJI_20260107143259_0005,DJI_20260107143259_0005_V.JPG,DJI_20260107143259_0005_T.JPG,data/raw/hkust/20260107_Thermal_HKUST/DCIM/DJI_202601071424_001/DJI_20260107143259_0005_V.JPG,data/raw/hkust/20260107_Thermal_HKUST/DCIM/DJI_202601071424_001/DJI_20260107143259_0005_T.JPG,thermal,data/raw/hkust/20260107_Thermal_HKUST/DCIM/DJI_202601071424_001/DJI_20260107143259_0005_T.JPG,640,512,data/metadata/dji_image_metadata.csv,thermal_profile,EXIF/XMP focal length + focal_length_35mm-derived sensor size,12.0,52.0,35.99392244790114,29.13650161648791,7.79666547283578,6.237332378268624,derived from EXIF/XMP focal_length_35mm and target image aspect,399.28,True,14,20,845243.9326202362,845253.9326202362,822296.525865373,822306.525865373,845248.9326202362,822301.525865373,22.33976339506824,114.26405565053038,10.0,10.0,100.0,False,3,GIC / open space,1.0,,,0.0,high_confidence,"Dominant LUHK land-use assigned by majority overlap between the pilot 10m grid cell and the LUHK 2024 10m raster. This step does not extract thermal temperatures, calculate delta-T, or run prediction. The current pilot stage is thermal-first: outputs are plotted on `_T.JPG` using thermal image geometry and `thermal_profile` assumptions when metadata does not provide FOV or sensor size. Visible `_V.JPG` overlays are deferred. The overlay remains an approximate first-pass visualization using the north-up rectangular footprint assumption.",100.0,"{""31"": 100.0}"
DJI_20260107143259_0005_T__thermal__r014_c021,20260107_Thermal_HKUST/DCIM/DJI_202601071424_001::DJI_20260107143259_0005,DJI_20260107143259_0005_V.JPG,DJI_20260107143259_0005_T.JPG,data/raw/hkust/20260107_Thermal_HKUST/DCIM/DJI_202601071424_001/DJI_20260107143259_0005_V.JPG,data/raw/hkust/20260107_Thermal_HKUST/DCIM/DJI_202601071424_001/DJI_20260107143259_0005_T.JPG,thermal,data/raw/hkust/20260107_Thermal_HKUST/DCIM/DJI_202601071424_001/DJI_20260107143259_0005_T.JPG,640,512,data/metadata/dji_image_metadata.csv,thermal_profile,EXIF/XMP focal length + focal_length_35mm-derived sensor size,12.0,52.0,35.99392244790114,29.13650161648791,7.79666547283578,6.237332378268624,derived from EXIF/XMP focal_length_35mm and target image aspect,399.28,True,14,21,845253.9326202362,845263.9326202362,822296.525865373,822306.525865373,845258.9326202362,822301.525865373,22.339763342781694,114.26415272419904,10.0,10.0,100.0,False,3,GIC / open space,1.0,,,0.0,high_confidence,"Dominant LUHK land-use assigned by majority overlap between the pilot 10m grid cell and the LUHK 2024 10m raster. This step does not extract thermal temperatures, calculate delta-T, or run prediction. The current pilot stage is thermal-first: outputs are plotted on `_T.JPG` using thermal image geometry and `thermal_profile` assumptions when metadata does not provide FOV or sensor size. Visible `_V.JPG` overlays are deferred. The overlay remains an approximate first-pass visualization using the north-up rectangular footprint assumption.",100.0,"{""31"": 100.0}"
DJI_20260107143259_0005_T__thermal__r014_c022,20260107_Thermal_HKUST/DCIM/DJI_202601071424_001::DJI_20260107143259_0005,DJI_20260107143259_0005_V.JPG,DJI_20260107143259_0005_T.JPG,data/raw/hkust/20260107_Thermal_HKUST/DCIM/DJI_202601071424_001/DJI_20260107143259_0005_V.JPG,data/raw/hkust/20260107_Thermal_HKUST/DCIM/DJI_202601071424_001/DJI_20260107143259_0005_T.JPG,thermal,data/raw/hkust/20260107_Thermal_HKUST/DCIM/DJI_202601071424_001/DJI_20260107143259_0005_T.JPG,640,512,data/metadata/dji_image_metadata.csv,thermal_profile,EXIF/XMP focal length + focal_length_35mm-derived sensor size,12.0,52.0,35.99392244790114,29.13650161648791,7.79666547283578,6.237332378268624,derived from EXIF/XMP focal_length_35mm and target image aspect,399.28,True,14,22,845263.9326202362,845273.9326202362,822296.525865373,822306.525865373,845268.9326202362,822301.525865373,22.339763290436967,114.26424979786742,10.0,10.0,100.0,False,3,GIC / open space,1.0,,,0.0,high_confidence,"Dominant LUHK land-use assigned by majority overlap between the pilot 10m grid cell and the LUHK 2024 10m raster. This step does not extract thermal temperatures, calculate delta-T, or run prediction. The current pilot stage is thermal-first: outputs are plotted on `_T.JPG` using thermal image geometry and `thermal_profile` assumptions when metadata does not provide FOV or sensor size. Visible `_V.JPG` overlays are deferred. The overlay remains an approximate first-pass visualization using the north-up rectangular footprint assumption.",100.0,"{""31"": 100.0}"
DJI_20260107143259_0005_T__thermal__r014_c023,20260107_Thermal_HKUST/DCIM/DJI_202601071424_001::DJI_20260107143259_0005,DJI_20260107143259_0005_V.JPG,DJI_20260107143259_0005_T.JPG,data/raw/hkust/20260107_Thermal_HKUST/DCIM/DJI_202601071424_001/DJI_20260107143259_0005_V.JPG,data/raw/hkust/20260107_Thermal_HKUST/DCIM/DJI_202601071424_001/DJI_20260107143259_0005_T.JPG,thermal,data/raw/hkust/20260107_Thermal_HKUST/DCIM/DJI_202601071424_001/DJI_20260107143259_0005_T.JPG,640,512,data/metadata/dji_image_metadata.csv,thermal_profile,EXIF/XMP focal length + focal_length_35mm-derived sensor size,12.0,52.0,35.99392244790114,29.13650161648791,7.79666547283578,6.237332378268624,derived from EXIF/XMP focal_length_35mm and target image aspect,399.28,True,14,23,845273.9326202362,845283.9326202362,822296.525865373,822306.525865373,845278.9326202362,822301.525865373,22.339763238034095,114.26434687153554,10.0,10.0,100.0,False,3,GIC / open space,1.0,,,0.0,high_confidence,"Dominant LUHK land-use assigned by majority overlap between the pilot 10m grid cell and the LUHK 2024 10m raster. This step does not extract thermal temperatures, calculate delta-T, or run prediction. The current pilot stage is thermal-first: outputs are plotted on `_T.JPG` using thermal image geometry and `thermal_profile` assumptions when metadata does not provide FOV or sensor size. Visible `_V.JPG` overlays are deferred. The overlay remains an approximate first-pass visualization using the north-up rectangular footprint assumption.",100.0,"{""31"": 100.0}"
DJI_20260107143259_0005_T__thermal__r014_c024,20260107_Thermal_HKUST/DCIM/DJI_202601071424_001::DJI_20260107143259_0005,DJI_20260107143259_0005_V.JPG,DJI_20260107143259_0005_T.JPG,data/raw/hkust/20260107_Thermal_HKUST/DCIM/DJI_202601071424_001/DJI_20260107143259_0005_V.JPG,data/raw/hkust/20260107_Thermal_HKUST/DCIM/DJI_202601071424_001/DJI_20260107143259_0005_T.JPG,thermal,data/raw/hkust/20260107_Thermal_HKUST/DCIM/DJI_202601071424_001/DJI_20260107143259_0005_T.JPG,640,512,data/metadata/dji_image_metadata.csv,thermal_profile,EXIF/XMP focal length + focal_length_35mm-derived sensor size,12.0,52.0,35.99392244790114,29.13650161648791,7.79666547283578,6.237332378268624,derived from EXIF/XMP focal_length_35mm and target image aspect,399.28,True,14,24,845283.9326202362,845293.9326202362,822296.525865373,822306.525865373,845288.9326202362,822301.525865373,22.339763185573055,114.26444394520334,10.0,10.0,100.0,False,3,GIC / open space,1.0,,,0.0,high_confidence,"Dominant LUHK land-use assigned by majority overlap between the pilot 10m grid cell and the LUHK 2024 10m raster. This step does not extract thermal temperatures, calculate delta-T, or run prediction. The current pilot stage is thermal-first: outputs are plotted on `_T.JPG` using thermal image geometry and `thermal_profile` assumptions when metadata does not provide FOV or sensor size. Visible `_V.JPG` overlays are deferred. The overlay remains an approximate first-pass visualization using the north-up rectangular footprint assumption.",100.0,"{""31"": 100.0}"
DJI_20260107143259_0005_T__thermal__r014_c025,20260107_Thermal_HKUST/DCIM/DJI_202601071424_001::DJI_20260107143259_0005,DJI_20260107143259_0005_V.JPG,DJI_20260107143259_0005_T.JPG,data/raw/hkust/20260107_Thermal_HKUST/DCIM/DJI_202601071424_001/DJI_20260107143259_0005_V.JPG,data/raw/hkust/20260107_Thermal_HKUST/DCIM/DJI_202601071424_001/DJI_20260107143259_0005_T.JPG,thermal,data/raw/hkust/20260107_Thermal_HKUST/DCIM/DJI_202601071424_001/DJI_20260107143259_0005_T.JPG,640,512,data/metadata/dji_image_metadata.csv,thermal_profile,EXIF/XMP focal length + focal_length_35mm-derived sensor size,12.0,52.0,35.99392244790114,29.13650161648791,7.79666547283578,6.237332378268624,derived from EXIF/XMP focal_length_35mm and target image aspect,399.28,True,14,25,845293.9326202362,845303.3536694024,822296.525865373,822306.525865373,845298.6431448193,822301.525865373,22.339763134574984,114.26453820882683,9.421049166237935,10.0,94.21049166237935,True,3,GIC / open space,1.0,,,0.0,high_confidence,"Dominant LUHK land-use assigned by majority overlap between the pilot 10m grid cell and the LUHK 2024 10m raster. This step does not extract thermal temperatures, calculate delta-T, or run prediction. The current pilot stage is thermal-first: outputs are plotted on `_T.JPG` using thermal image geometry and `thermal_profile` assumptions when metadata does not provide FOV or sensor size. Visible `_V.JPG` overlays are deferred. The overlay remains an approximate first-pass visualization using the north-up rectangular footprint assumption.",94.21049166237935,"{""31"": 94.21049166237935}"
DJI_20260107143259_0005_T__thermal__r015_c000,20260107_Thermal_HKUST/DCIM/DJI_202601071424_001::DJI_20260107143259_0005,DJI_20260107143259_0005_V.JPG,DJI_20260107143259_0005_T.JPG,data/raw/hkust/20260107_Thermal_HKUST/DCIM/DJI_202601071424_001/DJI_20260107143259_0005_V.JPG,data/raw/hkust/20260107_Thermal_HKUST/DCIM/DJI_202601071424_001/DJI_20260107143259_0005_T.JPG,thermal,data/raw/hkust/20260107_Thermal_HKUST/DCIM/DJI_202601071424_001/DJI_20260107143259_0005_T.JPG,640,512,data/metadata/dji_image_metadata.csv,thermal_profile,EXIF/XMP focal length + focal_length_35mm-derived sensor size,12.0,52.0,35.99392244790114,29.13650161648791,7.79666547283578,6.237332378268624,derived from EXIF/XMP focal_length_35mm and target image aspect,399.28,True,15,0,845043.9326202362,845053.9326202362,822286.525865373,822296.525865373,845048.9326202362,822291.525865373,22.33967412296433,114.26211412217438,10.0,10.0,100.0,False,7,Woodland / shrubland / grassland / wetland,1.0,,,0.0,high_confidence,"Dominant LUHK land-use assigned by majority overlap between the pilot 10m grid cell and the LUHK 2024 10m raster. This step does not extract thermal temperatures, calculate delta-T, or run prediction. The current pilot stage is thermal-first: outputs are plotted on `_T.JPG` using thermal image geometry and `thermal_profile` assumptions when metadata does not provide FOV or sensor size. Visible `_V.JPG` overlays are deferred. The overlay remains an approximate first-pass visualization using the north-up rectangular footprint assumption.",100.0,"{""71"": 100.0}"
DJI_20260107143259_0005_T__thermal__r015_c001,20260107_Thermal_HKUST/DCIM/DJI_202601071424_001::DJI_20260107143259_0005,DJI_20260107143259_0005_V.JPG,DJI_20260107143259_0005_T.JPG,data/raw/hkust/20260107_Thermal_HKUST/DCIM/DJI_202601071424_001/DJI_20260107143259_0005_V.JPG,data/raw/hkust/20260107_Thermal_HKUST/DCIM/DJI_202601071424_001/DJI_20260107143259_0005_T.JPG,thermal,data/raw/hkust/20260107_Thermal_HKUST/DCIM/DJI_202601071424_001/DJI_20260107143259_0005_T.JPG,640,512,data/metadata/dji_image_metadata.csv,thermal_profile,EXIF/XMP focal length + focal_length_35mm-derived sensor size,12.0,52.0,35.99392244790114,29.13650161648791,7.79666547283578,6.237332378268624,derived from EXIF/XMP focal_length_35mm and target image aspect,399.28,True,15,1,845053.9326202362,845063.9326202362,822286.525865373,822296.525865373,845058.9326202362,822291.525865373,22.339674071841173,114.26221119578612,10.0,10.0,100.0,False,7,Woodland / shrubland / grassland / wetland,1.0,,,0.0,high_confidence,"Dominant LUHK land-use assigned by majority overlap between the pilot 10m grid cell and the LUHK 2024 10m raster. This step does not extract thermal temperatures, calculate delta-T, or run prediction. The current pilot stage is thermal-first: outputs are plotted on `_T.JPG` using thermal image geometry and `thermal_profile` assumptions when metadata does not provide FOV or sensor size. Visible `_V.JPG` overlays are deferred. The overlay remains an approximate first-pass visualization using the north-up rectangular footprint assumption.",100.0,"{""71"": 100.0}"
DJI_20260107143259_0005_T__thermal__r015_c002,20260107_Thermal_HKUST/DCIM/DJI_202601071424_001::DJI_20260107143259_0005,DJI_20260107143259_0005_V.JPG,DJI_20260107143259_0005_T.JPG,data/raw/hkust/20260107_Thermal_HKUST/DCIM/DJI_202601071424_001/DJI_20260107143259_0005_V.JPG,data/raw/hkust/20260107_Thermal_HKUST/DCIM/DJI_202601071424_001/DJI_20260107143259_0005_T.JPG,thermal,data/raw/hkust/20260107_Thermal_HKUST/DCIM/DJI_202601071424_001/DJI_20260107143259_0005_T.JPG,640,512,data/metadata/dji_image_metadata.csv,thermal_profile,EXIF/XMP focal length + focal_length_35mm-derived sensor size,12.0,52.0,35.99392244790114,29.13650161648791,7.79666547283578,6.237332378268624,derived from EXIF/XMP focal_length_35mm and target image aspect,399.28,True,15,2,845063.9326202362,845073.9326202362,822286.525865373,822296.525865373,845068.9326202362,822291.525865373,22.339674020659846,114.26230826939761,10.0,10.0,100.0,False,7,Woodland / shrubland / grassland / wetland,1.0,,,0.0,high_confidence,"Dominant LUHK land-use assigned by majority overlap between the pilot 10m grid cell and the LUHK 2024 10m raster. This step does not extract thermal temperatures, calculate delta-T, or run prediction. The current pilot stage is thermal-first: outputs are plotted on `_T.JPG` using thermal image geometry and `thermal_profile` assumptions when metadata does not provide FOV or sensor size. Visible `_V.JPG` overlays are deferred. The overlay remains an approximate first-pass visualization using the north-up rectangular footprint assumption.",100.0,"{""71"": 100.0}"
DJI_20260107143259_0005_T__thermal__r015_c003,20260107_Thermal_HKUST/DCIM/DJI_202601071424_001::DJI_20260107143259_0005,DJI_20260107143259_0005_V.JPG,DJI_20260107143259_0005_T.JPG,data/raw/hkust/20260107_Thermal_HKUST/DCIM/DJI_202601071424_001/DJI_20260107143259_0005_V.JPG,data/raw/hkust/20260107_Thermal_HKUST/DCIM/DJI_202601071424_001/DJI_20260107143259_0005_T.JPG,thermal,data/raw/hkust/20260107_Thermal_HKUST/DCIM/DJI_202601071424_001/DJI_20260107143259_0005_T.JPG,640,512,data/metadata/dji_image_metadata.csv,thermal_profile,EXIF/XMP focal length + focal_length_35mm-derived sensor size,12.0,52.0,35.99392244790114,29.13650161648791,7.79666547283578,6.237332378268624,derived from EXIF/XMP focal_length_35mm and target image aspect,399.28,True,15,3,845073.9326202362,845083.9326202362,822286.525865373,822296.525865373,845078.9326202362,822291.525865373,22.33967396942035,114.26240534300881,10.0,10.0,100.0,False,7,Woodland / shrubland / grassland / wetland,0.6067379763815552,3.0,GIC / open space,0.3932620236184448,medium_confidence,"Dominant LUHK land-use assigned by majority overlap between the pilot 10m grid cell and the LUHK 2024 10m raster. This step does not extract thermal temperatures, calculate delta-T, or run prediction. The current pilot stage is thermal-first: outputs are plotted on `_T.JPG` using thermal image geometry and `thermal_profile` assumptions when metadata does not provide FOV or sensor size. Visible `_V.JPG` overlays are deferred. The overlay remains an approximate first-pass visualization using the north-up rectangular footprint assumption.",100.0,"{""31"": 39.32620236184448, ""71"": 60.67379763815552}"
DJI_20260107143259_0005_T__thermal__r015_c004,20260107_Thermal_HKUST/DCIM/DJI_202601071424_001::DJI_20260107143259_0005,DJI_20260107143259_0005_V.JPG,DJI_20260107143259_0005_T.JPG,data/raw/hkust/20260107_Thermal_HKUST/DCIM/DJI_202601071424_001/DJI_20260107143259_0005_V.JPG,data/raw/hkust/20260107_Thermal_HKUST/DCIM/DJI_202601071424_001/DJI_20260107143259_0005_T.JPG,thermal,data/raw/hkust/20260107_Thermal_HKUST/DCIM/DJI_202601071424_001/DJI_20260107143259_0005_T.JPG,640,512,data/metadata/dji_image_metadata.csv,thermal_profile,EXIF/XMP focal length + focal_length_35mm-derived sensor size,12.0,52.0,35.99392244790114,29.13650161648791,7.79666547283578,6.237332378268624,derived from EXIF/XMP focal_length_35mm and target image aspect,399.28,True,15,4,845083.9326202362,845093.9326202362,822286.525865373,822296.525865373,845088.9326202362,822291.525865373,22.339673918122717,114.26250241661974,10.0,10.0,100.0,False,3,GIC / open space,1.0,,,0.0,high_confidence,"Dominant LUHK land-use assigned by majority overlap between the pilot 10m grid cell and the LUHK 2024 10m raster. This step does not extract thermal temperatures, calculate delta-T, or run prediction. The current pilot stage is thermal-first: outputs are plotted on `_T.JPG` using thermal image geometry and `thermal_profile` assumptions when metadata does not provide FOV or sensor size. Visible `_V.JPG` overlays are deferred. The overlay remains an approximate first-pass visualization using the north-up rectangular footprint assumption.",100.0,"{""31"": 100.0}"
DJI_20260107143259_0005_T__thermal__r015_c005,20260107_Thermal_HKUST/DCIM/DJI_202601071424_001::DJI_20260107143259_0005,DJI_20260107143259_0005_V.JPG,DJI_20260107143259_0005_T.JPG,data/raw/hkust/20260107_Thermal_HKUST/DCIM/DJI_202601071424_001/DJI_20260107143259_0005_V.JPG,data/raw/hkust/20260107_Thermal_HKUST/DCIM/DJI_202601071424_001/DJI_20260107143259_0005_T.JPG,thermal,data/raw/hkust/20260107_Thermal_HKUST/DCIM/DJI_202601071424_001/DJI_20260107143259_0005_T.JPG,640,512,data/metadata/dji_image_metadata.csv,thermal_profile,EXIF/XMP focal length + focal_length_35mm-derived sensor size,12.0,52.0,35.99392244790114,29.13650161648791,7.79666547283578,6.237332378268624,derived from EXIF/XMP focal_length_35mm and target image aspect,399.28,True,15,5,845093.9326202362,845103.9326202362,822286.525865373,822296.525865373,845098.9326202362,822291.525865373,22.339673866766915,114.2625994902304,10.0,10.0,100.0,False,3,GIC / open space,1.0,,,0.0,high_confidence,"Dominant LUHK land-use assigned by majority overlap between the pilot 10m grid cell and the LUHK 2024 10m raster. This step does not extract thermal temperatures, calculate delta-T, or run prediction. The current pilot stage is thermal-first: outputs are plotted on `_T.JPG` using thermal image geometry and `thermal_profile` assumptions when metadata does not provide FOV or sensor size. Visible `_V.JPG` overlays are deferred. The overlay remains an approximate first-pass visualization using the north-up rectangular footprint assumption.",100.0,"{""31"": 100.0}"
DJI_20260107143259_0005_T__thermal__r015_c006,20260107_Thermal_HKUST/DCIM/DJI_202601071424_001::DJI_20260107143259_0005,DJI_20260107143259_0005_V.JPG,DJI_20260107143259_0005_T.JPG,data/raw/hkust/20260107_Thermal_HKUST/DCIM/DJI_202601071424_001/DJI_20260107143259_0005_V.JPG,data/raw/hkust/20260107_Thermal_HKUST/DCIM/DJI_202601071424_001/DJI_20260107143259_0005_T.JPG,thermal,data/raw/hkust/20260107_Thermal_HKUST/DCIM/DJI_202601071424_001/DJI_20260107143259_0005_T.JPG,640,512,data/metadata/dji_image_metadata.csv,thermal_profile,EXIF/XMP focal length + focal_length_35mm-derived sensor size,12.0,52.0,35.99392244790114,29.13650161648791,7.79666547283578,6.237332378268624,derived from EXIF/XMP focal_length_35mm and target image aspect,399.28,True,15,6,845103.9326202362,845113.9326202362,822286.525865373,822296.525865373,845108.9326202362,822291.525865373,22.339673815352956,114.26269656384078,10.0,10.0,100.0,False,3,GIC / open space,1.0,,,0.0,high_confidence,"Dominant LUHK land-use assigned by majority overlap between the pilot 10m grid cell and the LUHK 2024 10m raster. This step does not extract thermal temperatures, calculate delta-T, or run prediction. The current pilot stage is thermal-first: outputs are plotted on `_T.JPG` using thermal image geometry and `thermal_profile` assumptions when metadata does not provide FOV or sensor size. Visible `_V.JPG` overlays are deferred. The overlay remains an approximate first-pass visualization using the north-up rectangular footprint assumption.",100.0,"{""31"": 100.0}"
DJI_20260107143259_0005_T__thermal__r015_c007,20260107_Thermal_HKUST/DCIM/DJI_202601071424_001::DJI_20260107143259_0005,DJI_20260107143259_0005_V.JPG,DJI_20260107143259_0005_T.JPG,data/raw/hkust/20260107_Thermal_HKUST/DCIM/DJI_202601071424_001/DJI_20260107143259_0005_V.JPG,data/raw/hkust/20260107_Thermal_HKUST/DCIM/DJI_202601071424_001/DJI_20260107143259_0005_T.JPG,thermal,data/raw/hkust/20260107_Thermal_HKUST/DCIM/DJI_202601071424_001/DJI_20260107143259_0005_T.JPG,640,512,data/metadata/dji_image_metadata.csv,thermal_profile,EXIF/XMP focal length + focal_length_35mm-derived sensor size,12.0,52.0,35.99392244790114,29.13650161648791,7.79666547283578,6.237332378268624,derived from EXIF/XMP focal_length_35mm and target image aspect,399.28,True,15,7,845113.9326202362,845123.9326202362,822286.525865373,822296.525865373,845118.9326202362,822291.525865373,22.339673763880842,114.26279363745084,10.0,10.0,100.0,False,3,GIC / open space,1.0,,,0.0,high_confidence,"Dominant LUHK land-use assigned by majority overlap between the pilot 10m grid cell and the LUHK 2024 10m raster. This step does not extract thermal temperatures, calculate delta-T, or run prediction. The current pilot stage is thermal-first: outputs are plotted on `_T.JPG` using thermal image geometry and `thermal_profile` assumptions when metadata does not provide FOV or sensor size. Visible `_V.JPG` overlays are deferred. The overlay remains an approximate first-pass visualization using the north-up rectangular footprint assumption.",100.0,"{""31"": 100.0}"
DJI_20260107143259_0005_T__thermal__r015_c008,20260107_Thermal_HKUST/DCIM/DJI_202601071424_001::DJI_20260107143259_0005,DJI_20260107143259_0005_V.JPG,DJI_20260107143259_0005_T.JPG,data/raw/hkust/20260107_Thermal_HKUST/DCIM/DJI_202601071424_001/DJI_20260107143259_0005_V.JPG,data/raw/hkust/20260107_Thermal_HKUST/DCIM/DJI_202601071424_001/DJI_20260107143259_0005_T.JPG,thermal,data/raw/hkust/20260107_Thermal_HKUST/DCIM/DJI_202601071424_001/DJI_20260107143259_0005_T.JPG,640,512,data/metadata/dji_image_metadata.csv,thermal_profile,EXIF/XMP focal length + focal_length_35mm-derived sensor size,12.0,52.0,35.99392244790114,29.13650161648791,7.79666547283578,6.237332378268624,derived from EXIF/XMP focal_length_35mm and target image aspect,399.28,True,15,8,845123.9326202362,845133.9326202362,822286.525865373,822296.525865373,845128.9326202362,822291.525865373,22.339673712350567,114.26289071106066,10.0,10.0,100.0,False,3,GIC / open space,1.0,,,0.0,high_confidence,"Dominant LUHK land-use assigned by majority overlap between the pilot 10m grid cell and the LUHK 2024 10m raster. This step does not extract thermal temperatures, calculate delta-T, or run prediction. The current pilot stage is thermal-first: outputs are plotted on `_T.JPG` using thermal image geometry and `thermal_profile` assumptions when metadata does not provide FOV or sensor size. Visible `_V.JPG` overlays are deferred. The overlay remains an approximate first-pass visualization using the north-up rectangular footprint assumption.",100.0,"{""31"": 100.0}"
DJI_20260107143259_0005_T__thermal__r015_c009,20260107_Thermal_HKUST/DCIM/DJI_202601071424_001::DJI_20260107143259_0005,DJI_20260107143259_0005_V.JPG,DJI_20260107143259_0005_T.JPG,data/raw/hkust/20260107_Thermal_HKUST/DCIM/DJI_202601071424_001/DJI_20260107143259_0005_V.JPG,data/raw/hkust/20260107_Thermal_HKUST/DCIM/DJI_202601071424_001/DJI_20260107143259_0005_T.JPG,thermal,data/raw/hkust/20260107_Thermal_HKUST/DCIM/DJI_202601071424_001/DJI_20260107143259_0005_T.JPG,640,512,data/metadata/dji_image_metadata.csv,thermal_profile,EXIF/XMP focal length + focal_length_35mm-derived sensor size,12.0,52.0,35.99392244790114,29.13650161648791,7.79666547283578,6.237332378268624,derived from EXIF/XMP focal_length_35mm and target image aspect,399.28,True,15,9,845133.9326202362,845143.9326202362,822286.525865373,822296.525865373,845138.9326202362,822291.525865373,22.33967366076213,114.26298778467019,10.0,10.0,100.0,False,3,GIC / open space,1.0,,,0.0,high_confidence,"Dominant LUHK land-use assigned by majority overlap between the pilot 10m grid cell and the LUHK 2024 10m raster. This step does not extract thermal temperatures, calculate delta-T, or run prediction. The current pilot stage is thermal-first: outputs are plotted on `_T.JPG` using thermal image geometry and `thermal_profile` assumptions when metadata does not provide FOV or sensor size. Visible `_V.JPG` overlays are deferred. The overlay remains an approximate first-pass visualization using the north-up rectangular footprint assumption.",100.0,"{""31"": 100.0}"
DJI_20260107143259_0005_T__thermal__r015_c010,20260107_Thermal_HKUST/DCIM/DJI_202601071424_001::DJI_20260107143259_0005,DJI_20260107143259_0005_V.JPG,DJI_20260107143259_0005_T.JPG,data/raw/hkust/20260107_Thermal_HKUST/DCIM/DJI_202601071424_001/DJI_20260107143259_0005_V.JPG,data/raw/hkust/20260107_Thermal_HKUST/DCIM/DJI_202601071424_001/DJI_20260107143259_0005_T.JPG,thermal,data/raw/hkust/20260107_Thermal_HKUST/DCIM/DJI_202601071424_001/DJI_20260107143259_0005_T.JPG,640,512,data/metadata/dji_image_metadata.csv,thermal_profile,EXIF/XMP focal length + focal_length_35mm-derived sensor size,12.0,52.0,35.99392244790114,29.13650161648791,7.79666547283578,6.237332378268624,derived from EXIF/XMP focal_length_35mm and target image aspect,399.28,True,15,10,845143.9326202362,845153.9326202362,822286.525865373,822296.525865373,845148.9326202362,822291.525865373,22.339673609115547,114.26308485827944,10.0,10.0,100.0,False,3,GIC / open space,1.0,,,0.0,high_confidence,"Dominant LUHK land-use assigned by majority overlap between the pilot 10m grid cell and the LUHK 2024 10m raster. This step does not extract thermal temperatures, calculate delta-T, or run prediction. The current pilot stage is thermal-first: outputs are plotted on `_T.JPG` using thermal image geometry and `thermal_profile` assumptions when metadata does not provide FOV or sensor size. Visible `_V.JPG` overlays are deferred. The overlay remains an approximate first-pass visualization using the north-up rectangular footprint assumption.",100.0,"{""31"": 100.0}"
DJI_20260107143259_0005_T__thermal__r015_c011,20260107_Thermal_HKUST/DCIM/DJI_202601071424_001::DJI_20260107143259_0005,DJI_20260107143259_0005_V.JPG,DJI_20260107143259_0005_T.JPG,data/raw/hkust/20260107_Thermal_HKUST/DCIM/DJI_202601071424_001/DJI_20260107143259_0005_V.JPG,data/raw/hkust/20260107_Thermal_HKUST/DCIM/DJI_202601071424_001/DJI_20260107143259_0005_T.JPG,thermal,data/raw/hkust/20260107_Thermal_HKUST/DCIM/DJI_202601071424_001/DJI_20260107143259_0005_T.JPG,640,512,data/metadata/dji_image_metadata.csv,thermal_profile,EXIF/XMP focal length + focal_length_35mm-derived sensor size,12.0,52.0,35.99392244790114,29.13650161648791,7.79666547283578,6.237332378268624,derived from EXIF/XMP focal_length_35mm and target image aspect,399.28,True,15,11,845153.9326202362,845163.9326202362,822286.525865373,822296.525865373,845158.9326202362,822291.525865373,22.3396735574108,114.26318193188841,10.0,10.0,100.0,False,3,GIC / open space,1.0,,,0.0,high_confidence,"Dominant LUHK land-use assigned by majority overlap between the pilot 10m grid cell and the LUHK 2024 10m raster. This step does not extract thermal temperatures, calculate delta-T, or run prediction. The current pilot stage is thermal-first: outputs are plotted on `_T.JPG` using thermal image geometry and `thermal_profile` assumptions when metadata does not provide FOV or sensor size. Visible `_V.JPG` overlays are deferred. The overlay remains an approximate first-pass visualization using the north-up rectangular footprint assumption.",100.0,"{""31"": 100.0}"
DJI_20260107143259_0005_T__thermal__r015_c012,20260107_Thermal_HKUST/DCIM/DJI_202601071424_001::DJI_20260107143259_0005,DJI_20260107143259_0005_V.JPG,DJI_20260107143259_0005_T.JPG,data/raw/hkust/20260107_Thermal_HKUST/DCIM/DJI_202601071424_001/DJI_20260107143259_0005_V.JPG,data/raw/hkust/20260107_Thermal_HKUST/DCIM/DJI_202601071424_001/DJI_20260107143259_0005_T.JPG,thermal,data/raw/hkust/20260107_Thermal_HKUST/DCIM/DJI_202601071424_001/DJI_20260107143259_0005_T.JPG,640,512,data/metadata/dji_image_metadata.csv,thermal_profile,EXIF/XMP focal length + focal_length_35mm-derived sensor size,12.0,52.0,35.99392244790114,29.13650161648791,7.79666547283578,6.237332378268624,derived from EXIF/XMP focal_length_35mm and target image aspect,399.28,True,15,12,845163.9326202362,845173.9326202362,822286.525865373,822296.525865373,845168.9326202362,822291.525865373,22.33967350564789,114.26327900549711,10.0,10.0,100.0,False,3,GIC / open space,1.0,,,0.0,high_confidence,"Dominant LUHK land-use assigned by majority overlap between the pilot 10m grid cell and the LUHK 2024 10m raster. This step does not extract thermal temperatures, calculate delta-T, or run prediction. The current pilot stage is thermal-first: outputs are plotted on `_T.JPG` using thermal image geometry and `thermal_profile` assumptions when metadata does not provide FOV or sensor size. Visible `_V.JPG` overlays are deferred. The overlay remains an approximate first-pass visualization using the north-up rectangular footprint assumption.",100.0,"{""31"": 100.0}"
DJI_20260107143259_0005_T__thermal__r015_c013,20260107_Thermal_HKUST/DCIM/DJI_202601071424_001::DJI_20260107143259_0005,DJI_20260107143259_0005_V.JPG,DJI_20260107143259_0005_T.JPG,data/raw/hkust/20260107_Thermal_HKUST/DCIM/DJI_202601071424_001/DJI_20260107143259_0005_V.JPG,data/raw/hkust/20260107_Thermal_HKUST/DCIM/DJI_202601071424_001/DJI_20260107143259_0005_T.JPG,thermal,data/raw/hkust/20260107_Thermal_HKUST/DCIM/DJI_202601071424_001/DJI_20260107143259_0005_T.JPG,640,512,data/metadata/dji_image_metadata.csv,thermal_profile,EXIF/XMP focal length + focal_length_35mm-derived sensor size,12.0,52.0,35.99392244790114,29.13650161648791,7.79666547283578,6.237332378268624,derived from EXIF/XMP focal_length_35mm and target image aspect,399.28,True,15,13,845173.9326202362,845183.9326202362,822286.525865373,822296.525865373,845178.9326202362,822291.525865373,22.339673453826823,114.26337607910551,10.0,10.0,100.0,False,3,GIC / open space,1.0,,,0.0,high_confidence,"Dominant LUHK land-use assigned by majority overlap between the pilot 10m grid cell and the LUHK 2024 10m raster. This step does not extract thermal temperatures, calculate delta-T, or run prediction. The current pilot stage is thermal-first: outputs are plotted on `_T.JPG` using thermal image geometry and `thermal_profile` assumptions when metadata does not provide FOV or sensor size. Visible `_V.JPG` overlays are deferred. The overlay remains an approximate first-pass visualization using the north-up rectangular footprint assumption.",100.0,"{""31"": 100.0}"
DJI_20260107143259_0005_T__thermal__r015_c014,20260107_Thermal_HKUST/DCIM/DJI_202601071424_001::DJI_20260107143259_0005,DJI_20260107143259_0005_V.JPG,DJI_20260107143259_0005_T.JPG,data/raw/hkust/20260107_Thermal_HKUST/DCIM/DJI_202601071424_001/DJI_20260107143259_0005_V.JPG,data/raw/hkust/20260107_Thermal_HKUST/DCIM/DJI_202601071424_001/DJI_20260107143259_0005_T.JPG,thermal,data/raw/hkust/20260107_Thermal_HKUST/DCIM/DJI_202601071424_001/DJI_20260107143259_0005_T.JPG,640,512,data/metadata/dji_image_metadata.csv,thermal_profile,EXIF/XMP focal length + focal_length_35mm-derived sensor size,12.0,52.0,35.99392244790114,29.13650161648791,7.79666547283578,6.237332378268624,derived from EXIF/XMP focal_length_35mm and target image aspect,399.28,True,15,14,845183.9326202362,845193.9326202362,822286.525865373,822296.525865373,845188.9326202362,822291.525865373,22.3396734019476,114.26347315271363,10.0,10.0,100.0,False,3,GIC / open space,1.0,,,0.0,high_confidence,"Dominant LUHK land-use assigned by majority overlap between the pilot 10m grid cell and the LUHK 2024 10m raster. This step does not extract thermal temperatures, calculate delta-T, or run prediction. The current pilot stage is thermal-first: outputs are plotted on `_T.JPG` using thermal image geometry and `thermal_profile` assumptions when metadata does not provide FOV or sensor size. Visible `_V.JPG` overlays are deferred. The overlay remains an approximate first-pass visualization using the north-up rectangular footprint assumption.",100.0,"{""31"": 100.0}"
DJI_20260107143259_0005_T__thermal__r015_c015,20260107_Thermal_HKUST/DCIM/DJI_202601071424_001::DJI_20260107143259_0005,DJI_20260107143259_0005_V.JPG,DJI_20260107143259_0005_T.JPG,data/raw/hkust/20260107_Thermal_HKUST/DCIM/DJI_202601071424_001/DJI_20260107143259_0005_V.JPG,data/raw/hkust/20260107_Thermal_HKUST/DCIM/DJI_202601071424_001/DJI_20260107143259_0005_T.JPG,thermal,data/raw/hkust/20260107_Thermal_HKUST/DCIM/DJI_202601071424_001/DJI_20260107143259_0005_T.JPG,640,512,data/metadata/dji_image_metadata.csv,thermal_profile,EXIF/XMP focal length + focal_length_35mm-derived sensor size,12.0,52.0,35.99392244790114,29.13650161648791,7.79666547283578,6.237332378268624,derived from EXIF/XMP focal_length_35mm and target image aspect,399.28,True,15,15,845193.9326202362,845203.9326202362,822286.525865373,822296.525865373,845198.9326202362,822291.525865373,22.339673350010216,114.26357022632149,10.0,10.0,100.0,False,3,GIC / open space,1.0,,,0.0,high_confidence,"Dominant LUHK land-use assigned by majority overlap between the pilot 10m grid cell and the LUHK 2024 10m raster. This step does not extract thermal temperatures, calculate delta-T, or run prediction. The current pilot stage is thermal-first: outputs are plotted on `_T.JPG` using thermal image geometry and `thermal_profile` assumptions when metadata does not provide FOV or sensor size. Visible `_V.JPG` overlays are deferred. The overlay remains an approximate first-pass visualization using the north-up rectangular footprint assumption.",100.0,"{""31"": 100.0}"
DJI_20260107143259_0005_T__thermal__r015_c016,20260107_Thermal_HKUST/DCIM/DJI_202601071424_001::DJI_20260107143259_0005,DJI_20260107143259_0005_V.JPG,DJI_20260107143259_0005_T.JPG,data/raw/hkust/20260107_Thermal_HKUST/DCIM/DJI_202601071424_001/DJI_20260107143259_0005_V.JPG,data/raw/hkust/20260107_Thermal_HKUST/DCIM/DJI_202601071424_001/DJI_20260107143259_0005_T.JPG,thermal,data/raw/hkust/20260107_Thermal_HKUST/DCIM/DJI_202601071424_001/DJI_20260107143259_0005_T.JPG,640,512,data/metadata/dji_image_metadata.csv,thermal_profile,EXIF/XMP focal length + focal_length_35mm-derived sensor size,12.0,52.0,35.99392244790114,29.13650161648791,7.79666547283578,6.237332378268624,derived from EXIF/XMP focal_length_35mm and target image aspect,399.28,True,15,16,845203.9326202362,845213.9326202362,822286.525865373,822296.525865373,845208.9326202362,822291.525865373,22.339673298014684,114.26366729992904,10.0,10.0,100.0,False,3,GIC / open space,1.0,,,0.0,high_confidence,"Dominant LUHK land-use assigned by majority overlap between the pilot 10m grid cell and the LUHK 2024 10m raster. This step does not extract thermal temperatures, calculate delta-T, or run prediction. The current pilot stage is thermal-first: outputs are plotted on `_T.JPG` using thermal image geometry and `thermal_profile` assumptions when metadata does not provide FOV or sensor size. Visible `_V.JPG` overlays are deferred. The overlay remains an approximate first-pass visualization using the north-up rectangular footprint assumption.",100.0,"{""31"": 100.0}"
DJI_20260107143259_0005_T__thermal__r015_c017,20260107_Thermal_HKUST/DCIM/DJI_202601071424_001::DJI_20260107143259_0005,DJI_20260107143259_0005_V.JPG,DJI_20260107143259_0005_T.JPG,data/raw/hkust/20260107_Thermal_HKUST/DCIM/DJI_202601071424_001/DJI_20260107143259_0005_V.JPG,data/raw/hkust/20260107_Thermal_HKUST/DCIM/DJI_202601071424_001/DJI_20260107143259_0005_T.JPG,thermal,data/raw/hkust/20260107_Thermal_HKUST/DCIM/DJI_202601071424_001/DJI_20260107143259_0005_T.JPG,640,512,data/metadata/dji_image_metadata.csv,thermal_profile,EXIF/XMP focal length + focal_length_35mm-derived sensor size,12.0,52.0,35.99392244790114,29.13650161648791,7.79666547283578,6.237332378268624,derived from EXIF/XMP focal_length_35mm and target image aspect,399.28,True,15,17,845213.9326202362,845223.9326202362,822286.525865373,822296.525865373,845218.9326202362,822291.525865373,22.339673245960977,114.26376437353632,10.0,10.0,100.0,False,3,GIC / open space,1.0,,,0.0,high_confidence,"Dominant LUHK land-use assigned by majority overlap between the pilot 10m grid cell and the LUHK 2024 10m raster. This step does not extract thermal temperatures, calculate delta-T, or run prediction. The current pilot stage is thermal-first: outputs are plotted on `_T.JPG` using thermal image geometry and `thermal_profile` assumptions when metadata does not provide FOV or sensor size. Visible `_V.JPG` overlays are deferred. The overlay remains an approximate first-pass visualization using the north-up rectangular footprint assumption.",100.0,"{""31"": 100.0}"
DJI_20260107143259_0005_T__thermal__r015_c018,20260107_Thermal_HKUST/DCIM/DJI_202601071424_001::DJI_20260107143259_0005,DJI_20260107143259_0005_V.JPG,DJI_20260107143259_0005_T.JPG,data/raw/hkust/20260107_Thermal_HKUST/DCIM/DJI_202601071424_001/DJI_20260107143259_0005_V.JPG,data/raw/hkust/20260107_Thermal_HKUST/DCIM/DJI_202601071424_001/DJI_20260107143259_0005_T.JPG,thermal,data/raw/hkust/20260107_Thermal_HKUST/DCIM/DJI_202601071424_001/DJI_20260107143259_0005_T.JPG,640,512,data/metadata/dji_image_metadata.csv,thermal_profile,EXIF/XMP focal length + focal_length_35mm-derived sensor size,12.0,52.0,35.99392244790114,29.13650161648791,7.79666547283578,6.237332378268624,derived from EXIF/XMP focal_length_35mm and target image aspect,399.28,True,15,18,845223.9326202362,845233.9326202362,822286.525865373,822296.525865373,845228.9326202362,822291.525865373,22.33967319384913,114.26386144714331,10.0,10.0,100.0,False,3,GIC / open space,1.0,,,0.0,high_confidence,"Dominant LUHK land-use assigned by majority overlap between the pilot 10m grid cell and the LUHK 2024 10m raster. This step does not extract thermal temperatures, calculate delta-T, or run prediction. The current pilot stage is thermal-first: outputs are plotted on `_T.JPG` using thermal image geometry and `thermal_profile` assumptions when metadata does not provide FOV or sensor size. Visible `_V.JPG` overlays are deferred. The overlay remains an approximate first-pass visualization using the north-up rectangular footprint assumption.",100.0,"{""31"": 100.0}"
DJI_20260107143259_0005_T__thermal__r015_c019,20260107_Thermal_HKUST/DCIM/DJI_202601071424_001::DJI_20260107143259_0005,DJI_20260107143259_0005_V.JPG,DJI_20260107143259_0005_T.JPG,data/raw/hkust/20260107_Thermal_HKUST/DCIM/DJI_202601071424_001/DJI_20260107143259_0005_V.JPG,data/raw/hkust/20260107_Thermal_HKUST/DCIM/DJI_202601071424_001/DJI_20260107143259_0005_T.JPG,thermal,data/raw/hkust/20260107_Thermal_HKUST/DCIM/DJI_202601071424_001/DJI_20260107143259_0005_T.JPG,640,512,data/metadata/dji_image_metadata.csv,thermal_profile,EXIF/XMP focal length + focal_length_35mm-derived sensor size,12.0,52.0,35.99392244790114,29.13650161648791,7.79666547283578,6.237332378268624,derived from EXIF/XMP focal_length_35mm and target image aspect,399.28,True,15,19,845233.9326202362,845243.9326202362,822286.525865373,822296.525865373,845238.9326202362,822291.525865373,22.33967314167911,114.26395852075002,10.0,10.0,100.0,False,3,GIC / open space,1.0,,,0.0,high_confidence,"Dominant LUHK land-use assigned by majority overlap between the pilot 10m grid cell and the LUHK 2024 10m raster. This step does not extract thermal temperatures, calculate delta-T, or run prediction. The current pilot stage is thermal-first: outputs are plotted on `_T.JPG` using thermal image geometry and `thermal_profile` assumptions when metadata does not provide FOV or sensor size. Visible `_V.JPG` overlays are deferred. The overlay remains an approximate first-pass visualization using the north-up rectangular footprint assumption.",100.0,"{""31"": 100.0}"
DJI_20260107143259_0005_T__thermal__r015_c020,20260107_Thermal_HKUST/DCIM/DJI_202601071424_001::DJI_20260107143259_0005,DJI_20260107143259_0005_V.JPG,DJI_20260107143259_0005_T.JPG,data/raw/hkust/20260107_Thermal_HKUST/DCIM/DJI_202601071424_001/DJI_20260107143259_0005_V.JPG,data/raw/hkust/20260107_Thermal_HKUST/DCIM/DJI_202601071424_001/DJI_20260107143259_0005_T.JPG,thermal,data/raw/hkust/20260107_Thermal_HKUST/DCIM/DJI_202601071424_001/DJI_20260107143259_0005_T.JPG,640,512,data/metadata/dji_image_metadata.csv,thermal_profile,EXIF/XMP focal length + focal_length_35mm-derived sensor size,12.0,52.0,35.99392244790114,29.13650161648791,7.79666547283578,6.237332378268624,derived from EXIF/XMP focal_length_35mm and target image aspect,399.28,True,15,20,845243.9326202362,845253.9326202362,822286.525865373,822296.525865373,845248.9326202362,822291.525865373,22.33967308945094,114.26405559435646,10.0,10.0,100.0,False,3,GIC / open space,1.0,,,0.0,high_confidence,"Dominant LUHK land-use assigned by majority overlap between the pilot 10m grid cell and the LUHK 2024 10m raster. This step does not extract thermal temperatures, calculate delta-T, or run prediction. The current pilot stage is thermal-first: outputs are plotted on `_T.JPG` using thermal image geometry and `thermal_profile` assumptions when metadata does not provide FOV or sensor size. Visible `_V.JPG` overlays are deferred. The overlay remains an approximate first-pass visualization using the north-up rectangular footprint assumption.",100.0,"{""31"": 100.0}"
DJI_20260107143259_0005_T__thermal__r015_c021,20260107_Thermal_HKUST/DCIM/DJI_202601071424_001::DJI_20260107143259_0005,DJI_20260107143259_0005_V.JPG,DJI_20260107143259_0005_T.JPG,data/raw/hkust/20260107_Thermal_HKUST/DCIM/DJI_202601071424_001/DJI_20260107143259_0005_V.JPG,data/raw/hkust/20260107_Thermal_HKUST/DCIM/DJI_202601071424_001/DJI_20260107143259_0005_T.JPG,thermal,data/raw/hkust/20260107_Thermal_HKUST/DCIM/DJI_202601071424_001/DJI_20260107143259_0005_T.JPG,640,512,data/metadata/dji_image_metadata.csv,thermal_profile,EXIF/XMP focal length + focal_length_35mm-derived sensor size,12.0,52.0,35.99392244790114,29.13650161648791,7.79666547283578,6.237332378268624,derived from EXIF/XMP focal_length_35mm and target image aspect,399.28,True,15,21,845253.9326202362,845263.9326202362,822286.525865373,822296.525865373,845258.9326202362,822291.525865373,22.339673037164616,114.2641526679626,10.0,10.0,100.0,False,3,GIC / open space,1.0,,,0.0,high_confidence,"Dominant LUHK land-use assigned by majority overlap between the pilot 10m grid cell and the LUHK 2024 10m raster. This step does not extract thermal temperatures, calculate delta-T, or run prediction. The current pilot stage is thermal-first: outputs are plotted on `_T.JPG` using thermal image geometry and `thermal_profile` assumptions when metadata does not provide FOV or sensor size. Visible `_V.JPG` overlays are deferred. The overlay remains an approximate first-pass visualization using the north-up rectangular footprint assumption.",100.0,"{""31"": 100.0}"
DJI_20260107143259_0005_T__thermal__r015_c022,20260107_Thermal_HKUST/DCIM/DJI_202601071424_001::DJI_20260107143259_0005,DJI_20260107143259_0005_V.JPG,DJI_20260107143259_0005_T.JPG,data/raw/hkust/20260107_Thermal_HKUST/DCIM/DJI_202601071424_001/DJI_20260107143259_0005_V.JPG,data/raw/hkust/20260107_Thermal_HKUST/DCIM/DJI_202601071424_001/DJI_20260107143259_0005_T.JPG,thermal,data/raw/hkust/20260107_Thermal_HKUST/DCIM/DJI_202601071424_001/DJI_20260107143259_0005_T.JPG,640,512,data/metadata/dji_image_metadata.csv,thermal_profile,EXIF/XMP focal length + focal_length_35mm-derived sensor size,12.0,52.0,35.99392244790114,29.13650161648791,7.79666547283578,6.237332378268624,derived from EXIF/XMP focal_length_35mm and target image aspect,399.28,True,15,22,845263.9326202362,845273.9326202362,822286.525865373,822296.525865373,845268.9326202362,822291.525865373,22.33967298482012,114.26424974156848,10.0,10.0,100.0,False,3,GIC / open space,1.0,,,0.0,high_confidence,"Dominant LUHK land-use assigned by majority overlap between the pilot 10m grid cell and the LUHK 2024 10m raster. This step does not extract thermal temperatures, calculate delta-T, or run prediction. The current pilot stage is thermal-first: outputs are plotted on `_T.JPG` using thermal image geometry and `thermal_profile` assumptions when metadata does not provide FOV or sensor size. Visible `_V.JPG` overlays are deferred. The overlay remains an approximate first-pass visualization using the north-up rectangular footprint assumption.",100.0,"{""31"": 100.0}"
DJI_20260107143259_0005_T__thermal__r015_c023,20260107_Thermal_HKUST/DCIM/DJI_202601071424_001::DJI_20260107143259_0005,DJI_20260107143259_0005_V.JPG,DJI_20260107143259_0005_T.JPG,data/raw/hkust/20260107_Thermal_HKUST/DCIM/DJI_202601071424_001/DJI_20260107143259_0005_V.JPG,data/raw/hkust/20260107_Thermal_HKUST/DCIM/DJI_202601071424_001/DJI_20260107143259_0005_T.JPG,thermal,data/raw/hkust/20260107_Thermal_HKUST/DCIM/DJI_202601071424_001/DJI_20260107143259_0005_T.JPG,640,512,data/metadata/dji_image_metadata.csv,thermal_profile,EXIF/XMP focal length + focal_length_35mm-derived sensor size,12.0,52.0,35.99392244790114,29.13650161648791,7.79666547283578,6.237332378268624,derived from EXIF/XMP focal_length_35mm and target image aspect,399.28,True,15,23,845273.9326202362,845283.9326202362,822286.525865373,822296.525865373,845278.9326202362,822291.525865373,22.339672932417475,114.26434681517405,10.0,10.0,100.0,False,3,GIC / open space,1.0,,,0.0,high_confidence,"Dominant LUHK land-use assigned by majority overlap between the pilot 10m grid cell and the LUHK 2024 10m raster. This step does not extract thermal temperatures, calculate delta-T, or run prediction. The current pilot stage is thermal-first: outputs are plotted on `_T.JPG` using thermal image geometry and `thermal_profile` assumptions when metadata does not provide FOV or sensor size. Visible `_V.JPG` overlays are deferred. The overlay remains an approximate first-pass visualization using the north-up rectangular footprint assumption.",100.0,"{""31"": 100.0}"
DJI_20260107143259_0005_T__thermal__r015_c024,20260107_Thermal_HKUST/DCIM/DJI_202601071424_001::DJI_20260107143259_0005,DJI_20260107143259_0005_V.JPG,DJI_20260107143259_0005_T.JPG,data/raw/hkust/20260107_Thermal_HKUST/DCIM/DJI_202601071424_001/DJI_20260107143259_0005_V.JPG,data/raw/hkust/20260107_Thermal_HKUST/DCIM/DJI_202601071424_001/DJI_20260107143259_0005_T.JPG,thermal,data/raw/hkust/20260107_Thermal_HKUST/DCIM/DJI_202601071424_001/DJI_20260107143259_0005_T.JPG,640,512,data/metadata/dji_image_metadata.csv,thermal_profile,EXIF/XMP focal length + focal_length_35mm-derived sensor size,12.0,52.0,35.99392244790114,29.13650161648791,7.79666547283578,6.237332378268624,derived from EXIF/XMP focal_length_35mm and target image aspect,399.28,True,15,24,845283.9326202362,845293.9326202362,822286.525865373,822296.525865373,845288.9326202362,822291.525865373,22.33967287995667,114.26444388877934,10.0,10.0,100.0,False,3,GIC / open space,1.0,,,0.0,high_confidence,"Dominant LUHK land-use assigned by majority overlap between the pilot 10m grid cell and the LUHK 2024 10m raster. This step does not extract thermal temperatures, calculate delta-T, or run prediction. The current pilot stage is thermal-first: outputs are plotted on `_T.JPG` using thermal image geometry and `thermal_profile` assumptions when metadata does not provide FOV or sensor size. Visible `_V.JPG` overlays are deferred. The overlay remains an approximate first-pass visualization using the north-up rectangular footprint assumption.",100.0,"{""31"": 100.0}"
DJI_20260107143259_0005_T__thermal__r015_c025,20260107_Thermal_HKUST/DCIM/DJI_202601071424_001::DJI_20260107143259_0005,DJI_20260107143259_0005_V.JPG,DJI_20260107143259_0005_T.JPG,data/raw/hkust/20260107_Thermal_HKUST/DCIM/DJI_202601071424_001/DJI_20260107143259_0005_V.JPG,data/raw/hkust/20260107_Thermal_HKUST/DCIM/DJI_202601071424_001/DJI_20260107143259_0005_T.JPG,thermal,data/raw/hkust/20260107_Thermal_HKUST/DCIM/DJI_202601071424_001/DJI_20260107143259_0005_T.JPG,640,512,data/metadata/dji_image_metadata.csv,thermal_profile,EXIF/XMP focal length + focal_length_35mm-derived sensor size,12.0,52.0,35.99392244790114,29.13650161648791,7.79666547283578,6.237332378268624,derived from EXIF/XMP focal_length_35mm and target image aspect,399.28,True,15,25,845293.9326202362,845303.3536694024,822286.525865373,822296.525865373,845298.6431448193,822291.525865373,22.339672828958822,114.26453815234211,9.421049166237935,10.0,94.21049166237935,True,3,GIC / open space,1.0,,,0.0,high_confidence,"Dominant LUHK land-use assigned by majority overlap between the pilot 10m grid cell and the LUHK 2024 10m raster. This step does not extract thermal temperatures, calculate delta-T, or run prediction. The current pilot stage is thermal-first: outputs are plotted on `_T.JPG` using thermal image geometry and `thermal_profile` assumptions when metadata does not provide FOV or sensor size. Visible `_V.JPG` overlays are deferred. The overlay remains an approximate first-pass visualization using the north-up rectangular footprint assumption.",94.21049166237935,"{""31"": 94.21049166237935}"
DJI_20260107143259_0005_T__thermal__r016_c000,20260107_Thermal_HKUST/DCIM/DJI_202601071424_001::DJI_20260107143259_0005,DJI_20260107143259_0005_V.JPG,DJI_20260107143259_0005_T.JPG,data/raw/hkust/20260107_Thermal_HKUST/DCIM/DJI_202601071424_001/DJI_20260107143259_0005_V.JPG,data/raw/hkust/20260107_Thermal_HKUST/DCIM/DJI_202601071424_001/DJI_20260107143259_0005_T.JPG,thermal,data/raw/hkust/20260107_Thermal_HKUST/DCIM/DJI_202601071424_001/DJI_20260107143259_0005_T.JPG,640,512,data/metadata/dji_image_metadata.csv,thermal_profile,EXIF/XMP focal length + focal_length_35mm-derived sensor size,12.0,52.0,35.99392244790114,29.13650161648791,7.79666547283578,6.237332378268624,derived from EXIF/XMP focal_length_35mm and target image aspect,399.28,True,16,0,845043.9326202362,845053.9326202362,822276.525865373,822286.525865373,845048.9326202362,822281.525865373,22.33958381734148,114.26211406725106,10.0,10.0,100.0,False,7,Woodland / shrubland / grassland / wetland,1.0,,,0.0,high_confidence,"Dominant LUHK land-use assigned by majority overlap between the pilot 10m grid cell and the LUHK 2024 10m raster. This step does not extract thermal temperatures, calculate delta-T, or run prediction. The current pilot stage is thermal-first: outputs are plotted on `_T.JPG` using thermal image geometry and `thermal_profile` assumptions when metadata does not provide FOV or sensor size. Visible `_V.JPG` overlays are deferred. The overlay remains an approximate first-pass visualization using the north-up rectangular footprint assumption.",100.0,"{""71"": 100.0}"
DJI_20260107143259_0005_T__thermal__r016_c001,20260107_Thermal_HKUST/DCIM/DJI_202601071424_001::DJI_20260107143259_0005,DJI_20260107143259_0005_V.JPG,DJI_20260107143259_0005_T.JPG,data/raw/hkust/20260107_Thermal_HKUST/DCIM/DJI_202601071424_001/DJI_20260107143259_0005_V.JPG,data/raw/hkust/20260107_Thermal_HKUST/DCIM/DJI_202601071424_001/DJI_20260107143259_0005_T.JPG,thermal,data/raw/hkust/20260107_Thermal_HKUST/DCIM/DJI_202601071424_001/DJI_20260107143259_0005_T.JPG,640,512,data/metadata/dji_image_metadata.csv,thermal_profile,EXIF/XMP focal length + focal_length_35mm-derived sensor size,12.0,52.0,35.99392244790114,29.13650161648791,7.79666547283578,6.237332378268624,derived from EXIF/XMP focal_length_35mm and target image aspect,399.28,True,16,1,845053.9326202362,845063.9326202362,822276.525865373,822286.525865373,845058.9326202362,822281.525865373,22.339583766218535,114.26221114080033,10.0,10.0,100.0,False,7,Woodland / shrubland / grassland / wetland,1.0,,,0.0,high_confidence,"Dominant LUHK land-use assigned by majority overlap between the pilot 10m grid cell and the LUHK 2024 10m raster. This step does not extract thermal temperatures, calculate delta-T, or run prediction. The current pilot stage is thermal-first: outputs are plotted on `_T.JPG` using thermal image geometry and `thermal_profile` assumptions when metadata does not provide FOV or sensor size. Visible `_V.JPG` overlays are deferred. The overlay remains an approximate first-pass visualization using the north-up rectangular footprint assumption.",100.0,"{""71"": 86.33754786250815, ""73"": 13.66245213749186}"
DJI_20260107143259_0005_T__thermal__r016_c002,20260107_Thermal_HKUST/DCIM/DJI_202601071424_001::DJI_20260107143259_0005,DJI_20260107143259_0005_V.JPG,DJI_20260107143259_0005_T.JPG,data/raw/hkust/20260107_Thermal_HKUST/DCIM/DJI_202601071424_001/DJI_20260107143259_0005_V.JPG,data/raw/hkust/20260107_Thermal_HKUST/DCIM/DJI_202601071424_001/DJI_20260107143259_0005_T.JPG,thermal,data/raw/hkust/20260107_Thermal_HKUST/DCIM/DJI_202601071424_001/DJI_20260107143259_0005_T.JPG,640,512,data/metadata/dji_image_metadata.csv,thermal_profile,EXIF/XMP focal length + focal_length_35mm-derived sensor size,12.0,52.0,35.99392244790114,29.13650161648791,7.79666547283578,6.237332378268624,derived from EXIF/XMP focal_length_35mm and target image aspect,399.28,True,16,2,845063.9326202362,845073.9326202362,822276.525865373,822286.525865373,845068.9326202362,822281.525865373,22.33958371503743,114.26230821434928,10.0,10.0,100.0,False,7,Woodland / shrubland / grassland / wetland,0.8633754786250815,3.0,GIC / open space,0.1366245213749186,high_confidence,"Dominant LUHK land-use assigned by majority overlap between the pilot 10m grid cell and the LUHK 2024 10m raster. This step does not extract thermal temperatures, calculate delta-T, or run prediction. The current pilot stage is thermal-first: outputs are plotted on `_T.JPG` using thermal image geometry and `thermal_profile` assumptions when metadata does not provide FOV or sensor size. Visible `_V.JPG` overlays are deferred. The overlay remains an approximate first-pass visualization using the north-up rectangular footprint assumption.",100.0,"{""31"": 13.66245213749186, ""71"": 65.25865372968838, ""73"": 21.078894132819766}"
DJI_20260107143259_0005_T__thermal__r016_c003,20260107_Thermal_HKUST/DCIM/DJI_202601071424_001::DJI_20260107143259_0005,DJI_20260107143259_0005_V.JPG,DJI_20260107143259_0005_T.JPG,data/raw/hkust/20260107_Thermal_HKUST/DCIM/DJI_202601071424_001/DJI_20260107143259_0005_V.JPG,data/raw/hkust/20260107_Thermal_HKUST/DCIM/DJI_202601071424_001/DJI_20260107143259_0005_T.JPG,thermal,data/raw/hkust/20260107_Thermal_HKUST/DCIM/DJI_202601071424_001/DJI_20260107143259_0005_T.JPG,640,512,data/metadata/dji_image_metadata.csv,thermal_profile,EXIF/XMP focal length + focal_length_35mm-derived sensor size,12.0,52.0,35.99392244790114,29.13650161648791,7.79666547283578,6.237332378268624,derived from EXIF/XMP focal_length_35mm and target image aspect,399.28,True,16,3,845073.9326202362,845083.9326202362,822276.525865373,822286.525865373,845078.9326202362,822281.525865373,22.339583663798173,114.26240528789795,10.0,10.0,100.0,False,3,GIC / open space,0.6040509649466425,7.0,Woodland / shrubland / grassland / wetland,0.3959490350533576,medium_confidence,"Dominant LUHK land-use assigned by majority overlap between the pilot 10m grid cell and the LUHK 2024 10m raster. This step does not extract thermal temperatures, calculate delta-T, or run prediction. The current pilot stage is thermal-first: outputs are plotted on `_T.JPG` using thermal image geometry and `thermal_profile` assumptions when metadata does not provide FOV or sensor size. Visible `_V.JPG` overlays are deferred. The overlay remains an approximate first-pass visualization using the north-up rectangular footprint assumption.",100.0,"{""31"": 60.40509649466425, ""71"": 39.59490350533576}"
DJI_20260107143259_0005_T__thermal__r016_c004,20260107_Thermal_HKUST/DCIM/DJI_202601071424_001::DJI_20260107143259_0005,DJI_20260107143259_0005_V.JPG,DJI_20260107143259_0005_T.JPG,data/raw/hkust/20260107_Thermal_HKUST/DCIM/DJI_202601071424_001/DJI_20260107143259_0005_V.JPG,data/raw/hkust/20260107_Thermal_HKUST/DCIM/DJI_202601071424_001/DJI_20260107143259_0005_T.JPG,thermal,data/raw/hkust/20260107_Thermal_HKUST/DCIM/DJI_202601071424_001/DJI_20260107143259_0005_T.JPG,640,512,data/metadata/dji_image_metadata.csv,thermal_profile,EXIF/XMP focal length + focal_length_35mm-derived sensor size,12.0,52.0,35.99392244790114,29.13650161648791,7.79666547283578,6.237332378268624,derived from EXIF/XMP focal_length_35mm and target image aspect,399.28,True,16,4,845083.9326202362,845093.9326202362,822276.525865373,822286.525865373,845088.9326202362,822281.525865373,22.339583612500757,114.26250236144638,10.0,10.0,100.0,False,3,GIC / open space,1.0,,,0.0,high_confidence,"Dominant LUHK land-use assigned by majority overlap between the pilot 10m grid cell and the LUHK 2024 10m raster. This step does not extract thermal temperatures, calculate delta-T, or run prediction. The current pilot stage is thermal-first: outputs are plotted on `_T.JPG` using thermal image geometry and `thermal_profile` assumptions when metadata does not provide FOV or sensor size. Visible `_V.JPG` overlays are deferred. The overlay remains an approximate first-pass visualization using the north-up rectangular footprint assumption.",100.0,"{""31"": 100.0}"
DJI_20260107143259_0005_T__thermal__r016_c005,20260107_Thermal_HKUST/DCIM/DJI_202601071424_001::DJI_20260107143259_0005,DJI_20260107143259_0005_V.JPG,DJI_20260107143259_0005_T.JPG,data/raw/hkust/20260107_Thermal_HKUST/DCIM/DJI_202601071424_001/DJI_20260107143259_0005_V.JPG,data/raw/hkust/20260107_Thermal_HKUST/DCIM/DJI_202601071424_001/DJI_20260107143259_0005_T.JPG,thermal,data/raw/hkust/20260107_Thermal_HKUST/DCIM/DJI_202601071424_001/DJI_20260107143259_0005_T.JPG,640,512,data/metadata/dji_image_metadata.csv,thermal_profile,EXIF/XMP focal length + focal_length_35mm-derived sensor size,12.0,52.0,35.99392244790114,29.13650161648791,7.79666547283578,6.237332378268624,derived from EXIF/XMP focal_length_35mm and target image aspect,399.28,True,16,5,845093.9326202362,845103.9326202362,822276.525865373,822286.525865373,845098.9326202362,822281.525865373,22.339583561145187,114.2625994349945,10.0,10.0,100.0,False,3,GIC / open space,1.0,,,0.0,high_confidence,"Dominant LUHK land-use assigned by majority overlap between the pilot 10m grid cell and the LUHK 2024 10m raster. This step does not extract thermal temperatures, calculate delta-T, or run prediction. The current pilot stage is thermal-first: outputs are plotted on `_T.JPG` using thermal image geometry and `thermal_profile` assumptions when metadata does not provide FOV or sensor size. Visible `_V.JPG` overlays are deferred. The overlay remains an approximate first-pass visualization using the north-up rectangular footprint assumption.",100.0,"{""31"": 100.0}"
DJI_20260107143259_0005_T__thermal__r016_c006,20260107_Thermal_HKUST/DCIM/DJI_202601071424_001::DJI_20260107143259_0005,DJI_20260107143259_0005_V.JPG,DJI_20260107143259_0005_T.JPG,data/raw/hkust/20260107_Thermal_HKUST/DCIM/DJI_202601071424_001/DJI_20260107143259_0005_V.JPG,data/raw/hkust/20260107_Thermal_HKUST/DCIM/DJI_202601071424_001/DJI_20260107143259_0005_T.JPG,thermal,data/raw/hkust/20260107_Thermal_HKUST/DCIM/DJI_202601071424_001/DJI_20260107143259_0005_T.JPG,640,512,data/metadata/dji_image_metadata.csv,thermal_profile,EXIF/XMP focal length + focal_length_35mm-derived sensor size,12.0,52.0,35.99392244790114,29.13650161648791,7.79666547283578,6.237332378268624,derived from EXIF/XMP focal_length_35mm and target image aspect,399.28,True,16,6,845103.9326202362,845113.9326202362,822276.525865373,822286.525865373,845108.9326202362,822281.525865373,22.339583509731447,114.26269650854236,10.0,10.0,100.0,False,3,GIC / open space,1.0,,,0.0,high_confidence,"Dominant LUHK land-use assigned by majority overlap between the pilot 10m grid cell and the LUHK 2024 10m raster. This step does not extract thermal temperatures, calculate delta-T, or run prediction. The current pilot stage is thermal-first: outputs are plotted on `_T.JPG` using thermal image geometry and `thermal_profile` assumptions when metadata does not provide FOV or sensor size. Visible `_V.JPG` overlays are deferred. The overlay remains an approximate first-pass visualization using the north-up rectangular footprint assumption.",100.0,"{""31"": 100.0}"
DJI_20260107143259_0005_T__thermal__r016_c007,20260107_Thermal_HKUST/DCIM/DJI_202601071424_001::DJI_20260107143259_0005,DJI_20260107143259_0005_V.JPG,DJI_20260107143259_0005_T.JPG,data/raw/hkust/20260107_Thermal_HKUST/DCIM/DJI_202601071424_001/DJI_20260107143259_0005_V.JPG,data/raw/hkust/20260107_Thermal_HKUST/DCIM/DJI_202601071424_001/DJI_20260107143259_0005_T.JPG,thermal,data/raw/hkust/20260107_Thermal_HKUST/DCIM/DJI_202601071424_001/DJI_20260107143259_0005_T.JPG,640,512,data/metadata/dji_image_metadata.csv,thermal_profile,EXIF/XMP focal length + focal_length_35mm-derived sensor size,12.0,52.0,35.99392244790114,29.13650161648791,7.79666547283578,6.237332378268624,derived from EXIF/XMP focal_length_35mm and target image aspect,399.28,True,16,7,845113.9326202362,845123.9326202362,822276.525865373,822286.525865373,845118.9326202362,822281.525865373,22.33958345825956,114.26279358208993,10.0,10.0,100.0,False,3,GIC / open space,1.0,,,0.0,high_confidence,"Dominant LUHK land-use assigned by majority overlap between the pilot 10m grid cell and the LUHK 2024 10m raster. This step does not extract thermal temperatures, calculate delta-T, or run prediction. The current pilot stage is thermal-first: outputs are plotted on `_T.JPG` using thermal image geometry and `thermal_profile` assumptions when metadata does not provide FOV or sensor size. Visible `_V.JPG` overlays are deferred. The overlay remains an approximate first-pass visualization using the north-up rectangular footprint assumption.",100.0,"{""31"": 100.0}"
DJI_20260107143259_0005_T__thermal__r016_c008,20260107_Thermal_HKUST/DCIM/DJI_202601071424_001::DJI_20260107143259_0005,DJI_20260107143259_0005_V.JPG,DJI_20260107143259_0005_T.JPG,data/raw/hkust/20260107_Thermal_HKUST/DCIM/DJI_202601071424_001/DJI_20260107143259_0005_V.JPG,data/raw/hkust/20260107_Thermal_HKUST/DCIM/DJI_202601071424_001/DJI_20260107143259_0005_T.JPG,thermal,data/raw/hkust/20260107_Thermal_HKUST/DCIM/DJI_202601071424_001/DJI_20260107143259_0005_T.JPG,640,512,data/metadata/dji_image_metadata.csv,thermal_profile,EXIF/XMP focal length + focal_length_35mm-derived sensor size,12.0,52.0,35.99392244790114,29.13650161648791,7.79666547283578,6.237332378268624,derived from EXIF/XMP focal_length_35mm and target image aspect,399.28,True,16,8,845123.9326202362,845133.9326202362,822276.525865373,822286.525865373,845128.9326202362,822281.525865373,22.339583406729513,114.26289065563722,10.0,10.0,100.0,False,3,GIC / open space,1.0,,,0.0,high_confidence,"Dominant LUHK land-use assigned by majority overlap between the pilot 10m grid cell and the LUHK 2024 10m raster. This step does not extract thermal temperatures, calculate delta-T, or run prediction. The current pilot stage is thermal-first: outputs are plotted on `_T.JPG` using thermal image geometry and `thermal_profile` assumptions when metadata does not provide FOV or sensor size. Visible `_V.JPG` overlays are deferred. The overlay remains an approximate first-pass visualization using the north-up rectangular footprint assumption.",100.0,"{""31"": 100.0}"
DJI_20260107143259_0005_T__thermal__r016_c009,20260107_Thermal_HKUST/DCIM/DJI_202601071424_001::DJI_20260107143259_0005,DJI_20260107143259_0005_V.JPG,DJI_20260107143259_0005_T.JPG,data/raw/hkust/20260107_Thermal_HKUST/DCIM/DJI_202601071424_001/DJI_20260107143259_0005_V.JPG,data/raw/hkust/20260107_Thermal_HKUST/DCIM/DJI_202601071424_001/DJI_20260107143259_0005_T.JPG,thermal,data/raw/hkust/20260107_Thermal_HKUST/DCIM/DJI_202601071424_001/DJI_20260107143259_0005_T.JPG,640,512,data/metadata/dji_image_metadata.csv,thermal_profile,EXIF/XMP focal length + focal_length_35mm-derived sensor size,12.0,52.0,35.99392244790114,29.13650161648791,7.79666547283578,6.237332378268624,derived from EXIF/XMP focal_length_35mm and target image aspect,399.28,True,16,9,845133.9326202362,845143.9326202362,822276.525865373,822286.525865373,845138.9326202362,822281.525865373,22.33958335514131,114.26298772918425,10.0,10.0,100.0,False,3,GIC / open space,1.0,,,0.0,high_confidence,"Dominant LUHK land-use assigned by majority overlap between the pilot 10m grid cell and the LUHK 2024 10m raster. This step does not extract thermal temperatures, calculate delta-T, or run prediction. The current pilot stage is thermal-first: outputs are plotted on `_T.JPG` using thermal image geometry and `thermal_profile` assumptions when metadata does not provide FOV or sensor size. Visible `_V.JPG` overlays are deferred. The overlay remains an approximate first-pass visualization using the north-up rectangular footprint assumption.",100.0,"{""31"": 100.0}"
DJI_20260107143259_0005_T__thermal__r016_c010,20260107_Thermal_HKUST/DCIM/DJI_202601071424_001::DJI_20260107143259_0005,DJI_20260107143259_0005_V.JPG,DJI_20260107143259_0005_T.JPG,data/raw/hkust/20260107_Thermal_HKUST/DCIM/DJI_202601071424_001/DJI_20260107143259_0005_V.JPG,data/raw/hkust/20260107_Thermal_HKUST/DCIM/DJI_202601071424_001/DJI_20260107143259_0005_T.JPG,thermal,data/raw/hkust/20260107_Thermal_HKUST/DCIM/DJI_202601071424_001/DJI_20260107143259_0005_T.JPG,640,512,data/metadata/dji_image_metadata.csv,thermal_profile,EXIF/XMP focal length + focal_length_35mm-derived sensor size,12.0,52.0,35.99392244790114,29.13650161648791,7.79666547283578,6.237332378268624,derived from EXIF/XMP focal_length_35mm and target image aspect,399.28,True,16,10,845143.9326202362,845153.9326202362,822276.525865373,822286.525865373,845148.9326202362,822281.525865373,22.339583303494948,114.26308480273097,10.0,10.0,100.0,False,3,GIC / open space,1.0,,,0.0,high_confidence,"Dominant LUHK land-use assigned by majority overlap between the pilot 10m grid cell and the LUHK 2024 10m raster. This step does not extract thermal temperatures, calculate delta-T, or run prediction. The current pilot stage is thermal-first: outputs are plotted on `_T.JPG` using thermal image geometry and `thermal_profile` assumptions when metadata does not provide FOV or sensor size. Visible `_V.JPG` overlays are deferred. The overlay remains an approximate first-pass visualization using the north-up rectangular footprint assumption.",100.0,"{""31"": 100.0}"
DJI_20260107143259_0005_T__thermal__r016_c011,20260107_Thermal_HKUST/DCIM/DJI_202601071424_001::DJI_20260107143259_0005,DJI_20260107143259_0005_V.JPG,DJI_20260107143259_0005_T.JPG,data/raw/hkust/20260107_Thermal_HKUST/DCIM/DJI_202601071424_001/DJI_20260107143259_0005_V.JPG,data/raw/hkust/20260107_Thermal_HKUST/DCIM/DJI_202601071424_001/DJI_20260107143259_0005_T.JPG,thermal,data/raw/hkust/20260107_Thermal_HKUST/DCIM/DJI_202601071424_001/DJI_20260107143259_0005_T.JPG,640,512,data/metadata/dji_image_metadata.csv,thermal_profile,EXIF/XMP focal length + focal_length_35mm-derived sensor size,12.0,52.0,35.99392244790114,29.13650161648791,7.79666547283578,6.237332378268624,derived from EXIF/XMP focal_length_35mm and target image aspect,399.28,True,16,11,845153.9326202362,845163.9326202362,822276.525865373,822286.525865373,845158.9326202362,822281.525865373,22.339583251790415,114.26318187627741,10.0,10.0,100.0,False,3,GIC / open space,1.0,,,0.0,high_confidence,"Dominant LUHK land-use assigned by majority overlap between the pilot 10m grid cell and the LUHK 2024 10m raster. This step does not extract thermal temperatures, calculate delta-T, or run prediction. The current pilot stage is thermal-first: outputs are plotted on `_T.JPG` using thermal image geometry and `thermal_profile` assumptions when metadata does not provide FOV or sensor size. Visible `_V.JPG` overlays are deferred. The overlay remains an approximate first-pass visualization using the north-up rectangular footprint assumption.",100.0,"{""31"": 100.0}"
DJI_20260107143259_0005_T__thermal__r016_c012,20260107_Thermal_HKUST/DCIM/DJI_202601071424_001::DJI_20260107143259_0005,DJI_20260107143259_0005_V.JPG,DJI_20260107143259_0005_T.JPG,data/raw/hkust/20260107_Thermal_HKUST/DCIM/DJI_202601071424_001/DJI_20260107143259_0005_V.JPG,data/raw/hkust/20260107_Thermal_HKUST/DCIM/DJI_202601071424_001/DJI_20260107143259_0005_T.JPG,thermal,data/raw/hkust/20260107_Thermal_HKUST/DCIM/DJI_202601071424_001/DJI_20260107143259_0005_T.JPG,640,512,data/metadata/dji_image_metadata.csv,thermal_profile,EXIF/XMP focal length + focal_length_35mm-derived sensor size,12.0,52.0,35.99392244790114,29.13650161648791,7.79666547283578,6.237332378268624,derived from EXIF/XMP focal_length_35mm and target image aspect,399.28,True,16,12,845163.9326202362,845173.9326202362,822276.525865373,822286.525865373,845168.9326202362,822281.525865373,22.33958320002774,114.2632789498236,10.0,10.0,100.0,False,3,GIC / open space,1.0,,,0.0,high_confidence,"Dominant LUHK land-use assigned by majority overlap between the pilot 10m grid cell and the LUHK 2024 10m raster. This step does not extract thermal temperatures, calculate delta-T, or run prediction. The current pilot stage is thermal-first: outputs are plotted on `_T.JPG` using thermal image geometry and `thermal_profile` assumptions when metadata does not provide FOV or sensor size. Visible `_V.JPG` overlays are deferred. The overlay remains an approximate first-pass visualization using the north-up rectangular footprint assumption.",100.0,"{""31"": 100.0}"
DJI_20260107143259_0005_T__thermal__r016_c013,20260107_Thermal_HKUST/DCIM/DJI_202601071424_001::DJI_20260107143259_0005,DJI_20260107143259_0005_V.JPG,DJI_20260107143259_0005_T.JPG,data/raw/hkust/20260107_Thermal_HKUST/DCIM/DJI_202601071424_001/DJI_20260107143259_0005_V.JPG,data/raw/hkust/20260107_Thermal_HKUST/DCIM/DJI_202601071424_001/DJI_20260107143259_0005_T.JPG,thermal,data/raw/hkust/20260107_Thermal_HKUST/DCIM/DJI_202601071424_001/DJI_20260107143259_0005_T.JPG,640,512,data/metadata/dji_image_metadata.csv,thermal_profile,EXIF/XMP focal length + focal_length_35mm-derived sensor size,12.0,52.0,35.99392244790114,29.13650161648791,7.79666547283578,6.237332378268624,derived from EXIF/XMP focal_length_35mm and target image aspect,399.28,True,16,13,845173.9326202362,845183.9326202362,822276.525865373,822286.525865373,845178.9326202362,822281.525865373,22.339583148206906,114.26337602336949,10.0,10.0,100.0,False,3,GIC / open space,1.0,,,0.0,high_confidence,"Dominant LUHK land-use assigned by majority overlap between the pilot 10m grid cell and the LUHK 2024 10m raster. This step does not extract thermal temperatures, calculate delta-T, or run prediction. The current pilot stage is thermal-first: outputs are plotted on `_T.JPG` using thermal image geometry and `thermal_profile` assumptions when metadata does not provide FOV or sensor size. Visible `_V.JPG` overlays are deferred. The overlay remains an approximate first-pass visualization using the north-up rectangular footprint assumption.",100.0,"{""31"": 100.0}"
DJI_20260107143259_0005_T__thermal__r016_c014,20260107_Thermal_HKUST/DCIM/DJI_202601071424_001::DJI_20260107143259_0005,DJI_20260107143259_0005_V.JPG,DJI_20260107143259_0005_T.JPG,data/raw/hkust/20260107_Thermal_HKUST/DCIM/DJI_202601071424_001/DJI_20260107143259_0005_V.JPG,data/raw/hkust/20260107_Thermal_HKUST/DCIM/DJI_202601071424_001/DJI_20260107143259_0005_T.JPG,thermal,data/raw/hkust/20260107_Thermal_HKUST/DCIM/DJI_202601071424_001/DJI_20260107143259_0005_T.JPG,640,512,data/metadata/dji_image_metadata.csv,thermal_profile,EXIF/XMP focal length + focal_length_35mm-derived sensor size,12.0,52.0,35.99392244790114,29.13650161648791,7.79666547283578,6.237332378268624,derived from EXIF/XMP focal_length_35mm and target image aspect,399.28,True,16,14,845183.9326202362,845193.9326202362,822276.525865373,822286.525865373,845188.9326202362,822281.525865373,22.33958309632791,114.2634730969151,10.0,10.0,100.0,False,3,GIC / open space,1.0,,,0.0,high_confidence,"Dominant LUHK land-use assigned by majority overlap between the pilot 10m grid cell and the LUHK 2024 10m raster. This step does not extract thermal temperatures, calculate delta-T, or run prediction. The current pilot stage is thermal-first: outputs are plotted on `_T.JPG` using thermal image geometry and `thermal_profile` assumptions when metadata does not provide FOV or sensor size. Visible `_V.JPG` overlays are deferred. The overlay remains an approximate first-pass visualization using the north-up rectangular footprint assumption.",100.0,"{""31"": 100.0}"
DJI_20260107143259_0005_T__thermal__r016_c015,20260107_Thermal_HKUST/DCIM/DJI_202601071424_001::DJI_20260107143259_0005,DJI_20260107143259_0005_V.JPG,DJI_20260107143259_0005_T.JPG,data/raw/hkust/20260107_Thermal_HKUST/DCIM/DJI_202601071424_001/DJI_20260107143259_0005_V.JPG,data/raw/hkust/20260107_Thermal_HKUST/DCIM/DJI_202601071424_001/DJI_20260107143259_0005_T.JPG,thermal,data/raw/hkust/20260107_Thermal_HKUST/DCIM/DJI_202601071424_001/DJI_20260107143259_0005_T.JPG,640,512,data/metadata/dji_image_metadata.csv,thermal_profile,EXIF/XMP focal length + focal_length_35mm-derived sensor size,12.0,52.0,35.99392244790114,29.13650161648791,7.79666547283578,6.237332378268624,derived from EXIF/XMP focal_length_35mm and target image aspect,399.28,True,16,15,845193.9326202362,845203.9326202362,822276.525865373,822286.525865373,845198.9326202362,822281.525865373,22.33958304439076,114.26357017046043,10.0,10.0,100.0,False,3,GIC / open space,1.0,,,0.0,high_confidence,"Dominant LUHK land-use assigned by majority overlap between the pilot 10m grid cell and the LUHK 2024 10m raster. This step does not extract thermal temperatures, calculate delta-T, or run prediction. The current pilot stage is thermal-first: outputs are plotted on `_T.JPG` using thermal image geometry and `thermal_profile` assumptions when metadata does not provide FOV or sensor size. Visible `_V.JPG` overlays are deferred. The overlay remains an approximate first-pass visualization using the north-up rectangular footprint assumption.",100.0,"{""31"": 100.0}"
DJI_20260107143259_0005_T__thermal__r016_c016,20260107_Thermal_HKUST/DCIM/DJI_202601071424_001::DJI_20260107143259_0005,DJI_20260107143259_0005_V.JPG,DJI_20260107143259_0005_T.JPG,data/raw/hkust/20260107_Thermal_HKUST/DCIM/DJI_202601071424_001/DJI_20260107143259_0005_V.JPG,data/raw/hkust/20260107_Thermal_HKUST/DCIM/DJI_202601071424_001/DJI_20260107143259_0005_T.JPG,thermal,data/raw/hkust/20260107_Thermal_HKUST/DCIM/DJI_202601071424_001/DJI_20260107143259_0005_T.JPG,640,512,data/metadata/dji_image_metadata.csv,thermal_profile,EXIF/XMP focal length + focal_length_35mm-derived sensor size,12.0,52.0,35.99392244790114,29.13650161648791,7.79666547283578,6.237332378268624,derived from EXIF/XMP focal_length_35mm and target image aspect,399.28,True,16,16,845203.9326202362,845213.9326202362,822276.525865373,822286.525865373,845208.9326202362,822281.525865373,22.339582992395446,114.26366724400548,10.0,10.0,100.0,False,3,GIC / open space,1.0,,,0.0,high_confidence,"Dominant LUHK land-use assigned by majority overlap between the pilot 10m grid cell and the LUHK 2024 10m raster. This step does not extract thermal temperatures, calculate delta-T, or run prediction. The current pilot stage is thermal-first: outputs are plotted on `_T.JPG` using thermal image geometry and `thermal_profile` assumptions when metadata does not provide FOV or sensor size. Visible `_V.JPG` overlays are deferred. The overlay remains an approximate first-pass visualization using the north-up rectangular footprint assumption.",100.0,"{""31"": 100.0}"
DJI_20260107143259_0005_T__thermal__r016_c017,20260107_Thermal_HKUST/DCIM/DJI_202601071424_001::DJI_20260107143259_0005,DJI_20260107143259_0005_V.JPG,DJI_20260107143259_0005_T.JPG,data/raw/hkust/20260107_Thermal_HKUST/DCIM/DJI_202601071424_001/DJI_20260107143259_0005_V.JPG,data/raw/hkust/20260107_Thermal_HKUST/DCIM/DJI_202601071424_001/DJI_20260107143259_0005_T.JPG,thermal,data/raw/hkust/20260107_Thermal_HKUST/DCIM/DJI_202601071424_001/DJI_20260107143259_0005_T.JPG,640,512,data/metadata/dji_image_metadata.csv,thermal_profile,EXIF/XMP focal length + focal_length_35mm-derived sensor size,12.0,52.0,35.99392244790114,29.13650161648791,7.79666547283578,6.237332378268624,derived from EXIF/XMP focal_length_35mm and target image aspect,399.28,True,16,17,845213.9326202362,845223.9326202362,822276.525865373,822286.525865373,845218.9326202362,822281.525865373,22.33958294034198,114.26376431755023,10.0,10.0,100.0,False,3,GIC / open space,1.0,,,0.0,high_confidence,"Dominant LUHK land-use assigned by majority overlap between the pilot 10m grid cell and the LUHK 2024 10m raster. This step does not extract thermal temperatures, calculate delta-T, or run prediction. The current pilot stage is thermal-first: outputs are plotted on `_T.JPG` using thermal image geometry and `thermal_profile` assumptions when metadata does not provide FOV or sensor size. Visible `_V.JPG` overlays are deferred. The overlay remains an approximate first-pass visualization using the north-up rectangular footprint assumption.",100.0,"{""31"": 100.0}"
DJI_20260107143259_0005_T__thermal__r016_c018,20260107_Thermal_HKUST/DCIM/DJI_202601071424_001::DJI_20260107143259_0005,DJI_20260107143259_0005_V.JPG,DJI_20260107143259_0005_T.JPG,data/raw/hkust/20260107_Thermal_HKUST/DCIM/DJI_202601071424_001/DJI_20260107143259_0005_V.JPG,data/raw/hkust/20260107_Thermal_HKUST/DCIM/DJI_202601071424_001/DJI_20260107143259_0005_T.JPG,thermal,data/raw/hkust/20260107_Thermal_HKUST/DCIM/DJI_202601071424_001/DJI_20260107143259_0005_T.JPG,640,512,data/metadata/dji_image_metadata.csv,thermal_profile,EXIF/XMP focal length + focal_length_35mm-derived sensor size,12.0,52.0,35.99392244790114,29.13650161648791,7.79666547283578,6.237332378268624,derived from EXIF/XMP focal_length_35mm and target image aspect,399.28,True,16,18,845223.9326202362,845233.9326202362,822276.525865373,822286.525865373,845228.9326202362,822281.525865373,22.33958288823035,114.26386139109471,10.0,10.0,100.0,False,3,GIC / open space,1.0,,,0.0,high_confidence,"Dominant LUHK land-use assigned by majority overlap between the pilot 10m grid cell and the LUHK 2024 10m raster. This step does not extract thermal temperatures, calculate delta-T, or run prediction. The current pilot stage is thermal-first: outputs are plotted on `_T.JPG` using thermal image geometry and `thermal_profile` assumptions when metadata does not provide FOV or sensor size. Visible `_V.JPG` overlays are deferred. The overlay remains an approximate first-pass visualization using the north-up rectangular footprint assumption.",100.0,"{""31"": 100.0}"
DJI_20260107143259_0005_T__thermal__r016_c019,20260107_Thermal_HKUST/DCIM/DJI_202601071424_001::DJI_20260107143259_0005,DJI_20260107143259_0005_V.JPG,DJI_20260107143259_0005_T.JPG,data/raw/hkust/20260107_Thermal_HKUST/DCIM/DJI_202601071424_001/DJI_20260107143259_0005_V.JPG,data/raw/hkust/20260107_Thermal_HKUST/DCIM/DJI_202601071424_001/DJI_20260107143259_0005_T.JPG,thermal,data/raw/hkust/20260107_Thermal_HKUST/DCIM/DJI_202601071424_001/DJI_20260107143259_0005_T.JPG,640,512,data/metadata/dji_image_metadata.csv,thermal_profile,EXIF/XMP focal length + focal_length_35mm-derived sensor size,12.0,52.0,35.99392244790114,29.13650161648791,7.79666547283578,6.237332378268624,derived from EXIF/XMP focal_length_35mm and target image aspect,399.28,True,16,19,845233.9326202362,845243.9326202362,822276.525865373,822286.525865373,845238.9326202362,822281.525865373,22.339582836060575,114.26395846463892,10.0,10.0,100.0,False,3,GIC / open space,1.0,,,0.0,high_confidence,"Dominant LUHK land-use assigned by majority overlap between the pilot 10m grid cell and the LUHK 2024 10m raster. This step does not extract thermal temperatures, calculate delta-T, or run prediction. The current pilot stage is thermal-first: outputs are plotted on `_T.JPG` using thermal image geometry and `thermal_profile` assumptions when metadata does not provide FOV or sensor size. Visible `_V.JPG` overlays are deferred. The overlay remains an approximate first-pass visualization using the north-up rectangular footprint assumption.",100.0,"{""31"": 100.0}"
DJI_20260107143259_0005_T__thermal__r016_c020,20260107_Thermal_HKUST/DCIM/DJI_202601071424_001::DJI_20260107143259_0005,DJI_20260107143259_0005_V.JPG,DJI_20260107143259_0005_T.JPG,data/raw/hkust/20260107_Thermal_HKUST/DCIM/DJI_202601071424_001/DJI_20260107143259_0005_V.JPG,data/raw/hkust/20260107_Thermal_HKUST/DCIM/DJI_202601071424_001/DJI_20260107143259_0005_T.JPG,thermal,data/raw/hkust/20260107_Thermal_HKUST/DCIM/DJI_202601071424_001/DJI_20260107143259_0005_T.JPG,640,512,data/metadata/dji_image_metadata.csv,thermal_profile,EXIF/XMP focal length + focal_length_35mm-derived sensor size,12.0,52.0,35.99392244790114,29.13650161648791,7.79666547283578,6.237332378268624,derived from EXIF/XMP focal_length_35mm and target image aspect,399.28,True,16,20,845243.9326202362,845253.9326202362,822276.525865373,822286.525865373,845248.9326202362,822281.525865373,22.339582783832622,114.26405553818282,10.0,10.0,100.0,False,3,GIC / open space,1.0,,,0.0,high_confidence,"Dominant LUHK land-use assigned by majority overlap between the pilot 10m grid cell and the LUHK 2024 10m raster. This step does not extract thermal temperatures, calculate delta-T, or run prediction. The current pilot stage is thermal-first: outputs are plotted on `_T.JPG` using thermal image geometry and `thermal_profile` assumptions when metadata does not provide FOV or sensor size. Visible `_V.JPG` overlays are deferred. The overlay remains an approximate first-pass visualization using the north-up rectangular footprint assumption.",100.0,"{""31"": 100.0}"
DJI_20260107143259_0005_T__thermal__r016_c021,20260107_Thermal_HKUST/DCIM/DJI_202601071424_001::DJI_20260107143259_0005,DJI_20260107143259_0005_V.JPG,DJI_20260107143259_0005_T.JPG,data/raw/hkust/20260107_Thermal_HKUST/DCIM/DJI_202601071424_001/DJI_20260107143259_0005_V.JPG,data/raw/hkust/20260107_Thermal_HKUST/DCIM/DJI_202601071424_001/DJI_20260107143259_0005_T.JPG,thermal,data/raw/hkust/20260107_Thermal_HKUST/DCIM/DJI_202601071424_001/DJI_20260107143259_0005_T.JPG,640,512,data/metadata/dji_image_metadata.csv,thermal_profile,EXIF/XMP focal length + focal_length_35mm-derived sensor size,12.0,52.0,35.99392244790114,29.13650161648791,7.79666547283578,6.237332378268624,derived from EXIF/XMP focal_length_35mm and target image aspect,399.28,True,16,21,845253.9326202362,845263.9326202362,822276.525865373,822286.525865373,845258.9326202362,822281.525865373,22.33958273154652,114.26415261172646,10.0,10.0,100.0,False,3,GIC / open space,1.0,,,0.0,high_confidence,"Dominant LUHK land-use assigned by majority overlap between the pilot 10m grid cell and the LUHK 2024 10m raster. This step does not extract thermal temperatures, calculate delta-T, or run prediction. The current pilot stage is thermal-first: outputs are plotted on `_T.JPG` using thermal image geometry and `thermal_profile` assumptions when metadata does not provide FOV or sensor size. Visible `_V.JPG` overlays are deferred. The overlay remains an approximate first-pass visualization using the north-up rectangular footprint assumption.",100.0,"{""31"": 100.0}"
DJI_20260107143259_0005_T__thermal__r016_c022,20260107_Thermal_HKUST/DCIM/DJI_202601071424_001::DJI_20260107143259_0005,DJI_20260107143259_0005_V.JPG,DJI_20260107143259_0005_T.JPG,data/raw/hkust/20260107_Thermal_HKUST/DCIM/DJI_202601071424_001/DJI_20260107143259_0005_V.JPG,data/raw/hkust/20260107_Thermal_HKUST/DCIM/DJI_202601071424_001/DJI_20260107143259_0005_T.JPG,thermal,data/raw/hkust/20260107_Thermal_HKUST/DCIM/DJI_202601071424_001/DJI_20260107143259_0005_T.JPG,640,512,data/metadata/dji_image_metadata.csv,thermal_profile,EXIF/XMP focal length + focal_length_35mm-derived sensor size,12.0,52.0,35.99392244790114,29.13650161648791,7.79666547283578,6.237332378268624,derived from EXIF/XMP focal_length_35mm and target image aspect,399.28,True,16,22,845263.9326202362,845273.9326202362,822276.525865373,822286.525865373,845268.9326202362,822281.525865373,22.339582679202262,114.2642496852698,10.0,10.0,100.0,False,3,GIC / open space,1.0,,,0.0,high_confidence,"Dominant LUHK land-use assigned by majority overlap between the pilot 10m grid cell and the LUHK 2024 10m raster. This step does not extract thermal temperatures, calculate delta-T, or run prediction. The current pilot stage is thermal-first: outputs are plotted on `_T.JPG` using thermal image geometry and `thermal_profile` assumptions when metadata does not provide FOV or sensor size. Visible `_V.JPG` overlays are deferred. The overlay remains an approximate first-pass visualization using the north-up rectangular footprint assumption.",100.0,"{""31"": 100.0}"
DJI_20260107143259_0005_T__thermal__r016_c023,20260107_Thermal_HKUST/DCIM/DJI_202601071424_001::DJI_20260107143259_0005,DJI_20260107143259_0005_V.JPG,DJI_20260107143259_0005_T.JPG,data/raw/hkust/20260107_Thermal_HKUST/DCIM/DJI_202601071424_001/DJI_20260107143259_0005_V.JPG,data/raw/hkust/20260107_Thermal_HKUST/DCIM/DJI_202601071424_001/DJI_20260107143259_0005_T.JPG,thermal,data/raw/hkust/20260107_Thermal_HKUST/DCIM/DJI_202601071424_001/DJI_20260107143259_0005_T.JPG,640,512,data/metadata/dji_image_metadata.csv,thermal_profile,EXIF/XMP focal length + focal_length_35mm-derived sensor size,12.0,52.0,35.99392244790114,29.13650161648791,7.79666547283578,6.237332378268624,derived from EXIF/XMP focal_length_35mm and target image aspect,399.28,True,16,23,845273.9326202362,845283.9326202362,822276.525865373,822286.525865373,845278.9326202362,822281.525865373,22.33958262679985,114.26434675881286,10.0,10.0,100.0,False,3,GIC / open space,1.0,,,0.0,high_confidence,"Dominant LUHK land-use assigned by majority overlap between the pilot 10m grid cell and the LUHK 2024 10m raster. This step does not extract thermal temperatures, calculate delta-T, or run prediction. The current pilot stage is thermal-first: outputs are plotted on `_T.JPG` using thermal image geometry and `thermal_profile` assumptions when metadata does not provide FOV or sensor size. Visible `_V.JPG` overlays are deferred. The overlay remains an approximate first-pass visualization using the north-up rectangular footprint assumption.",100.0,"{""31"": 100.0}"
DJI_20260107143259_0005_T__thermal__r016_c024,20260107_Thermal_HKUST/DCIM/DJI_202601071424_001::DJI_20260107143259_0005,DJI_20260107143259_0005_V.JPG,DJI_20260107143259_0005_T.JPG,data/raw/hkust/20260107_Thermal_HKUST/DCIM/DJI_202601071424_001/DJI_20260107143259_0005_V.JPG,data/raw/hkust/20260107_Thermal_HKUST/DCIM/DJI_202601071424_001/DJI_20260107143259_0005_T.JPG,thermal,data/raw/hkust/20260107_Thermal_HKUST/DCIM/DJI_202601071424_001/DJI_20260107143259_0005_T.JPG,640,512,data/metadata/dji_image_metadata.csv,thermal_profile,EXIF/XMP focal length + focal_length_35mm-derived sensor size,12.0,52.0,35.99392244790114,29.13650161648791,7.79666547283578,6.237332378268624,derived from EXIF/XMP focal_length_35mm and target image aspect,399.28,True,16,24,845283.9326202362,845293.9326202362,822276.525865373,822286.525865373,845288.9326202362,822281.525865373,22.339582574339282,114.26444383235564,10.0,10.0,100.0,False,3,GIC / open space,1.0,,,0.0,high_confidence,"Dominant LUHK land-use assigned by majority overlap between the pilot 10m grid cell and the LUHK 2024 10m raster. This step does not extract thermal temperatures, calculate delta-T, or run prediction. The current pilot stage is thermal-first: outputs are plotted on `_T.JPG` using thermal image geometry and `thermal_profile` assumptions when metadata does not provide FOV or sensor size. Visible `_V.JPG` overlays are deferred. The overlay remains an approximate first-pass visualization using the north-up rectangular footprint assumption.",100.0,"{""31"": 100.0}"
DJI_20260107143259_0005_T__thermal__r016_c025,20260107_Thermal_HKUST/DCIM/DJI_202601071424_001::DJI_20260107143259_0005,DJI_20260107143259_0005_V.JPG,DJI_20260107143259_0005_T.JPG,data/raw/hkust/20260107_Thermal_HKUST/DCIM/DJI_202601071424_001/DJI_20260107143259_0005_V.JPG,data/raw/hkust/20260107_Thermal_HKUST/DCIM/DJI_202601071424_001/DJI_20260107143259_0005_T.JPG,thermal,data/raw/hkust/20260107_Thermal_HKUST/DCIM/DJI_202601071424_001/DJI_20260107143259_0005_T.JPG,640,512,data/metadata/dji_image_metadata.csv,thermal_profile,EXIF/XMP focal length + focal_length_35mm-derived sensor size,12.0,52.0,35.99392244790114,29.13650161648791,7.79666547283578,6.237332378268624,derived from EXIF/XMP focal_length_35mm and target image aspect,399.28,True,16,25,845293.9326202362,845303.3536694024,822276.525865373,822286.525865373,845298.6431448193,822281.525865373,22.33958252334165,114.26453809585773,9.421049166237935,10.0,94.21049166237935,True,3,GIC / open space,1.0,,,0.0,high_confidence,"Dominant LUHK land-use assigned by majority overlap between the pilot 10m grid cell and the LUHK 2024 10m raster. This step does not extract thermal temperatures, calculate delta-T, or run prediction. The current pilot stage is thermal-first: outputs are plotted on `_T.JPG` using thermal image geometry and `thermal_profile` assumptions when metadata does not provide FOV or sensor size. Visible `_V.JPG` overlays are deferred. The overlay remains an approximate first-pass visualization using the north-up rectangular footprint assumption.",94.21049166237935,"{""31"": 94.21049166237935}"
DJI_20260107143259_0005_T__thermal__r017_c000,20260107_Thermal_HKUST/DCIM/DJI_202601071424_001::DJI_20260107143259_0005,DJI_20260107143259_0005_V.JPG,DJI_20260107143259_0005_T.JPG,data/raw/hkust/20260107_Thermal_HKUST/DCIM/DJI_202601071424_001/DJI_20260107143259_0005_V.JPG,data/raw/hkust/20260107_Thermal_HKUST/DCIM/DJI_202601071424_001/DJI_20260107143259_0005_T.JPG,thermal,data/raw/hkust/20260107_Thermal_HKUST/DCIM/DJI_202601071424_001/DJI_20260107143259_0005_T.JPG,640,512,data/metadata/dji_image_metadata.csv,thermal_profile,EXIF/XMP focal length + focal_length_35mm-derived sensor size,12.0,52.0,35.99392244790114,29.13650161648791,7.79666547283578,6.237332378268624,derived from EXIF/XMP focal_length_35mm and target image aspect,399.28,True,17,0,845043.9326202362,845053.9326202362,822266.525865373,822276.525865373,845048.9326202362,822271.525865373,22.339493511717627,114.26211401232804,10.0,10.0,100.0,False,7,Woodland / shrubland / grassland / wetland,1.0,,,0.0,high_confidence,"Dominant LUHK land-use assigned by majority overlap between the pilot 10m grid cell and the LUHK 2024 10m raster. This step does not extract thermal temperatures, calculate delta-T, or run prediction. The current pilot stage is thermal-first: outputs are plotted on `_T.JPG` using thermal image geometry and `thermal_profile` assumptions when metadata does not provide FOV or sensor size. Visible `_V.JPG` overlays are deferred. The overlay remains an approximate first-pass visualization using the north-up rectangular footprint assumption.",100.0,"{""71"": 100.0}"
DJI_20260107143259_0005_T__thermal__r017_c001,20260107_Thermal_HKUST/DCIM/DJI_202601071424_001::DJI_20260107143259_0005,DJI_20260107143259_0005_V.JPG,DJI_20260107143259_0005_T.JPG,data/raw/hkust/20260107_Thermal_HKUST/DCIM/DJI_202601071424_001/DJI_20260107143259_0005_V.JPG,data/raw/hkust/20260107_Thermal_HKUST/DCIM/DJI_202601071424_001/DJI_20260107143259_0005_T.JPG,thermal,data/raw/hkust/20260107_Thermal_HKUST/DCIM/DJI_202601071424_001/DJI_20260107143259_0005_T.JPG,640,512,data/metadata/dji_image_metadata.csv,thermal_profile,EXIF/XMP focal length + focal_length_35mm-derived sensor size,12.0,52.0,35.99392244790114,29.13650161648791,7.79666547283578,6.237332378268624,derived from EXIF/XMP focal_length_35mm and target image aspect,399.28,True,17,1,845053.9326202362,845063.9326202362,822266.525865373,822276.525865373,845058.9326202362,822271.525865373,22.339493460594902,114.26221108581477,10.0,10.0,100.0,False,7,Woodland / shrubland / grassland / wetland,0.8633754786250815,3.0,GIC / open space,0.1366245213749186,high_confidence,"Dominant LUHK land-use assigned by majority overlap between the pilot 10m grid cell and the LUHK 2024 10m raster. This step does not extract thermal temperatures, calculate delta-T, or run prediction. The current pilot stage is thermal-first: outputs are plotted on `_T.JPG` using thermal image geometry and `thermal_profile` assumptions when metadata does not provide FOV or sensor size. Visible `_V.JPG` overlays are deferred. The overlay remains an approximate first-pass visualization using the north-up rectangular footprint assumption.",100.0,"{""31"": 13.66245213749186, ""71"": 60.67379763815552, ""73"": 25.663750224352622}"
DJI_20260107143259_0005_T__thermal__r017_c002,20260107_Thermal_HKUST/DCIM/DJI_202601071424_001::DJI_20260107143259_0005,DJI_20260107143259_0005_V.JPG,DJI_20260107143259_0005_T.JPG,data/raw/hkust/20260107_Thermal_HKUST/DCIM/DJI_202601071424_001/DJI_20260107143259_0005_V.JPG,data/raw/hkust/20260107_Thermal_HKUST/DCIM/DJI_202601071424_001/DJI_20260107143259_0005_T.JPG,thermal,data/raw/hkust/20260107_Thermal_HKUST/DCIM/DJI_202601071424_001/DJI_20260107143259_0005_T.JPG,640,512,data/metadata/dji_image_metadata.csv,thermal_profile,EXIF/XMP focal length + focal_length_35mm-derived sensor size,12.0,52.0,35.99392244790114,29.13650161648791,7.79666547283578,6.237332378268624,derived from EXIF/XMP focal_length_35mm and target image aspect,399.28,True,17,2,845063.9326202362,845073.9326202362,822266.525865373,822276.525865373,845068.9326202362,822271.525865373,22.339493409414032,114.26230815930121,10.0,10.0,100.0,False,3,GIC / open space,0.6040509649466425,7.0,Woodland / shrubland / grassland / wetland,0.3959490350533576,medium_confidence,"Dominant LUHK land-use assigned by majority overlap between the pilot 10m grid cell and the LUHK 2024 10m raster. This step does not extract thermal temperatures, calculate delta-T, or run prediction. The current pilot stage is thermal-first: outputs are plotted on `_T.JPG` using thermal image geometry and `thermal_profile` assumptions when metadata does not provide FOV or sensor size. Visible `_V.JPG` overlays are deferred. The overlay remains an approximate first-pass visualization using the north-up rectangular footprint assumption.",100.0,"{""31"": 60.40509649466425, ""73"": 39.59490350533576}"
DJI_20260107143259_0005_T__thermal__r017_c003,20260107_Thermal_HKUST/DCIM/DJI_202601071424_001::DJI_20260107143259_0005,DJI_20260107143259_0005_V.JPG,DJI_20260107143259_0005_T.JPG,data/raw/hkust/20260107_Thermal_HKUST/DCIM/DJI_202601071424_001/DJI_20260107143259_0005_V.JPG,data/raw/hkust/20260107_Thermal_HKUST/DCIM/DJI_202601071424_001/DJI_20260107143259_0005_T.JPG,thermal,data/raw/hkust/20260107_Thermal_HKUST/DCIM/DJI_202601071424_001/DJI_20260107143259_0005_T.JPG,640,512,data/metadata/dji_image_metadata.csv,thermal_profile,EXIF/XMP focal length + focal_length_35mm-derived sensor size,12.0,52.0,35.99392244790114,29.13650161648791,7.79666547283578,6.237332378268624,derived from EXIF/XMP focal_length_35mm and target image aspect,399.28,True,17,3,845073.9326202362,845083.9326202362,822266.525865373,822276.525865373,845078.9326202362,822271.525865373,22.339493358174987,114.26240523278739,10.0,10.0,100.0,False,3,GIC / open space,1.0,,,0.0,high_confidence,"Dominant LUHK land-use assigned by majority overlap between the pilot 10m grid cell and the LUHK 2024 10m raster. This step does not extract thermal temperatures, calculate delta-T, or run prediction. The current pilot stage is thermal-first: outputs are plotted on `_T.JPG` using thermal image geometry and `thermal_profile` assumptions when metadata does not provide FOV or sensor size. Visible `_V.JPG` overlays are deferred. The overlay remains an approximate first-pass visualization using the north-up rectangular footprint assumption.",100.0,"{""31"": 100.0}"
DJI_20260107143259_0005_T__thermal__r017_c004,20260107_Thermal_HKUST/DCIM/DJI_202601071424_001::DJI_20260107143259_0005,DJI_20260107143259_0005_V.JPG,DJI_20260107143259_0005_T.JPG,data/raw/hkust/20260107_Thermal_HKUST/DCIM/DJI_202601071424_001/DJI_20260107143259_0005_V.JPG,data/raw/hkust/20260107_Thermal_HKUST/DCIM/DJI_202601071424_001/DJI_20260107143259_0005_T.JPG,thermal,data/raw/hkust/20260107_Thermal_HKUST/DCIM/DJI_202601071424_001/DJI_20260107143259_0005_T.JPG,640,512,data/metadata/dji_image_metadata.csv,thermal_profile,EXIF/XMP focal length + focal_length_35mm-derived sensor size,12.0,52.0,35.99392244790114,29.13650161648791,7.79666547283578,6.237332378268624,derived from EXIF/XMP focal_length_35mm and target image aspect,399.28,True,17,4,845083.9326202362,845093.9326202362,822266.525865373,822276.525865373,845088.9326202362,822271.525865373,22.3394933068778,114.26250230627328,10.0,10.0,100.0,False,3,GIC / open space,1.0,,,0.0,high_confidence,"Dominant LUHK land-use assigned by majority overlap between the pilot 10m grid cell and the LUHK 2024 10m raster. This step does not extract thermal temperatures, calculate delta-T, or run prediction. The current pilot stage is thermal-first: outputs are plotted on `_T.JPG` using thermal image geometry and `thermal_profile` assumptions when metadata does not provide FOV or sensor size. Visible `_V.JPG` overlays are deferred. The overlay remains an approximate first-pass visualization using the north-up rectangular footprint assumption.",100.0,"{""31"": 100.0}"
DJI_20260107143259_0005_T__thermal__r017_c005,20260107_Thermal_HKUST/DCIM/DJI_202601071424_001::DJI_20260107143259_0005,DJI_20260107143259_0005_V.JPG,DJI_20260107143259_0005_T.JPG,data/raw/hkust/20260107_Thermal_HKUST/DCIM/DJI_202601071424_001/DJI_20260107143259_0005_V.JPG,data/raw/hkust/20260107_Thermal_HKUST/DCIM/DJI_202601071424_001/DJI_20260107143259_0005_T.JPG,thermal,data/raw/hkust/20260107_Thermal_HKUST/DCIM/DJI_202601071424_001/DJI_20260107143259_0005_T.JPG,640,512,data/metadata/dji_image_metadata.csv,thermal_profile,EXIF/XMP focal length + focal_length_35mm-derived sensor size,12.0,52.0,35.99392244790114,29.13650161648791,7.79666547283578,6.237332378268624,derived from EXIF/XMP focal_length_35mm and target image aspect,399.28,True,17,5,845093.9326202362,845103.9326202362,822266.525865373,822276.525865373,845098.9326202362,822271.525865373,22.33949325552245,114.2625993797589,10.0,10.0,100.0,False,3,GIC / open space,1.0,,,0.0,high_confidence,"Dominant LUHK land-use assigned by majority overlap between the pilot 10m grid cell and the LUHK 2024 10m raster. This step does not extract thermal temperatures, calculate delta-T, or run prediction. The current pilot stage is thermal-first: outputs are plotted on `_T.JPG` using thermal image geometry and `thermal_profile` assumptions when metadata does not provide FOV or sensor size. Visible `_V.JPG` overlays are deferred. The overlay remains an approximate first-pass visualization using the north-up rectangular footprint assumption.",100.0,"{""31"": 100.0}"
DJI_20260107143259_0005_T__thermal__r017_c006,20260107_Thermal_HKUST/DCIM/DJI_202601071424_001::DJI_20260107143259_0005,DJI_20260107143259_0005_V.JPG,DJI_20260107143259_0005_T.JPG,data/raw/hkust/20260107_Thermal_HKUST/DCIM/DJI_202601071424_001/DJI_20260107143259_0005_V.JPG,data/raw/hkust/20260107_Thermal_HKUST/DCIM/DJI_202601071424_001/DJI_20260107143259_0005_T.JPG,thermal,data/raw/hkust/20260107_Thermal_HKUST/DCIM/DJI_202601071424_001/DJI_20260107143259_0005_T.JPG,640,512,data/metadata/dji_image_metadata.csv,thermal_profile,EXIF/XMP focal length + focal_length_35mm-derived sensor size,12.0,52.0,35.99392244790114,29.13650161648791,7.79666547283578,6.237332378268624,derived from EXIF/XMP focal_length_35mm and target image aspect,399.28,True,17,6,845103.9326202362,845113.9326202362,822266.525865373,822276.525865373,845108.9326202362,822271.525865373,22.339493204108948,114.26269645324423,10.0,10.0,100.0,False,3,GIC / open space,1.0,,,0.0,high_confidence,"Dominant LUHK land-use assigned by majority overlap between the pilot 10m grid cell and the LUHK 2024 10m raster. This step does not extract thermal temperatures, calculate delta-T, or run prediction. The current pilot stage is thermal-first: outputs are plotted on `_T.JPG` using thermal image geometry and `thermal_profile` assumptions when metadata does not provide FOV or sensor size. Visible `_V.JPG` overlays are deferred. The overlay remains an approximate first-pass visualization using the north-up rectangular footprint assumption.",100.0,"{""31"": 100.0}"
DJI_20260107143259_0005_T__thermal__r017_c007,20260107_Thermal_HKUST/DCIM/DJI_202601071424_001::DJI_20260107143259_0005,DJI_20260107143259_0005_V.JPG,DJI_20260107143259_0005_T.JPG,data/raw/hkust/20260107_Thermal_HKUST/DCIM/DJI_202601071424_001/DJI_20260107143259_0005_V.JPG,data/raw/hkust/20260107_Thermal_HKUST/DCIM/DJI_202601071424_001/DJI_20260107143259_0005_T.JPG,thermal,data/raw/hkust/20260107_Thermal_HKUST/DCIM/DJI_202601071424_001/DJI_20260107143259_0005_T.JPG,640,512,data/metadata/dji_image_metadata.csv,thermal_profile,EXIF/XMP focal length + focal_length_35mm-derived sensor size,12.0,52.0,35.99392244790114,29.13650161648791,7.79666547283578,6.237332378268624,derived from EXIF/XMP focal_length_35mm and target image aspect,399.28,True,17,7,845113.9326202362,845123.9326202362,822266.525865373,822276.525865373,845118.9326202362,822271.525865373,22.339493152637285,114.26279352672927,10.0,10.0,100.0,False,3,GIC / open space,1.0,,,0.0,high_confidence,"Dominant LUHK land-use assigned by majority overlap between the pilot 10m grid cell and the LUHK 2024 10m raster. This step does not extract thermal temperatures, calculate delta-T, or run prediction. The current pilot stage is thermal-first: outputs are plotted on `_T.JPG` using thermal image geometry and `thermal_profile` assumptions when metadata does not provide FOV or sensor size. Visible `_V.JPG` overlays are deferred. The overlay remains an approximate first-pass visualization using the north-up rectangular footprint assumption.",100.0,"{""31"": 100.0}"
DJI_20260107143259_0005_T__thermal__r017_c008,20260107_Thermal_HKUST/DCIM/DJI_202601071424_001::DJI_20260107143259_0005,DJI_20260107143259_0005_V.JPG,DJI_20260107143259_0005_T.JPG,data/raw/hkust/20260107_Thermal_HKUST/DCIM/DJI_202601071424_001/DJI_20260107143259_0005_V.JPG,data/raw/hkust/20260107_Thermal_HKUST/DCIM/DJI_202601071424_001/DJI_20260107143259_0005_T.JPG,thermal,data/raw/hkust/20260107_Thermal_HKUST/DCIM/DJI_202601071424_001/DJI_20260107143259_0005_T.JPG,640,512,data/metadata/dji_image_metadata.csv,thermal_profile,EXIF/XMP focal length + focal_length_35mm-derived sensor size,12.0,52.0,35.99392244790114,29.13650161648791,7.79666547283578,6.237332378268624,derived from EXIF/XMP focal_length_35mm and target image aspect,399.28,True,17,8,845123.9326202362,845133.9326202362,822266.525865373,822276.525865373,845128.9326202362,822271.525865373,22.33949310110746,114.26289060021406,10.0,10.0,100.0,False,3,GIC / open space,1.0,,,0.0,high_confidence,"Dominant LUHK land-use assigned by majority overlap between the pilot 10m grid cell and the LUHK 2024 10m raster. This step does not extract thermal temperatures, calculate delta-T, or run prediction. The current pilot stage is thermal-first: outputs are plotted on `_T.JPG` using thermal image geometry and `thermal_profile` assumptions when metadata does not provide FOV or sensor size. Visible `_V.JPG` overlays are deferred. The overlay remains an approximate first-pass visualization using the north-up rectangular footprint assumption.",100.0,"{""31"": 100.0}"
DJI_20260107143259_0005_T__thermal__r017_c009,20260107_Thermal_HKUST/DCIM/DJI_202601071424_001::DJI_20260107143259_0005,DJI_20260107143259_0005_V.JPG,DJI_20260107143259_0005_T.JPG,data/raw/hkust/20260107_Thermal_HKUST/DCIM/DJI_202601071424_001/DJI_20260107143259_0005_V.JPG,data/raw/hkust/20260107_Thermal_HKUST/DCIM/DJI_202601071424_001/DJI_20260107143259_0005_T.JPG,thermal,data/raw/hkust/20260107_Thermal_HKUST/DCIM/DJI_202601071424_001/DJI_20260107143259_0005_T.JPG,640,512,data/metadata/dji_image_metadata.csv,thermal_profile,EXIF/XMP focal length + focal_length_35mm-derived sensor size,12.0,52.0,35.99392244790114,29.13650161648791,7.79666547283578,6.237332378268624,derived from EXIF/XMP focal_length_35mm and target image aspect,399.28,True,17,9,845133.9326202362,845143.9326202362,822266.525865373,822276.525865373,845138.9326202362,822271.525865373,22.33949304951948,114.26298767369855,10.0,10.0,100.0,False,3,GIC / open space,1.0,,,0.0,high_confidence,"Dominant LUHK land-use assigned by majority overlap between the pilot 10m grid cell and the LUHK 2024 10m raster. This step does not extract thermal temperatures, calculate delta-T, or run prediction. The current pilot stage is thermal-first: outputs are plotted on `_T.JPG` using thermal image geometry and `thermal_profile` assumptions when metadata does not provide FOV or sensor size. Visible `_V.JPG` overlays are deferred. The overlay remains an approximate first-pass visualization using the north-up rectangular footprint assumption.",100.0,"{""31"": 100.0}"
DJI_20260107143259_0005_T__thermal__r017_c010,20260107_Thermal_HKUST/DCIM/DJI_202601071424_001::DJI_20260107143259_0005,DJI_20260107143259_0005_V.JPG,DJI_20260107143259_0005_T.JPG,data/raw/hkust/20260107_Thermal_HKUST/DCIM/DJI_202601071424_001/DJI_20260107143259_0005_V.JPG,data/raw/hkust/20260107_Thermal_HKUST/DCIM/DJI_202601071424_001/DJI_20260107143259_0005_T.JPG,thermal,data/raw/hkust/20260107_Thermal_HKUST/DCIM/DJI_202601071424_001/DJI_20260107143259_0005_T.JPG,640,512,data/metadata/dji_image_metadata.csv,thermal_profile,EXIF/XMP focal length + focal_length_35mm-derived sensor size,12.0,52.0,35.99392244790114,29.13650161648791,7.79666547283578,6.237332378268624,derived from EXIF/XMP focal_length_35mm and target image aspect,399.28,True,17,10,845143.9326202362,845153.9326202362,822266.525865373,822276.525865373,845148.9326202362,822271.525865373,22.339492997873347,114.26308474718277,10.0,10.0,100.0,False,3,GIC / open space,1.0,,,0.0,high_confidence,"Dominant LUHK land-use assigned by majority overlap between the pilot 10m grid cell and the LUHK 2024 10m raster. This step does not extract thermal temperatures, calculate delta-T, or run prediction. The current pilot stage is thermal-first: outputs are plotted on `_T.JPG` using thermal image geometry and `thermal_profile` assumptions when metadata does not provide FOV or sensor size. Visible `_V.JPG` overlays are deferred. The overlay remains an approximate first-pass visualization using the north-up rectangular footprint assumption.",100.0,"{""31"": 100.0}"
DJI_20260107143259_0005_T__thermal__r017_c011,20260107_Thermal_HKUST/DCIM/DJI_202601071424_001::DJI_20260107143259_0005,DJI_20260107143259_0005_V.JPG,DJI_20260107143259_0005_T.JPG,data/raw/hkust/20260107_Thermal_HKUST/DCIM/DJI_202601071424_001/DJI_20260107143259_0005_V.JPG,data/raw/hkust/20260107_Thermal_HKUST/DCIM/DJI_202601071424_001/DJI_20260107143259_0005_T.JPG,thermal,data/raw/hkust/20260107_Thermal_HKUST/DCIM/DJI_202601071424_001/DJI_20260107143259_0005_T.JPG,640,512,data/metadata/dji_image_metadata.csv,thermal_profile,EXIF/XMP focal length + focal_length_35mm-derived sensor size,12.0,52.0,35.99392244790114,29.13650161648791,7.79666547283578,6.237332378268624,derived from EXIF/XMP focal_length_35mm and target image aspect,399.28,True,17,11,845153.9326202362,845163.9326202362,822266.525865373,822276.525865373,845158.9326202362,822271.525865373,22.339492946169056,114.26318182066672,10.0,10.0,100.0,False,3,GIC / open space,1.0,,,0.0,high_confidence,"Dominant LUHK land-use assigned by majority overlap between the pilot 10m grid cell and the LUHK 2024 10m raster. This step does not extract thermal temperatures, calculate delta-T, or run prediction. The current pilot stage is thermal-first: outputs are plotted on `_T.JPG` using thermal image geometry and `thermal_profile` assumptions when metadata does not provide FOV or sensor size. Visible `_V.JPG` overlays are deferred. The overlay remains an approximate first-pass visualization using the north-up rectangular footprint assumption.",100.0,"{""31"": 100.0}"
DJI_20260107143259_0005_T__thermal__r017_c012,20260107_Thermal_HKUST/DCIM/DJI_202601071424_001::DJI_20260107143259_0005,DJI_20260107143259_0005_V.JPG,DJI_20260107143259_0005_T.JPG,data/raw/hkust/20260107_Thermal_HKUST/DCIM/DJI_202601071424_001/DJI_20260107143259_0005_V.JPG,data/raw/hkust/20260107_Thermal_HKUST/DCIM/DJI_202601071424_001/DJI_20260107143259_0005_T.JPG,thermal,data/raw/hkust/20260107_Thermal_HKUST/DCIM/DJI_202601071424_001/DJI_20260107143259_0005_T.JPG,640,512,data/metadata/dji_image_metadata.csv,thermal_profile,EXIF/XMP focal length + focal_length_35mm-derived sensor size,12.0,52.0,35.99392244790114,29.13650161648791,7.79666547283578,6.237332378268624,derived from EXIF/XMP focal_length_35mm and target image aspect,399.28,True,17,12,845163.9326202362,845173.9326202362,822266.525865373,822276.525865373,845168.9326202362,822271.525865373,22.339492894406597,114.26327889415036,10.0,10.0,100.0,False,3,GIC / open space,1.0,,,0.0,high_confidence,"Dominant LUHK land-use assigned by majority overlap between the pilot 10m grid cell and the LUHK 2024 10m raster. This step does not extract thermal temperatures, calculate delta-T, or run prediction. The current pilot stage is thermal-first: outputs are plotted on `_T.JPG` using thermal image geometry and `thermal_profile` assumptions when metadata does not provide FOV or sensor size. Visible `_V.JPG` overlays are deferred. The overlay remains an approximate first-pass visualization using the north-up rectangular footprint assumption.",100.0,"{""31"": 100.0}"
DJI_20260107143259_0005_T__thermal__r017_c013,20260107_Thermal_HKUST/DCIM/DJI_202601071424_001::DJI_20260107143259_0005,DJI_20260107143259_0005_V.JPG,DJI_20260107143259_0005_T.JPG,data/raw/hkust/20260107_Thermal_HKUST/DCIM/DJI_202601071424_001/DJI_20260107143259_0005_V.JPG,data/raw/hkust/20260107_Thermal_HKUST/DCIM/DJI_202601071424_001/DJI_20260107143259_0005_T.JPG,thermal,data/raw/hkust/20260107_Thermal_HKUST/DCIM/DJI_202601071424_001/DJI_20260107143259_0005_T.JPG,640,512,data/metadata/dji_image_metadata.csv,thermal_profile,EXIF/XMP focal length + focal_length_35mm-derived sensor size,12.0,52.0,35.99392244790114,29.13650161648791,7.79666547283578,6.237332378268624,derived from EXIF/XMP focal_length_35mm and target image aspect,399.28,True,17,13,845173.9326202362,845183.9326202362,822266.525865373,822276.525865373,845178.9326202362,822271.525865373,22.339492842585994,114.26337596763375,10.0,10.0,100.0,False,3,GIC / open space,1.0,,,0.0,high_confidence,"Dominant LUHK land-use assigned by majority overlap between the pilot 10m grid cell and the LUHK 2024 10m raster. This step does not extract thermal temperatures, calculate delta-T, or run prediction. The current pilot stage is thermal-first: outputs are plotted on `_T.JPG` using thermal image geometry and `thermal_profile` assumptions when metadata does not provide FOV or sensor size. Visible `_V.JPG` overlays are deferred. The overlay remains an approximate first-pass visualization using the north-up rectangular footprint assumption.",100.0,"{""31"": 100.0}"
DJI_20260107143259_0005_T__thermal__r017_c014,20260107_Thermal_HKUST/DCIM/DJI_202601071424_001::DJI_20260107143259_0005,DJI_20260107143259_0005_V.JPG,DJI_20260107143259_0005_T.JPG,data/raw/hkust/20260107_Thermal_HKUST/DCIM/DJI_202601071424_001/DJI_20260107143259_0005_V.JPG,data/raw/hkust/20260107_Thermal_HKUST/DCIM/DJI_202601071424_001/DJI_20260107143259_0005_T.JPG,thermal,data/raw/hkust/20260107_Thermal_HKUST/DCIM/DJI_202601071424_001/DJI_20260107143259_0005_T.JPG,640,512,data/metadata/dji_image_metadata.csv,thermal_profile,EXIF/XMP focal length + focal_length_35mm-derived sensor size,12.0,52.0,35.99392244790114,29.13650161648791,7.79666547283578,6.237332378268624,derived from EXIF/XMP focal_length_35mm and target image aspect,399.28,True,17,14,845183.9326202362,845193.9326202362,822266.525865373,822276.525865373,845188.9326202362,822271.525865373,22.339492790707226,114.26347304111684,10.0,10.0,100.0,False,3,GIC / open space,1.0,,,0.0,high_confidence,"Dominant LUHK land-use assigned by majority overlap between the pilot 10m grid cell and the LUHK 2024 10m raster. This step does not extract thermal temperatures, calculate delta-T, or run prediction. The current pilot stage is thermal-first: outputs are plotted on `_T.JPG` using thermal image geometry and `thermal_profile` assumptions when metadata does not provide FOV or sensor size. Visible `_V.JPG` overlays are deferred. The overlay remains an approximate first-pass visualization using the north-up rectangular footprint assumption.",100.0,"{""31"": 100.0}"
DJI_20260107143259_0005_T__thermal__r017_c015,20260107_Thermal_HKUST/DCIM/DJI_202601071424_001::DJI_20260107143259_0005,DJI_20260107143259_0005_V.JPG,DJI_20260107143259_0005_T.JPG,data/raw/hkust/20260107_Thermal_HKUST/DCIM/DJI_202601071424_001/DJI_20260107143259_0005_V.JPG,data/raw/hkust/20260107_Thermal_HKUST/DCIM/DJI_202601071424_001/DJI_20260107143259_0005_T.JPG,thermal,data/raw/hkust/20260107_Thermal_HKUST/DCIM/DJI_202601071424_001/DJI_20260107143259_0005_T.JPG,640,512,data/metadata/dji_image_metadata.csv,thermal_profile,EXIF/XMP focal length + focal_length_35mm-derived sensor size,12.0,52.0,35.99392244790114,29.13650161648791,7.79666547283578,6.237332378268624,derived from EXIF/XMP focal_length_35mm and target image aspect,399.28,True,17,15,845193.9326202362,845203.9326202362,822266.525865373,822276.525865373,845198.9326202362,822271.525865373,22.3394927387703,114.26357011459964,10.0,10.0,100.0,False,3,GIC / open space,1.0,,,0.0,high_confidence,"Dominant LUHK land-use assigned by majority overlap between the pilot 10m grid cell and the LUHK 2024 10m raster. This step does not extract thermal temperatures, calculate delta-T, or run prediction. The current pilot stage is thermal-first: outputs are plotted on `_T.JPG` using thermal image geometry and `thermal_profile` assumptions when metadata does not provide FOV or sensor size. Visible `_V.JPG` overlays are deferred. The overlay remains an approximate first-pass visualization using the north-up rectangular footprint assumption.",100.0,"{""31"": 100.0}"
DJI_20260107143259_0005_T__thermal__r017_c016,20260107_Thermal_HKUST/DCIM/DJI_202601071424_001::DJI_20260107143259_0005,DJI_20260107143259_0005_V.JPG,DJI_20260107143259_0005_T.JPG,data/raw/hkust/20260107_Thermal_HKUST/DCIM/DJI_202601071424_001/DJI_20260107143259_0005_V.JPG,data/raw/hkust/20260107_Thermal_HKUST/DCIM/DJI_202601071424_001/DJI_20260107143259_0005_T.JPG,thermal,data/raw/hkust/20260107_Thermal_HKUST/DCIM/DJI_202601071424_001/DJI_20260107143259_0005_T.JPG,640,512,data/metadata/dji_image_metadata.csv,thermal_profile,EXIF/XMP focal length + focal_length_35mm-derived sensor size,12.0,52.0,35.99392244790114,29.13650161648791,7.79666547283578,6.237332378268624,derived from EXIF/XMP focal_length_35mm and target image aspect,399.28,True,17,16,845203.9326202362,845213.9326202362,822266.525865373,822276.525865373,845208.9326202362,822271.525865373,22.339492686775213,114.26366718808218,10.0,10.0,100.0,False,3,GIC / open space,1.0,,,0.0,high_confidence,"Dominant LUHK land-use assigned by majority overlap between the pilot 10m grid cell and the LUHK 2024 10m raster. This step does not extract thermal temperatures, calculate delta-T, or run prediction. The current pilot stage is thermal-first: outputs are plotted on `_T.JPG` using thermal image geometry and `thermal_profile` assumptions when metadata does not provide FOV or sensor size. Visible `_V.JPG` overlays are deferred. The overlay remains an approximate first-pass visualization using the north-up rectangular footprint assumption.",100.0,"{""31"": 100.0}"
DJI_20260107143259_0005_T__thermal__r017_c017,20260107_Thermal_HKUST/DCIM/DJI_202601071424_001::DJI_20260107143259_0005,DJI_20260107143259_0005_V.JPG,DJI_20260107143259_0005_T.JPG,data/raw/hkust/20260107_Thermal_HKUST/DCIM/DJI_202601071424_001/DJI_20260107143259_0005_V.JPG,data/raw/hkust/20260107_Thermal_HKUST/DCIM/DJI_202601071424_001/DJI_20260107143259_0005_T.JPG,thermal,data/raw/hkust/20260107_Thermal_HKUST/DCIM/DJI_202601071424_001/DJI_20260107143259_0005_T.JPG,640,512,data/metadata/dji_image_metadata.csv,thermal_profile,EXIF/XMP focal length + focal_length_35mm-derived sensor size,12.0,52.0,35.99392244790114,29.13650161648791,7.79666547283578,6.237332378268624,derived from EXIF/XMP focal_length_35mm and target image aspect,399.28,True,17,17,845213.9326202362,845223.9326202362,822266.525865373,822276.525865373,845218.9326202362,822271.525865373,22.339492634721967,114.26376426156443,10.0,10.0,100.0,False,3,GIC / open space,1.0,,,0.0,high_confidence,"Dominant LUHK land-use assigned by majority overlap between the pilot 10m grid cell and the LUHK 2024 10m raster. This step does not extract thermal temperatures, calculate delta-T, or run prediction. The current pilot stage is thermal-first: outputs are plotted on `_T.JPG` using thermal image geometry and `thermal_profile` assumptions when metadata does not provide FOV or sensor size. Visible `_V.JPG` overlays are deferred. The overlay remains an approximate first-pass visualization using the north-up rectangular footprint assumption.",100.0,"{""31"": 100.0}"
DJI_20260107143259_0005_T__thermal__r017_c018,20260107_Thermal_HKUST/DCIM/DJI_202601071424_001::DJI_20260107143259_0005,DJI_20260107143259_0005_V.JPG,DJI_20260107143259_0005_T.JPG,data/raw/hkust/20260107_Thermal_HKUST/DCIM/DJI_202601071424_001/DJI_20260107143259_0005_V.JPG,data/raw/hkust/20260107_Thermal_HKUST/DCIM/DJI_202601071424_001/DJI_20260107143259_0005_T.JPG,thermal,data/raw/hkust/20260107_Thermal_HKUST/DCIM/DJI_202601071424_001/DJI_20260107143259_0005_T.JPG,640,512,data/metadata/dji_image_metadata.csv,thermal_profile,EXIF/XMP focal length + focal_length_35mm-derived sensor size,12.0,52.0,35.99392244790114,29.13650161648791,7.79666547283578,6.237332378268624,derived from EXIF/XMP focal_length_35mm and target image aspect,399.28,True,17,18,845223.9326202362,845233.9326202362,822266.525865373,822276.525865373,845228.9326202362,822271.525865373,22.33949258261058,114.26386133504637,10.0,10.0,100.0,False,3,GIC / open space,1.0,,,0.0,high_confidence,"Dominant LUHK land-use assigned by majority overlap between the pilot 10m grid cell and the LUHK 2024 10m raster. This step does not extract thermal temperatures, calculate delta-T, or run prediction. The current pilot stage is thermal-first: outputs are plotted on `_T.JPG` using thermal image geometry and `thermal_profile` assumptions when metadata does not provide FOV or sensor size. Visible `_V.JPG` overlays are deferred. The overlay remains an approximate first-pass visualization using the north-up rectangular footprint assumption.",100.0,"{""31"": 100.0}"
DJI_20260107143259_0005_T__thermal__r017_c019,20260107_Thermal_HKUST/DCIM/DJI_202601071424_001::DJI_20260107143259_0005,DJI_20260107143259_0005_V.JPG,DJI_20260107143259_0005_T.JPG,data/raw/hkust/20260107_Thermal_HKUST/DCIM/DJI_202601071424_001/DJI_20260107143259_0005_V.JPG,data/raw/hkust/20260107_Thermal_HKUST/DCIM/DJI_202601071424_001/DJI_20260107143259_0005_T.JPG,thermal,data/raw/hkust/20260107_Thermal_HKUST/DCIM/DJI_202601071424_001/DJI_20260107143259_0005_T.JPG,640,512,data/metadata/dji_image_metadata.csv,thermal_profile,EXIF/XMP focal length + focal_length_35mm-derived sensor size,12.0,52.0,35.99392244790114,29.13650161648791,7.79666547283578,6.237332378268624,derived from EXIF/XMP focal_length_35mm and target image aspect,399.28,True,17,19,845233.9326202362,845243.9326202362,822266.525865373,822276.525865373,845238.9326202362,822271.525865373,22.339492530441024,114.26395840852807,10.0,10.0,100.0,False,3,GIC / open space,1.0,,,0.0,high_confidence,"Dominant LUHK land-use assigned by majority overlap between the pilot 10m grid cell and the LUHK 2024 10m raster. This step does not extract thermal temperatures, calculate delta-T, or run prediction. The current pilot stage is thermal-first: outputs are plotted on `_T.JPG` using thermal image geometry and `thermal_profile` assumptions when metadata does not provide FOV or sensor size. Visible `_V.JPG` overlays are deferred. The overlay remains an approximate first-pass visualization using the north-up rectangular footprint assumption.",100.0,"{""31"": 100.0}"
DJI_20260107143259_0005_T__thermal__r017_c020,20260107_Thermal_HKUST/DCIM/DJI_202601071424_001::DJI_20260107143259_0005,DJI_20260107143259_0005_V.JPG,DJI_20260107143259_0005_T.JPG,data/raw/hkust/20260107_Thermal_HKUST/DCIM/DJI_202601071424_001/DJI_20260107143259_0005_V.JPG,data/raw/hkust/20260107_Thermal_HKUST/DCIM/DJI_202601071424_001/DJI_20260107143259_0005_T.JPG,thermal,data/raw/hkust/20260107_Thermal_HKUST/DCIM/DJI_202601071424_001/DJI_20260107143259_0005_T.JPG,640,512,data/metadata/dji_image_metadata.csv,thermal_profile,EXIF/XMP focal length + focal_length_35mm-derived sensor size,12.0,52.0,35.99392244790114,29.13650161648791,7.79666547283578,6.237332378268624,derived from EXIF/XMP focal_length_35mm and target image aspect,399.28,True,17,20,845243.9326202362,845253.9326202362,822266.525865373,822276.525865373,845248.9326202362,822271.525865373,22.3394924782133,114.26405548200945,10.0,10.0,100.0,False,3,GIC / open space,1.0,,,0.0,high_confidence,"Dominant LUHK land-use assigned by majority overlap between the pilot 10m grid cell and the LUHK 2024 10m raster. This step does not extract thermal temperatures, calculate delta-T, or run prediction. The current pilot stage is thermal-first: outputs are plotted on `_T.JPG` using thermal image geometry and `thermal_profile` assumptions when metadata does not provide FOV or sensor size. Visible `_V.JPG` overlays are deferred. The overlay remains an approximate first-pass visualization using the north-up rectangular footprint assumption.",100.0,"{""31"": 100.0}"
DJI_20260107143259_0005_T__thermal__r017_c021,20260107_Thermal_HKUST/DCIM/DJI_202601071424_001::DJI_20260107143259_0005,DJI_20260107143259_0005_V.JPG,DJI_20260107143259_0005_T.JPG,data/raw/hkust/20260107_Thermal_HKUST/DCIM/DJI_202601071424_001/DJI_20260107143259_0005_V.JPG,data/raw/hkust/20260107_Thermal_HKUST/DCIM/DJI_202601071424_001/DJI_20260107143259_0005_T.JPG,thermal,data/raw/hkust/20260107_Thermal_HKUST/DCIM/DJI_202601071424_001/DJI_20260107143259_0005_T.JPG,640,512,data/metadata/dji_image_metadata.csv,thermal_profile,EXIF/XMP focal length + focal_length_35mm-derived sensor size,12.0,52.0,35.99392244790114,29.13650161648791,7.79666547283578,6.237332378268624,derived from EXIF/XMP focal_length_35mm and target image aspect,399.28,True,17,21,845253.9326202362,845263.9326202362,822266.525865373,822276.525865373,845258.9326202362,822271.525865373,22.339492425927443,114.26415255549058,10.0,10.0,100.0,False,3,GIC / open space,1.0,,,0.0,high_confidence,"Dominant LUHK land-use assigned by majority overlap between the pilot 10m grid cell and the LUHK 2024 10m raster. This step does not extract thermal temperatures, calculate delta-T, or run prediction. The current pilot stage is thermal-first: outputs are plotted on `_T.JPG` using thermal image geometry and `thermal_profile` assumptions when metadata does not provide FOV or sensor size. Visible `_V.JPG` overlays are deferred. The overlay remains an approximate first-pass visualization using the north-up rectangular footprint assumption.",100.0,"{""31"": 100.0}"
DJI_20260107143259_0005_T__thermal__r017_c022,20260107_Thermal_HKUST/DCIM/DJI_202601071424_001::DJI_20260107143259_0005,DJI_20260107143259_0005_V.JPG,DJI_20260107143259_0005_T.JPG,data/raw/hkust/20260107_Thermal_HKUST/DCIM/DJI_202601071424_001/DJI_20260107143259_0005_V.JPG,data/raw/hkust/20260107_Thermal_HKUST/DCIM/DJI_202601071424_001/DJI_20260107143259_0005_T.JPG,thermal,data/raw/hkust/20260107_Thermal_HKUST/DCIM/DJI_202601071424_001/DJI_20260107143259_0005_T.JPG,640,512,data/metadata/dji_image_metadata.csv,thermal_profile,EXIF/XMP focal length + focal_length_35mm-derived sensor size,12.0,52.0,35.99392244790114,29.13650161648791,7.79666547283578,6.237332378268624,derived from EXIF/XMP focal_length_35mm and target image aspect,399.28,True,17,22,845263.9326202362,845273.9326202362,822266.525865373,822276.525865373,845268.9326202362,822271.525865373,22.33949237358341,114.2642496289714,10.0,10.0,100.0,False,3,GIC / open space,1.0,,,0.0,high_confidence,"Dominant LUHK land-use assigned by majority overlap between the pilot 10m grid cell and the LUHK 2024 10m raster. This step does not extract thermal temperatures, calculate delta-T, or run prediction. The current pilot stage is thermal-first: outputs are plotted on `_T.JPG` using thermal image geometry and `thermal_profile` assumptions when metadata does not provide FOV or sensor size. Visible `_V.JPG` overlays are deferred. The overlay remains an approximate first-pass visualization using the north-up rectangular footprint assumption.",100.0,"{""31"": 100.0}"
DJI_20260107143259_0005_T__thermal__r017_c023,20260107_Thermal_HKUST/DCIM/DJI_202601071424_001::DJI_20260107143259_0005,DJI_20260107143259_0005_V.JPG,DJI_20260107143259_0005_T.JPG,data/raw/hkust/20260107_Thermal_HKUST/DCIM/DJI_202601071424_001/DJI_20260107143259_0005_V.JPG,data/raw/hkust/20260107_Thermal_HKUST/DCIM/DJI_202601071424_001/DJI_20260107143259_0005_T.JPG,thermal,data/raw/hkust/20260107_Thermal_HKUST/DCIM/DJI_202601071424_001/DJI_20260107143259_0005_T.JPG,640,512,data/metadata/dji_image_metadata.csv,thermal_profile,EXIF/XMP focal length + focal_length_35mm-derived sensor size,12.0,52.0,35.99392244790114,29.13650161648791,7.79666547283578,6.237332378268624,derived from EXIF/XMP focal_length_35mm and target image aspect,399.28,True,17,23,845273.9326202362,845283.9326202362,822266.525865373,822276.525865373,845278.9326202362,822271.525865373,22.339492321181233,114.26434670245196,10.0,10.0,100.0,False,3,GIC / open space,1.0,,,0.0,high_confidence,"Dominant LUHK land-use assigned by majority overlap between the pilot 10m grid cell and the LUHK 2024 10m raster. This step does not extract thermal temperatures, calculate delta-T, or run prediction. The current pilot stage is thermal-first: outputs are plotted on `_T.JPG` using thermal image geometry and `thermal_profile` assumptions when metadata does not provide FOV or sensor size. Visible `_V.JPG` overlays are deferred. The overlay remains an approximate first-pass visualization using the north-up rectangular footprint assumption.",100.0,"{""31"": 100.0}"
DJI_20260107143259_0005_T__thermal__r017_c024,20260107_Thermal_HKUST/DCIM/DJI_202601071424_001::DJI_20260107143259_0005,DJI_20260107143259_0005_V.JPG,DJI_20260107143259_0005_T.JPG,data/raw/hkust/20260107_Thermal_HKUST/DCIM/DJI_202601071424_001/DJI_20260107143259_0005_V.JPG,data/raw/hkust/20260107_Thermal_HKUST/DCIM/DJI_202601071424_001/DJI_20260107143259_0005_T.JPG,thermal,data/raw/hkust/20260107_Thermal_HKUST/DCIM/DJI_202601071424_001/DJI_20260107143259_0005_T.JPG,640,512,data/metadata/dji_image_metadata.csv,thermal_profile,EXIF/XMP focal length + focal_length_35mm-derived sensor size,12.0,52.0,35.99392244790114,29.13650161648791,7.79666547283578,6.237332378268624,derived from EXIF/XMP focal_length_35mm and target image aspect,399.28,True,17,24,845283.9326202362,845293.9326202362,822266.525865373,822276.525865373,845288.9326202362,822271.525865373,22.339492268720885,114.26444377593221,10.0,10.0,100.0,False,3,GIC / open space,1.0,,,0.0,high_confidence,"Dominant LUHK land-use assigned by majority overlap between the pilot 10m grid cell and the LUHK 2024 10m raster. This step does not extract thermal temperatures, calculate delta-T, or run prediction. The current pilot stage is thermal-first: outputs are plotted on `_T.JPG` using thermal image geometry and `thermal_profile` assumptions when metadata does not provide FOV or sensor size. Visible `_V.JPG` overlays are deferred. The overlay remains an approximate first-pass visualization using the north-up rectangular footprint assumption.",100.0,"{""31"": 100.0}"
DJI_20260107143259_0005_T__thermal__r017_c025,20260107_Thermal_HKUST/DCIM/DJI_202601071424_001::DJI_20260107143259_0005,DJI_20260107143259_0005_V.JPG,DJI_20260107143259_0005_T.JPG,data/raw/hkust/20260107_Thermal_HKUST/DCIM/DJI_202601071424_001/DJI_20260107143259_0005_V.JPG,data/raw/hkust/20260107_Thermal_HKUST/DCIM/DJI_202601071424_001/DJI_20260107143259_0005_T.JPG,thermal,data/raw/hkust/20260107_Thermal_HKUST/DCIM/DJI_202601071424_001/DJI_20260107143259_0005_T.JPG,640,512,data/metadata/dji_image_metadata.csv,thermal_profile,EXIF/XMP focal length + focal_length_35mm-derived sensor size,12.0,52.0,35.99392244790114,29.13650161648791,7.79666547283578,6.237332378268624,derived from EXIF/XMP focal_length_35mm and target image aspect,399.28,True,17,25,845293.9326202362,845303.3536694024,822266.525865373,822276.525865373,845298.6431448193,822271.525865373,22.339492217723482,114.26453803937359,9.421049166237935,10.0,94.21049166237935,True,3,GIC / open space,1.0,,,0.0,high_confidence,"Dominant LUHK land-use assigned by majority overlap between the pilot 10m grid cell and the LUHK 2024 10m raster. This step does not extract thermal temperatures, calculate delta-T, or run prediction. The current pilot stage is thermal-first: outputs are plotted on `_T.JPG` using thermal image geometry and `thermal_profile` assumptions when metadata does not provide FOV or sensor size. Visible `_V.JPG` overlays are deferred. The overlay remains an approximate first-pass visualization using the north-up rectangular footprint assumption.",94.21049166237935,"{""31"": 94.21049166237935}"
DJI_20260107143259_0005_T__thermal__r018_c000,20260107_Thermal_HKUST/DCIM/DJI_202601071424_001::DJI_20260107143259_0005,DJI_20260107143259_0005_V.JPG,DJI_20260107143259_0005_T.JPG,data/raw/hkust/20260107_Thermal_HKUST/DCIM/DJI_202601071424_001/DJI_20260107143259_0005_V.JPG,data/raw/hkust/20260107_Thermal_HKUST/DCIM/DJI_202601071424_001/DJI_20260107143259_0005_T.JPG,thermal,data/raw/hkust/20260107_Thermal_HKUST/DCIM/DJI_202601071424_001/DJI_20260107143259_0005_T.JPG,640,512,data/metadata/dji_image_metadata.csv,thermal_profile,EXIF/XMP focal length + focal_length_35mm-derived sensor size,12.0,52.0,35.99392244790114,29.13650161648791,7.79666547283578,6.237332378268624,derived from EXIF/XMP focal_length_35mm and target image aspect,399.28,True,18,0,845043.9326202362,845053.9326202362,822256.525865373,822266.525865373,845048.9326202362,822261.525865373,22.33940320609276,114.26211395740528,10.0,10.0,100.0,False,7,Woodland / shrubland / grassland / wetland,0.8633754786250815,3.0,GIC / open space,0.1366245213749186,high_confidence,"Dominant LUHK land-use assigned by majority overlap between the pilot 10m grid cell and the LUHK 2024 10m raster. This step does not extract thermal temperatures, calculate delta-T, or run prediction. The current pilot stage is thermal-first: outputs are plotted on `_T.JPG` using thermal image geometry and `thermal_profile` assumptions when metadata does not provide FOV or sensor size. Visible `_V.JPG` overlays are deferred. The overlay remains an approximate first-pass visualization using the north-up rectangular footprint assumption.",100.0,"{""31"": 13.66245213749186, ""71"": 86.33754786250815}"
DJI_20260107143259_0005_T__thermal__r018_c001,20260107_Thermal_HKUST/DCIM/DJI_202601071424_001::DJI_20260107143259_0005,DJI_20260107143259_0005_V.JPG,DJI_20260107143259_0005_T.JPG,data/raw/hkust/20260107_Thermal_HKUST/DCIM/DJI_202601071424_001/DJI_20260107143259_0005_V.JPG,data/raw/hkust/20260107_Thermal_HKUST/DCIM/DJI_202601071424_001/DJI_20260107143259_0005_T.JPG,thermal,data/raw/hkust/20260107_Thermal_HKUST/DCIM/DJI_202601071424_001/DJI_20260107143259_0005_T.JPG,640,512,data/metadata/dji_image_metadata.csv,thermal_profile,EXIF/XMP focal length + focal_length_35mm-derived sensor size,12.0,52.0,35.99392244790114,29.13650161648791,7.79666547283578,6.237332378268624,derived from EXIF/XMP focal_length_35mm and target image aspect,399.28,True,18,1,845053.9326202362,845063.9326202362,822256.525865373,822266.525865373,845058.9326202362,822261.525865373,22.339403154970263,114.2622110308295,10.0,10.0,100.0,False,3,GIC / open space,0.6040509649466425,7.0,Woodland / shrubland / grassland / wetland,0.3959490350533576,medium_confidence,"Dominant LUHK land-use assigned by majority overlap between the pilot 10m grid cell and the LUHK 2024 10m raster. This step does not extract thermal temperatures, calculate delta-T, or run prediction. The current pilot stage is thermal-first: outputs are plotted on `_T.JPG` using thermal image geometry and `thermal_profile` assumptions when metadata does not provide FOV or sensor size. Visible `_V.JPG` overlays are deferred. The overlay remains an approximate first-pass visualization using the north-up rectangular footprint assumption.",100.0,"{""31"": 60.40509649466425, ""71"": 39.59490350533576}"
DJI_20260107143259_0005_T__thermal__r018_c002,20260107_Thermal_HKUST/DCIM/DJI_202601071424_001::DJI_20260107143259_0005,DJI_20260107143259_0005_V.JPG,DJI_20260107143259_0005_T.JPG,data/raw/hkust/20260107_Thermal_HKUST/DCIM/DJI_202601071424_001/DJI_20260107143259_0005_V.JPG,data/raw/hkust/20260107_Thermal_HKUST/DCIM/DJI_202601071424_001/DJI_20260107143259_0005_T.JPG,thermal,data/raw/hkust/20260107_Thermal_HKUST/DCIM/DJI_202601071424_001/DJI_20260107143259_0005_T.JPG,640,512,data/metadata/dji_image_metadata.csv,thermal_profile,EXIF/XMP focal length + focal_length_35mm-derived sensor size,12.0,52.0,35.99392244790114,29.13650161648791,7.79666547283578,6.237332378268624,derived from EXIF/XMP focal_length_35mm and target image aspect,399.28,True,18,2,845063.9326202362,845073.9326202362,822256.525865373,822266.525865373,845068.9326202362,822261.525865373,22.339403103789614,114.26230810425344,10.0,10.0,100.0,False,3,GIC / open space,1.0,,,0.0,high_confidence,"Dominant LUHK land-use assigned by majority overlap between the pilot 10m grid cell and the LUHK 2024 10m raster. This step does not extract thermal temperatures, calculate delta-T, or run prediction. The current pilot stage is thermal-first: outputs are plotted on `_T.JPG` using thermal image geometry and `thermal_profile` assumptions when metadata does not provide FOV or sensor size. Visible `_V.JPG` overlays are deferred. The overlay remains an approximate first-pass visualization using the north-up rectangular footprint assumption.",100.0,"{""31"": 100.0}"
DJI_20260107143259_0005_T__thermal__r018_c003,20260107_Thermal_HKUST/DCIM/DJI_202601071424_001::DJI_20260107143259_0005,DJI_20260107143259_0005_V.JPG,DJI_20260107143259_0005_T.JPG,data/raw/hkust/20260107_Thermal_HKUST/DCIM/DJI_202601071424_001/DJI_20260107143259_0005_V.JPG,data/raw/hkust/20260107_Thermal_HKUST/DCIM/DJI_202601071424_001/DJI_20260107143259_0005_T.JPG,thermal,data/raw/hkust/20260107_Thermal_HKUST/DCIM/DJI_202601071424_001/DJI_20260107143259_0005_T.JPG,640,512,data/metadata/dji_image_metadata.csv,thermal_profile,EXIF/XMP focal length + focal_length_35mm-derived sensor size,12.0,52.0,35.99392244790114,29.13650161648791,7.79666547283578,6.237332378268624,derived from EXIF/XMP focal_length_35mm and target image aspect,399.28,True,18,3,845073.9326202362,845083.9326202362,822256.525865373,822266.525865373,845078.9326202362,822261.525865373,22.3394030525508,114.26240517767708,10.0,10.0,100.0,False,3,GIC / open space,1.0,,,0.0,high_confidence,"Dominant LUHK land-use assigned by majority overlap between the pilot 10m grid cell and the LUHK 2024 10m raster. This step does not extract thermal temperatures, calculate delta-T, or run prediction. The current pilot stage is thermal-first: outputs are plotted on `_T.JPG` using thermal image geometry and `thermal_profile` assumptions when metadata does not provide FOV or sensor size. Visible `_V.JPG` overlays are deferred. The overlay remains an approximate first-pass visualization using the north-up rectangular footprint assumption.",100.0,"{""31"": 100.0}"
DJI_20260107143259_0005_T__thermal__r018_c004,20260107_Thermal_HKUST/DCIM/DJI_202601071424_001::DJI_20260107143259_0005,DJI_20260107143259_0005_V.JPG,DJI_20260107143259_0005_T.JPG,data/raw/hkust/20260107_Thermal_HKUST/DCIM/DJI_202601071424_001/DJI_20260107143259_0005_V.JPG,data/raw/hkust/20260107_Thermal_HKUST/DCIM/DJI_202601071424_001/DJI_20260107143259_0005_T.JPG,thermal,data/raw/hkust/20260107_Thermal_HKUST/DCIM/DJI_202601071424_001/DJI_20260107143259_0005_T.JPG,640,512,data/metadata/dji_image_metadata.csv,thermal_profile,EXIF/XMP focal length + focal_length_35mm-derived sensor size,12.0,52.0,35.99392244790114,29.13650161648791,7.79666547283578,6.237332378268624,derived from EXIF/XMP focal_length_35mm and target image aspect,399.28,True,18,4,845083.9326202362,845093.9326202362,822256.525865373,822266.525865373,845088.9326202362,822261.525865373,22.339403001253835,114.26250225110047,10.0,10.0,100.0,False,3,GIC / open space,1.0,,,0.0,high_confidence,"Dominant LUHK land-use assigned by majority overlap between the pilot 10m grid cell and the LUHK 2024 10m raster. This step does not extract thermal temperatures, calculate delta-T, or run prediction. The current pilot stage is thermal-first: outputs are plotted on `_T.JPG` using thermal image geometry and `thermal_profile` assumptions when metadata does not provide FOV or sensor size. Visible `_V.JPG` overlays are deferred. The overlay remains an approximate first-pass visualization using the north-up rectangular footprint assumption.",100.0,"{""31"": 100.0}"
DJI_20260107143259_0005_T__thermal__r018_c005,20260107_Thermal_HKUST/DCIM/DJI_202601071424_001::DJI_20260107143259_0005,DJI_20260107143259_0005_V.JPG,DJI_20260107143259_0005_T.JPG,data/raw/hkust/20260107_Thermal_HKUST/DCIM/DJI_202601071424_001/DJI_20260107143259_0005_V.JPG,data/raw/hkust/20260107_Thermal_HKUST/DCIM/DJI_202601071424_001/DJI_20260107143259_0005_T.JPG,thermal,data/raw/hkust/20260107_Thermal_HKUST/DCIM/DJI_202601071424_001/DJI_20260107143259_0005_T.JPG,640,512,data/metadata/dji_image_metadata.csv,thermal_profile,EXIF/XMP focal length + focal_length_35mm-derived sensor size,12.0,52.0,35.99392244790114,29.13650161648791,7.79666547283578,6.237332378268624,derived from EXIF/XMP focal_length_35mm and target image aspect,399.28,True,18,5,845093.9326202362,845103.9326202362,822256.525865373,822266.525865373,845098.9326202362,822261.525865373,22.339402949898716,114.26259932452356,10.0,10.0,100.0,False,3,GIC / open space,1.0,,,0.0,high_confidence,"Dominant LUHK land-use assigned by majority overlap between the pilot 10m grid cell and the LUHK 2024 10m raster. This step does not extract thermal temperatures, calculate delta-T, or run prediction. The current pilot stage is thermal-first: outputs are plotted on `_T.JPG` using thermal image geometry and `thermal_profile` assumptions when metadata does not provide FOV or sensor size. Visible `_V.JPG` overlays are deferred. The overlay remains an approximate first-pass visualization using the north-up rectangular footprint assumption.",100.0,"{""31"": 100.0}"
DJI_20260107143259_0005_T__thermal__r018_c006,20260107_Thermal_HKUST/DCIM/DJI_202601071424_001::DJI_20260107143259_0005,DJI_20260107143259_0005_V.JPG,DJI_20260107143259_0005_T.JPG,data/raw/hkust/20260107_Thermal_HKUST/DCIM/DJI_202601071424_001/DJI_20260107143259_0005_V.JPG,data/raw/hkust/20260107_Thermal_HKUST/DCIM/DJI_202601071424_001/DJI_20260107143259_0005_T.JPG,thermal,data/raw/hkust/20260107_Thermal_HKUST/DCIM/DJI_202601071424_001/DJI_20260107143259_0005_T.JPG,640,512,data/metadata/dji_image_metadata.csv,thermal_profile,EXIF/XMP focal length + focal_length_35mm-derived sensor size,12.0,52.0,35.99392244790114,29.13650161648791,7.79666547283578,6.237332378268624,derived from EXIF/XMP focal_length_35mm and target image aspect,399.28,True,18,6,845103.9326202362,845113.9326202362,822256.525865373,822266.525865373,845108.9326202362,822261.525865373,22.33940289848543,114.26269639794637,10.0,10.0,100.0,False,3,GIC / open space,1.0,,,0.0,high_confidence,"Dominant LUHK land-use assigned by majority overlap between the pilot 10m grid cell and the LUHK 2024 10m raster. This step does not extract thermal temperatures, calculate delta-T, or run prediction. The current pilot stage is thermal-first: outputs are plotted on `_T.JPG` using thermal image geometry and `thermal_profile` assumptions when metadata does not provide FOV or sensor size. Visible `_V.JPG` overlays are deferred. The overlay remains an approximate first-pass visualization using the north-up rectangular footprint assumption.",100.0,"{""31"": 100.0}"
DJI_20260107143259_0005_T__thermal__r018_c007,20260107_Thermal_HKUST/DCIM/DJI_202601071424_001::DJI_20260107143259_0005,DJI_20260107143259_0005_V.JPG,DJI_20260107143259_0005_T.JPG,data/raw/hkust/20260107_Thermal_HKUST/DCIM/DJI_202601071424_001/DJI_20260107143259_0005_V.JPG,data/raw/hkust/20260107_Thermal_HKUST/DCIM/DJI_202601071424_001/DJI_20260107143259_0005_T.JPG,thermal,data/raw/hkust/20260107_Thermal_HKUST/DCIM/DJI_202601071424_001/DJI_20260107143259_0005_T.JPG,640,512,data/metadata/dji_image_metadata.csv,thermal_profile,EXIF/XMP focal length + focal_length_35mm-derived sensor size,12.0,52.0,35.99392244790114,29.13650161648791,7.79666547283578,6.237332378268624,derived from EXIF/XMP focal_length_35mm and target image aspect,399.28,True,18,7,845113.9326202362,845123.9326202362,822256.525865373,822266.525865373,845118.9326202362,822261.525865373,22.339402847013996,114.26279347136894,10.0,10.0,100.0,False,3,GIC / open space,1.0,,,0.0,high_confidence,"Dominant LUHK land-use assigned by majority overlap between the pilot 10m grid cell and the LUHK 2024 10m raster. This step does not extract thermal temperatures, calculate delta-T, or run prediction. The current pilot stage is thermal-first: outputs are plotted on `_T.JPG` using thermal image geometry and `thermal_profile` assumptions when metadata does not provide FOV or sensor size. Visible `_V.JPG` overlays are deferred. The overlay remains an approximate first-pass visualization using the north-up rectangular footprint assumption.",100.0,"{""31"": 100.0}"
DJI_20260107143259_0005_T__thermal__r018_c008,20260107_Thermal_HKUST/DCIM/DJI_202601071424_001::DJI_20260107143259_0005,DJI_20260107143259_0005_V.JPG,DJI_20260107143259_0005_T.JPG,data/raw/hkust/20260107_Thermal_HKUST/DCIM/DJI_202601071424_001/DJI_20260107143259_0005_V.JPG,data/raw/hkust/20260107_Thermal_HKUST/DCIM/DJI_202601071424_001/DJI_20260107143259_0005_T.JPG,thermal,data/raw/hkust/20260107_Thermal_HKUST/DCIM/DJI_202601071424_001/DJI_20260107143259_0005_T.JPG,640,512,data/metadata/dji_image_metadata.csv,thermal_profile,EXIF/XMP focal length + focal_length_35mm-derived sensor size,12.0,52.0,35.99392244790114,29.13650161648791,7.79666547283578,6.237332378268624,derived from EXIF/XMP focal_length_35mm and target image aspect,399.28,True,18,8,845123.9326202362,845133.9326202362,822256.525865373,822266.525865373,845128.9326202362,822261.525865373,22.339402795484403,114.26289054479118,10.0,10.0,100.0,False,3,GIC / open space,1.0,,,0.0,high_confidence,"Dominant LUHK land-use assigned by majority overlap between the pilot 10m grid cell and the LUHK 2024 10m raster. This step does not extract thermal temperatures, calculate delta-T, or run prediction. The current pilot stage is thermal-first: outputs are plotted on `_T.JPG` using thermal image geometry and `thermal_profile` assumptions when metadata does not provide FOV or sensor size. Visible `_V.JPG` overlays are deferred. The overlay remains an approximate first-pass visualization using the north-up rectangular footprint assumption.",100.0,"{""31"": 100.0}"
DJI_20260107143259_0005_T__thermal__r018_c009,20260107_Thermal_HKUST/DCIM/DJI_202601071424_001::DJI_20260107143259_0005,DJI_20260107143259_0005_V.JPG,DJI_20260107143259_0005_T.JPG,data/raw/hkust/20260107_Thermal_HKUST/DCIM/DJI_202601071424_001/DJI_20260107143259_0005_V.JPG,data/raw/hkust/20260107_Thermal_HKUST/DCIM/DJI_202601071424_001/DJI_20260107143259_0005_T.JPG,thermal,data/raw/hkust/20260107_Thermal_HKUST/DCIM/DJI_202601071424_001/DJI_20260107143259_0005_T.JPG,640,512,data/metadata/dji_image_metadata.csv,thermal_profile,EXIF/XMP focal length + focal_length_35mm-derived sensor size,12.0,52.0,35.99392244790114,29.13650161648791,7.79666547283578,6.237332378268624,derived from EXIF/XMP focal_length_35mm and target image aspect,399.28,True,18,9,845133.9326202362,845143.9326202362,822256.525865373,822266.525865373,845138.9326202362,822261.525865373,22.339402743896656,114.26298761821316,10.0,10.0,100.0,False,3,GIC / open space,1.0,,,0.0,high_confidence,"Dominant LUHK land-use assigned by majority overlap between the pilot 10m grid cell and the LUHK 2024 10m raster. This step does not extract thermal temperatures, calculate delta-T, or run prediction. The current pilot stage is thermal-first: outputs are plotted on `_T.JPG` using thermal image geometry and `thermal_profile` assumptions when metadata does not provide FOV or sensor size. Visible `_V.JPG` overlays are deferred. The overlay remains an approximate first-pass visualization using the north-up rectangular footprint assumption.",100.0,"{""31"": 100.0}"
DJI_20260107143259_0005_T__thermal__r018_c010,20260107_Thermal_HKUST/DCIM/DJI_202601071424_001::DJI_20260107143259_0005,DJI_20260107143259_0005_V.JPG,DJI_20260107143259_0005_T.JPG,data/raw/hkust/20260107_Thermal_HKUST/DCIM/DJI_202601071424_001/DJI_20260107143259_0005_V.JPG,data/raw/hkust/20260107_Thermal_HKUST/DCIM/DJI_202601071424_001/DJI_20260107143259_0005_T.JPG,thermal,data/raw/hkust/20260107_Thermal_HKUST/DCIM/DJI_202601071424_001/DJI_20260107143259_0005_T.JPG,640,512,data/metadata/dji_image_metadata.csv,thermal_profile,EXIF/XMP focal length + focal_length_35mm-derived sensor size,12.0,52.0,35.99392244790114,29.13650161648791,7.79666547283578,6.237332378268624,derived from EXIF/XMP focal_length_35mm and target image aspect,399.28,True,18,10,845143.9326202362,845153.9326202362,822256.525865373,822266.525865373,845148.9326202362,822261.525865373,22.33940269225074,114.26308469163486,10.0,10.0,100.0,False,3,GIC / open space,1.0,,,0.0,high_confidence,"Dominant LUHK land-use assigned by majority overlap between the pilot 10m grid cell and the LUHK 2024 10m raster. This step does not extract thermal temperatures, calculate delta-T, or run prediction. The current pilot stage is thermal-first: outputs are plotted on `_T.JPG` using thermal image geometry and `thermal_profile` assumptions when metadata does not provide FOV or sensor size. Visible `_V.JPG` overlays are deferred. The overlay remains an approximate first-pass visualization using the north-up rectangular footprint assumption.",100.0,"{""31"": 100.0}"
DJI_20260107143259_0005_T__thermal__r018_c011,20260107_Thermal_HKUST/DCIM/DJI_202601071424_001::DJI_20260107143259_0005,DJI_20260107143259_0005_V.JPG,DJI_20260107143259_0005_T.JPG,data/raw/hkust/20260107_Thermal_HKUST/DCIM/DJI_202601071424_001/DJI_20260107143259_0005_V.JPG,data/raw/hkust/20260107_Thermal_HKUST/DCIM/DJI_202601071424_001/DJI_20260107143259_0005_T.JPG,thermal,data/raw/hkust/20260107_Thermal_HKUST/DCIM/DJI_202601071424_001/DJI_20260107143259_0005_T.JPG,640,512,data/metadata/dji_image_metadata.csv,thermal_profile,EXIF/XMP focal length + focal_length_35mm-derived sensor size,12.0,52.0,35.99392244790114,29.13650161648791,7.79666547283578,6.237332378268624,derived from EXIF/XMP focal_length_35mm and target image aspect,399.28,True,18,11,845153.9326202362,845163.9326202362,822256.525865373,822266.525865373,845158.9326202362,822261.525865373,22.339402640546677,114.2631817650563,10.0,10.0,100.0,False,3,GIC / open space,1.0,,,0.0,high_confidence,"Dominant LUHK land-use assigned by majority overlap between the pilot 10m grid cell and the LUHK 2024 10m raster. This step does not extract thermal temperatures, calculate delta-T, or run prediction. The current pilot stage is thermal-first: outputs are plotted on `_T.JPG` using thermal image geometry and `thermal_profile` assumptions when metadata does not provide FOV or sensor size. Visible `_V.JPG` overlays are deferred. The overlay remains an approximate first-pass visualization using the north-up rectangular footprint assumption.",100.0,"{""31"": 100.0}"
DJI_20260107143259_0005_T__thermal__r018_c012,20260107_Thermal_HKUST/DCIM/DJI_202601071424_001::DJI_20260107143259_0005,DJI_20260107143259_0005_V.JPG,DJI_20260107143259_0005_T.JPG,data/raw/hkust/20260107_Thermal_HKUST/DCIM/DJI_202601071424_001/DJI_20260107143259_0005_V.JPG,data/raw/hkust/20260107_Thermal_HKUST/DCIM/DJI_202601071424_001/DJI_20260107143259_0005_T.JPG,thermal,data/raw/hkust/20260107_Thermal_HKUST/DCIM/DJI_202601071424_001/DJI_20260107143259_0005_T.JPG,640,512,data/metadata/dji_image_metadata.csv,thermal_profile,EXIF/XMP focal length + focal_length_35mm-derived sensor size,12.0,52.0,35.99392244790114,29.13650161648791,7.79666547283578,6.237332378268624,derived from EXIF/XMP focal_length_35mm and target image aspect,399.28,True,18,12,845163.9326202362,845173.9326202362,822256.525865373,822266.525865373,845168.9326202362,822261.525865373,22.33940258878445,114.26327883847742,10.0,10.0,100.0,False,3,GIC / open space,1.0,,,0.0,high_confidence,"Dominant LUHK land-use assigned by majority overlap between the pilot 10m grid cell and the LUHK 2024 10m raster. This step does not extract thermal temperatures, calculate delta-T, or run prediction. The current pilot stage is thermal-first: outputs are plotted on `_T.JPG` using thermal image geometry and `thermal_profile` assumptions when metadata does not provide FOV or sensor size. Visible `_V.JPG` overlays are deferred. The overlay remains an approximate first-pass visualization using the north-up rectangular footprint assumption.",100.0,"{""31"": 100.0}"
DJI_20260107143259_0005_T__thermal__r018_c013,20260107_Thermal_HKUST/DCIM/DJI_202601071424_001::DJI_20260107143259_0005,DJI_20260107143259_0005_V.JPG,DJI_20260107143259_0005_T.JPG,data/raw/hkust/20260107_Thermal_HKUST/DCIM/DJI_202601071424_001/DJI_20260107143259_0005_V.JPG,data/raw/hkust/20260107_Thermal_HKUST/DCIM/DJI_202601071424_001/DJI_20260107143259_0005_T.JPG,thermal,data/raw/hkust/20260107_Thermal_HKUST/DCIM/DJI_202601071424_001/DJI_20260107143259_0005_T.JPG,640,512,data/metadata/dji_image_metadata.csv,thermal_profile,EXIF/XMP focal length + focal_length_35mm-derived sensor size,12.0,52.0,35.99392244790114,29.13650161648791,7.79666547283578,6.237332378268624,derived from EXIF/XMP focal_length_35mm and target image aspect,399.28,True,18,13,845173.9326202362,845183.9326202362,822256.525865373,822266.525865373,845178.9326202362,822261.525865373,22.339402536964066,114.26337591189828,10.0,10.0,100.0,False,3,GIC / open space,1.0,,,0.0,high_confidence,"Dominant LUHK land-use assigned by majority overlap between the pilot 10m grid cell and the LUHK 2024 10m raster. This step does not extract thermal temperatures, calculate delta-T, or run prediction. The current pilot stage is thermal-first: outputs are plotted on `_T.JPG` using thermal image geometry and `thermal_profile` assumptions when metadata does not provide FOV or sensor size. Visible `_V.JPG` overlays are deferred. The overlay remains an approximate first-pass visualization using the north-up rectangular footprint assumption.",100.0,"{""31"": 100.0}"
DJI_20260107143259_0005_T__thermal__r018_c014,20260107_Thermal_HKUST/DCIM/DJI_202601071424_001::DJI_20260107143259_0005,DJI_20260107143259_0005_V.JPG,DJI_20260107143259_0005_T.JPG,data/raw/hkust/20260107_Thermal_HKUST/DCIM/DJI_202601071424_001/DJI_20260107143259_0005_V.JPG,data/raw/hkust/20260107_Thermal_HKUST/DCIM/DJI_202601071424_001/DJI_20260107143259_0005_T.JPG,thermal,data/raw/hkust/20260107_Thermal_HKUST/DCIM/DJI_202601071424_001/DJI_20260107143259_0005_T.JPG,640,512,data/metadata/dji_image_metadata.csv,thermal_profile,EXIF/XMP focal length + focal_length_35mm-derived sensor size,12.0,52.0,35.99392244790114,29.13650161648791,7.79666547283578,6.237332378268624,derived from EXIF/XMP focal_length_35mm and target image aspect,399.28,True,18,14,845183.9326202362,845193.9326202362,822256.525865373,822266.525865373,845188.9326202362,822261.525865373,22.339402485085536,114.26347298531886,10.0,10.0,100.0,False,3,GIC / open space,1.0,,,0.0,high_confidence,"Dominant LUHK land-use assigned by majority overlap between the pilot 10m grid cell and the LUHK 2024 10m raster. This step does not extract thermal temperatures, calculate delta-T, or run prediction. The current pilot stage is thermal-first: outputs are plotted on `_T.JPG` using thermal image geometry and `thermal_profile` assumptions when metadata does not provide FOV or sensor size. Visible `_V.JPG` overlays are deferred. The overlay remains an approximate first-pass visualization using the north-up rectangular footprint assumption.",100.0,"{""31"": 100.0}"
DJI_20260107143259_0005_T__thermal__r018_c015,20260107_Thermal_HKUST/DCIM/DJI_202601071424_001::DJI_20260107143259_0005,DJI_20260107143259_0005_V.JPG,DJI_20260107143259_0005_T.JPG,data/raw/hkust/20260107_Thermal_HKUST/DCIM/DJI_202601071424_001/DJI_20260107143259_0005_V.JPG,data/raw/hkust/20260107_Thermal_HKUST/DCIM/DJI_202601071424_001/DJI_20260107143259_0005_T.JPG,thermal,data/raw/hkust/20260107_Thermal_HKUST/DCIM/DJI_202601071424_001/DJI_20260107143259_0005_T.JPG,640,512,data/metadata/dji_image_metadata.csv,thermal_profile,EXIF/XMP focal length + focal_length_35mm-derived sensor size,12.0,52.0,35.99392244790114,29.13650161648791,7.79666547283578,6.237332378268624,derived from EXIF/XMP focal_length_35mm and target image aspect,399.28,True,18,15,845193.9326202362,845203.9326202362,822256.525865373,822266.525865373,845198.9326202362,822261.525865373,22.33940243314883,114.26357005873915,10.0,10.0,100.0,False,3,GIC / open space,1.0,,,0.0,high_confidence,"Dominant LUHK land-use assigned by majority overlap between the pilot 10m grid cell and the LUHK 2024 10m raster. This step does not extract thermal temperatures, calculate delta-T, or run prediction. The current pilot stage is thermal-first: outputs are plotted on `_T.JPG` using thermal image geometry and `thermal_profile` assumptions when metadata does not provide FOV or sensor size. Visible `_V.JPG` overlays are deferred. The overlay remains an approximate first-pass visualization using the north-up rectangular footprint assumption.",100.0,"{""31"": 100.0}"
DJI_20260107143259_0005_T__thermal__r018_c016,20260107_Thermal_HKUST/DCIM/DJI_202601071424_001::DJI_20260107143259_0005,DJI_20260107143259_0005_V.JPG,DJI_20260107143259_0005_T.JPG,data/raw/hkust/20260107_Thermal_HKUST/DCIM/DJI_202601071424_001/DJI_20260107143259_0005_V.JPG,data/raw/hkust/20260107_Thermal_HKUST/DCIM/DJI_202601071424_001/DJI_20260107143259_0005_T.JPG,thermal,data/raw/hkust/20260107_Thermal_HKUST/DCIM/DJI_202601071424_001/DJI_20260107143259_0005_T.JPG,640,512,data/metadata/dji_image_metadata.csv,thermal_profile,EXIF/XMP focal length + focal_length_35mm-derived sensor size,12.0,52.0,35.99392244790114,29.13650161648791,7.79666547283578,6.237332378268624,derived from EXIF/XMP focal_length_35mm and target image aspect,399.28,True,18,16,845203.9326202362,845213.9326202362,822256.525865373,822266.525865373,845208.9326202362,822261.525865373,22.339402381153977,114.26366713215917,10.0,10.0,100.0,False,3,GIC / open space,1.0,,,0.0,high_confidence,"Dominant LUHK land-use assigned by majority overlap between the pilot 10m grid cell and the LUHK 2024 10m raster. This step does not extract thermal temperatures, calculate delta-T, or run prediction. The current pilot stage is thermal-first: outputs are plotted on `_T.JPG` using thermal image geometry and `thermal_profile` assumptions when metadata does not provide FOV or sensor size. Visible `_V.JPG` overlays are deferred. The overlay remains an approximate first-pass visualization using the north-up rectangular footprint assumption.",100.0,"{""31"": 100.0}"
DJI_20260107143259_0005_T__thermal__r018_c017,20260107_Thermal_HKUST/DCIM/DJI_202601071424_001::DJI_20260107143259_0005,DJI_20260107143259_0005_V.JPG,DJI_20260107143259_0005_T.JPG,data/raw/hkust/20260107_Thermal_HKUST/DCIM/DJI_202601071424_001/DJI_20260107143259_0005_V.JPG,data/raw/hkust/20260107_Thermal_HKUST/DCIM/DJI_202601071424_001/DJI_20260107143259_0005_T.JPG,thermal,data/raw/hkust/20260107_Thermal_HKUST/DCIM/DJI_202601071424_001/DJI_20260107143259_0005_T.JPG,640,512,data/metadata/dji_image_metadata.csv,thermal_profile,EXIF/XMP focal length + focal_length_35mm-derived sensor size,12.0,52.0,35.99392244790114,29.13650161648791,7.79666547283578,6.237332378268624,derived from EXIF/XMP focal_length_35mm and target image aspect,399.28,True,18,17,845213.9326202362,845223.9326202362,822256.525865373,822266.525865373,845218.9326202362,822261.525865373,22.339402329100963,114.26376420557891,10.0,10.0,100.0,False,3,GIC / open space,1.0,,,0.0,high_confidence,"Dominant LUHK land-use assigned by majority overlap between the pilot 10m grid cell and the LUHK 2024 10m raster. This step does not extract thermal temperatures, calculate delta-T, or run prediction. The current pilot stage is thermal-first: outputs are plotted on `_T.JPG` using thermal image geometry and `thermal_profile` assumptions when metadata does not provide FOV or sensor size. Visible `_V.JPG` overlays are deferred. The overlay remains an approximate first-pass visualization using the north-up rectangular footprint assumption.",100.0,"{""31"": 100.0}"
DJI_20260107143259_0005_T__thermal__r018_c018,20260107_Thermal_HKUST/DCIM/DJI_202601071424_001::DJI_20260107143259_0005,DJI_20260107143259_0005_V.JPG,DJI_20260107143259_0005_T.JPG,data/raw/hkust/20260107_Thermal_HKUST/DCIM/DJI_202601071424_001/DJI_20260107143259_0005_V.JPG,data/raw/hkust/20260107_Thermal_HKUST/DCIM/DJI_202601071424_001/DJI_20260107143259_0005_T.JPG,thermal,data/raw/hkust/20260107_Thermal_HKUST/DCIM/DJI_202601071424_001/DJI_20260107143259_0005_T.JPG,640,512,data/metadata/dji_image_metadata.csv,thermal_profile,EXIF/XMP focal length + focal_length_35mm-derived sensor size,12.0,52.0,35.99392244790114,29.13650161648791,7.79666547283578,6.237332378268624,derived from EXIF/XMP focal_length_35mm and target image aspect,399.28,True,18,18,845223.9326202362,845233.9326202362,822256.525865373,822266.525865373,845228.9326202362,822261.525865373,22.339402276989805,114.26386127899836,10.0,10.0,100.0,False,3,GIC / open space,1.0,,,0.0,high_confidence,"Dominant LUHK land-use assigned by majority overlap between the pilot 10m grid cell and the LUHK 2024 10m raster. This step does not extract thermal temperatures, calculate delta-T, or run prediction. The current pilot stage is thermal-first: outputs are plotted on `_T.JPG` using thermal image geometry and `thermal_profile` assumptions when metadata does not provide FOV or sensor size. Visible `_V.JPG` overlays are deferred. The overlay remains an approximate first-pass visualization using the north-up rectangular footprint assumption.",100.0,"{""31"": 100.0}"
DJI_20260107143259_0005_T__thermal__r018_c019,20260107_Thermal_HKUST/DCIM/DJI_202601071424_001::DJI_20260107143259_0005,DJI_20260107143259_0005_V.JPG,DJI_20260107143259_0005_T.JPG,data/raw/hkust/20260107_Thermal_HKUST/DCIM/DJI_202601071424_001/DJI_20260107143259_0005_V.JPG,data/raw/hkust/20260107_Thermal_HKUST/DCIM/DJI_202601071424_001/DJI_20260107143259_0005_T.JPG,thermal,data/raw/hkust/20260107_Thermal_HKUST/DCIM/DJI_202601071424_001/DJI_20260107143259_0005_T.JPG,640,512,data/metadata/dji_image_metadata.csv,thermal_profile,EXIF/XMP focal length + focal_length_35mm-derived sensor size,12.0,52.0,35.99392244790114,29.13650161648791,7.79666547283578,6.237332378268624,derived from EXIF/XMP focal_length_35mm and target image aspect,399.28,True,18,19,845233.9326202362,845243.9326202362,822256.525865373,822266.525865373,845238.9326202362,822261.525865373,22.339402224820475,114.2639583524175,10.0,10.0,100.0,False,3,GIC / open space,1.0,,,0.0,high_confidence,"Dominant LUHK land-use assigned by majority overlap between the pilot 10m grid cell and the LUHK 2024 10m raster. This step does not extract thermal temperatures, calculate delta-T, or run prediction. The current pilot stage is thermal-first: outputs are plotted on `_T.JPG` using thermal image geometry and `thermal_profile` assumptions when metadata does not provide FOV or sensor size. Visible `_V.JPG` overlays are deferred. The overlay remains an approximate first-pass visualization using the north-up rectangular footprint assumption.",100.0,"{""31"": 100.0}"
DJI_20260107143259_0005_T__thermal__r018_c020,20260107_Thermal_HKUST/DCIM/DJI_202601071424_001::DJI_20260107143259_0005,DJI_20260107143259_0005_V.JPG,DJI_20260107143259_0005_T.JPG,data/raw/hkust/20260107_Thermal_HKUST/DCIM/DJI_202601071424_001/DJI_20260107143259_0005_V.JPG,data/raw/hkust/20260107_Thermal_HKUST/DCIM/DJI_202601071424_001/DJI_20260107143259_0005_T.JPG,thermal,data/raw/hkust/20260107_Thermal_HKUST/DCIM/DJI_202601071424_001/DJI_20260107143259_0005_T.JPG,640,512,data/metadata/dji_image_metadata.csv,thermal_profile,EXIF/XMP focal length + focal_length_35mm-derived sensor size,12.0,52.0,35.99392244790114,29.13650161648791,7.79666547283578,6.237332378268624,derived from EXIF/XMP focal_length_35mm and target image aspect,399.28,True,18,20,845243.9326202362,845253.9326202362,822256.525865373,822266.525865373,845248.9326202362,822261.525865373,22.339402172592987,114.26405542583639,10.0,10.0,100.0,False,3,GIC / open space,1.0,,,0.0,high_confidence,"Dominant LUHK land-use assigned by majority overlap between the pilot 10m grid cell and the LUHK 2024 10m raster. This step does not extract thermal temperatures, calculate delta-T, or run prediction. The current pilot stage is thermal-first: outputs are plotted on `_T.JPG` using thermal image geometry and `thermal_profile` assumptions when metadata does not provide FOV or sensor size. Visible `_V.JPG` overlays are deferred. The overlay remains an approximate first-pass visualization using the north-up rectangular footprint assumption.",100.0,"{""31"": 100.0}"
DJI_20260107143259_0005_T__thermal__r018_c021,20260107_Thermal_HKUST/DCIM/DJI_202601071424_001::DJI_20260107143259_0005,DJI_20260107143259_0005_V.JPG,DJI_20260107143259_0005_T.JPG,data/raw/hkust/20260107_Thermal_HKUST/DCIM/DJI_202601071424_001/DJI_20260107143259_0005_V.JPG,data/raw/hkust/20260107_Thermal_HKUST/DCIM/DJI_202601071424_001/DJI_20260107143259_0005_T.JPG,thermal,data/raw/hkust/20260107_Thermal_HKUST/DCIM/DJI_202601071424_001/DJI_20260107143259_0005_T.JPG,640,512,data/metadata/dji_image_metadata.csv,thermal_profile,EXIF/XMP focal length + focal_length_35mm-derived sensor size,12.0,52.0,35.99392244790114,29.13650161648791,7.79666547283578,6.237332378268624,derived from EXIF/XMP focal_length_35mm and target image aspect,399.28,True,18,21,845253.9326202362,845263.9326202362,822256.525865373,822266.525865373,845258.9326202362,822261.525865373,22.33940212030736,114.264152499255,10.0,10.0,100.0,False,3,GIC / open space,1.0,,,0.0,high_confidence,"Dominant LUHK land-use assigned by majority overlap between the pilot 10m grid cell and the LUHK 2024 10m raster. This step does not extract thermal temperatures, calculate delta-T, or run prediction. The current pilot stage is thermal-first: outputs are plotted on `_T.JPG` using thermal image geometry and `thermal_profile` assumptions when metadata does not provide FOV or sensor size. Visible `_V.JPG` overlays are deferred. The overlay remains an approximate first-pass visualization using the north-up rectangular footprint assumption.",100.0,"{""31"": 100.0}"
DJI_20260107143259_0005_T__thermal__r018_c022,20260107_Thermal_HKUST/DCIM/DJI_202601071424_001::DJI_20260107143259_0005,DJI_20260107143259_0005_V.JPG,DJI_20260107143259_0005_T.JPG,data/raw/hkust/20260107_Thermal_HKUST/DCIM/DJI_202601071424_001/DJI_20260107143259_0005_V.JPG,data/raw/hkust/20260107_Thermal_HKUST/DCIM/DJI_202601071424_001/DJI_20260107143259_0005_T.JPG,thermal,data/raw/hkust/20260107_Thermal_HKUST/DCIM/DJI_202601071424_001/DJI_20260107143259_0005_T.JPG,640,512,data/metadata/dji_image_metadata.csv,thermal_profile,EXIF/XMP focal length + focal_length_35mm-derived sensor size,12.0,52.0,35.99392244790114,29.13650161648791,7.79666547283578,6.237332378268624,derived from EXIF/XMP focal_length_35mm and target image aspect,399.28,True,18,22,845263.9326202362,845273.9326202362,822256.525865373,822266.525865373,845268.9326202362,822261.525865373,22.33940206796355,114.2642495726733,10.0,10.0,100.0,False,3,GIC / open space,1.0,,,0.0,high_confidence,"Dominant LUHK land-use assigned by majority overlap between the pilot 10m grid cell and the LUHK 2024 10m raster. This step does not extract thermal temperatures, calculate delta-T, or run prediction. The current pilot stage is thermal-first: outputs are plotted on `_T.JPG` using thermal image geometry and `thermal_profile` assumptions when metadata does not provide FOV or sensor size. Visible `_V.JPG` overlays are deferred. The overlay remains an approximate first-pass visualization using the north-up rectangular footprint assumption.",100.0,"{""31"": 100.0}"
DJI_20260107143259_0005_T__thermal__r018_c023,20260107_Thermal_HKUST/DCIM/DJI_202601071424_001::DJI_20260107143259_0005,DJI_20260107143259_0005_V.JPG,DJI_20260107143259_0005_T.JPG,data/raw/hkust/20260107_Thermal_HKUST/DCIM/DJI_202601071424_001/DJI_20260107143259_0005_V.JPG,data/raw/hkust/20260107_Thermal_HKUST/DCIM/DJI_202601071424_001/DJI_20260107143259_0005_T.JPG,thermal,data/raw/hkust/20260107_Thermal_HKUST/DCIM/DJI_202601071424_001/DJI_20260107143259_0005_T.JPG,640,512,data/metadata/dji_image_metadata.csv,thermal_profile,EXIF/XMP focal length + focal_length_35mm-derived sensor size,12.0,52.0,35.99392244790114,29.13650161648791,7.79666547283578,6.237332378268624,derived from EXIF/XMP focal_length_35mm and target image aspect,399.28,True,18,23,845273.9326202362,845283.9326202362,822256.525865373,822266.525865373,845278.9326202362,822261.525865373,22.339402015561596,114.26434664609134,10.0,10.0,100.0,False,3,GIC / open space,1.0,,,0.0,high_confidence,"Dominant LUHK land-use assigned by majority overlap between the pilot 10m grid cell and the LUHK 2024 10m raster. This step does not extract thermal temperatures, calculate delta-T, or run prediction. The current pilot stage is thermal-first: outputs are plotted on `_T.JPG` using thermal image geometry and `thermal_profile` assumptions when metadata does not provide FOV or sensor size. Visible `_V.JPG` overlays are deferred. The overlay remains an approximate first-pass visualization using the north-up rectangular footprint assumption.",100.0,"{""31"": 100.0}"
DJI_20260107143259_0005_T__thermal__r018_c024,20260107_Thermal_HKUST/DCIM/DJI_202601071424_001::DJI_20260107143259_0005,DJI_20260107143259_0005_V.JPG,DJI_20260107143259_0005_T.JPG,data/raw/hkust/20260107_Thermal_HKUST/DCIM/DJI_202601071424_001/DJI_20260107143259_0005_V.JPG,data/raw/hkust/20260107_Thermal_HKUST/DCIM/DJI_202601071424_001/DJI_20260107143259_0005_T.JPG,thermal,data/raw/hkust/20260107_Thermal_HKUST/DCIM/DJI_202601071424_001/DJI_20260107143259_0005_T.JPG,640,512,data/metadata/dji_image_metadata.csv,thermal_profile,EXIF/XMP focal length + focal_length_35mm-derived sensor size,12.0,52.0,35.99392244790114,29.13650161648791,7.79666547283578,6.237332378268624,derived from EXIF/XMP focal_length_35mm and target image aspect,399.28,True,18,24,845283.9326202362,845293.9326202362,822256.525865373,822266.525865373,845288.9326202362,822261.525865373,22.339401963101484,114.26444371950906,10.0,10.0,100.0,False,3,GIC / open space,1.0,,,0.0,high_confidence,"Dominant LUHK land-use assigned by majority overlap between the pilot 10m grid cell and the LUHK 2024 10m raster. This step does not extract thermal temperatures, calculate delta-T, or run prediction. The current pilot stage is thermal-first: outputs are plotted on `_T.JPG` using thermal image geometry and `thermal_profile` assumptions when metadata does not provide FOV or sensor size. Visible `_V.JPG` overlays are deferred. The overlay remains an approximate first-pass visualization using the north-up rectangular footprint assumption.",100.0,"{""31"": 100.0}"
DJI_20260107143259_0005_T__thermal__r018_c025,20260107_Thermal_HKUST/DCIM/DJI_202601071424_001::DJI_20260107143259_0005,DJI_20260107143259_0005_V.JPG,DJI_20260107143259_0005_T.JPG,data/raw/hkust/20260107_Thermal_HKUST/DCIM/DJI_202601071424_001/DJI_20260107143259_0005_V.JPG,data/raw/hkust/20260107_Thermal_HKUST/DCIM/DJI_202601071424_001/DJI_20260107143259_0005_T.JPG,thermal,data/raw/hkust/20260107_Thermal_HKUST/DCIM/DJI_202601071424_001/DJI_20260107143259_0005_T.JPG,640,512,data/metadata/dji_image_metadata.csv,thermal_profile,EXIF/XMP focal length + focal_length_35mm-derived sensor size,12.0,52.0,35.99392244790114,29.13650161648791,7.79666547283578,6.237332378268624,derived from EXIF/XMP focal_length_35mm and target image aspect,399.28,True,18,25,845293.9326202362,845303.3536694024,822256.525865373,822266.525865373,845298.6431448193,822261.525865373,22.33940191210431,114.26453798288975,9.421049166237935,10.0,94.21049166237935,True,3,GIC / open space,1.0,,,0.0,high_confidence,"Dominant LUHK land-use assigned by majority overlap between the pilot 10m grid cell and the LUHK 2024 10m raster. This step does not extract thermal temperatures, calculate delta-T, or run prediction. The current pilot stage is thermal-first: outputs are plotted on `_T.JPG` using thermal image geometry and `thermal_profile` assumptions when metadata does not provide FOV or sensor size. Visible `_V.JPG` overlays are deferred. The overlay remains an approximate first-pass visualization using the north-up rectangular footprint assumption.",94.21049166237935,"{""31"": 94.21049166237935}"
DJI_20260107143259_0005_T__thermal__r019_c000,20260107_Thermal_HKUST/DCIM/DJI_202601071424_001::DJI_20260107143259_0005,DJI_20260107143259_0005_V.JPG,DJI_20260107143259_0005_T.JPG,data/raw/hkust/20260107_Thermal_HKUST/DCIM/DJI_202601071424_001/DJI_20260107143259_0005_V.JPG,data/raw/hkust/20260107_Thermal_HKUST/DCIM/DJI_202601071424_001/DJI_20260107143259_0005_T.JPG,thermal,data/raw/hkust/20260107_Thermal_HKUST/DCIM/DJI_202601071424_001/DJI_20260107143259_0005_T.JPG,640,512,data/metadata/dji_image_metadata.csv,thermal_profile,EXIF/XMP focal length + focal_length_35mm-derived sensor size,12.0,52.0,35.99392244790114,29.13650161648791,7.79666547283578,6.237332378268624,derived from EXIF/XMP focal_length_35mm and target image aspect,399.28,True,19,0,845043.9326202362,845053.9326202362,822246.525865373,822256.525865373,845048.9326202362,822251.525865373,22.339312900466886,114.26211390248281,10.0,10.0,100.0,False,7,Woodland / shrubland / grassland / wetland,0.6067379763815552,3.0,GIC / open space,0.3932620236184448,medium_confidence,"Dominant LUHK land-use assigned by majority overlap between the pilot 10m grid cell and the LUHK 2024 10m raster. This step does not extract thermal temperatures, calculate delta-T, or run prediction. The current pilot stage is thermal-first: outputs are plotted on `_T.JPG` using thermal image geometry and `thermal_profile` assumptions when metadata does not provide FOV or sensor size. Visible `_V.JPG` overlays are deferred. The overlay remains an approximate first-pass visualization using the north-up rectangular footprint assumption.",100.0,"{""31"": 39.32620236184448, ""71"": 60.67379763815552}"
DJI_20260107143259_0005_T__thermal__r019_c001,20260107_Thermal_HKUST/DCIM/DJI_202601071424_001::DJI_20260107143259_0005,DJI_20260107143259_0005_V.JPG,DJI_20260107143259_0005_T.JPG,data/raw/hkust/20260107_Thermal_HKUST/DCIM/DJI_202601071424_001/DJI_20260107143259_0005_V.JPG,data/raw/hkust/20260107_Thermal_HKUST/DCIM/DJI_202601071424_001/DJI_20260107143259_0005_T.JPG,thermal,data/raw/hkust/20260107_Thermal_HKUST/DCIM/DJI_202601071424_001/DJI_20260107143259_0005_T.JPG,640,512,data/metadata/dji_image_metadata.csv,thermal_profile,EXIF/XMP focal length + focal_length_35mm-derived sensor size,12.0,52.0,35.99392244790114,29.13650161648791,7.79666547283578,6.237332378268624,derived from EXIF/XMP focal_length_35mm and target image aspect,399.28,True,19,1,845053.9326202362,845063.9326202362,822246.525865373,822256.525865373,845058.9326202362,822251.525865373,22.339312849344623,114.26221097584451,10.0,10.0,100.0,False,3,GIC / open space,1.0,,,0.0,high_confidence,"Dominant LUHK land-use assigned by majority overlap between the pilot 10m grid cell and the LUHK 2024 10m raster. This step does not extract thermal temperatures, calculate delta-T, or run prediction. The current pilot stage is thermal-first: outputs are plotted on `_T.JPG` using thermal image geometry and `thermal_profile` assumptions when metadata does not provide FOV or sensor size. Visible `_V.JPG` overlays are deferred. The overlay remains an approximate first-pass visualization using the north-up rectangular footprint assumption.",100.0,"{""31"": 100.0}"
DJI_20260107143259_0005_T__thermal__r019_c002,20260107_Thermal_HKUST/DCIM/DJI_202601071424_001::DJI_20260107143259_0005,DJI_20260107143259_0005_V.JPG,DJI_20260107143259_0005_T.JPG,data/raw/hkust/20260107_Thermal_HKUST/DCIM/DJI_202601071424_001/DJI_20260107143259_0005_V.JPG,data/raw/hkust/20260107_Thermal_HKUST/DCIM/DJI_202601071424_001/DJI_20260107143259_0005_T.JPG,thermal,data/raw/hkust/20260107_Thermal_HKUST/DCIM/DJI_202601071424_001/DJI_20260107143259_0005_T.JPG,640,512,data/metadata/dji_image_metadata.csv,thermal_profile,EXIF/XMP focal length + focal_length_35mm-derived sensor size,12.0,52.0,35.99392244790114,29.13650161648791,7.79666547283578,6.237332378268624,derived from EXIF/XMP focal_length_35mm and target image aspect,399.28,True,19,2,845063.9326202362,845073.9326202362,822246.525865373,822256.525865373,845068.9326202362,822251.525865373,22.33931279816419,114.26230804920593,10.0,10.0,100.0,False,3,GIC / open space,1.0,,,0.0,high_confidence,"Dominant LUHK land-use assigned by majority overlap between the pilot 10m grid cell and the LUHK 2024 10m raster. This step does not extract thermal temperatures, calculate delta-T, or run prediction. The current pilot stage is thermal-first: outputs are plotted on `_T.JPG` using thermal image geometry and `thermal_profile` assumptions when metadata does not provide FOV or sensor size. Visible `_V.JPG` overlays are deferred. The overlay remains an approximate first-pass visualization using the north-up rectangular footprint assumption.",100.0,"{""31"": 100.0}"
DJI_20260107143259_0005_T__thermal__r019_c003,20260107_Thermal_HKUST/DCIM/DJI_202601071424_001::DJI_20260107143259_0005,DJI_20260107143259_0005_V.JPG,DJI_20260107143259_0005_T.JPG,data/raw/hkust/20260107_Thermal_HKUST/DCIM/DJI_202601071424_001/DJI_20260107143259_0005_V.JPG,data/raw/hkust/20260107_Thermal_HKUST/DCIM/DJI_202601071424_001/DJI_20260107143259_0005_T.JPG,thermal,data/raw/hkust/20260107_Thermal_HKUST/DCIM/DJI_202601071424_001/DJI_20260107143259_0005_T.JPG,640,512,data/metadata/dji_image_metadata.csv,thermal_profile,EXIF/XMP focal length + focal_length_35mm-derived sensor size,12.0,52.0,35.99392244790114,29.13650161648791,7.79666547283578,6.237332378268624,derived from EXIF/XMP focal_length_35mm and target image aspect,399.28,True,19,3,845073.9326202362,845083.9326202362,822246.525865373,822256.525865373,845078.9326202362,822251.525865373,22.33931274692561,114.26240512256706,10.0,10.0,100.0,False,3,GIC / open space,1.0,,,0.0,high_confidence,"Dominant LUHK land-use assigned by majority overlap between the pilot 10m grid cell and the LUHK 2024 10m raster. This step does not extract thermal temperatures, calculate delta-T, or run prediction. The current pilot stage is thermal-first: outputs are plotted on `_T.JPG` using thermal image geometry and `thermal_profile` assumptions when metadata does not provide FOV or sensor size. Visible `_V.JPG` overlays are deferred. The overlay remains an approximate first-pass visualization using the north-up rectangular footprint assumption.",100.0,"{""31"": 100.0}"
DJI_20260107143259_0005_T__thermal__r019_c004,20260107_Thermal_HKUST/DCIM/DJI_202601071424_001::DJI_20260107143259_0005,DJI_20260107143259_0005_V.JPG,DJI_20260107143259_0005_T.JPG,data/raw/hkust/20260107_Thermal_HKUST/DCIM/DJI_202601071424_001/DJI_20260107143259_0005_V.JPG,data/raw/hkust/20260107_Thermal_HKUST/DCIM/DJI_202601071424_001/DJI_20260107143259_0005_T.JPG,thermal,data/raw/hkust/20260107_Thermal_HKUST/DCIM/DJI_202601071424_001/DJI_20260107143259_0005_T.JPG,640,512,data/metadata/dji_image_metadata.csv,thermal_profile,EXIF/XMP focal length + focal_length_35mm-derived sensor size,12.0,52.0,35.99392244790114,29.13650161648791,7.79666547283578,6.237332378268624,derived from EXIF/XMP focal_length_35mm and target image aspect,399.28,True,19,4,845083.9326202362,845093.9326202362,822246.525865373,822256.525865373,845088.9326202362,822251.525865373,22.339312695628877,114.26250219592792,10.0,10.0,100.0,False,3,GIC / open space,1.0,,,0.0,high_confidence,"Dominant LUHK land-use assigned by majority overlap between the pilot 10m grid cell and the LUHK 2024 10m raster. This step does not extract thermal temperatures, calculate delta-T, or run prediction. The current pilot stage is thermal-first: outputs are plotted on `_T.JPG` using thermal image geometry and `thermal_profile` assumptions when metadata does not provide FOV or sensor size. Visible `_V.JPG` overlays are deferred. The overlay remains an approximate first-pass visualization using the north-up rectangular footprint assumption.",100.0,"{""31"": 100.0}"
DJI_20260107143259_0005_T__thermal__r019_c005,20260107_Thermal_HKUST/DCIM/DJI_202601071424_001::DJI_20260107143259_0005,DJI_20260107143259_0005_V.JPG,DJI_20260107143259_0005_T.JPG,data/raw/hkust/20260107_Thermal_HKUST/DCIM/DJI_202601071424_001/DJI_20260107143259_0005_V.JPG,data/raw/hkust/20260107_Thermal_HKUST/DCIM/DJI_202601071424_001/DJI_20260107143259_0005_T.JPG,thermal,data/raw/hkust/20260107_Thermal_HKUST/DCIM/DJI_202601071424_001/DJI_20260107143259_0005_T.JPG,640,512,data/metadata/dji_image_metadata.csv,thermal_profile,EXIF/XMP focal length + focal_length_35mm-derived sensor size,12.0,52.0,35.99392244790114,29.13650161648791,7.79666547283578,6.237332378268624,derived from EXIF/XMP focal_length_35mm and target image aspect,399.28,True,19,5,845093.9326202362,845103.9326202362,822246.525865373,822256.525865373,845098.9326202362,822251.525865373,22.33931264427397,114.26259926928851,10.0,10.0,100.0,False,3,GIC / open space,1.0,,,0.0,high_confidence,"Dominant LUHK land-use assigned by majority overlap between the pilot 10m grid cell and the LUHK 2024 10m raster. This step does not extract thermal temperatures, calculate delta-T, or run prediction. The current pilot stage is thermal-first: outputs are plotted on `_T.JPG` using thermal image geometry and `thermal_profile` assumptions when metadata does not provide FOV or sensor size. Visible `_V.JPG` overlays are deferred. The overlay remains an approximate first-pass visualization using the north-up rectangular footprint assumption.",100.0,"{""31"": 100.0}"
DJI_20260107143259_0005_T__thermal__r019_c006,20260107_Thermal_HKUST/DCIM/DJI_202601071424_001::DJI_20260107143259_0005,DJI_20260107143259_0005_V.JPG,DJI_20260107143259_0005_T.JPG,data/raw/hkust/20260107_Thermal_HKUST/DCIM/DJI_202601071424_001/DJI_20260107143259_0005_V.JPG,data/raw/hkust/20260107_Thermal_HKUST/DCIM/DJI_202601071424_001/DJI_20260107143259_0005_T.JPG,thermal,data/raw/hkust/20260107_Thermal_HKUST/DCIM/DJI_202601071424_001/DJI_20260107143259_0005_T.JPG,640,512,data/metadata/dji_image_metadata.csv,thermal_profile,EXIF/XMP focal length + focal_length_35mm-derived sensor size,12.0,52.0,35.99392244790114,29.13650161648791,7.79666547283578,6.237332378268624,derived from EXIF/XMP focal_length_35mm and target image aspect,399.28,True,19,6,845103.9326202362,845113.9326202362,822246.525865373,822256.525865373,845108.9326202362,822251.525865373,22.33931259286092,114.26269634264882,10.0,10.0,100.0,False,3,GIC / open space,1.0,,,0.0,high_confidence,"Dominant LUHK land-use assigned by majority overlap between the pilot 10m grid cell and the LUHK 2024 10m raster. This step does not extract thermal temperatures, calculate delta-T, or run prediction. The current pilot stage is thermal-first: outputs are plotted on `_T.JPG` using thermal image geometry and `thermal_profile` assumptions when metadata does not provide FOV or sensor size. Visible `_V.JPG` overlays are deferred. The overlay remains an approximate first-pass visualization using the north-up rectangular footprint assumption.",100.0,"{""31"": 100.0}"
DJI_20260107143259_0005_T__thermal__r019_c007,20260107_Thermal_HKUST/DCIM/DJI_202601071424_001::DJI_20260107143259_0005,DJI_20260107143259_0005_V.JPG,DJI_20260107143259_0005_T.JPG,data/raw/hkust/20260107_Thermal_HKUST/DCIM/DJI_202601071424_001/DJI_20260107143259_0005_V.JPG,data/raw/hkust/20260107_Thermal_HKUST/DCIM/DJI_202601071424_001/DJI_20260107143259_0005_T.JPG,thermal,data/raw/hkust/20260107_Thermal_HKUST/DCIM/DJI_202601071424_001/DJI_20260107143259_0005_T.JPG,640,512,data/metadata/dji_image_metadata.csv,thermal_profile,EXIF/XMP focal length + focal_length_35mm-derived sensor size,12.0,52.0,35.99392244790114,29.13650161648791,7.79666547283578,6.237332378268624,derived from EXIF/XMP focal_length_35mm and target image aspect,399.28,True,19,7,845113.9326202362,845123.9326202362,822246.525865373,822256.525865373,845118.9326202362,822251.525865373,22.339312541389706,114.26279341600885,10.0,10.0,100.0,False,3,GIC / open space,1.0,,,0.0,high_confidence,"Dominant LUHK land-use assigned by majority overlap between the pilot 10m grid cell and the LUHK 2024 10m raster. This step does not extract thermal temperatures, calculate delta-T, or run prediction. The current pilot stage is thermal-first: outputs are plotted on `_T.JPG` using thermal image geometry and `thermal_profile` assumptions when metadata does not provide FOV or sensor size. Visible `_V.JPG` overlays are deferred. The overlay remains an approximate first-pass visualization using the north-up rectangular footprint assumption.",100.0,"{""31"": 100.0}"
DJI_20260107143259_0005_T__thermal__r019_c008,20260107_Thermal_HKUST/DCIM/DJI_202601071424_001::DJI_20260107143259_0005,DJI_20260107143259_0005_V.JPG,DJI_20260107143259_0005_T.JPG,data/raw/hkust/20260107_Thermal_HKUST/DCIM/DJI_202601071424_001/DJI_20260107143259_0005_V.JPG,data/raw/hkust/20260107_Thermal_HKUST/DCIM/DJI_202601071424_001/DJI_20260107143259_0005_T.JPG,thermal,data/raw/hkust/20260107_Thermal_HKUST/DCIM/DJI_202601071424_001/DJI_20260107143259_0005_T.JPG,640,512,data/metadata/dji_image_metadata.csv,thermal_profile,EXIF/XMP focal length + focal_length_35mm-derived sensor size,12.0,52.0,35.99392244790114,29.13650161648791,7.79666547283578,6.237332378268624,derived from EXIF/XMP focal_length_35mm and target image aspect,399.28,True,19,8,845123.9326202362,845133.9326202362,822246.525865373,822256.525865373,845128.9326202362,822251.525865373,22.339312489860337,114.2628904893686,10.0,10.0,100.0,False,3,GIC / open space,1.0,,,0.0,high_confidence,"Dominant LUHK land-use assigned by majority overlap between the pilot 10m grid cell and the LUHK 2024 10m raster. This step does not extract thermal temperatures, calculate delta-T, or run prediction. The current pilot stage is thermal-first: outputs are plotted on `_T.JPG` using thermal image geometry and `thermal_profile` assumptions when metadata does not provide FOV or sensor size. Visible `_V.JPG` overlays are deferred. The overlay remains an approximate first-pass visualization using the north-up rectangular footprint assumption.",100.0,"{""31"": 100.0}"
DJI_20260107143259_0005_T__thermal__r019_c009,20260107_Thermal_HKUST/DCIM/DJI_202601071424_001::DJI_20260107143259_0005,DJI_20260107143259_0005_V.JPG,DJI_20260107143259_0005_T.JPG,data/raw/hkust/20260107_Thermal_HKUST/DCIM/DJI_202601071424_001/DJI_20260107143259_0005_V.JPG,data/raw/hkust/20260107_Thermal_HKUST/DCIM/DJI_202601071424_001/DJI_20260107143259_0005_T.JPG,thermal,data/raw/hkust/20260107_Thermal_HKUST/DCIM/DJI_202601071424_001/DJI_20260107143259_0005_T.JPG,640,512,data/metadata/dji_image_metadata.csv,thermal_profile,EXIF/XMP focal length + focal_length_35mm-derived sensor size,12.0,52.0,35.99392244790114,29.13650161648791,7.79666547283578,6.237332378268624,derived from EXIF/XMP focal_length_35mm and target image aspect,399.28,True,19,9,845133.9326202362,845143.9326202362,822246.525865373,822256.525865373,845138.9326202362,822251.525865373,22.33931243827281,114.26298756272804,10.0,10.0,100.0,False,3,GIC / open space,1.0,,,0.0,high_confidence,"Dominant LUHK land-use assigned by majority overlap between the pilot 10m grid cell and the LUHK 2024 10m raster. This step does not extract thermal temperatures, calculate delta-T, or run prediction. The current pilot stage is thermal-first: outputs are plotted on `_T.JPG` using thermal image geometry and `thermal_profile` assumptions when metadata does not provide FOV or sensor size. Visible `_V.JPG` overlays are deferred. The overlay remains an approximate first-pass visualization using the north-up rectangular footprint assumption.",100.0,"{""31"": 100.0}"
DJI_20260107143259_0005_T__thermal__r019_c010,20260107_Thermal_HKUST/DCIM/DJI_202601071424_001::DJI_20260107143259_0005,DJI_20260107143259_0005_V.JPG,DJI_20260107143259_0005_T.JPG,data/raw/hkust/20260107_Thermal_HKUST/DCIM/DJI_202601071424_001/DJI_20260107143259_0005_V.JPG,data/raw/hkust/20260107_Thermal_HKUST/DCIM/DJI_202601071424_001/DJI_20260107143259_0005_T.JPG,thermal,data/raw/hkust/20260107_Thermal_HKUST/DCIM/DJI_202601071424_001/DJI_20260107143259_0005_T.JPG,640,512,data/metadata/dji_image_metadata.csv,thermal_profile,EXIF/XMP focal length + focal_length_35mm-derived sensor size,12.0,52.0,35.99392244790114,29.13650161648791,7.79666547283578,6.237332378268624,derived from EXIF/XMP focal_length_35mm and target image aspect,399.28,True,19,10,845143.9326202362,845153.9326202362,822246.525865373,822256.525865373,845148.9326202362,822251.525865373,22.339312386627142,114.26308463608723,10.0,10.0,100.0,False,3,GIC / open space,1.0,,,0.0,high_confidence,"Dominant LUHK land-use assigned by majority overlap between the pilot 10m grid cell and the LUHK 2024 10m raster. This step does not extract thermal temperatures, calculate delta-T, or run prediction. The current pilot stage is thermal-first: outputs are plotted on `_T.JPG` using thermal image geometry and `thermal_profile` assumptions when metadata does not provide FOV or sensor size. Visible `_V.JPG` overlays are deferred. The overlay remains an approximate first-pass visualization using the north-up rectangular footprint assumption.",100.0,"{""31"": 100.0}"
DJI_20260107143259_0005_T__thermal__r019_c011,20260107_Thermal_HKUST/DCIM/DJI_202601071424_001::DJI_20260107143259_0005,DJI_20260107143259_0005_V.JPG,DJI_20260107143259_0005_T.JPG,data/raw/hkust/20260107_Thermal_HKUST/DCIM/DJI_202601071424_001/DJI_20260107143259_0005_V.JPG,data/raw/hkust/20260107_Thermal_HKUST/DCIM/DJI_202601071424_001/DJI_20260107143259_0005_T.JPG,thermal,data/raw/hkust/20260107_Thermal_HKUST/DCIM/DJI_202601071424_001/DJI_20260107143259_0005_T.JPG,640,512,data/metadata/dji_image_metadata.csv,thermal_profile,EXIF/XMP focal length + focal_length_35mm-derived sensor size,12.0,52.0,35.99392244790114,29.13650161648791,7.79666547283578,6.237332378268624,derived from EXIF/XMP focal_length_35mm and target image aspect,399.28,True,19,11,845153.9326202362,845163.9326202362,822246.525865373,822256.525865373,845158.9326202362,822251.525865373,22.339312334923296,114.26318170944613,10.0,10.0,100.0,False,3,GIC / open space,1.0,,,0.0,high_confidence,"Dominant LUHK land-use assigned by majority overlap between the pilot 10m grid cell and the LUHK 2024 10m raster. This step does not extract thermal temperatures, calculate delta-T, or run prediction. The current pilot stage is thermal-first: outputs are plotted on `_T.JPG` using thermal image geometry and `thermal_profile` assumptions when metadata does not provide FOV or sensor size. Visible `_V.JPG` overlays are deferred. The overlay remains an approximate first-pass visualization using the north-up rectangular footprint assumption.",100.0,"{""31"": 100.0}"
DJI_20260107143259_0005_T__thermal__r019_c012,20260107_Thermal_HKUST/DCIM/DJI_202601071424_001::DJI_20260107143259_0005,DJI_20260107143259_0005_V.JPG,DJI_20260107143259_0005_T.JPG,data/raw/hkust/20260107_Thermal_HKUST/DCIM/DJI_202601071424_001/DJI_20260107143259_0005_V.JPG,data/raw/hkust/20260107_Thermal_HKUST/DCIM/DJI_202601071424_001/DJI_20260107143259_0005_T.JPG,thermal,data/raw/hkust/20260107_Thermal_HKUST/DCIM/DJI_202601071424_001/DJI_20260107143259_0005_T.JPG,640,512,data/metadata/dji_image_metadata.csv,thermal_profile,EXIF/XMP focal length + focal_length_35mm-derived sensor size,12.0,52.0,35.99392244790114,29.13650161648791,7.79666547283578,6.237332378268624,derived from EXIF/XMP focal_length_35mm and target image aspect,399.28,True,19,12,845163.9326202362,845173.9326202362,822246.525865373,822256.525865373,845168.9326202362,822251.525865373,22.339312283161302,114.26327878280476,10.0,10.0,100.0,False,3,GIC / open space,1.0,,,0.0,high_confidence,"Dominant LUHK land-use assigned by majority overlap between the pilot 10m grid cell and the LUHK 2024 10m raster. This step does not extract thermal temperatures, calculate delta-T, or run prediction. The current pilot stage is thermal-first: outputs are plotted on `_T.JPG` using thermal image geometry and `thermal_profile` assumptions when metadata does not provide FOV or sensor size. Visible `_V.JPG` overlays are deferred. The overlay remains an approximate first-pass visualization using the north-up rectangular footprint assumption.",100.0,"{""31"": 100.0}"
DJI_20260107143259_0005_T__thermal__r019_c013,20260107_Thermal_HKUST/DCIM/DJI_202601071424_001::DJI_20260107143259_0005,DJI_20260107143259_0005_V.JPG,DJI_20260107143259_0005_T.JPG,data/raw/hkust/20260107_Thermal_HKUST/DCIM/DJI_202601071424_001/DJI_20260107143259_0005_V.JPG,data/raw/hkust/20260107_Thermal_HKUST/DCIM/DJI_202601071424_001/DJI_20260107143259_0005_T.JPG,thermal,data/raw/hkust/20260107_Thermal_HKUST/DCIM/DJI_202601071424_001/DJI_20260107143259_0005_T.JPG,640,512,data/metadata/dji_image_metadata.csv,thermal_profile,EXIF/XMP focal length + focal_length_35mm-derived sensor size,12.0,52.0,35.99392244790114,29.13650161648791,7.79666547283578,6.237332378268624,derived from EXIF/XMP focal_length_35mm and target image aspect,399.28,True,19,13,845173.9326202362,845183.9326202362,822246.525865373,822256.525865373,845178.9326202362,822251.525865373,22.33931223134115,114.26337585616311,10.0,10.0,100.0,False,3,GIC / open space,1.0,,,0.0,high_confidence,"Dominant LUHK land-use assigned by majority overlap between the pilot 10m grid cell and the LUHK 2024 10m raster. This step does not extract thermal temperatures, calculate delta-T, or run prediction. The current pilot stage is thermal-first: outputs are plotted on `_T.JPG` using thermal image geometry and `thermal_profile` assumptions when metadata does not provide FOV or sensor size. Visible `_V.JPG` overlays are deferred. The overlay remains an approximate first-pass visualization using the north-up rectangular footprint assumption.",100.0,"{""31"": 100.0}"
DJI_20260107143259_0005_T__thermal__r019_c014,20260107_Thermal_HKUST/DCIM/DJI_202601071424_001::DJI_20260107143259_0005,DJI_20260107143259_0005_V.JPG,DJI_20260107143259_0005_T.JPG,data/raw/hkust/20260107_Thermal_HKUST/DCIM/DJI_202601071424_001/DJI_20260107143259_0005_V.JPG,data/raw/hkust/20260107_Thermal_HKUST/DCIM/DJI_202601071424_001/DJI_20260107143259_0005_T.JPG,thermal,data/raw/hkust/20260107_Thermal_HKUST/DCIM/DJI_202601071424_001/DJI_20260107143259_0005_T.JPG,640,512,data/metadata/dji_image_metadata.csv,thermal_profile,EXIF/XMP focal length + focal_length_35mm-derived sensor size,12.0,52.0,35.99392244790114,29.13650161648791,7.79666547283578,6.237332378268624,derived from EXIF/XMP focal_length_35mm and target image aspect,399.28,True,19,14,845183.9326202362,845193.9326202362,822246.525865373,822256.525865373,845188.9326202362,822251.525865373,22.339312179462834,114.26347292952117,10.0,10.0,100.0,False,3,GIC / open space,1.0,,,0.0,high_confidence,"Dominant LUHK land-use assigned by majority overlap between the pilot 10m grid cell and the LUHK 2024 10m raster. This step does not extract thermal temperatures, calculate delta-T, or run prediction. The current pilot stage is thermal-first: outputs are plotted on `_T.JPG` using thermal image geometry and `thermal_profile` assumptions when metadata does not provide FOV or sensor size. Visible `_V.JPG` overlays are deferred. The overlay remains an approximate first-pass visualization using the north-up rectangular footprint assumption.",100.0,"{""31"": 100.0}"
DJI_20260107143259_0005_T__thermal__r019_c015,20260107_Thermal_HKUST/DCIM/DJI_202601071424_001::DJI_20260107143259_0005,DJI_20260107143259_0005_V.JPG,DJI_20260107143259_0005_T.JPG,data/raw/hkust/20260107_Thermal_HKUST/DCIM/DJI_202601071424_001/DJI_20260107143259_0005_V.JPG,data/raw/hkust/20260107_Thermal_HKUST/DCIM/DJI_202601071424_001/DJI_20260107143259_0005_T.JPG,thermal,data/raw/hkust/20260107_Thermal_HKUST/DCIM/DJI_202601071424_001/DJI_20260107143259_0005_T.JPG,640,512,data/metadata/dji_image_metadata.csv,thermal_profile,EXIF/XMP focal length + focal_length_35mm-derived sensor size,12.0,52.0,35.99392244790114,29.13650161648791,7.79666547283578,6.237332378268624,derived from EXIF/XMP focal_length_35mm and target image aspect,399.28,True,19,15,845193.9326202362,845203.9326202362,822246.525865373,822256.525865373,845198.9326202362,822251.525865373,22.339312127526362,114.26357000287895,10.0,10.0,100.0,False,3,GIC / open space,1.0,,,0.0,high_confidence,"Dominant LUHK land-use assigned by majority overlap between the pilot 10m grid cell and the LUHK 2024 10m raster. This step does not extract thermal temperatures, calculate delta-T, or run prediction. The current pilot stage is thermal-first: outputs are plotted on `_T.JPG` using thermal image geometry and `thermal_profile` assumptions when metadata does not provide FOV or sensor size. Visible `_V.JPG` overlays are deferred. The overlay remains an approximate first-pass visualization using the north-up rectangular footprint assumption.",100.0,"{""31"": 100.0}"
DJI_20260107143259_0005_T__thermal__r019_c016,20260107_Thermal_HKUST/DCIM/DJI_202601071424_001::DJI_20260107143259_0005,DJI_20260107143259_0005_V.JPG,DJI_20260107143259_0005_T.JPG,data/raw/hkust/20260107_Thermal_HKUST/DCIM/DJI_202601071424_001/DJI_20260107143259_0005_V.JPG,data/raw/hkust/20260107_Thermal_HKUST/DCIM/DJI_202601071424_001/DJI_20260107143259_0005_T.JPG,thermal,data/raw/hkust/20260107_Thermal_HKUST/DCIM/DJI_202601071424_001/DJI_20260107143259_0005_T.JPG,640,512,data/metadata/dji_image_metadata.csv,thermal_profile,EXIF/XMP focal length + focal_length_35mm-derived sensor size,12.0,52.0,35.99392244790114,29.13650161648791,7.79666547283578,6.237332378268624,derived from EXIF/XMP focal_length_35mm and target image aspect,399.28,True,19,16,845203.9326202362,845213.9326202362,822246.525865373,822256.525865373,845208.9326202362,822251.525865373,22.339312075531737,114.26366707623644,10.0,10.0,100.0,False,3,GIC / open space,1.0,,,0.0,high_confidence,"Dominant LUHK land-use assigned by majority overlap between the pilot 10m grid cell and the LUHK 2024 10m raster. This step does not extract thermal temperatures, calculate delta-T, or run prediction. The current pilot stage is thermal-first: outputs are plotted on `_T.JPG` using thermal image geometry and `thermal_profile` assumptions when metadata does not provide FOV or sensor size. Visible `_V.JPG` overlays are deferred. The overlay remains an approximate first-pass visualization using the north-up rectangular footprint assumption.",100.0,"{""31"": 100.0}"
DJI_20260107143259_0005_T__thermal__r019_c017,20260107_Thermal_HKUST/DCIM/DJI_202601071424_001::DJI_20260107143259_0005,DJI_20260107143259_0005_V.JPG,DJI_20260107143259_0005_T.JPG,data/raw/hkust/20260107_Thermal_HKUST/DCIM/DJI_202601071424_001/DJI_20260107143259_0005_V.JPG,data/raw/hkust/20260107_Thermal_HKUST/DCIM/DJI_202601071424_001/DJI_20260107143259_0005_T.JPG,thermal,data/raw/hkust/20260107_Thermal_HKUST/DCIM/DJI_202601071424_001/DJI_20260107143259_0005_T.JPG,640,512,data/metadata/dji_image_metadata.csv,thermal_profile,EXIF/XMP focal length + focal_length_35mm-derived sensor size,12.0,52.0,35.99392244790114,29.13650161648791,7.79666547283578,6.237332378268624,derived from EXIF/XMP focal_length_35mm and target image aspect,399.28,True,19,17,845213.9326202362,845223.9326202362,822246.525865373,822256.525865373,845218.9326202362,822251.525865373,22.339312023478957,114.26376414959367,10.0,10.0,100.0,False,3,GIC / open space,1.0,,,0.0,high_confidence,"Dominant LUHK land-use assigned by majority overlap between the pilot 10m grid cell and the LUHK 2024 10m raster. This step does not extract thermal temperatures, calculate delta-T, or run prediction. The current pilot stage is thermal-first: outputs are plotted on `_T.JPG` using thermal image geometry and `thermal_profile` assumptions when metadata does not provide FOV or sensor size. Visible `_V.JPG` overlays are deferred. The overlay remains an approximate first-pass visualization using the north-up rectangular footprint assumption.",100.0,"{""31"": 100.0}"
DJI_20260107143259_0005_T__thermal__r019_c018,20260107_Thermal_HKUST/DCIM/DJI_202601071424_001::DJI_20260107143259_0005,DJI_20260107143259_0005_V.JPG,DJI_20260107143259_0005_T.JPG,data/raw/hkust/20260107_Thermal_HKUST/DCIM/DJI_202601071424_001/DJI_20260107143259_0005_V.JPG,data/raw/hkust/20260107_Thermal_HKUST/DCIM/DJI_202601071424_001/DJI_20260107143259_0005_T.JPG,thermal,data/raw/hkust/20260107_Thermal_HKUST/DCIM/DJI_202601071424_001/DJI_20260107143259_0005_T.JPG,640,512,data/metadata/dji_image_metadata.csv,thermal_profile,EXIF/XMP focal length + focal_length_35mm-derived sensor size,12.0,52.0,35.99392244790114,29.13650161648791,7.79666547283578,6.237332378268624,derived from EXIF/XMP focal_length_35mm and target image aspect,399.28,True,19,18,845223.9326202362,845233.9326202362,822246.525865373,822256.525865373,845228.9326202362,822251.525865373,22.339311971368016,114.2638612229506,10.0,10.0,100.0,False,3,GIC / open space,1.0,,,0.0,high_confidence,"Dominant LUHK land-use assigned by majority overlap between the pilot 10m grid cell and the LUHK 2024 10m raster. This step does not extract thermal temperatures, calculate delta-T, or run prediction. The current pilot stage is thermal-first: outputs are plotted on `_T.JPG` using thermal image geometry and `thermal_profile` assumptions when metadata does not provide FOV or sensor size. Visible `_V.JPG` overlays are deferred. The overlay remains an approximate first-pass visualization using the north-up rectangular footprint assumption.",100.0,"{""31"": 100.0}"
DJI_20260107143259_0005_T__thermal__r019_c019,20260107_Thermal_HKUST/DCIM/DJI_202601071424_001::DJI_20260107143259_0005,DJI_20260107143259_0005_V.JPG,DJI_20260107143259_0005_T.JPG,data/raw/hkust/20260107_Thermal_HKUST/DCIM/DJI_202601071424_001/DJI_20260107143259_0005_V.JPG,data/raw/hkust/20260107_Thermal_HKUST/DCIM/DJI_202601071424_001/DJI_20260107143259_0005_T.JPG,thermal,data/raw/hkust/20260107_Thermal_HKUST/DCIM/DJI_202601071424_001/DJI_20260107143259_0005_T.JPG,640,512,data/metadata/dji_image_metadata.csv,thermal_profile,EXIF/XMP focal length + focal_length_35mm-derived sensor size,12.0,52.0,35.99392244790114,29.13650161648791,7.79666547283578,6.237332378268624,derived from EXIF/XMP focal_length_35mm and target image aspect,399.28,True,19,19,845233.9326202362,845243.9326202362,822246.525865373,822256.525865373,845238.9326202362,822251.525865373,22.339311919198927,114.26395829630725,10.0,10.0,100.0,False,3,GIC / open space,1.0,,,0.0,high_confidence,"Dominant LUHK land-use assigned by majority overlap between the pilot 10m grid cell and the LUHK 2024 10m raster. This step does not extract thermal temperatures, calculate delta-T, or run prediction. The current pilot stage is thermal-first: outputs are plotted on `_T.JPG` using thermal image geometry and `thermal_profile` assumptions when metadata does not provide FOV or sensor size. Visible `_V.JPG` overlays are deferred. The overlay remains an approximate first-pass visualization using the north-up rectangular footprint assumption.",100.0,"{""31"": 100.0}"
DJI_20260107143259_0005_T__thermal__r019_c020,20260107_Thermal_HKUST/DCIM/DJI_202601071424_001::DJI_20260107143259_0005,DJI_20260107143259_0005_V.JPG,DJI_20260107143259_0005_T.JPG,data/raw/hkust/20260107_Thermal_HKUST/DCIM/DJI_202601071424_001/DJI_20260107143259_0005_V.JPG,data/raw/hkust/20260107_Thermal_HKUST/DCIM/DJI_202601071424_001/DJI_20260107143259_0005_T.JPG,thermal,data/raw/hkust/20260107_Thermal_HKUST/DCIM/DJI_202601071424_001/DJI_20260107143259_0005_T.JPG,640,512,data/metadata/dji_image_metadata.csv,thermal_profile,EXIF/XMP focal length + focal_length_35mm-derived sensor size,12.0,52.0,35.99392244790114,29.13650161648791,7.79666547283578,6.237332378268624,derived from EXIF/XMP focal_length_35mm and target image aspect,399.28,True,19,20,845243.9326202362,845253.9326202362,822246.525865373,822256.525865373,845248.9326202362,822251.525865373,22.33931186697167,114.26405536966361,10.0,10.0,100.0,False,3,GIC / open space,1.0,,,0.0,high_confidence,"Dominant LUHK land-use assigned by majority overlap between the pilot 10m grid cell and the LUHK 2024 10m raster. This step does not extract thermal temperatures, calculate delta-T, or run prediction. The current pilot stage is thermal-first: outputs are plotted on `_T.JPG` using thermal image geometry and `thermal_profile` assumptions when metadata does not provide FOV or sensor size. Visible `_V.JPG` overlays are deferred. The overlay remains an approximate first-pass visualization using the north-up rectangular footprint assumption.",100.0,"{""31"": 100.0}"
DJI_20260107143259_0005_T__thermal__r019_c021,20260107_Thermal_HKUST/DCIM/DJI_202601071424_001::DJI_20260107143259_0005,DJI_20260107143259_0005_V.JPG,DJI_20260107143259_0005_T.JPG,data/raw/hkust/20260107_Thermal_HKUST/DCIM/DJI_202601071424_001/DJI_20260107143259_0005_V.JPG,data/raw/hkust/20260107_Thermal_HKUST/DCIM/DJI_202601071424_001/DJI_20260107143259_0005_T.JPG,thermal,data/raw/hkust/20260107_Thermal_HKUST/DCIM/DJI_202601071424_001/DJI_20260107143259_0005_T.JPG,640,512,data/metadata/dji_image_metadata.csv,thermal_profile,EXIF/XMP focal length + focal_length_35mm-derived sensor size,12.0,52.0,35.99392244790114,29.13650161648791,7.79666547283578,6.237332378268624,derived from EXIF/XMP focal_length_35mm and target image aspect,399.28,True,19,21,845253.9326202362,845263.9326202362,822246.525865373,822256.525865373,845258.9326202362,822251.525865373,22.339311814686255,114.26415244301968,10.0,10.0,100.0,False,3,GIC / open space,1.0,,,0.0,high_confidence,"Dominant LUHK land-use assigned by majority overlap between the pilot 10m grid cell and the LUHK 2024 10m raster. This step does not extract thermal temperatures, calculate delta-T, or run prediction. The current pilot stage is thermal-first: outputs are plotted on `_T.JPG` using thermal image geometry and `thermal_profile` assumptions when metadata does not provide FOV or sensor size. Visible `_V.JPG` overlays are deferred. The overlay remains an approximate first-pass visualization using the north-up rectangular footprint assumption.",100.0,"{""31"": 100.0}"
DJI_20260107143259_0005_T__thermal__r019_c022,20260107_Thermal_HKUST/DCIM/DJI_202601071424_001::DJI_20260107143259_0005,DJI_20260107143259_0005_V.JPG,DJI_20260107143259_0005_T.JPG,data/raw/hkust/20260107_Thermal_HKUST/DCIM/DJI_202601071424_001/DJI_20260107143259_0005_V.JPG,data/raw/hkust/20260107_Thermal_HKUST/DCIM/DJI_202601071424_001/DJI_20260107143259_0005_T.JPG,thermal,data/raw/hkust/20260107_Thermal_HKUST/DCIM/DJI_202601071424_001/DJI_20260107143259_0005_T.JPG,640,512,data/metadata/dji_image_metadata.csv,thermal_profile,EXIF/XMP focal length + focal_length_35mm-derived sensor size,12.0,52.0,35.99392244790114,29.13650161648791,7.79666547283578,6.237332378268624,derived from EXIF/XMP focal_length_35mm and target image aspect,399.28,True,19,22,845263.9326202362,845273.9326202362,822246.525865373,822256.525865373,845268.9326202362,822251.525865373,22.33931176234269,114.2642495163755,10.0,10.0,100.0,False,3,GIC / open space,1.0,,,0.0,high_confidence,"Dominant LUHK land-use assigned by majority overlap between the pilot 10m grid cell and the LUHK 2024 10m raster. This step does not extract thermal temperatures, calculate delta-T, or run prediction. The current pilot stage is thermal-first: outputs are plotted on `_T.JPG` using thermal image geometry and `thermal_profile` assumptions when metadata does not provide FOV or sensor size. Visible `_V.JPG` overlays are deferred. The overlay remains an approximate first-pass visualization using the north-up rectangular footprint assumption.",100.0,"{""31"": 100.0}"
DJI_20260107143259_0005_T__thermal__r019_c023,20260107_Thermal_HKUST/DCIM/DJI_202601071424_001::DJI_20260107143259_0005,DJI_20260107143259_0005_V.JPG,DJI_20260107143259_0005_T.JPG,data/raw/hkust/20260107_Thermal_HKUST/DCIM/DJI_202601071424_001/DJI_20260107143259_0005_V.JPG,data/raw/hkust/20260107_Thermal_HKUST/DCIM/DJI_202601071424_001/DJI_20260107143259_0005_T.JPG,thermal,data/raw/hkust/20260107_Thermal_HKUST/DCIM/DJI_202601071424_001/DJI_20260107143259_0005_T.JPG,640,512,data/metadata/dji_image_metadata.csv,thermal_profile,EXIF/XMP focal length + focal_length_35mm-derived sensor size,12.0,52.0,35.99392244790114,29.13650161648791,7.79666547283578,6.237332378268624,derived from EXIF/XMP focal_length_35mm and target image aspect,399.28,True,19,23,845273.9326202362,845283.9326202362,822246.525865373,822256.525865373,845278.9326202362,822251.525865373,22.33931170994096,114.264346589731,10.0,10.0,100.0,False,3,GIC / open space,1.0,,,0.0,high_confidence,"Dominant LUHK land-use assigned by majority overlap between the pilot 10m grid cell and the LUHK 2024 10m raster. This step does not extract thermal temperatures, calculate delta-T, or run prediction. The current pilot stage is thermal-first: outputs are plotted on `_T.JPG` using thermal image geometry and `thermal_profile` assumptions when metadata does not provide FOV or sensor size. Visible `_V.JPG` overlays are deferred. The overlay remains an approximate first-pass visualization using the north-up rectangular footprint assumption.",100.0,"{""31"": 100.0}"
DJI_20260107143259_0005_T__thermal__r019_c024,20260107_Thermal_HKUST/DCIM/DJI_202601071424_001::DJI_20260107143259_0005,DJI_20260107143259_0005_V.JPG,DJI_20260107143259_0005_T.JPG,data/raw/hkust/20260107_Thermal_HKUST/DCIM/DJI_202601071424_001/DJI_20260107143259_0005_V.JPG,data/raw/hkust/20260107_Thermal_HKUST/DCIM/DJI_202601071424_001/DJI_20260107143259_0005_T.JPG,thermal,data/raw/hkust/20260107_Thermal_HKUST/DCIM/DJI_202601071424_001/DJI_20260107143259_0005_T.JPG,640,512,data/metadata/dji_image_metadata.csv,thermal_profile,EXIF/XMP focal length + focal_length_35mm-derived sensor size,12.0,52.0,35.99392244790114,29.13650161648791,7.79666547283578,6.237332378268624,derived from EXIF/XMP focal_length_35mm and target image aspect,399.28,True,19,24,845283.9326202362,845293.9326202362,822246.525865373,822256.525865373,845288.9326202362,822251.525865373,22.339311657481083,114.26444366308623,10.0,10.0,100.0,False,3,GIC / open space,1.0,,,0.0,high_confidence,"Dominant LUHK land-use assigned by majority overlap between the pilot 10m grid cell and the LUHK 2024 10m raster. This step does not extract thermal temperatures, calculate delta-T, or run prediction. The current pilot stage is thermal-first: outputs are plotted on `_T.JPG` using thermal image geometry and `thermal_profile` assumptions when metadata does not provide FOV or sensor size. Visible `_V.JPG` overlays are deferred. The overlay remains an approximate first-pass visualization using the north-up rectangular footprint assumption.",100.0,"{""31"": 100.0}"
DJI_20260107143259_0005_T__thermal__r019_c025,20260107_Thermal_HKUST/DCIM/DJI_202601071424_001::DJI_20260107143259_0005,DJI_20260107143259_0005_V.JPG,DJI_20260107143259_0005_T.JPG,data/raw/hkust/20260107_Thermal_HKUST/DCIM/DJI_202601071424_001/DJI_20260107143259_0005_V.JPG,data/raw/hkust/20260107_Thermal_HKUST/DCIM/DJI_202601071424_001/DJI_20260107143259_0005_T.JPG,thermal,data/raw/hkust/20260107_Thermal_HKUST/DCIM/DJI_202601071424_001/DJI_20260107143259_0005_T.JPG,640,512,data/metadata/dji_image_metadata.csv,thermal_profile,EXIF/XMP focal length + focal_length_35mm-derived sensor size,12.0,52.0,35.99392244790114,29.13650161648791,7.79666547283578,6.237332378268624,derived from EXIF/XMP focal_length_35mm and target image aspect,399.28,True,19,25,845293.9326202362,845303.3536694024,822246.525865373,822256.525865373,845298.6431448193,822251.525865373,22.339311606484124,114.26453792640619,9.421049166237935,10.0,94.21049166237935,True,3,GIC / open space,1.0,,,0.0,high_confidence,"Dominant LUHK land-use assigned by majority overlap between the pilot 10m grid cell and the LUHK 2024 10m raster. This step does not extract thermal temperatures, calculate delta-T, or run prediction. The current pilot stage is thermal-first: outputs are plotted on `_T.JPG` using thermal image geometry and `thermal_profile` assumptions when metadata does not provide FOV or sensor size. Visible `_V.JPG` overlays are deferred. The overlay remains an approximate first-pass visualization using the north-up rectangular footprint assumption.",94.21049166237935,"{""31"": 94.21049166237935}"
DJI_20260107143259_0005_T__thermal__r020_c000,20260107_Thermal_HKUST/DCIM/DJI_202601071424_001::DJI_20260107143259_0005,DJI_20260107143259_0005_V.JPG,DJI_20260107143259_0005_T.JPG,data/raw/hkust/20260107_Thermal_HKUST/DCIM/DJI_202601071424_001/DJI_20260107143259_0005_V.JPG,data/raw/hkust/20260107_Thermal_HKUST/DCIM/DJI_202601071424_001/DJI_20260107143259_0005_T.JPG,thermal,data/raw/hkust/20260107_Thermal_HKUST/DCIM/DJI_202601071424_001/DJI_20260107143259_0005_T.JPG,640,512,data/metadata/dji_image_metadata.csv,thermal_profile,EXIF/XMP focal length + focal_length_35mm-derived sensor size,12.0,52.0,35.99392244790114,29.13650161648791,7.79666547283578,6.237332378268624,derived from EXIF/XMP focal_length_35mm and target image aspect,399.28,True,20,0,845043.9326202362,845053.9326202362,822236.525865373,822246.525865373,845048.9326202362,822241.525865373,22.339222594840024,114.26211384756061,10.0,10.0,100.0,False,7,Woodland / shrubland / grassland / wetland,0.6067379763815552,3.0,GIC / open space,0.3932620236184448,medium_confidence,"Dominant LUHK land-use assigned by majority overlap between the pilot 10m grid cell and the LUHK 2024 10m raster. This step does not extract thermal temperatures, calculate delta-T, or run prediction. The current pilot stage is thermal-first: outputs are plotted on `_T.JPG` using thermal image geometry and `thermal_profile` assumptions when metadata does not provide FOV or sensor size. Visible `_V.JPG` overlays are deferred. The overlay remains an approximate first-pass visualization using the north-up rectangular footprint assumption.",100.0,"{""31"": 39.32620236184448, ""71"": 60.67379763815552}"
DJI_20260107143259_0005_T__thermal__r020_c001,20260107_Thermal_HKUST/DCIM/DJI_202601071424_001::DJI_20260107143259_0005,DJI_20260107143259_0005_V.JPG,DJI_20260107143259_0005_T.JPG,data/raw/hkust/20260107_Thermal_HKUST/DCIM/DJI_202601071424_001/DJI_20260107143259_0005_V.JPG,data/raw/hkust/20260107_Thermal_HKUST/DCIM/DJI_202601071424_001/DJI_20260107143259_0005_T.JPG,thermal,data/raw/hkust/20260107_Thermal_HKUST/DCIM/DJI_202601071424_001/DJI_20260107143259_0005_T.JPG,640,512,data/metadata/dji_image_metadata.csv,thermal_profile,EXIF/XMP focal length + focal_length_35mm-derived sensor size,12.0,52.0,35.99392244790114,29.13650161648791,7.79666547283578,6.237332378268624,derived from EXIF/XMP focal_length_35mm and target image aspect,399.28,True,20,1,845053.9326202362,845063.9326202362,822236.525865373,822246.525865373,845058.9326202362,822241.525865373,22.339222543717973,114.26221092085979,10.0,10.0,100.0,False,3,GIC / open space,1.0,,,0.0,high_confidence,"Dominant LUHK land-use assigned by majority overlap between the pilot 10m grid cell and the LUHK 2024 10m raster. This step does not extract thermal temperatures, calculate delta-T, or run prediction. The current pilot stage is thermal-first: outputs are plotted on `_T.JPG` using thermal image geometry and `thermal_profile` assumptions when metadata does not provide FOV or sensor size. Visible `_V.JPG` overlays are deferred. The overlay remains an approximate first-pass visualization using the north-up rectangular footprint assumption.",100.0,"{""31"": 100.0}"
DJI_20260107143259_0005_T__thermal__r020_c002,20260107_Thermal_HKUST/DCIM/DJI_202601071424_001::DJI_20260107143259_0005,DJI_20260107143259_0005_V.JPG,DJI_20260107143259_0005_T.JPG,data/raw/hkust/20260107_Thermal_HKUST/DCIM/DJI_202601071424_001/DJI_20260107143259_0005_V.JPG,data/raw/hkust/20260107_Thermal_HKUST/DCIM/DJI_202601071424_001/DJI_20260107143259_0005_T.JPG,thermal,data/raw/hkust/20260107_Thermal_HKUST/DCIM/DJI_202601071424_001/DJI_20260107143259_0005_T.JPG,640,512,data/metadata/dji_image_metadata.csv,thermal_profile,EXIF/XMP focal length + focal_length_35mm-derived sensor size,12.0,52.0,35.99392244790114,29.13650161648791,7.79666547283578,6.237332378268624,derived from EXIF/XMP focal_length_35mm and target image aspect,399.28,True,20,2,845063.9326202362,845073.9326202362,822236.525865373,822246.525865373,845068.9326202362,822241.525865373,22.33922249253778,114.2623079941587,10.0,10.0,100.0,False,3,GIC / open space,1.0,,,0.0,high_confidence,"Dominant LUHK land-use assigned by majority overlap between the pilot 10m grid cell and the LUHK 2024 10m raster. This step does not extract thermal temperatures, calculate delta-T, or run prediction. The current pilot stage is thermal-first: outputs are plotted on `_T.JPG` using thermal image geometry and `thermal_profile` assumptions when metadata does not provide FOV or sensor size. Visible `_V.JPG` overlays are deferred. The overlay remains an approximate first-pass visualization using the north-up rectangular footprint assumption.",100.0,"{""31"": 100.0}"
DJI_20260107143259_0005_T__thermal__r020_c003,20260107_Thermal_HKUST/DCIM/DJI_202601071424_001::DJI_20260107143259_0005,DJI_20260107143259_0005_V.JPG,DJI_20260107143259_0005_T.JPG,data/raw/hkust/20260107_Thermal_HKUST/DCIM/DJI_202601071424_001/DJI_20260107143259_0005_V.JPG,data/raw/hkust/20260107_Thermal_HKUST/DCIM/DJI_202601071424_001/DJI_20260107143259_0005_T.JPG,thermal,data/raw/hkust/20260107_Thermal_HKUST/DCIM/DJI_202601071424_001/DJI_20260107143259_0005_T.JPG,640,512,data/metadata/dji_image_metadata.csv,thermal_profile,EXIF/XMP focal length + focal_length_35mm-derived sensor size,12.0,52.0,35.99392244790114,29.13650161648791,7.79666547283578,6.237332378268624,derived from EXIF/XMP focal_length_35mm and target image aspect,399.28,True,20,3,845073.9326202362,845083.9326202362,822236.525865373,822246.525865373,845078.9326202362,822241.525865373,22.33922244129942,114.26240506745734,10.0,10.0,100.0,False,3,GIC / open space,1.0,,,0.0,high_confidence,"Dominant LUHK land-use assigned by majority overlap between the pilot 10m grid cell and the LUHK 2024 10m raster. This step does not extract thermal temperatures, calculate delta-T, or run prediction. The current pilot stage is thermal-first: outputs are plotted on `_T.JPG` using thermal image geometry and `thermal_profile` assumptions when metadata does not provide FOV or sensor size. Visible `_V.JPG` overlays are deferred. The overlay remains an approximate first-pass visualization using the north-up rectangular footprint assumption.",100.0,"{""31"": 100.0}"
DJI_20260107143259_0005_T__thermal__r020_c004,20260107_Thermal_HKUST/DCIM/DJI_202601071424_001::DJI_20260107143259_0005,DJI_20260107143259_0005_V.JPG,DJI_20260107143259_0005_T.JPG,data/raw/hkust/20260107_Thermal_HKUST/DCIM/DJI_202601071424_001/DJI_20260107143259_0005_V.JPG,data/raw/hkust/20260107_Thermal_HKUST/DCIM/DJI_202601071424_001/DJI_20260107143259_0005_T.JPG,thermal,data/raw/hkust/20260107_Thermal_HKUST/DCIM/DJI_202601071424_001/DJI_20260107143259_0005_T.JPG,640,512,data/metadata/dji_image_metadata.csv,thermal_profile,EXIF/XMP focal length + focal_length_35mm-derived sensor size,12.0,52.0,35.99392244790114,29.13650161648791,7.79666547283578,6.237332378268624,derived from EXIF/XMP focal_length_35mm and target image aspect,399.28,True,20,4,845083.9326202362,845093.9326202362,822236.525865373,822246.525865373,845088.9326202362,822241.525865373,22.3392223900029,114.26250214075566,10.0,10.0,100.0,False,3,GIC / open space,1.0,,,0.0,high_confidence,"Dominant LUHK land-use assigned by majority overlap between the pilot 10m grid cell and the LUHK 2024 10m raster. This step does not extract thermal temperatures, calculate delta-T, or run prediction. The current pilot stage is thermal-first: outputs are plotted on `_T.JPG` using thermal image geometry and `thermal_profile` assumptions when metadata does not provide FOV or sensor size. Visible `_V.JPG` overlays are deferred. The overlay remains an approximate first-pass visualization using the north-up rectangular footprint assumption.",100.0,"{""31"": 100.0}"
DJI_20260107143259_0005_T__thermal__r020_c005,20260107_Thermal_HKUST/DCIM/DJI_202601071424_001::DJI_20260107143259_0005,DJI_20260107143259_0005_V.JPG,DJI_20260107143259_0005_T.JPG,data/raw/hkust/20260107_Thermal_HKUST/DCIM/DJI_202601071424_001/DJI_20260107143259_0005_V.JPG,data/raw/hkust/20260107_Thermal_HKUST/DCIM/DJI_202601071424_001/DJI_20260107143259_0005_T.JPG,thermal,data/raw/hkust/20260107_Thermal_HKUST/DCIM/DJI_202601071424_001/DJI_20260107143259_0005_T.JPG,640,512,data/metadata/dji_image_metadata.csv,thermal_profile,EXIF/XMP focal length + focal_length_35mm-derived sensor size,12.0,52.0,35.99392244790114,29.13650161648791,7.79666547283578,6.237332378268624,derived from EXIF/XMP focal_length_35mm and target image aspect,399.28,True,20,5,845093.9326202362,845103.9326202362,822236.525865373,822246.525865373,845098.9326202362,822241.525865373,22.339222338648238,114.26259921405375,10.0,10.0,100.0,False,3,GIC / open space,1.0,,,0.0,high_confidence,"Dominant LUHK land-use assigned by majority overlap between the pilot 10m grid cell and the LUHK 2024 10m raster. This step does not extract thermal temperatures, calculate delta-T, or run prediction. The current pilot stage is thermal-first: outputs are plotted on `_T.JPG` using thermal image geometry and `thermal_profile` assumptions when metadata does not provide FOV or sensor size. Visible `_V.JPG` overlays are deferred. The overlay remains an approximate first-pass visualization using the north-up rectangular footprint assumption.",100.0,"{""31"": 100.0}"
DJI_20260107143259_0005_T__thermal__r020_c006,20260107_Thermal_HKUST/DCIM/DJI_202601071424_001::DJI_20260107143259_0005,DJI_20260107143259_0005_V.JPG,DJI_20260107143259_0005_T.JPG,data/raw/hkust/20260107_Thermal_HKUST/DCIM/DJI_202601071424_001/DJI_20260107143259_0005_V.JPG,data/raw/hkust/20260107_Thermal_HKUST/DCIM/DJI_202601071424_001/DJI_20260107143259_0005_T.JPG,thermal,data/raw/hkust/20260107_Thermal_HKUST/DCIM/DJI_202601071424_001/DJI_20260107143259_0005_T.JPG,640,512,data/metadata/dji_image_metadata.csv,thermal_profile,EXIF/XMP focal length + focal_length_35mm-derived sensor size,12.0,52.0,35.99392244790114,29.13650161648791,7.79666547283578,6.237332378268624,derived from EXIF/XMP focal_length_35mm and target image aspect,399.28,True,20,6,845103.9326202362,845113.9326202362,822236.525865373,822246.525865373,845108.9326202362,822241.525865373,22.33922228723541,114.26269628735153,10.0,10.0,100.0,False,3,GIC / open space,1.0,,,0.0,high_confidence,"Dominant LUHK land-use assigned by majority overlap between the pilot 10m grid cell and the LUHK 2024 10m raster. This step does not extract thermal temperatures, calculate delta-T, or run prediction. The current pilot stage is thermal-first: outputs are plotted on `_T.JPG` using thermal image geometry and `thermal_profile` assumptions when metadata does not provide FOV or sensor size. Visible `_V.JPG` overlays are deferred. The overlay remains an approximate first-pass visualization using the north-up rectangular footprint assumption.",100.0,"{""31"": 100.0}"
DJI_20260107143259_0005_T__thermal__r020_c007,20260107_Thermal_HKUST/DCIM/DJI_202601071424_001::DJI_20260107143259_0005,DJI_20260107143259_0005_V.JPG,DJI_20260107143259_0005_T.JPG,data/raw/hkust/20260107_Thermal_HKUST/DCIM/DJI_202601071424_001/DJI_20260107143259_0005_V.JPG,data/raw/hkust/20260107_Thermal_HKUST/DCIM/DJI_202601071424_001/DJI_20260107143259_0005_T.JPG,thermal,data/raw/hkust/20260107_Thermal_HKUST/DCIM/DJI_202601071424_001/DJI_20260107143259_0005_T.JPG,640,512,data/metadata/dji_image_metadata.csv,thermal_profile,EXIF/XMP focal length + focal_length_35mm-derived sensor size,12.0,52.0,35.99392244790114,29.13650161648791,7.79666547283578,6.237332378268624,derived from EXIF/XMP focal_length_35mm and target image aspect,399.28,True,20,7,845113.9326202362,845123.9326202362,822236.525865373,822246.525865373,845118.9326202362,822241.525865373,22.339222235764424,114.26279336064903,10.0,10.0,100.0,False,3,GIC / open space,1.0,,,0.0,high_confidence,"Dominant LUHK land-use assigned by majority overlap between the pilot 10m grid cell and the LUHK 2024 10m raster. This step does not extract thermal temperatures, calculate delta-T, or run prediction. The current pilot stage is thermal-first: outputs are plotted on `_T.JPG` using thermal image geometry and `thermal_profile` assumptions when metadata does not provide FOV or sensor size. Visible `_V.JPG` overlays are deferred. The overlay remains an approximate first-pass visualization using the north-up rectangular footprint assumption.",100.0,"{""31"": 100.0}"
DJI_20260107143259_0005_T__thermal__r020_c008,20260107_Thermal_HKUST/DCIM/DJI_202601071424_001::DJI_20260107143259_0005,DJI_20260107143259_0005_V.JPG,DJI_20260107143259_0005_T.JPG,data/raw/hkust/20260107_Thermal_HKUST/DCIM/DJI_202601071424_001/DJI_20260107143259_0005_V.JPG,data/raw/hkust/20260107_Thermal_HKUST/DCIM/DJI_202601071424_001/DJI_20260107143259_0005_T.JPG,thermal,data/raw/hkust/20260107_Thermal_HKUST/DCIM/DJI_202601071424_001/DJI_20260107143259_0005_T.JPG,640,512,data/metadata/dji_image_metadata.csv,thermal_profile,EXIF/XMP focal length + focal_length_35mm-derived sensor size,12.0,52.0,35.99392244790114,29.13650161648791,7.79666547283578,6.237332378268624,derived from EXIF/XMP focal_length_35mm and target image aspect,399.28,True,20,8,845123.9326202362,845133.9326202362,822236.525865373,822246.525865373,845128.9326202362,822241.525865373,22.339222184235275,114.26289043394627,10.0,10.0,100.0,False,3,GIC / open space,1.0,,,0.0,high_confidence,"Dominant LUHK land-use assigned by majority overlap between the pilot 10m grid cell and the LUHK 2024 10m raster. This step does not extract thermal temperatures, calculate delta-T, or run prediction. The current pilot stage is thermal-first: outputs are plotted on `_T.JPG` using thermal image geometry and `thermal_profile` assumptions when metadata does not provide FOV or sensor size. Visible `_V.JPG` overlays are deferred. The overlay remains an approximate first-pass visualization using the north-up rectangular footprint assumption.",100.0,"{""31"": 100.0}"
DJI_20260107143259_0005_T__thermal__r020_c009,20260107_Thermal_HKUST/DCIM/DJI_202601071424_001::DJI_20260107143259_0005,DJI_20260107143259_0005_V.JPG,DJI_20260107143259_0005_T.JPG,data/raw/hkust/20260107_Thermal_HKUST/DCIM/DJI_202601071424_001/DJI_20260107143259_0005_V.JPG,data/raw/hkust/20260107_Thermal_HKUST/DCIM/DJI_202601071424_001/DJI_20260107143259_0005_T.JPG,thermal,data/raw/hkust/20260107_Thermal_HKUST/DCIM/DJI_202601071424_001/DJI_20260107143259_0005_T.JPG,640,512,data/metadata/dji_image_metadata.csv,thermal_profile,EXIF/XMP focal length + focal_length_35mm-derived sensor size,12.0,52.0,35.99392244790114,29.13650161648791,7.79666547283578,6.237332378268624,derived from EXIF/XMP focal_length_35mm and target image aspect,399.28,True,20,9,845133.9326202362,845143.9326202362,822236.525865373,822246.525865373,845138.9326202362,822241.525865373,22.33922213264798,114.26298750724321,10.0,10.0,100.0,False,3,GIC / open space,1.0,,,0.0,high_confidence,"Dominant LUHK land-use assigned by majority overlap between the pilot 10m grid cell and the LUHK 2024 10m raster. This step does not extract thermal temperatures, calculate delta-T, or run prediction. The current pilot stage is thermal-first: outputs are plotted on `_T.JPG` using thermal image geometry and `thermal_profile` assumptions when metadata does not provide FOV or sensor size. Visible `_V.JPG` overlays are deferred. The overlay remains an approximate first-pass visualization using the north-up rectangular footprint assumption.",100.0,"{""31"": 100.0}"
DJI_20260107143259_0005_T__thermal__r020_c010,20260107_Thermal_HKUST/DCIM/DJI_202601071424_001::DJI_20260107143259_0005,DJI_20260107143259_0005_V.JPG,DJI_20260107143259_0005_T.JPG,data/raw/hkust/20260107_Thermal_HKUST/DCIM/DJI_202601071424_001/DJI_20260107143259_0005_V.JPG,data/raw/hkust/20260107_Thermal_HKUST/DCIM/DJI_202601071424_001/DJI_20260107143259_0005_T.JPG,thermal,data/raw/hkust/20260107_Thermal_HKUST/DCIM/DJI_202601071424_001/DJI_20260107143259_0005_T.JPG,640,512,data/metadata/dji_image_metadata.csv,thermal_profile,EXIF/XMP focal length + focal_length_35mm-derived sensor size,12.0,52.0,35.99392244790114,29.13650161648791,7.79666547283578,6.237332378268624,derived from EXIF/XMP focal_length_35mm and target image aspect,399.28,True,20,10,845143.9326202362,845153.9326202362,822236.525865373,822246.525865373,845148.9326202362,822241.525865373,22.339222081002518,114.26308458053988,10.0,10.0,100.0,False,3,GIC / open space,1.0,,,0.0,high_confidence,"Dominant LUHK land-use assigned by majority overlap between the pilot 10m grid cell and the LUHK 2024 10m raster. This step does not extract thermal temperatures, calculate delta-T, or run prediction. The current pilot stage is thermal-first: outputs are plotted on `_T.JPG` using thermal image geometry and `thermal_profile` assumptions when metadata does not provide FOV or sensor size. Visible `_V.JPG` overlays are deferred. The overlay remains an approximate first-pass visualization using the north-up rectangular footprint assumption.",100.0,"{""31"": 100.0}"
DJI_20260107143259_0005_T__thermal__r020_c011,20260107_Thermal_HKUST/DCIM/DJI_202601071424_001::DJI_20260107143259_0005,DJI_20260107143259_0005_V.JPG,DJI_20260107143259_0005_T.JPG,data/raw/hkust/20260107_Thermal_HKUST/DCIM/DJI_202601071424_001/DJI_20260107143259_0005_V.JPG,data/raw/hkust/20260107_Thermal_HKUST/DCIM/DJI_202601071424_001/DJI_20260107143259_0005_T.JPG,thermal,data/raw/hkust/20260107_Thermal_HKUST/DCIM/DJI_202601071424_001/DJI_20260107143259_0005_T.JPG,640,512,data/metadata/dji_image_metadata.csv,thermal_profile,EXIF/XMP focal length + focal_length_35mm-derived sensor size,12.0,52.0,35.99392244790114,29.13650161648791,7.79666547283578,6.237332378268624,derived from EXIF/XMP focal_length_35mm and target image aspect,399.28,True,20,11,845153.9326202362,845163.9326202362,822236.525865373,822246.525865373,845158.9326202362,822241.525865373,22.339222029298917,114.26318165383627,10.0,10.0,100.0,False,3,GIC / open space,1.0,,,0.0,high_confidence,"Dominant LUHK land-use assigned by majority overlap between the pilot 10m grid cell and the LUHK 2024 10m raster. This step does not extract thermal temperatures, calculate delta-T, or run prediction. The current pilot stage is thermal-first: outputs are plotted on `_T.JPG` using thermal image geometry and `thermal_profile` assumptions when metadata does not provide FOV or sensor size. Visible `_V.JPG` overlays are deferred. The overlay remains an approximate first-pass visualization using the north-up rectangular footprint assumption.",100.0,"{""31"": 100.0}"
DJI_20260107143259_0005_T__thermal__r020_c012,20260107_Thermal_HKUST/DCIM/DJI_202601071424_001::DJI_20260107143259_0005,DJI_20260107143259_0005_V.JPG,DJI_20260107143259_0005_T.JPG,data/raw/hkust/20260107_Thermal_HKUST/DCIM/DJI_202601071424_001/DJI_20260107143259_0005_V.JPG,data/raw/hkust/20260107_Thermal_HKUST/DCIM/DJI_202601071424_001/DJI_20260107143259_0005_T.JPG,thermal,data/raw/hkust/20260107_Thermal_HKUST/DCIM/DJI_202601071424_001/DJI_20260107143259_0005_T.JPG,640,512,data/metadata/dji_image_metadata.csv,thermal_profile,EXIF/XMP focal length + focal_length_35mm-derived sensor size,12.0,52.0,35.99392244790114,29.13650161648791,7.79666547283578,6.237332378268624,derived from EXIF/XMP focal_length_35mm and target image aspect,399.28,True,20,12,845163.9326202362,845173.9326202362,822236.525865373,822246.525865373,845168.9326202362,822241.525865373,22.339221977537143,114.26327872713239,10.0,10.0,100.0,False,3,GIC / open space,1.0,,,0.0,high_confidence,"Dominant LUHK land-use assigned by majority overlap between the pilot 10m grid cell and the LUHK 2024 10m raster. This step does not extract thermal temperatures, calculate delta-T, or run prediction. The current pilot stage is thermal-first: outputs are plotted on `_T.JPG` using thermal image geometry and `thermal_profile` assumptions when metadata does not provide FOV or sensor size. Visible `_V.JPG` overlays are deferred. The overlay remains an approximate first-pass visualization using the north-up rectangular footprint assumption.",100.0,"{""31"": 100.0}"
DJI_20260107143259_0005_T__thermal__r020_c013,20260107_Thermal_HKUST/DCIM/DJI_202601071424_001::DJI_20260107143259_0005,DJI_20260107143259_0005_V.JPG,DJI_20260107143259_0005_T.JPG,data/raw/hkust/20260107_Thermal_HKUST/DCIM/DJI_202601071424_001/DJI_20260107143259_0005_V.JPG,data/raw/hkust/20260107_Thermal_HKUST/DCIM/DJI_202601071424_001/DJI_20260107143259_0005_T.JPG,thermal,data/raw/hkust/20260107_Thermal_HKUST/DCIM/DJI_202601071424_001/DJI_20260107143259_0005_T.JPG,640,512,data/metadata/dji_image_metadata.csv,thermal_profile,EXIF/XMP focal length + focal_length_35mm-derived sensor size,12.0,52.0,35.99392244790114,29.13650161648791,7.79666547283578,6.237332378268624,derived from EXIF/XMP focal_length_35mm and target image aspect,399.28,True,20,13,845173.9326202362,845183.9326202362,822236.525865373,822246.525865373,845178.9326202362,822241.525865373,22.339221925717215,114.26337580042821,10.0,10.0,100.0,False,3,GIC / open space,1.0,,,0.0,high_confidence,"Dominant LUHK land-use assigned by majority overlap between the pilot 10m grid cell and the LUHK 2024 10m raster. This step does not extract thermal temperatures, calculate delta-T, or run prediction. The current pilot stage is thermal-first: outputs are plotted on `_T.JPG` using thermal image geometry and `thermal_profile` assumptions when metadata does not provide FOV or sensor size. Visible `_V.JPG` overlays are deferred. The overlay remains an approximate first-pass visualization using the north-up rectangular footprint assumption.",100.0,"{""31"": 100.0}"
DJI_20260107143259_0005_T__thermal__r020_c014,20260107_Thermal_HKUST/DCIM/DJI_202601071424_001::DJI_20260107143259_0005,DJI_20260107143259_0005_V.JPG,DJI_20260107143259_0005_T.JPG,data/raw/hkust/20260107_Thermal_HKUST/DCIM/DJI_202601071424_001/DJI_20260107143259_0005_V.JPG,data/raw/hkust/20260107_Thermal_HKUST/DCIM/DJI_202601071424_001/DJI_20260107143259_0005_T.JPG,thermal,data/raw/hkust/20260107_Thermal_HKUST/DCIM/DJI_202601071424_001/DJI_20260107143259_0005_T.JPG,640,512,data/metadata/dji_image_metadata.csv,thermal_profile,EXIF/XMP focal length + focal_length_35mm-derived sensor size,12.0,52.0,35.99392244790114,29.13650161648791,7.79666547283578,6.237332378268624,derived from EXIF/XMP focal_length_35mm and target image aspect,399.28,True,20,14,845183.9326202362,845193.9326202362,822236.525865373,822246.525865373,845188.9326202362,822241.525865373,22.339221873839126,114.26347287372374,10.0,10.0,100.0,False,3,GIC / open space,1.0,,,0.0,high_confidence,"Dominant LUHK land-use assigned by majority overlap between the pilot 10m grid cell and the LUHK 2024 10m raster. This step does not extract thermal temperatures, calculate delta-T, or run prediction. The current pilot stage is thermal-first: outputs are plotted on `_T.JPG` using thermal image geometry and `thermal_profile` assumptions when metadata does not provide FOV or sensor size. Visible `_V.JPG` overlays are deferred. The overlay remains an approximate first-pass visualization using the north-up rectangular footprint assumption.",100.0,"{""31"": 100.0}"
DJI_20260107143259_0005_T__thermal__r020_c015,20260107_Thermal_HKUST/DCIM/DJI_202601071424_001::DJI_20260107143259_0005,DJI_20260107143259_0005_V.JPG,DJI_20260107143259_0005_T.JPG,data/raw/hkust/20260107_Thermal_HKUST/DCIM/DJI_202601071424_001/DJI_20260107143259_0005_V.JPG,data/raw/hkust/20260107_Thermal_HKUST/DCIM/DJI_202601071424_001/DJI_20260107143259_0005_T.JPG,thermal,data/raw/hkust/20260107_Thermal_HKUST/DCIM/DJI_202601071424_001/DJI_20260107143259_0005_T.JPG,640,512,data/metadata/dji_image_metadata.csv,thermal_profile,EXIF/XMP focal length + focal_length_35mm-derived sensor size,12.0,52.0,35.99392244790114,29.13650161648791,7.79666547283578,6.237332378268624,derived from EXIF/XMP focal_length_35mm and target image aspect,399.28,True,20,15,845193.9326202362,845203.9326202362,822236.525865373,822246.525865373,845198.9326202362,822241.525865373,22.33922182190289,114.26356994701902,10.0,10.0,100.0,False,3,GIC / open space,1.0,,,0.0,high_confidence,"Dominant LUHK land-use assigned by majority overlap between the pilot 10m grid cell and the LUHK 2024 10m raster. This step does not extract thermal temperatures, calculate delta-T, or run prediction. The current pilot stage is thermal-first: outputs are plotted on `_T.JPG` using thermal image geometry and `thermal_profile` assumptions when metadata does not provide FOV or sensor size. Visible `_V.JPG` overlays are deferred. The overlay remains an approximate first-pass visualization using the north-up rectangular footprint assumption.",100.0,"{""31"": 100.0}"
DJI_20260107143259_0005_T__thermal__r020_c016,20260107_Thermal_HKUST/DCIM/DJI_202601071424_001::DJI_20260107143259_0005,DJI_20260107143259_0005_V.JPG,DJI_20260107143259_0005_T.JPG,data/raw/hkust/20260107_Thermal_HKUST/DCIM/DJI_202601071424_001/DJI_20260107143259_0005_V.JPG,data/raw/hkust/20260107_Thermal_HKUST/DCIM/DJI_202601071424_001/DJI_20260107143259_0005_T.JPG,thermal,data/raw/hkust/20260107_Thermal_HKUST/DCIM/DJI_202601071424_001/DJI_20260107143259_0005_T.JPG,640,512,data/metadata/dji_image_metadata.csv,thermal_profile,EXIF/XMP focal length + focal_length_35mm-derived sensor size,12.0,52.0,35.99392244790114,29.13650161648791,7.79666547283578,6.237332378268624,derived from EXIF/XMP focal_length_35mm and target image aspect,399.28,True,20,16,845203.9326202362,845213.9326202362,822236.525865373,822246.525865373,845208.9326202362,822241.525865373,22.339221769908498,114.26366702031402,10.0,10.0,100.0,False,3,GIC / open space,1.0,,,0.0,high_confidence,"Dominant LUHK land-use assigned by majority overlap between the pilot 10m grid cell and the LUHK 2024 10m raster. This step does not extract thermal temperatures, calculate delta-T, or run prediction. The current pilot stage is thermal-first: outputs are plotted on `_T.JPG` using thermal image geometry and `thermal_profile` assumptions when metadata does not provide FOV or sensor size. Visible `_V.JPG` overlays are deferred. The overlay remains an approximate first-pass visualization using the north-up rectangular footprint assumption.",100.0,"{""31"": 100.0}"
DJI_20260107143259_0005_T__thermal__r020_c017,20260107_Thermal_HKUST/DCIM/DJI_202601071424_001::DJI_20260107143259_0005,DJI_20260107143259_0005_V.JPG,DJI_20260107143259_0005_T.JPG,data/raw/hkust/20260107_Thermal_HKUST/DCIM/DJI_202601071424_001/DJI_20260107143259_0005_V.JPG,data/raw/hkust/20260107_Thermal_HKUST/DCIM/DJI_202601071424_001/DJI_20260107143259_0005_T.JPG,thermal,data/raw/hkust/20260107_Thermal_HKUST/DCIM/DJI_202601071424_001/DJI_20260107143259_0005_T.JPG,640,512,data/metadata/dji_image_metadata.csv,thermal_profile,EXIF/XMP focal length + focal_length_35mm-derived sensor size,12.0,52.0,35.99392244790114,29.13650161648791,7.79666547283578,6.237332378268624,derived from EXIF/XMP focal_length_35mm and target image aspect,399.28,True,20,17,845213.9326202362,845223.9326202362,822236.525865373,822246.525865373,845218.9326202362,822241.525865373,22.33922171785595,114.2637640936087,10.0,10.0,100.0,False,3,GIC / open space,1.0,,,0.0,high_confidence,"Dominant LUHK land-use assigned by majority overlap between the pilot 10m grid cell and the LUHK 2024 10m raster. This step does not extract thermal temperatures, calculate delta-T, or run prediction. The current pilot stage is thermal-first: outputs are plotted on `_T.JPG` using thermal image geometry and `thermal_profile` assumptions when metadata does not provide FOV or sensor size. Visible `_V.JPG` overlays are deferred. The overlay remains an approximate first-pass visualization using the north-up rectangular footprint assumption.",100.0,"{""31"": 100.0}"
DJI_20260107143259_0005_T__thermal__r020_c018,20260107_Thermal_HKUST/DCIM/DJI_202601071424_001::DJI_20260107143259_0005,DJI_20260107143259_0005_V.JPG,DJI_20260107143259_0005_T.JPG,data/raw/hkust/20260107_Thermal_HKUST/DCIM/DJI_202601071424_001/DJI_20260107143259_0005_V.JPG,data/raw/hkust/20260107_Thermal_HKUST/DCIM/DJI_202601071424_001/DJI_20260107143259_0005_T.JPG,thermal,data/raw/hkust/20260107_Thermal_HKUST/DCIM/DJI_202601071424_001/DJI_20260107143259_0005_T.JPG,640,512,data/metadata/dji_image_metadata.csv,thermal_profile,EXIF/XMP focal length + focal_length_35mm-derived sensor size,12.0,52.0,35.99392244790114,29.13650161648791,7.79666547283578,6.237332378268624,derived from EXIF/XMP focal_length_35mm and target image aspect,399.28,True,20,18,845223.9326202362,845233.9326202362,822236.525865373,822246.525865373,845228.9326202362,822241.525865373,22.339221665745246,114.26386116690313,10.0,10.0,100.0,False,3,GIC / open space,1.0,,,0.0,high_confidence,"Dominant LUHK land-use assigned by majority overlap between the pilot 10m grid cell and the LUHK 2024 10m raster. This step does not extract thermal temperatures, calculate delta-T, or run prediction. The current pilot stage is thermal-first: outputs are plotted on `_T.JPG` using thermal image geometry and `thermal_profile` assumptions when metadata does not provide FOV or sensor size. Visible `_V.JPG` overlays are deferred. The overlay remains an approximate first-pass visualization using the north-up rectangular footprint assumption.",100.0,"{""31"": 100.0}"
DJI_20260107143259_0005_T__thermal__r020_c019,20260107_Thermal_HKUST/DCIM/DJI_202601071424_001::DJI_20260107143259_0005,DJI_20260107143259_0005_V.JPG,DJI_20260107143259_0005_T.JPG,data/raw/hkust/20260107_Thermal_HKUST/DCIM/DJI_202601071424_001/DJI_20260107143259_0005_V.JPG,data/raw/hkust/20260107_Thermal_HKUST/DCIM/DJI_202601071424_001/DJI_20260107143259_0005_T.JPG,thermal,data/raw/hkust/20260107_Thermal_HKUST/DCIM/DJI_202601071424_001/DJI_20260107143259_0005_T.JPG,640,512,data/metadata/dji_image_metadata.csv,thermal_profile,EXIF/XMP focal length + focal_length_35mm-derived sensor size,12.0,52.0,35.99392244790114,29.13650161648791,7.79666547283578,6.237332378268624,derived from EXIF/XMP focal_length_35mm and target image aspect,399.28,True,20,19,845233.9326202362,845243.9326202362,822236.525865373,822246.525865373,845238.9326202362,822241.525865373,22.339221613576367,114.26395824019727,10.0,10.0,100.0,False,3,GIC / open space,1.0,,,0.0,high_confidence,"Dominant LUHK land-use assigned by majority overlap between the pilot 10m grid cell and the LUHK 2024 10m raster. This step does not extract thermal temperatures, calculate delta-T, or run prediction. The current pilot stage is thermal-first: outputs are plotted on `_T.JPG` using thermal image geometry and `thermal_profile` assumptions when metadata does not provide FOV or sensor size. Visible `_V.JPG` overlays are deferred. The overlay remains an approximate first-pass visualization using the north-up rectangular footprint assumption.",100.0,"{""31"": 100.0}"
DJI_20260107143259_0005_T__thermal__r020_c020,20260107_Thermal_HKUST/DCIM/DJI_202601071424_001::DJI_20260107143259_0005,DJI_20260107143259_0005_V.JPG,DJI_20260107143259_0005_T.JPG,data/raw/hkust/20260107_Thermal_HKUST/DCIM/DJI_202601071424_001/DJI_20260107143259_0005_V.JPG,data/raw/hkust/20260107_Thermal_HKUST/DCIM/DJI_202601071424_001/DJI_20260107143259_0005_T.JPG,thermal,data/raw/hkust/20260107_Thermal_HKUST/DCIM/DJI_202601071424_001/DJI_20260107143259_0005_T.JPG,640,512,data/metadata/dji_image_metadata.csv,thermal_profile,EXIF/XMP focal length + focal_length_35mm-derived sensor size,12.0,52.0,35.99392244790114,29.13650161648791,7.79666547283578,6.237332378268624,derived from EXIF/XMP focal_length_35mm and target image aspect,399.28,True,20,20,845243.9326202362,845253.9326202362,822236.525865373,822246.525865373,845248.9326202362,822241.525865373,22.33922156134934,114.2640553134911,10.0,10.0,100.0,False,3,GIC / open space,1.0,,,0.0,high_confidence,"Dominant LUHK land-use assigned by majority overlap between the pilot 10m grid cell and the LUHK 2024 10m raster. This step does not extract thermal temperatures, calculate delta-T, or run prediction. The current pilot stage is thermal-first: outputs are plotted on `_T.JPG` using thermal image geometry and `thermal_profile` assumptions when metadata does not provide FOV or sensor size. Visible `_V.JPG` overlays are deferred. The overlay remains an approximate first-pass visualization using the north-up rectangular footprint assumption.",100.0,"{""31"": 100.0}"
DJI_20260107143259_0005_T__thermal__r020_c021,20260107_Thermal_HKUST/DCIM/DJI_202601071424_001::DJI_20260107143259_0005,DJI_20260107143259_0005_V.JPG,DJI_20260107143259_0005_T.JPG,data/raw/hkust/20260107_Thermal_HKUST/DCIM/DJI_202601071424_001/DJI_20260107143259_0005_V.JPG,data/raw/hkust/20260107_Thermal_HKUST/DCIM/DJI_202601071424_001/DJI_20260107143259_0005_T.JPG,thermal,data/raw/hkust/20260107_Thermal_HKUST/DCIM/DJI_202601071424_001/DJI_20260107143259_0005_T.JPG,640,512,data/metadata/dji_image_metadata.csv,thermal_profile,EXIF/XMP focal length + focal_length_35mm-derived sensor size,12.0,52.0,35.99392244790114,29.13650161648791,7.79666547283578,6.237332378268624,derived from EXIF/XMP focal_length_35mm and target image aspect,399.28,True,20,21,845253.9326202362,845263.9326202362,822236.525865373,822246.525865373,845258.9326202362,822241.525865373,22.339221509064163,114.26415238678469,10.0,10.0,100.0,False,3,GIC / open space,1.0,,,0.0,high_confidence,"Dominant LUHK land-use assigned by majority overlap between the pilot 10m grid cell and the LUHK 2024 10m raster. This step does not extract thermal temperatures, calculate delta-T, or run prediction. The current pilot stage is thermal-first: outputs are plotted on `_T.JPG` using thermal image geometry and `thermal_profile` assumptions when metadata does not provide FOV or sensor size. Visible `_V.JPG` overlays are deferred. The overlay remains an approximate first-pass visualization using the north-up rectangular footprint assumption.",100.0,"{""31"": 100.0}"
DJI_20260107143259_0005_T__thermal__r020_c022,20260107_Thermal_HKUST/DCIM/DJI_202601071424_001::DJI_20260107143259_0005,DJI_20260107143259_0005_V.JPG,DJI_20260107143259_0005_T.JPG,data/raw/hkust/20260107_Thermal_HKUST/DCIM/DJI_202601071424_001/DJI_20260107143259_0005_V.JPG,data/raw/hkust/20260107_Thermal_HKUST/DCIM/DJI_202601071424_001/DJI_20260107143259_0005_T.JPG,thermal,data/raw/hkust/20260107_Thermal_HKUST/DCIM/DJI_202601071424_001/DJI_20260107143259_0005_T.JPG,640,512,data/metadata/dji_image_metadata.csv,thermal_profile,EXIF/XMP focal length + focal_length_35mm-derived sensor size,12.0,52.0,35.99392244790114,29.13650161648791,7.79666547283578,6.237332378268624,derived from EXIF/XMP focal_length_35mm and target image aspect,399.28,True,20,22,845263.9326202362,845273.9326202362,822236.525865373,822246.525865373,845268.9326202362,822241.525865373,22.33922145672082,114.26424946007795,10.0,10.0,100.0,False,3,GIC / open space,1.0,,,0.0,high_confidence,"Dominant LUHK land-use assigned by majority overlap between the pilot 10m grid cell and the LUHK 2024 10m raster. This step does not extract thermal temperatures, calculate delta-T, or run prediction. The current pilot stage is thermal-first: outputs are plotted on `_T.JPG` using thermal image geometry and `thermal_profile` assumptions when metadata does not provide FOV or sensor size. Visible `_V.JPG` overlays are deferred. The overlay remains an approximate first-pass visualization using the north-up rectangular footprint assumption.",100.0,"{""31"": 100.0}"
DJI_20260107143259_0005_T__thermal__r020_c023,20260107_Thermal_HKUST/DCIM/DJI_202601071424_001::DJI_20260107143259_0005,DJI_20260107143259_0005_V.JPG,DJI_20260107143259_0005_T.JPG,data/raw/hkust/20260107_Thermal_HKUST/DCIM/DJI_202601071424_001/DJI_20260107143259_0005_V.JPG,data/raw/hkust/20260107_Thermal_HKUST/DCIM/DJI_202601071424_001/DJI_20260107143259_0005_T.JPG,thermal,data/raw/hkust/20260107_Thermal_HKUST/DCIM/DJI_202601071424_001/DJI_20260107143259_0005_T.JPG,640,512,data/metadata/dji_image_metadata.csv,thermal_profile,EXIF/XMP focal length + focal_length_35mm-derived sensor size,12.0,52.0,35.99392244790114,29.13650161648791,7.79666547283578,6.237332378268624,derived from EXIF/XMP focal_length_35mm and target image aspect,399.28,True,20,23,845273.9326202362,845283.9326202362,822236.525865373,822246.525865373,845278.9326202362,822241.525865373,22.33922140431933,114.26434653337094,10.0,10.0,100.0,False,3,GIC / open space,1.0,,,0.0,high_confidence,"Dominant LUHK land-use assigned by majority overlap between the pilot 10m grid cell and the LUHK 2024 10m raster. This step does not extract thermal temperatures, calculate delta-T, or run prediction. The current pilot stage is thermal-first: outputs are plotted on `_T.JPG` using thermal image geometry and `thermal_profile` assumptions when metadata does not provide FOV or sensor size. Visible `_V.JPG` overlays are deferred. The overlay remains an approximate first-pass visualization using the north-up rectangular footprint assumption.",100.0,"{""31"": 100.0}"
DJI_20260107143259_0005_T__thermal__r020_c024,20260107_Thermal_HKUST/DCIM/DJI_202601071424_001::DJI_20260107143259_0005,DJI_20260107143259_0005_V.JPG,DJI_20260107143259_0005_T.JPG,data/raw/hkust/20260107_Thermal_HKUST/DCIM/DJI_202601071424_001/DJI_20260107143259_0005_V.JPG,data/raw/hkust/20260107_Thermal_HKUST/DCIM/DJI_202601071424_001/DJI_20260107143259_0005_T.JPG,thermal,data/raw/hkust/20260107_Thermal_HKUST/DCIM/DJI_202601071424_001/DJI_20260107143259_0005_T.JPG,640,512,data/metadata/dji_image_metadata.csv,thermal_profile,EXIF/XMP focal length + focal_length_35mm-derived sensor size,12.0,52.0,35.99392244790114,29.13650161648791,7.79666547283578,6.237332378268624,derived from EXIF/XMP focal_length_35mm and target image aspect,399.28,True,20,24,845283.9326202362,845293.9326202362,822236.525865373,822246.525865373,845288.9326202362,822241.525865373,22.339221351859685,114.26444360666368,10.0,10.0,100.0,False,3,GIC / open space,1.0,,,0.0,high_confidence,"Dominant LUHK land-use assigned by majority overlap between the pilot 10m grid cell and the LUHK 2024 10m raster. This step does not extract thermal temperatures, calculate delta-T, or run prediction. The current pilot stage is thermal-first: outputs are plotted on `_T.JPG` using thermal image geometry and `thermal_profile` assumptions when metadata does not provide FOV or sensor size. Visible `_V.JPG` overlays are deferred. The overlay remains an approximate first-pass visualization using the north-up rectangular footprint assumption.",100.0,"{""31"": 100.0}"
DJI_20260107143259_0005_T__thermal__r020_c025,20260107_Thermal_HKUST/DCIM/DJI_202601071424_001::DJI_20260107143259_0005,DJI_20260107143259_0005_V.JPG,DJI_20260107143259_0005_T.JPG,data/raw/hkust/20260107_Thermal_HKUST/DCIM/DJI_202601071424_001/DJI_20260107143259_0005_V.JPG,data/raw/hkust/20260107_Thermal_HKUST/DCIM/DJI_202601071424_001/DJI_20260107143259_0005_T.JPG,thermal,data/raw/hkust/20260107_Thermal_HKUST/DCIM/DJI_202601071424_001/DJI_20260107143259_0005_T.JPG,640,512,data/metadata/dji_image_metadata.csv,thermal_profile,EXIF/XMP focal length + focal_length_35mm-derived sensor size,12.0,52.0,35.99392244790114,29.13650161648791,7.79666547283578,6.237332378268624,derived from EXIF/XMP focal_length_35mm and target image aspect,399.28,True,20,25,845293.9326202362,845303.3536694024,822236.525865373,822246.525865373,845298.6431448193,822241.525865373,22.33922130086295,114.26453786992292,9.421049166237935,10.0,94.21049166237935,True,3,GIC / open space,1.0,,,0.0,high_confidence,"Dominant LUHK land-use assigned by majority overlap between the pilot 10m grid cell and the LUHK 2024 10m raster. This step does not extract thermal temperatures, calculate delta-T, or run prediction. The current pilot stage is thermal-first: outputs are plotted on `_T.JPG` using thermal image geometry and `thermal_profile` assumptions when metadata does not provide FOV or sensor size. Visible `_V.JPG` overlays are deferred. The overlay remains an approximate first-pass visualization using the north-up rectangular footprint assumption.",94.21049166237935,"{""31"": 94.21049166237935}"
