source_report,report_entry_index,image_name,image_id,ambient_parse_status,ambient_temperature_c,reflected_temperature_c,distance_m,emissivity,humidity_percent,humidity_use_status,report_capture_datetime,created_time,modified_time,gps_latitude_report,gps_longitude_report,camera_model_report,serial_number_report,focal_length_report,aperture_report,image_width_report,image_height_report,is_part_b_pilot,part_b_selection_rank,metadata_match_status,pair_id,location,dataset_folder,capture_date,t_path,v_path,metadata_capture_datetime,metadata_gps_latitude,metadata_gps_longitude,raw_parameter_text
data/local_external/tat3_reports/raw/combined_report__2026_07_15_22_43_23.docx,1,DJI_20260107142534_0001_T.JPG,DJI_20260107142534_0001,ok,16.4,16.4,5.0,0.95,50.0,not_used_unreliable_tat3_export,2026-01-07 14:25:34,2026/01/07 14:25:34,2026/01/07 14:25:34,22.338943,114.26404,M4T,1581F7K3C257S00DV7D3,12.0 mm,f/1.0,640,512,False,,vt_pair,20260107_Thermal_HKUST/DCIM/DJI_202601071424_001::DJI_20260107142534_0001,HKUST,20260107_Thermal_HKUST,2026-01-07,data/raw/HKUST/20260107_Thermal_HKUST/DCIM/DJI_202601071424_001/DJI_20260107142534_0001_T.JPG,data/raw/HKUST/20260107_Thermal_HKUST/DCIM/DJI_202601071424_001/DJI_20260107142534_0001_V.JPG,2026-01-07 14:25:34,22.33894444444444,114.2640416666667,"DJI_20260107142534_0001_T.JPG
DJI_20260107142534_0001_T.JPG
2026/01/07 14:25:34
参数
距离
5 m
空气湿度
50%
发射率
0.95
反射温度
16.4℃
环境温度
16.4℃
图像信息
设备型号
M4T
序列号
1581F7K3C257S00DV7D3
焦距
12.0 mm
光圈
f/1.0
宽度
640
高度
512
创建时间
2026/01/07 14:25:34
修改时间
2026/01/07 14:25:34
经纬度
22.338943, 114.264040
文本注释"
data/local_external/tat3_reports/raw/combined_report__2026_07_15_22_43_23.docx,2,DJI_20260107142623_0003_T.JPG,DJI_20260107142623_0003,ok,16.7,16.7,5.0,0.95,50.0,not_used_unreliable_tat3_export,2026-01-07 14:26:23,2026/01/07 14:26:23,2026/01/07 14:26:23,22.339153,114.263854,M4T,1581F7K3C257S00DV7D3,12.0 mm,f/1.0,640,512,False,,vt_pair,20260107_Thermal_HKUST/DCIM/DJI_202601071424_001::DJI_20260107142623_0003,HKUST,20260107_Thermal_HKUST,2026-01-07,data/raw/HKUST/20260107_Thermal_HKUST/DCIM/DJI_202601071424_001/DJI_20260107142623_0003_T.JPG,data/raw/HKUST/20260107_Thermal_HKUST/DCIM/DJI_202601071424_001/DJI_20260107142623_0003_V.JPG,2026-01-07 14:26:23,22.33915277777778,114.2638555555556,"DJI_20260107142623_0003_T.JPG
DJI_20260107142623_0003_T.JPG
2026/01/07 14:26:23
参数
距离
5 m
空气湿度
50%
发射率
0.95
反射温度
16.7℃
环境温度
16.7℃
图像信息
设备型号
M4T
序列号
1581F7K3C257S00DV7D3
焦距
12.0 mm
光圈
f/1.0
宽度
640
高度
512
创建时间
2026/01/07 14:26:23
修改时间
2026/01/07 14:26:23
经纬度
22.339153, 114.263854
文本注释"
data/local_external/tat3_reports/raw/combined_report__2026_07_15_22_43_23.docx,3,DJI_20260107143259_0005_T.JPG,DJI_20260107143259_0005,ok,11.0,11.0,5.0,0.95,50.0,not_used_unreliable_tat3_export,2026-01-07 14:32:59,2026/01/07 14:32:59,2026/01/07 14:32:59,22.340113,114.263324,M4T,1581F7K3C257S00DV7D3,12.0 mm,f/1.0,640,512,True,1,part_b_pilot_pair,20260107_Thermal_HKUST/DCIM/DJI_202601071424_001::DJI_20260107143259_0005,HKUST,20260107_Thermal_HKUST,2026-01-07,data/raw/HKUST/20260107_Thermal_HKUST/DCIM/DJI_202601071424_001/DJI_20260107143259_0005_T.JPG,data/raw/HKUST/20260107_Thermal_HKUST/DCIM/DJI_202601071424_001/DJI_20260107143259_0005_V.JPG,2026-01-07 14:32:59,22.34011388888889,114.263325,"DJI_20260107143259_0005_T.JPG
DJI_20260107143259_0005_T.JPG
2026/01/07 14:32:59
参数
距离
5 m
空气湿度
50%
发射率
0.95
反射温度
11.0℃
环境温度
11.0℃
图像信息
设备型号
M4T
序列号
1581F7K3C257S00DV7D3
焦距
12.0 mm
光圈
f/1.0
宽度
640
高度
512
创建时间
2026/01/07 14:32:59
修改时间
2026/01/07 14:32:59
经纬度
22.340113, 114.263324
文本注释"
data/local_external/tat3_reports/raw/combined_report__2026_07_15_22_43_23.docx,4,DJI_20260107143312_0006_T.JPG,DJI_20260107143312_0006,ok,10.6,10.6,5.0,0.95,50.0,not_used_unreliable_tat3_export,2026-01-07 14:33:12,2026/01/07 14:33:12,2026/01/07 14:33:12,22.339482,114.263315,M4T,1581F7K3C257S00DV7D3,12.0 mm,f/1.0,640,512,False,,vt_pair,20260107_Thermal_HKUST/DCIM/DJI_202601071424_001::sample_0006,HKUST,20260107_Thermal_HKUST,2026-01-07,data/raw/HKUST/20260107_Thermal_HKUST/DCIM/DJI_202601071424_001/DJI_20260107143312_0006_T.JPG,data/raw/HKUST/20260107_Thermal_HKUST/DCIM/DJI_202601071424_001/DJI_20260107143311_0006_V.JPG,2026-01-07 14:33:12,22.33948055555556,114.2633138888889,"DJI_20260107143312_0006_T.JPG
DJI_20260107143312_0006_T.JPG
2026/01/07 14:33:12
参数
距离
5 m
空气湿度
50%
发射率
0.95
反射温度
10.6℃
环境温度
10.6℃
图像信息
设备型号
M4T
序列号
1581F7K3C257S00DV7D3
焦距
12.0 mm
光圈
f/1.0
宽度
640
高度
512
创建时间
2026/01/07 14:33:12
修改时间
2026/01/07 14:33:12
经纬度
22.339482, 114.263315
文本注释"
data/local_external/tat3_reports/raw/combined_report__2026_07_15_22_43_23.docx,5,DJI_20260107143320_0007_T.JPG,DJI_20260107143320_0007,ok,10.6,10.6,5.0,0.95,50.0,not_used_unreliable_tat3_export,2026-01-07 14:33:20,2026/01/07 14:33:20,2026/01/07 14:33:20,22.338782,114.263306,M4T,1581F7K3C257S00DV7D3,12.0 mm,f/1.0,640,512,True,2,part_b_pilot_pair,20260107_Thermal_HKUST/DCIM/DJI_202601071424_001::DJI_20260107143320_0007,HKUST,20260107_Thermal_HKUST,2026-01-07,data/raw/HKUST/20260107_Thermal_HKUST/DCIM/DJI_202601071424_001/DJI_20260107143320_0007_T.JPG,data/raw/HKUST/20260107_Thermal_HKUST/DCIM/DJI_202601071424_001/DJI_20260107143320_0007_V.JPG,2026-01-07 14:33:20,22.33878333333333,114.2633055555556,"DJI_20260107143320_0007_T.JPG
DJI_20260107143320_0007_T.JPG
2026/01/07 14:33:20
参数
距离
5 m
空气湿度
50%
发射率
0.95
反射温度
10.6℃
环境温度
10.6℃
图像信息
设备型号
M4T
序列号
1581F7K3C257S00DV7D3
焦距
12.0 mm
光圈
f/1.0
宽度
640
高度
512
创建时间
2026/01/07 14:33:20
修改时间
2026/01/07 14:33:20
经纬度
22.338782, 114.263306
文本注释"
data/local_external/tat3_reports/raw/combined_report__2026_07_15_22_43_23.docx,6,DJI_20260107143328_0008_T.JPG,DJI_20260107143328_0008,ok,10.5,10.5,5.0,0.95,50.0,not_used_unreliable_tat3_export,2026-01-07 14:33:28,2026/01/07 14:33:28,2026/01/07 14:33:28,22.338367,114.263299,M4T,1581F7K3C257S00DV7D3,12.0 mm,f/1.0,640,512,True,3,part_b_pilot_pair,20260107_Thermal_HKUST/DCIM/DJI_202601071424_001::DJI_20260107143328_0008,HKUST,20260107_Thermal_HKUST,2026-01-07,data/raw/HKUST/20260107_Thermal_HKUST/DCIM/DJI_202601071424_001/DJI_20260107143328_0008_T.JPG,data/raw/HKUST/20260107_Thermal_HKUST/DCIM/DJI_202601071424_001/DJI_20260107143328_0008_V.JPG,2026-01-07 14:33:28,22.33836666666667,114.2633,"DJI_20260107143328_0008_T.JPG
DJI_20260107143328_0008_T.JPG
2026/01/07 14:33:28
参数
距离
5 m
空气湿度
50%
发射率
0.95
反射温度
10.5℃
环境温度
10.5℃
图像信息
设备型号
M4T
序列号
1581F7K3C257S00DV7D3
焦距
12.0 mm
光圈
f/1.0
宽度
640
高度
512
创建时间
2026/01/07 14:33:28
修改时间
2026/01/07 14:33:28
经纬度
22.338367, 114.263299
文本注释"
data/local_external/tat3_reports/raw/combined_report__2026_07_15_22_43_23.docx,7,DJI_20260107143344_0009_T.JPG,DJI_20260107143344_0009,ok,9.9,9.9,5.0,0.95,50.0,not_used_unreliable_tat3_export,2026-01-07 14:33:44,2026/01/07 14:33:44,2026/01/07 14:33:44,22.337699,114.26329,M4T,1581F7K3C257S00DV7D3,12.0 mm,f/1.0,640,512,True,4,part_b_pilot_pair,20260107_Thermal_HKUST/DCIM/DJI_202601071424_001::DJI_20260107143344_0009,HKUST,20260107_Thermal_HKUST,2026-01-07,data/raw/HKUST/20260107_Thermal_HKUST/DCIM/DJI_202601071424_001/DJI_20260107143344_0009_T.JPG,data/raw/HKUST/20260107_Thermal_HKUST/DCIM/DJI_202601071424_001/DJI_20260107143344_0009_V.JPG,2026-01-07 14:33:44,22.3377,114.2632888888889,"DJI_20260107143344_0009_T.JPG
DJI_20260107143344_0009_T.JPG
2026/01/07 14:33:44
参数
距离
5 m
空气湿度
50%
发射率
0.95
反射温度
9.9℃
环境温度
9.9℃
图像信息
设备型号
M4T
序列号
1581F7K3C257S00DV7D3
焦距
12.0 mm
光圈
f/1.0
宽度
640
高度
512
创建时间
2026/01/07 14:33:44
修改时间
2026/01/07 14:33:44
经纬度
22.337699, 114.263290
文本注释"
data/local_external/tat3_reports/raw/combined_report__2026_07_15_22_43_23.docx,8,DJI_20260107143353_0010_T.JPG,DJI_20260107143353_0010,ok,9.8,9.8,5.0,0.95,50.0,not_used_unreliable_tat3_export,2026-01-07 14:33:53,2026/01/07 14:33:53,2026/01/07 14:33:53,22.337249,114.263281,M4T,1581F7K3C257S00DV7D3,12.0 mm,f/1.0,640,512,False,,vt_pair,20260107_Thermal_HKUST/DCIM/DJI_202601071424_001::sample_0010,HKUST,20260107_Thermal_HKUST,2026-01-07,data/raw/HKUST/20260107_Thermal_HKUST/DCIM/DJI_202601071424_001/DJI_20260107143353_0010_T.JPG,data/raw/HKUST/20260107_Thermal_HKUST/DCIM/DJI_202601071424_001/DJI_20260107143352_0010_V.JPG,2026-01-07 14:33:53,22.33725,114.2632805555556,"DJI_20260107143353_0010_T.JPG
DJI_20260107143353_0010_T.JPG
2026/01/07 14:33:53
参数
距离
5 m
空气湿度
50%
发射率
0.95
反射温度
9.8℃
环境温度
9.8℃
图像信息
设备型号
M4T
序列号
1581F7K3C257S00DV7D3
焦距
12.0 mm
光圈
f/1.0
宽度
640
高度
512
创建时间
2026/01/07 14:33:53
修改时间
2026/01/07 14:33:53
经纬度
22.337249, 114.263281
文本注释"
data/local_external/tat3_reports/raw/combined_report__2026_07_15_22_43_23.docx,9,DJI_20260107143401_0011_T.JPG,DJI_20260107143401_0011,ok,9.9,9.9,5.0,0.95,50.0,not_used_unreliable_tat3_export,2026-01-07 14:34:01,2026/01/07 14:34:01,2026/01/07 14:34:01,22.336646,114.263273,M4T,1581F7K3C257S00DV7D3,12.0 mm,f/1.0,640,512,True,5,part_b_pilot_pair,20260107_Thermal_HKUST/DCIM/DJI_202601071424_001::DJI_20260107143401_0011,HKUST,20260107_Thermal_HKUST,2026-01-07,data/raw/HKUST/20260107_Thermal_HKUST/DCIM/DJI_202601071424_001/DJI_20260107143401_0011_T.JPG,data/raw/HKUST/20260107_Thermal_HKUST/DCIM/DJI_202601071424_001/DJI_20260107143401_0011_V.JPG,2026-01-07 14:34:01,22.33664722222223,114.2632722222222,"DJI_20260107143401_0011_T.JPG
DJI_20260107143401_0011_T.JPG
2026/01/07 14:34:01
参数
距离
5 m
空气湿度
50%
发射率
0.95
反射温度
9.9℃
环境温度
9.9℃
图像信息
设备型号
M4T
序列号
1581F7K3C257S00DV7D3
焦距
12.0 mm
光圈
f/1.0
宽度
640
高度
512
创建时间
2026/01/07 14:34:01
修改时间
2026/01/07 14:34:01
经纬度
22.336646, 114.263273
文本注释"
data/local_external/tat3_reports/raw/combined_report__2026_07_15_22_43_23.docx,10,DJI_20260107143409_0012_T.JPG,DJI_20260107143409_0012,ok,10.1,10.1,5.0,0.95,50.0,not_used_unreliable_tat3_export,2026-01-07 14:34:09,2026/01/07 14:34:09,2026/01/07 14:34:09,22.336194,114.263266,M4T,1581F7K3C257S00DV7D3,12.0 mm,f/1.0,640,512,False,,vt_pair,20260107_Thermal_HKUST/DCIM/DJI_202601071424_001::DJI_20260107143409_0012,HKUST,20260107_Thermal_HKUST,2026-01-07,data/raw/HKUST/20260107_Thermal_HKUST/DCIM/DJI_202601071424_001/DJI_20260107143409_0012_T.JPG,data/raw/HKUST/20260107_Thermal_HKUST/DCIM/DJI_202601071424_001/DJI_20260107143409_0012_V.JPG,2026-01-07 14:34:09,22.33619444444444,114.2632666666667,"DJI_20260107143409_0012_T.JPG
DJI_20260107143409_0012_T.JPG
2026/01/07 14:34:09
参数
距离
5 m
空气湿度
50%
发射率
0.95
反射温度
10.1℃
环境温度
10.1℃
图像信息
设备型号
M4T
序列号
1581F7K3C257S00DV7D3
焦距
12.0 mm
光圈
f/1.0
宽度
640
高度
512
创建时间
2026/01/07 14:34:09
修改时间
2026/01/07 14:34:09
经纬度
22.336194, 114.263266
文本注释"
data/local_external/tat3_reports/raw/combined_report__2026_07_15_22_43_23.docx,11,DJI_20260107143416_0013_T.JPG,DJI_20260107143416_0013,ok,10.3,10.3,5.0,0.95,50.0,not_used_unreliable_tat3_export,2026-01-07 14:34:16,2026/01/07 14:34:16,2026/01/07 14:34:16,22.335658,114.263259,M4T,1581F7K3C257S00DV7D3,12.0 mm,f/1.0,640,512,False,,vt_pair,20260107_Thermal_HKUST/DCIM/DJI_202601071424_001::DJI_20260107143416_0013,HKUST,20260107_Thermal_HKUST,2026-01-07,data/raw/HKUST/20260107_Thermal_HKUST/DCIM/DJI_202601071424_001/DJI_20260107143416_0013_T.JPG,data/raw/HKUST/20260107_Thermal_HKUST/DCIM/DJI_202601071424_001/DJI_20260107143416_0013_V.JPG,2026-01-07 14:34:16,22.33565833333333,114.2632583333333,"DJI_20260107143416_0013_T.JPG
DJI_20260107143416_0013_T.JPG
2026/01/07 14:34:16
参数
距离
5 m
空气湿度
50%
发射率
0.95
反射温度
10.3℃
环境温度
10.3℃
图像信息
设备型号
M4T
序列号
1581F7K3C257S00DV7D3
焦距
12.0 mm
光圈
f/1.0
宽度
640
高度
512
创建时间
2026/01/07 14:34:16
修改时间
2026/01/07 14:34:16
经纬度
22.335658, 114.263259
文本注释"
data/local_external/tat3_reports/raw/combined_report__2026_07_15_22_43_23.docx,12,DJI_20260107143418_0014_T.JPG,DJI_20260107143418_0014,ok,10.3,10.3,5.0,0.95,50.0,not_used_unreliable_tat3_export,2026-01-07 14:34:18,2026/01/07 14:34:18,2026/01/07 14:34:18,22.335641,114.263259,M4T,1581F7K3C257S00DV7D3,12.0 mm,f/1.0,640,512,False,,vt_pair,20260107_Thermal_HKUST/DCIM/DJI_202601071424_001::DJI_20260107143418_0014,HKUST,20260107_Thermal_HKUST,2026-01-07,data/raw/HKUST/20260107_Thermal_HKUST/DCIM/DJI_202601071424_001/DJI_20260107143418_0014_T.JPG,data/raw/HKUST/20260107_Thermal_HKUST/DCIM/DJI_202601071424_001/DJI_20260107143418_0014_V.JPG,2026-01-07 14:34:18,22.33564166666666,114.2632583333333,"DJI_20260107143418_0014_T.JPG
DJI_20260107143418_0014_T.JPG
2026/01/07 14:34:18
参数
距离
5 m
空气湿度
50%
发射率
0.95
反射温度
10.3℃
环境温度
10.3℃
图像信息
设备型号
M4T
序列号
1581F7K3C257S00DV7D3
焦距
12.0 mm
光圈
f/1.0
宽度
640
高度
512
创建时间
2026/01/07 14:34:18
修改时间
2026/01/07 14:34:18
经纬度
22.335641, 114.263259
文本注释"
data/local_external/tat3_reports/raw/combined_report__2026_07_15_22_43_23.docx,13,DJI_20260107143426_0015_T.JPG,DJI_20260107143426_0015,ok,10.4,10.4,5.0,0.95,50.0,not_used_unreliable_tat3_export,2026-01-07 14:34:26,2026/01/07 14:34:26,2026/01/07 14:34:26,22.335066,114.263252,M4T,1581F7K3C257S00DV7D3,12.0 mm,f/1.0,640,512,False,,vt_pair,20260107_Thermal_HKUST/DCIM/DJI_202601071424_001::DJI_20260107143426_0015,HKUST,20260107_Thermal_HKUST,2026-01-07,data/raw/HKUST/20260107_Thermal_HKUST/DCIM/DJI_202601071424_001/DJI_20260107143426_0015_T.JPG,data/raw/HKUST/20260107_Thermal_HKUST/DCIM/DJI_202601071424_001/DJI_20260107143426_0015_V.JPG,2026-01-07 14:34:26,22.33506666666666,114.2632527777778,"DJI_20260107143426_0015_T.JPG
DJI_20260107143426_0015_T.JPG
2026/01/07 14:34:26
参数
距离
5 m
空气湿度
50%
发射率
0.95
反射温度
10.4℃
环境温度
10.4℃
图像信息
设备型号
M4T
序列号
1581F7K3C257S00DV7D3
焦距
12.0 mm
光圈
f/1.0
宽度
640
高度
512
创建时间
2026/01/07 14:34:26
修改时间
2026/01/07 14:34:26
经纬度
22.335066, 114.263252
文本注释"
data/local_external/tat3_reports/raw/combined_report__2026_07_15_22_43_23.docx,14,DJI_20260107143435_0016_T.JPG,DJI_20260107143435_0016,ok,10.4,10.4,5.0,0.95,50.0,not_used_unreliable_tat3_export,2026-01-07 14:34:35,2026/01/07 14:34:35,2026/01/07 14:34:35,22.334392,114.263241,M4T,1581F7K3C257S00DV7D3,12.0 mm,f/1.0,640,512,False,,vt_pair,20260107_Thermal_HKUST/DCIM/DJI_202601071424_001::DJI_20260107143435_0016,HKUST,20260107_Thermal_HKUST,2026-01-07,data/raw/HKUST/20260107_Thermal_HKUST/DCIM/DJI_202601071424_001/DJI_20260107143435_0016_T.JPG,data/raw/HKUST/20260107_Thermal_HKUST/DCIM/DJI_202601071424_001/DJI_20260107143435_0016_V.JPG,2026-01-07 14:34:35,22.33439166666667,114.2632416666667,"DJI_20260107143435_0016_T.JPG
DJI_20260107143435_0016_T.JPG
2026/01/07 14:34:35
参数
距离
5 m
空气湿度
50%
发射率
0.95
反射温度
10.4℃
环境温度
10.4℃
图像信息
设备型号
M4T
序列号
1581F7K3C257S00DV7D3
焦距
12.0 mm
光圈
f/1.0
宽度
640
高度
512
创建时间
2026/01/07 14:34:35
修改时间
2026/01/07 14:34:35
经纬度
22.334392, 114.263241
文本注释"
data/local_external/tat3_reports/raw/combined_report__2026_07_15_22_43_23.docx,15,DJI_20260107143443_0017_T.JPG,DJI_20260107143443_0017,ok,10.6,10.6,5.0,0.95,50.0,not_used_unreliable_tat3_export,2026-01-07 14:34:43,2026/01/07 14:34:43,2026/01/07 14:34:43,22.33387,114.263233,M4T,1581F7K3C257S00DV7D3,12.0 mm,f/1.0,640,512,False,,vt_pair,20260107_Thermal_HKUST/DCIM/DJI_202601071424_001::DJI_20260107143443_0017,HKUST,20260107_Thermal_HKUST,2026-01-07,data/raw/HKUST/20260107_Thermal_HKUST/DCIM/DJI_202601071424_001/DJI_20260107143443_0017_T.JPG,data/raw/HKUST/20260107_Thermal_HKUST/DCIM/DJI_202601071424_001/DJI_20260107143443_0017_V.JPG,2026-01-07 14:34:43,22.33386944444444,114.2632333333333,"DJI_20260107143443_0017_T.JPG
DJI_20260107143443_0017_T.JPG
2026/01/07 14:34:43
参数
距离
5 m
空气湿度
50%
发射率
0.95
反射温度
10.6℃
环境温度
10.6℃
图像信息
设备型号
M4T
序列号
1581F7K3C257S00DV7D3
焦距
12.0 mm
光圈
f/1.0
宽度
640
高度
512
创建时间
2026/01/07 14:34:43
修改时间
2026/01/07 14:34:43
经纬度
22.333870, 114.263233
文本注释"
data/local_external/tat3_reports/raw/combined_report__2026_07_15_22_43_23.docx,16,DJI_20260107143452_0018_T.JPG,DJI_20260107143452_0018,ok,10.6,10.6,5.0,0.95,50.0,not_used_unreliable_tat3_export,2026-01-07 14:34:52,2026/01/07 14:34:52,2026/01/07 14:34:52,22.333216,114.263226,M4T,1581F7K3C257S00DV7D3,12.0 mm,f/1.0,640,512,False,,vt_pair,20260107_Thermal_HKUST/DCIM/DJI_202601071424_001::DJI_20260107143452_0018,HKUST,20260107_Thermal_HKUST,2026-01-07,data/raw/HKUST/20260107_Thermal_HKUST/DCIM/DJI_202601071424_001/DJI_20260107143452_0018_T.JPG,data/raw/HKUST/20260107_Thermal_HKUST/DCIM/DJI_202601071424_001/DJI_20260107143452_0018_V.JPG,2026-01-07 14:34:52,22.33321666666667,114.263225,"DJI_20260107143452_0018_T.JPG
DJI_20260107143452_0018_T.JPG
2026/01/07 14:34:52
参数
距离
5 m
空气湿度
50%
发射率
0.95
反射温度
10.6℃
环境温度
10.6℃
图像信息
设备型号
M4T
序列号
1581F7K3C257S00DV7D3
焦距
12.0 mm
光圈
f/1.0
宽度
640
高度
512
创建时间
2026/01/07 14:34:52
修改时间
2026/01/07 14:34:52
经纬度
22.333216, 114.263226
文本注释"
data/local_external/tat3_reports/raw/combined_report__2026_07_15_22_43_23.docx,17,DJI_20260107143502_0019_T.JPG,DJI_20260107143502_0019,ok,10.8,10.8,5.0,0.95,50.0,not_used_unreliable_tat3_export,2026-01-07 14:35:02,2026/01/07 14:35:02,2026/01/07 14:35:02,22.333206,114.263916,M4T,1581F7K3C257S00DV7D3,12.0 mm,f/1.0,640,512,False,,vt_pair,20260107_Thermal_HKUST/DCIM/DJI_202601071424_001::sample_0019,HKUST,20260107_Thermal_HKUST,2026-01-07,data/raw/HKUST/20260107_Thermal_HKUST/DCIM/DJI_202601071424_001/DJI_20260107143502_0019_T.JPG,data/raw/HKUST/20260107_Thermal_HKUST/DCIM/DJI_202601071424_001/DJI_20260107143501_0019_V.JPG,2026-01-07 14:35:02,22.33320555555555,114.2639166666667,"DJI_20260107143502_0019_T.JPG
DJI_20260107143502_0019_T.JPG
2026/01/07 14:35:02
参数
距离
5 m
空气湿度
50%
发射率
0.95
反射温度
10.8℃
环境温度
10.8℃
图像信息
设备型号
M4T
序列号
1581F7K3C257S00DV7D3
焦距
12.0 mm
光圈
f/1.0
宽度
640
高度
512
创建时间
2026/01/07 14:35:02
修改时间
2026/01/07 14:35:02
经纬度
22.333206, 114.263916
文本注释"
data/local_external/tat3_reports/raw/combined_report__2026_07_15_22_43_23.docx,18,DJI_20260107143503_0020_T.JPG,DJI_20260107143503_0020,ok,10.8,10.8,5.0,0.95,50.0,not_used_unreliable_tat3_export,2026-01-07 14:35:03,2026/01/07 14:35:03,2026/01/07 14:35:03,22.333205,114.263928,M4T,1581F7K3C257S00DV7D3,12.0 mm,f/1.0,640,512,False,,vt_pair,20260107_Thermal_HKUST/DCIM/DJI_202601071424_001::DJI_20260107143503_0020,HKUST,20260107_Thermal_HKUST,2026-01-07,data/raw/HKUST/20260107_Thermal_HKUST/DCIM/DJI_202601071424_001/DJI_20260107143503_0020_T.JPG,data/raw/HKUST/20260107_Thermal_HKUST/DCIM/DJI_202601071424_001/DJI_20260107143503_0020_V.JPG,2026-01-07 14:35:03,22.33320555555555,114.2639277777778,"DJI_20260107143503_0020_T.JPG
DJI_20260107143503_0020_T.JPG
2026/01/07 14:35:03
参数
距离
5 m
空气湿度
50%
发射率
0.95
反射温度
10.8℃
环境温度
10.8℃
图像信息
设备型号
M4T
序列号
1581F7K3C257S00DV7D3
焦距
12.0 mm
光圈
f/1.0
宽度
640
高度
512
创建时间
2026/01/07 14:35:03
修改时间
2026/01/07 14:35:03
经纬度
22.333205, 114.263928
文本注释"
data/local_external/tat3_reports/raw/combined_report__2026_07_15_22_43_23.docx,19,DJI_20260107143513_0021_T.JPG,DJI_20260107143513_0021,ok,10.1,10.1,5.0,0.95,50.0,not_used_unreliable_tat3_export,2026-01-07 14:35:13,2026/01/07 14:35:13,2026/01/07 14:35:13,22.333937,114.263952,M4T,1581F7K3C257S00DV7D3,12.0 mm,f/1.0,640,512,False,,vt_pair,20260107_Thermal_HKUST/DCIM/DJI_202601071424_001::DJI_20260107143513_0021,HKUST,20260107_Thermal_HKUST,2026-01-07,data/raw/HKUST/20260107_Thermal_HKUST/DCIM/DJI_202601071424_001/DJI_20260107143513_0021_T.JPG,data/raw/HKUST/20260107_Thermal_HKUST/DCIM/DJI_202601071424_001/DJI_20260107143513_0021_V.JPG,2026-01-07 14:35:13,22.33393611111111,114.2639527777778,"DJI_20260107143513_0021_T.JPG
DJI_20260107143513_0021_T.JPG
2026/01/07 14:35:13
参数
距离
5 m
空气湿度
50%
发射率
0.95
反射温度
10.1℃
环境温度
10.1℃
图像信息
设备型号
M4T
序列号
1581F7K3C257S00DV7D3
焦距
12.0 mm
光圈
f/1.0
宽度
640
高度
512
创建时间
2026/01/07 14:35:13
修改时间
2026/01/07 14:35:13
经纬度
22.333937, 114.263952
文本注释"
data/local_external/tat3_reports/raw/combined_report__2026_07_15_22_43_23.docx,20,DJI_20260107143524_0022_T.JPG,DJI_20260107143524_0022,ok,9.5,9.5,5.0,0.95,50.0,not_used_unreliable_tat3_export,2026-01-07 14:35:24,2026/01/07 14:35:24,2026/01/07 14:35:24,22.334567,114.263953,M4T,1581F7K3C257S00DV7D3,12.0 mm,f/1.0,640,512,False,,vt_pair,20260107_Thermal_HKUST/DCIM/DJI_202601071424_001::sample_0022,HKUST,20260107_Thermal_HKUST,2026-01-07,data/raw/HKUST/20260107_Thermal_HKUST/DCIM/DJI_202601071424_001/DJI_20260107143524_0022_T.JPG,data/raw/HKUST/20260107_Thermal_HKUST/DCIM/DJI_202601071424_001/DJI_20260107143523_0022_V.JPG,2026-01-07 14:35:24,22.33456666666666,114.2639527777778,"DJI_20260107143524_0022_T.JPG
DJI_20260107143524_0022_T.JPG
2026/01/07 14:35:24
参数
距离
5 m
空气湿度
50%
发射率
0.95
反射温度
9.5℃
环境温度
9.5℃
图像信息
设备型号
M4T
序列号
1581F7K3C257S00DV7D3
焦距
12.0 mm
光圈
f/1.0
宽度
640
高度
512
创建时间
2026/01/07 14:35:24
修改时间
2026/01/07 14:35:24
经纬度
22.334567, 114.263953
文本注释"
data/local_external/tat3_reports/raw/combined_report__2026_07_15_22_43_23.docx,21,DJI_20260107143535_0023_T.JPG,DJI_20260107143535_0023,ok,8.8,8.8,5.0,0.95,50.0,not_used_unreliable_tat3_export,2026-01-07 14:35:35,2026/01/07 14:35:35,2026/01/07 14:35:35,22.335365,114.263959,M4T,1581F7K3C257S00DV7D3,12.0 mm,f/1.0,640,512,False,,vt_pair,20260107_Thermal_HKUST/DCIM/DJI_202601071424_001::DJI_20260107143535_0023,HKUST,20260107_Thermal_HKUST,2026-01-07,data/raw/HKUST/20260107_Thermal_HKUST/DCIM/DJI_202601071424_001/DJI_20260107143535_0023_T.JPG,data/raw/HKUST/20260107_Thermal_HKUST/DCIM/DJI_202601071424_001/DJI_20260107143535_0023_V.JPG,2026-01-07 14:35:35,22.33536666666667,114.2639583333333,"DJI_20260107143535_0023_T.JPG
DJI_20260107143535_0023_T.JPG
2026/01/07 14:35:35
参数
距离
5 m
空气湿度
50%
发射率
0.95
反射温度
8.8℃
环境温度
8.8℃
图像信息
设备型号
M4T
序列号
1581F7K3C257S00DV7D3
焦距
12.0 mm
光圈
f/1.0
宽度
640
高度
512
创建时间
2026/01/07 14:35:35
修改时间
2026/01/07 14:35:35
经纬度
22.335365, 114.263959
文本注释"
data/local_external/tat3_reports/raw/combined_report__2026_07_15_22_43_23.docx,22,DJI_20260107143545_0024_T.JPG,DJI_20260107143545_0024,ok,8.4,8.4,5.0,0.95,50.0,not_used_unreliable_tat3_export,2026-01-07 14:35:45,2026/01/07 14:35:45,2026/01/07 14:35:45,22.335981,114.263967,M4T,1581F7K3C257S00DV7D3,12.0 mm,f/1.0,640,512,False,,vt_pair,20260107_Thermal_HKUST/DCIM/DJI_202601071424_001::DJI_20260107143545_0024,HKUST,20260107_Thermal_HKUST,2026-01-07,data/raw/HKUST/20260107_Thermal_HKUST/DCIM/DJI_202601071424_001/DJI_20260107143545_0024_T.JPG,data/raw/HKUST/20260107_Thermal_HKUST/DCIM/DJI_202601071424_001/DJI_20260107143545_0024_V.JPG,2026-01-07 14:35:45,22.33598055555555,114.2639666666667,"DJI_20260107143545_0024_T.JPG
DJI_20260107143545_0024_T.JPG
2026/01/07 14:35:45
参数
距离
5 m
空气湿度
50%
发射率
0.95
反射温度
8.4℃
环境温度
8.4℃
图像信息
设备型号
M4T
序列号
1581F7K3C257S00DV7D3
焦距
12.0 mm
光圈
f/1.0
宽度
640
高度
512
创建时间
2026/01/07 14:35:45
修改时间
2026/01/07 14:35:45
经纬度
22.335981, 114.263967
文本注释"
data/local_external/tat3_reports/raw/combined_report__2026_07_15_22_43_23.docx,23,DJI_20260107143554_0025_T.JPG,DJI_20260107143554_0025,ok,8.2,8.2,5.0,0.95,50.0,not_used_unreliable_tat3_export,2026-01-07 14:35:54,2026/01/07 14:35:54,2026/01/07 14:35:54,22.336558,114.263973,M4T,1581F7K3C257S00DV7D3,12.0 mm,f/1.0,640,512,False,,vt_pair,20260107_Thermal_HKUST/DCIM/DJI_202601071424_001::sample_0025,HKUST,20260107_Thermal_HKUST,2026-01-07,data/raw/HKUST/20260107_Thermal_HKUST/DCIM/DJI_202601071424_001/DJI_20260107143554_0025_T.JPG,data/raw/HKUST/20260107_Thermal_HKUST/DCIM/DJI_202601071424_001/DJI_20260107143553_0025_V.JPG,2026-01-07 14:35:54,22.33655833333333,114.2639722222222,"DJI_20260107143554_0025_T.JPG
DJI_20260107143554_0025_T.JPG
2026/01/07 14:35:54
参数
距离
5 m
空气湿度
50%
发射率
0.95
反射温度
8.2℃
环境温度
8.2℃
图像信息
设备型号
M4T
序列号
1581F7K3C257S00DV7D3
焦距
12.0 mm
光圈
f/1.0
宽度
640
高度
512
创建时间
2026/01/07 14:35:54
修改时间
2026/01/07 14:35:54
经纬度
22.336558, 114.263973
文本注释"
data/local_external/tat3_reports/raw/combined_report__2026_07_15_22_43_23.docx,24,DJI_20260107143601_0026_T.JPG,DJI_20260107143601_0026,ok,8.1,8.1,5.0,0.95,50.0,not_used_unreliable_tat3_export,2026-01-07 14:36:01,2026/01/07 14:36:01,2026/01/07 14:36:01,22.337014,114.263975,M4T,1581F7K3C257S00DV7D3,12.0 mm,f/1.0,640,512,False,,vt_pair,20260107_Thermal_HKUST/DCIM/DJI_202601071424_001::DJI_20260107143601_0026,HKUST,20260107_Thermal_HKUST,2026-01-07,data/raw/HKUST/20260107_Thermal_HKUST/DCIM/DJI_202601071424_001/DJI_20260107143601_0026_T.JPG,data/raw/HKUST/20260107_Thermal_HKUST/DCIM/DJI_202601071424_001/DJI_20260107143601_0026_V.JPG,2026-01-07 14:36:01,22.33701388888889,114.263975,"DJI_20260107143601_0026_T.JPG
DJI_20260107143601_0026_T.JPG
2026/01/07 14:36:01
参数
距离
5 m
空气湿度
50%
发射率
0.95
反射温度
8.1℃
环境温度
8.1℃
图像信息
设备型号
M4T
序列号
1581F7K3C257S00DV7D3
焦距
12.0 mm
光圈
f/1.0
宽度
640
高度
512
创建时间
2026/01/07 14:36:01
修改时间
2026/01/07 14:36:01
经纬度
22.337014, 114.263975
文本注释"
data/local_external/tat3_reports/raw/combined_report__2026_07_15_22_43_23.docx,25,DJI_20260107143623_0027_T.JPG,DJI_20260107143623_0027,ok,7.8,7.8,5.0,0.95,50.0,not_used_unreliable_tat3_export,2026-01-07 14:36:23,2026/01/07 14:36:23,2026/01/07 14:36:23,22.337887,114.263983,M4T,1581F7K3C257S00DV7D3,12.0 mm,f/1.0,640,512,False,,vt_pair,20260107_Thermal_HKUST/DCIM/DJI_202601071424_001::DJI_20260107143623_0027,HKUST,20260107_Thermal_HKUST,2026-01-07,data/raw/HKUST/20260107_Thermal_HKUST/DCIM/DJI_202601071424_001/DJI_20260107143623_0027_T.JPG,data/raw/HKUST/20260107_Thermal_HKUST/DCIM/DJI_202601071424_001/DJI_20260107143623_0027_V.JPG,2026-01-07 14:36:23,22.33788611111111,114.2639833333333,"DJI_20260107143623_0027_T.JPG
DJI_20260107143623_0027_T.JPG
2026/01/07 14:36:23
参数
距离
5 m
空气湿度
50%
发射率
0.95
反射温度
7.8℃
环境温度
7.8℃
图像信息
设备型号
M4T
序列号
1581F7K3C257S00DV7D3
焦距
12.0 mm
光圈
f/1.0
宽度
640
高度
512
创建时间
2026/01/07 14:36:23
修改时间
2026/01/07 14:36:23
经纬度
22.337887, 114.263983
文本注释"
data/local_external/tat3_reports/raw/combined_report__2026_07_15_22_43_23.docx,26,DJI_20260107143631_0028_T.JPG,DJI_20260107143631_0028,ok,7.8,7.8,5.0,0.95,50.0,not_used_unreliable_tat3_export,2026-01-07 14:36:31,2026/01/07 14:36:31,2026/01/07 14:36:31,22.338457,114.263989,M4T,1581F7K3C257S00DV7D3,12.0 mm,f/1.0,640,512,False,,vt_pair,20260107_Thermal_HKUST/DCIM/DJI_202601071424_001::DJI_20260107143631_0028,HKUST,20260107_Thermal_HKUST,2026-01-07,data/raw/HKUST/20260107_Thermal_HKUST/DCIM/DJI_202601071424_001/DJI_20260107143631_0028_T.JPG,data/raw/HKUST/20260107_Thermal_HKUST/DCIM/DJI_202601071424_001/DJI_20260107143631_0028_V.JPG,2026-01-07 14:36:31,22.33845833333333,114.2639888888889,"DJI_20260107143631_0028_T.JPG
DJI_20260107143631_0028_T.JPG
2026/01/07 14:36:31
参数
距离
5 m
空气湿度
50%
发射率
0.95
反射温度
7.8℃
环境温度
7.8℃
图像信息
设备型号
M4T
序列号
1581F7K3C257S00DV7D3
焦距
12.0 mm
光圈
f/1.0
宽度
640
高度
512
创建时间
2026/01/07 14:36:31
修改时间
2026/01/07 14:36:31
经纬度
22.338457, 114.263989
文本注释"
data/local_external/tat3_reports/raw/combined_report__2026_07_15_22_43_23.docx,27,DJI_20260107143639_0029_T.JPG,DJI_20260107143639_0029,ok,7.7,7.7,5.0,0.95,50.0,not_used_unreliable_tat3_export,2026-01-07 14:36:39,2026/01/07 14:36:39,2026/01/07 14:36:39,22.338885,114.263991,M4T,1581F7K3C257S00DV7D3,12.0 mm,f/1.0,640,512,False,,vt_pair,20260107_Thermal_HKUST/DCIM/DJI_202601071424_001::DJI_20260107143639_0029,HKUST,20260107_Thermal_HKUST,2026-01-07,data/raw/HKUST/20260107_Thermal_HKUST/DCIM/DJI_202601071424_001/DJI_20260107143639_0029_T.JPG,data/raw/HKUST/20260107_Thermal_HKUST/DCIM/DJI_202601071424_001/DJI_20260107143639_0029_V.JPG,2026-01-07 14:36:39,22.33888611111111,114.2639916666667,"DJI_20260107143639_0029_T.JPG
DJI_20260107143639_0029_T.JPG
2026/01/07 14:36:39
参数
距离
5 m
空气湿度
50%
发射率
0.95
反射温度
7.7℃
环境温度
7.7℃
图像信息
设备型号
M4T
序列号
1581F7K3C257S00DV7D3
焦距
12.0 mm
光圈
f/1.0
宽度
640
高度
512
创建时间
2026/01/07 14:36:39
修改时间
2026/01/07 14:36:39
经纬度
22.338885, 114.263991
文本注释"
data/local_external/tat3_reports/raw/combined_report__2026_07_15_22_43_23.docx,28,DJI_20260107143645_0030_T.JPG,DJI_20260107143645_0030,ok,7.7,7.7,5.0,0.95,50.0,not_used_unreliable_tat3_export,2026-01-07 14:36:45,2026/01/07 14:36:45,2026/01/07 14:36:45,22.339209,114.263995,M4T,1581F7K3C257S00DV7D3,12.0 mm,f/1.0,640,512,False,,vt_pair,20260107_Thermal_HKUST/DCIM/DJI_202601071424_001::DJI_20260107143645_0030,HKUST,20260107_Thermal_HKUST,2026-01-07,data/raw/HKUST/20260107_Thermal_HKUST/DCIM/DJI_202601071424_001/DJI_20260107143645_0030_T.JPG,data/raw/HKUST/20260107_Thermal_HKUST/DCIM/DJI_202601071424_001/DJI_20260107143645_0030_V.JPG,2026-01-07 14:36:45,22.33920833333333,114.2639944444444,"DJI_20260107143645_0030_T.JPG
DJI_20260107143645_0030_T.JPG
2026/01/07 14:36:45
参数
距离
5 m
空气湿度
50%
发射率
0.95
反射温度
7.7℃
环境温度
7.7℃
图像信息
设备型号
M4T
序列号
1581F7K3C257S00DV7D3
焦距
12.0 mm
光圈
f/1.0
宽度
640
高度
512
创建时间
2026/01/07 14:36:45
修改时间
2026/01/07 14:36:45
经纬度
22.339209, 114.263995
文本注释"
data/local_external/tat3_reports/raw/combined_report__2026_07_15_22_43_23.docx,29,DJI_20260107143653_0031_T.JPG,DJI_20260107143653_0031,ok,7.7,7.7,5.0,0.95,50.0,not_used_unreliable_tat3_export,2026-01-07 14:36:53,2026/01/07 14:36:53,2026/01/07 14:36:53,22.339792,114.263999,M4T,1581F7K3C257S00DV7D3,12.0 mm,f/1.0,640,512,False,,vt_pair,20260107_Thermal_HKUST/DCIM/DJI_202601071424_001::DJI_20260107143653_0031,HKUST,20260107_Thermal_HKUST,2026-01-07,data/raw/HKUST/20260107_Thermal_HKUST/DCIM/DJI_202601071424_001/DJI_20260107143653_0031_T.JPG,data/raw/HKUST/20260107_Thermal_HKUST/DCIM/DJI_202601071424_001/DJI_20260107143653_0031_V.JPG,2026-01-07 14:36:53,22.33979166666667,114.264,"DJI_20260107143653_0031_T.JPG
DJI_20260107143653_0031_T.JPG
2026/01/07 14:36:53
参数
距离
5 m
空气湿度
50%
发射率
0.95
反射温度
7.7℃
环境温度
7.7℃
图像信息
设备型号
M4T
序列号
1581F7K3C257S00DV7D3
焦距
12.0 mm
光圈
f/1.0
宽度
640
高度
512
创建时间
2026/01/07 14:36:53
修改时间
2026/01/07 14:36:53
经纬度
22.339792, 114.263999
文本注释"
data/local_external/tat3_reports/raw/combined_report__2026_07_15_22_43_23.docx,30,DJI_20260107143654_0032_T.JPG,DJI_20260107143654_0032,ok,7.6,7.6,5.0,0.95,50.0,not_used_unreliable_tat3_export,2026-01-07 14:36:54,2026/01/07 14:36:54,2026/01/07 14:36:54,22.3398,114.263999,M4T,1581F7K3C257S00DV7D3,12.0 mm,f/1.0,640,512,False,,vt_pair,20260107_Thermal_HKUST/DCIM/DJI_202601071424_001::DJI_20260107143654_0032,HKUST,20260107_Thermal_HKUST,2026-01-07,data/raw/HKUST/20260107_Thermal_HKUST/DCIM/DJI_202601071424_001/DJI_20260107143654_0032_T.JPG,data/raw/HKUST/20260107_Thermal_HKUST/DCIM/DJI_202601071424_001/DJI_20260107143654_0032_V.JPG,2026-01-07 14:36:54,22.3398,114.264,"DJI_20260107143654_0032_T.JPG
DJI_20260107143654_0032_T.JPG
2026/01/07 14:36:54
参数
距离
5 m
空气湿度
50%
发射率
0.95
反射温度
7.6℃
环境温度
7.6℃
图像信息
设备型号
M4T
序列号
1581F7K3C257S00DV7D3
焦距
12.0 mm
光圈
f/1.0
宽度
640
高度
512
创建时间
2026/01/07 14:36:54
修改时间
2026/01/07 14:36:54
经纬度
22.339800, 114.263999
文本注释"
data/local_external/tat3_reports/raw/combined_report__2026_07_15_22_43_23.docx,31,DJI_20260107143701_0033_T.JPG,DJI_20260107143701_0033,ok,7.6,7.6,5.0,0.95,50.0,not_used_unreliable_tat3_export,2026-01-07 14:37:01,2026/01/07 14:37:01,2026/01/07 14:37:01,22.34018,114.264002,M4T,1581F7K3C257S00DV7D3,12.0 mm,f/1.0,640,512,False,,vt_pair,20260107_Thermal_HKUST/DCIM/DJI_202601071424_001::DJI_20260107143701_0033,HKUST,20260107_Thermal_HKUST,2026-01-07,data/raw/HKUST/20260107_Thermal_HKUST/DCIM/DJI_202601071424_001/DJI_20260107143701_0033_T.JPG,data/raw/HKUST/20260107_Thermal_HKUST/DCIM/DJI_202601071424_001/DJI_20260107143701_0033_V.JPG,2026-01-07 14:37:01,22.34018055555556,114.2640027777778,"DJI_20260107143701_0033_T.JPG
DJI_20260107143701_0033_T.JPG
2026/01/07 14:37:01
参数
距离
5 m
空气湿度
50%
发射率
0.95
反射温度
7.6℃
环境温度
7.6℃
图像信息
设备型号
M4T
序列号
1581F7K3C257S00DV7D3
焦距
12.0 mm
光圈
f/1.0
宽度
640
高度
512
创建时间
2026/01/07 14:37:01
修改时间
2026/01/07 14:37:01
经纬度
22.340180, 114.264002
文本注释"
data/local_external/tat3_reports/raw/combined_report__2026_07_15_22_43_23.docx,32,DJI_20260107143710_0034_T.JPG,DJI_20260107143710_0034,ok,7.9,7.9,5.0,0.95,50.0,not_used_unreliable_tat3_export,2026-01-07 14:37:10,2026/01/07 14:37:10,2026/01/07 14:37:10,22.340178,114.26455,M4T,1581F7K3C257S00DV7D3,12.0 mm,f/1.0,640,512,False,,vt_pair,20260107_Thermal_HKUST/DCIM/DJI_202601071424_001::sample_0034,HKUST,20260107_Thermal_HKUST,2026-01-07,data/raw/HKUST/20260107_Thermal_HKUST/DCIM/DJI_202601071424_001/DJI_20260107143710_0034_T.JPG,data/raw/HKUST/20260107_Thermal_HKUST/DCIM/DJI_202601071424_001/DJI_20260107143709_0034_V.JPG,2026-01-07 14:37:10,22.34017777777777,114.26455,"DJI_20260107143710_0034_T.JPG
DJI_20260107143710_0034_T.JPG
2026/01/07 14:37:10
参数
距离
5 m
空气湿度
50%
发射率
0.95
反射温度
7.9℃
环境温度
7.9℃
图像信息
设备型号
M4T
序列号
1581F7K3C257S00DV7D3
焦距
12.0 mm
光圈
f/1.0
宽度
640
高度
512
创建时间
2026/01/07 14:37:10
修改时间
2026/01/07 14:37:10
经纬度
22.340178, 114.264550
文本注释"
data/local_external/tat3_reports/raw/combined_report__2026_07_15_22_43_23.docx,33,DJI_20260107143718_0035_T.JPG,DJI_20260107143718_0035,ok,8.3,8.3,5.0,0.95,50.0,not_used_unreliable_tat3_export,2026-01-07 14:37:18,2026/01/07 14:37:18,2026/01/07 14:37:18,22.339743,114.264546,M4T,1581F7K3C257S00DV7D3,12.0 mm,f/1.0,640,512,False,,vt_pair,20260107_Thermal_HKUST/DCIM/DJI_202601071424_001::DJI_20260107143718_0035,HKUST,20260107_Thermal_HKUST,2026-01-07,data/raw/HKUST/20260107_Thermal_HKUST/DCIM/DJI_202601071424_001/DJI_20260107143718_0035_T.JPG,data/raw/HKUST/20260107_Thermal_HKUST/DCIM/DJI_202601071424_001/DJI_20260107143718_0035_V.JPG,2026-01-07 14:37:18,22.33974444444444,114.2645472222222,"DJI_20260107143718_0035_T.JPG
DJI_20260107143718_0035_T.JPG
2026/01/07 14:37:18
参数
距离
5 m
空气湿度
50%
发射率
0.95
反射温度
8.3℃
环境温度
8.3℃
图像信息
设备型号
M4T
序列号
1581F7K3C257S00DV7D3
焦距
12.0 mm
光圈
f/1.0
宽度
640
高度
512
创建时间
2026/01/07 14:37:18
修改时间
2026/01/07 14:37:18
经纬度
22.339743, 114.264546
文本注释"
data/local_external/tat3_reports/raw/combined_report__2026_07_15_22_43_23.docx,34,DJI_20260107143727_0036_T.JPG,DJI_20260107143727_0036,ok,8.6,8.6,5.0,0.95,50.0,not_used_unreliable_tat3_export,2026-01-07 14:37:27,2026/01/07 14:37:27,2026/01/07 14:37:27,22.339142,114.26454,M4T,1581F7K3C257S00DV7D3,12.0 mm,f/1.0,640,512,False,,vt_pair,20260107_Thermal_HKUST/DCIM/DJI_202601071424_001::DJI_20260107143727_0036,HKUST,20260107_Thermal_HKUST,2026-01-07,data/raw/HKUST/20260107_Thermal_HKUST/DCIM/DJI_202601071424_001/DJI_20260107143727_0036_T.JPG,data/raw/HKUST/20260107_Thermal_HKUST/DCIM/DJI_202601071424_001/DJI_20260107143727_0036_V.JPG,2026-01-07 14:37:27,22.33914166666666,114.2645388888889,"DJI_20260107143727_0036_T.JPG
DJI_20260107143727_0036_T.JPG
2026/01/07 14:37:27
参数
距离
5 m
空气湿度
50%
发射率
0.95
反射温度
8.6℃
环境温度
8.6℃
图像信息
设备型号
M4T
序列号
1581F7K3C257S00DV7D3
焦距
12.0 mm
光圈
f/1.0
宽度
640
高度
512
创建时间
2026/01/07 14:37:27
修改时间
2026/01/07 14:37:27
经纬度
22.339142, 114.264540
文本注释"
data/local_external/tat3_reports/raw/combined_report__2026_07_15_22_43_23.docx,35,DJI_20260107143735_0037_T.JPG,DJI_20260107143735_0037,ok,8.9,8.9,5.0,0.95,50.0,not_used_unreliable_tat3_export,2026-01-07 14:37:35,2026/01/07 14:37:35,2026/01/07 14:37:35,22.338642,114.264531,M4T,1581F7K3C257S00DV7D3,12.0 mm,f/1.0,640,512,False,,vt_pair,20260107_Thermal_HKUST/DCIM/DJI_202601071424_001::DJI_20260107143735_0037,HKUST,20260107_Thermal_HKUST,2026-01-07,data/raw/HKUST/20260107_Thermal_HKUST/DCIM/DJI_202601071424_001/DJI_20260107143735_0037_T.JPG,data/raw/HKUST/20260107_Thermal_HKUST/DCIM/DJI_202601071424_001/DJI_20260107143735_0037_V.JPG,2026-01-07 14:37:35,22.33864166666666,114.2645305555556,"DJI_20260107143735_0037_T.JPG
DJI_20260107143735_0037_T.JPG
2026/01/07 14:37:35
参数
距离
5 m
空气湿度
50%
发射率
0.95
反射温度
8.9℃
环境温度
8.9℃
图像信息
设备型号
M4T
序列号
1581F7K3C257S00DV7D3
焦距
12.0 mm
光圈
f/1.0
宽度
640
高度
512
创建时间
2026/01/07 14:37:35
修改时间
2026/01/07 14:37:35
经纬度
22.338642, 114.264531
文本注释"
data/local_external/tat3_reports/raw/combined_report__2026_07_15_22_43_23.docx,36,DJI_20260107143743_0038_T.JPG,DJI_20260107143743_0038,ok,9.1,9.1,5.0,0.95,50.0,not_used_unreliable_tat3_export,2026-01-07 14:37:43,2026/01/07 14:37:43,2026/01/07 14:37:43,22.3382,114.264527,M4T,1581F7K3C257S00DV7D3,12.0 mm,f/1.0,640,512,False,,vt_pair,20260107_Thermal_HKUST/DCIM/DJI_202601071424_001::DJI_20260107143743_0038,HKUST,20260107_Thermal_HKUST,2026-01-07,data/raw/HKUST/20260107_Thermal_HKUST/DCIM/DJI_202601071424_001/DJI_20260107143743_0038_T.JPG,data/raw/HKUST/20260107_Thermal_HKUST/DCIM/DJI_202601071424_001/DJI_20260107143743_0038_V.JPG,2026-01-07 14:37:43,22.3382,114.2645277777778,"DJI_20260107143743_0038_T.JPG
DJI_20260107143743_0038_T.JPG
2026/01/07 14:37:43
参数
距离
5 m
空气湿度
50%
发射率
0.95
反射温度
9.1℃
环境温度
9.1℃
图像信息
设备型号
M4T
序列号
1581F7K3C257S00DV7D3
焦距
12.0 mm
光圈
f/1.0
宽度
640
高度
512
创建时间
2026/01/07 14:37:43
修改时间
2026/01/07 14:37:43
经纬度
22.338200, 114.264527
文本注释"
data/local_external/tat3_reports/raw/combined_report__2026_07_15_22_43_23.docx,37,DJI_20260107143750_0039_T.JPG,DJI_20260107143750_0039,ok,9.3,9.3,5.0,0.95,50.0,not_used_unreliable_tat3_export,2026-01-07 14:37:50,2026/01/07 14:37:50,2026/01/07 14:37:50,22.337816,114.264522,M4T,1581F7K3C257S00DV7D3,12.0 mm,f/1.0,640,512,False,,vt_pair,20260107_Thermal_HKUST/DCIM/DJI_202601071424_001::DJI_20260107143750_0039,HKUST,20260107_Thermal_HKUST,2026-01-07,data/raw/HKUST/20260107_Thermal_HKUST/DCIM/DJI_202601071424_001/DJI_20260107143750_0039_T.JPG,data/raw/HKUST/20260107_Thermal_HKUST/DCIM/DJI_202601071424_001/DJI_20260107143750_0039_V.JPG,2026-01-07 14:37:50,22.33781666666667,114.2645222222222,"DJI_20260107143750_0039_T.JPG
DJI_20260107143750_0039_T.JPG
2026/01/07 14:37:50
参数
距离
5 m
空气湿度
50%
发射率
0.95
反射温度
9.3℃
环境温度
9.3℃
图像信息
设备型号
M4T
序列号
1581F7K3C257S00DV7D3
焦距
12.0 mm
光圈
f/1.0
宽度
640
高度
512
创建时间
2026/01/07 14:37:50
修改时间
2026/01/07 14:37:50
经纬度
22.337816, 114.264522
文本注释"
data/local_external/tat3_reports/raw/combined_report__2026_07_15_22_43_23.docx,38,DJI_20260107143759_0040_T.JPG,DJI_20260107143759_0040,ok,9.4,9.4,5.0,0.95,50.0,not_used_unreliable_tat3_export,2026-01-07 14:37:59,2026/01/07 14:37:59,2026/01/07 14:37:59,22.337306,114.264516,M4T,1581F7K3C257S00DV7D3,12.0 mm,f/1.0,640,512,False,,vt_pair,20260107_Thermal_HKUST/DCIM/DJI_202601071424_001::DJI_20260107143759_0040,HKUST,20260107_Thermal_HKUST,2026-01-07,data/raw/HKUST/20260107_Thermal_HKUST/DCIM/DJI_202601071424_001/DJI_20260107143759_0040_T.JPG,data/raw/HKUST/20260107_Thermal_HKUST/DCIM/DJI_202601071424_001/DJI_20260107143759_0040_V.JPG,2026-01-07 14:37:59,22.33730555555556,114.2645166666667,"DJI_20260107143759_0040_T.JPG
DJI_20260107143759_0040_T.JPG
2026/01/07 14:37:59
参数
距离
5 m
空气湿度
50%
发射率
0.95
反射温度
9.4℃
环境温度
9.4℃
图像信息
设备型号
M4T
序列号
1581F7K3C257S00DV7D3
焦距
12.0 mm
光圈
f/1.0
宽度
640
高度
512
创建时间
2026/01/07 14:37:59
修改时间
2026/01/07 14:37:59
经纬度
22.337306, 114.264516
文本注释"
data/local_external/tat3_reports/raw/combined_report__2026_07_15_22_43_23.docx,39,DJI_20260107143806_0041_T.JPG,DJI_20260107143806_0041,ok,9.3,9.3,5.0,0.95,50.0,not_used_unreliable_tat3_export,2026-01-07 14:38:06,2026/01/07 14:38:06,2026/01/07 14:38:06,22.337005,114.264511,M4T,1581F7K3C257S00DV7D3,12.0 mm,f/1.0,640,512,False,,vt_pair,20260107_Thermal_HKUST/DCIM/DJI_202601071424_001::DJI_20260107143806_0041,HKUST,20260107_Thermal_HKUST,2026-01-07,data/raw/HKUST/20260107_Thermal_HKUST/DCIM/DJI_202601071424_001/DJI_20260107143806_0041_T.JPG,data/raw/HKUST/20260107_Thermal_HKUST/DCIM/DJI_202601071424_001/DJI_20260107143806_0041_V.JPG,2026-01-07 14:38:06,22.33700555555556,114.2645111111111,"DJI_20260107143806_0041_T.JPG
DJI_20260107143806_0041_T.JPG
2026/01/07 14:38:06
参数
距离
5 m
空气湿度
50%
发射率
0.95
反射温度
9.3℃
环境温度
9.3℃
图像信息
设备型号
M4T
序列号
1581F7K3C257S00DV7D3
焦距
12.0 mm
光圈
f/1.0
宽度
640
高度
512
创建时间
2026/01/07 14:38:06
修改时间
2026/01/07 14:38:06
经纬度
22.337005, 114.264511
文本注释"
data/local_external/tat3_reports/raw/combined_report__2026_07_15_22_43_23.docx,40,DJI_20260107143814_0042_T.JPG,DJI_20260107143814_0042,ok,9.4,9.4,5.0,0.95,50.0,not_used_unreliable_tat3_export,2026-01-07 14:38:14,2026/01/07 14:38:14,2026/01/07 14:38:14,22.33651,114.264501,M4T,1581F7K3C257S00DV7D3,12.0 mm,f/1.0,640,512,False,,vt_pair,20260107_Thermal_HKUST/DCIM/DJI_202601071424_001::DJI_20260107143814_0042,HKUST,20260107_Thermal_HKUST,2026-01-07,data/raw/HKUST/20260107_Thermal_HKUST/DCIM/DJI_202601071424_001/DJI_20260107143814_0042_T.JPG,data/raw/HKUST/20260107_Thermal_HKUST/DCIM/DJI_202601071424_001/DJI_20260107143814_0042_V.JPG,2026-01-07 14:38:14,22.33651111111111,114.2645027777778,"DJI_20260107143814_0042_T.JPG
DJI_20260107143814_0042_T.JPG
2026/01/07 14:38:14
参数
距离
5 m
空气湿度
50%
发射率
0.95
反射温度
9.4℃
环境温度
9.4℃
图像信息
设备型号
M4T
序列号
1581F7K3C257S00DV7D3
焦距
12.0 mm
光圈
f/1.0
宽度
640
高度
512
创建时间
2026/01/07 14:38:14
修改时间
2026/01/07 14:38:14
经纬度
22.336510, 114.264501
文本注释"
data/local_external/tat3_reports/raw/combined_report__2026_07_15_22_43_23.docx,41,DJI_20260107143821_0043_T.JPG,DJI_20260107143821_0043,ok,9.5,9.5,5.0,0.95,50.0,not_used_unreliable_tat3_export,2026-01-07 14:38:21,2026/01/07 14:38:21,2026/01/07 14:38:21,22.336138,114.264495,M4T,1581F7K3C257S00DV7D3,12.0 mm,f/1.0,640,512,False,,vt_pair,20260107_Thermal_HKUST/DCIM/DJI_202601071424_001::DJI_20260107143821_0043,HKUST,20260107_Thermal_HKUST,2026-01-07,data/raw/HKUST/20260107_Thermal_HKUST/DCIM/DJI_202601071424_001/DJI_20260107143821_0043_T.JPG,data/raw/HKUST/20260107_Thermal_HKUST/DCIM/DJI_202601071424_001/DJI_20260107143821_0043_V.JPG,2026-01-07 14:38:21,22.33613888888889,114.2644944444444,"DJI_20260107143821_0043_T.JPG
DJI_20260107143821_0043_T.JPG
2026/01/07 14:38:21
参数
距离
5 m
空气湿度
50%
发射率
0.95
反射温度
9.5℃
环境温度
9.5℃
图像信息
设备型号
M4T
序列号
1581F7K3C257S00DV7D3
焦距
12.0 mm
光圈
f/1.0
宽度
640
高度
512
创建时间
2026/01/07 14:38:21
修改时间
2026/01/07 14:38:21
经纬度
22.336138, 114.264495
文本注释"
data/local_external/tat3_reports/raw/combined_report__2026_07_15_22_43_23.docx,42,DJI_20260107143829_0044_T.JPG,DJI_20260107143829_0044,ok,9.4,9.4,5.0,0.95,50.0,not_used_unreliable_tat3_export,2026-01-07 14:38:29,2026/01/07 14:38:29,2026/01/07 14:38:29,22.335747,114.264491,M4T,1581F7K3C257S00DV7D3,12.0 mm,f/1.0,640,512,False,,vt_pair,20260107_Thermal_HKUST/DCIM/DJI_202601071424_001::DJI_20260107143829_0044,HKUST,20260107_Thermal_HKUST,2026-01-07,data/raw/HKUST/20260107_Thermal_HKUST/DCIM/DJI_202601071424_001/DJI_20260107143829_0044_T.JPG,data/raw/HKUST/20260107_Thermal_HKUST/DCIM/DJI_202601071424_001/DJI_20260107143829_0044_V.JPG,2026-01-07 14:38:29,22.33574722222222,114.2644916666667,"DJI_20260107143829_0044_T.JPG
DJI_20260107143829_0044_T.JPG
2026/01/07 14:38:29
参数
距离
5 m
空气湿度
50%
发射率
0.95
反射温度
9.4℃
环境温度
9.4℃
图像信息
设备型号
M4T
序列号
1581F7K3C257S00DV7D3
焦距
12.0 mm
光圈
f/1.0
宽度
640
高度
512
创建时间
2026/01/07 14:38:29
修改时间
2026/01/07 14:38:29
经纬度
22.335747, 114.264491
文本注释"
data/local_external/tat3_reports/raw/combined_report__2026_07_15_22_43_23.docx,43,DJI_20260107143835_0045_T.JPG,DJI_20260107143835_0045,ok,9.5,9.5,5.0,0.95,50.0,not_used_unreliable_tat3_export,2026-01-07 14:38:35,2026/01/07 14:38:35,2026/01/07 14:38:35,22.335446,114.264486,M4T,1581F7K3C257S00DV7D3,12.0 mm,f/1.0,640,512,False,,vt_pair,20260107_Thermal_HKUST/DCIM/DJI_202601071424_001::DJI_20260107143835_0045,HKUST,20260107_Thermal_HKUST,2026-01-07,data/raw/HKUST/20260107_Thermal_HKUST/DCIM/DJI_202601071424_001/DJI_20260107143835_0045_T.JPG,data/raw/HKUST/20260107_Thermal_HKUST/DCIM/DJI_202601071424_001/DJI_20260107143835_0045_V.JPG,2026-01-07 14:38:35,22.33544444444444,114.2644861111111,"DJI_20260107143835_0045_T.JPG
DJI_20260107143835_0045_T.JPG
2026/01/07 14:38:35
参数
距离
5 m
空气湿度
50%
发射率
0.95
反射温度
9.5℃
环境温度
9.5℃
图像信息
设备型号
M4T
序列号
1581F7K3C257S00DV7D3
焦距
12.0 mm
光圈
f/1.0
宽度
640
高度
512
创建时间
2026/01/07 14:38:35
修改时间
2026/01/07 14:38:35
经纬度
22.335446, 114.264486
文本注释"
data/local_external/tat3_reports/raw/combined_report__2026_07_15_22_43_23.docx,44,DJI_20260107143844_0046_T.JPG,DJI_20260107143844_0046,ok,9.4,9.4,5.0,0.95,50.0,not_used_unreliable_tat3_export,2026-01-07 14:38:44,2026/01/07 14:38:44,2026/01/07 14:38:44,22.335032,114.264477,M4T,1581F7K3C257S00DV7D3,12.0 mm,f/1.0,640,512,False,,vt_pair,20260107_Thermal_HKUST/DCIM/DJI_202601071424_001::DJI_20260107143844_0046,HKUST,20260107_Thermal_HKUST,2026-01-07,data/raw/HKUST/20260107_Thermal_HKUST/DCIM/DJI_202601071424_001/DJI_20260107143844_0046_T.JPG,data/raw/HKUST/20260107_Thermal_HKUST/DCIM/DJI_202601071424_001/DJI_20260107143844_0046_V.JPG,2026-01-07 14:38:44,22.33503333333333,114.2644777777778,"DJI_20260107143844_0046_T.JPG
DJI_20260107143844_0046_T.JPG
2026/01/07 14:38:44
参数
距离
5 m
空气湿度
50%
发射率
0.95
反射温度
9.4℃
环境温度
9.4℃
图像信息
设备型号
M4T
序列号
1581F7K3C257S00DV7D3
焦距
12.0 mm
光圈
f/1.0
宽度
640
高度
512
创建时间
2026/01/07 14:38:44
修改时间
2026/01/07 14:38:44
经纬度
22.335032, 114.264477
文本注释"
data/local_external/tat3_reports/raw/combined_report__2026_07_15_22_43_23.docx,45,DJI_20260107143852_0047_T.JPG,DJI_20260107143852_0047,ok,9.6,9.6,5.0,0.95,50.0,not_used_unreliable_tat3_export,2026-01-07 14:38:52,2026/01/07 14:38:52,2026/01/07 14:38:52,22.334528,114.26447,M4T,1581F7K3C257S00DV7D3,12.0 mm,f/1.0,640,512,False,,vt_pair,20260107_Thermal_HKUST/DCIM/DJI_202601071424_001::DJI_20260107143852_0047,HKUST,20260107_Thermal_HKUST,2026-01-07,data/raw/HKUST/20260107_Thermal_HKUST/DCIM/DJI_202601071424_001/DJI_20260107143852_0047_T.JPG,data/raw/HKUST/20260107_Thermal_HKUST/DCIM/DJI_202601071424_001/DJI_20260107143852_0047_V.JPG,2026-01-07 14:38:52,22.33452777777778,114.2644694444444,"DJI_20260107143852_0047_T.JPG
DJI_20260107143852_0047_T.JPG
2026/01/07 14:38:52
参数
距离
5 m
空气湿度
50%
发射率
0.95
反射温度
9.6℃
环境温度
9.6℃
图像信息
设备型号
M4T
序列号
1581F7K3C257S00DV7D3
焦距
12.0 mm
光圈
f/1.0
宽度
640
高度
512
创建时间
2026/01/07 14:38:52
修改时间
2026/01/07 14:38:52
经纬度
22.334528, 114.264470
文本注释"
data/local_external/tat3_reports/raw/combined_report__2026_07_15_22_43_23.docx,46,DJI_20260107143900_0048_T.JPG,DJI_20260107143900_0048,ok,9.6,9.6,5.0,0.95,50.0,not_used_unreliable_tat3_export,2026-01-07 14:39:00,2026/01/07 14:39:00,2026/01/07 14:39:00,22.334149,114.264465,M4T,1581F7K3C257S00DV7D3,12.0 mm,f/1.0,640,512,False,,vt_pair,20260107_Thermal_HKUST/DCIM/DJI_202601071424_001::sample_0048,HKUST,20260107_Thermal_HKUST,2026-01-07,data/raw/HKUST/20260107_Thermal_HKUST/DCIM/DJI_202601071424_001/DJI_20260107143900_0048_T.JPG,data/raw/HKUST/20260107_Thermal_HKUST/DCIM/DJI_202601071424_001/DJI_20260107143859_0048_V.JPG,2026-01-07 14:39:00,22.33414722222222,114.2644638888889,"DJI_20260107143900_0048_T.JPG
DJI_20260107143900_0048_T.JPG
2026/01/07 14:39:00
参数
距离
5 m
空气湿度
50%
发射率
0.95
反射温度
9.6℃
环境温度
9.6℃
图像信息
设备型号
M4T
序列号
1581F7K3C257S00DV7D3
焦距
12.0 mm
光圈
f/1.0
宽度
640
高度
512
创建时间
2026/01/07 14:39:00
修改时间
2026/01/07 14:39:00
经纬度
22.334149, 114.264465
文本注释"
data/local_external/tat3_reports/raw/combined_report__2026_07_15_22_43_23.docx,47,DJI_20260107143906_0049_T.JPG,DJI_20260107143906_0049,ok,9.7,9.7,5.0,0.95,50.0,not_used_unreliable_tat3_export,2026-01-07 14:39:06,2026/01/07 14:39:06,2026/01/07 14:39:06,22.33378,114.26446,M4T,1581F7K3C257S00DV7D3,12.0 mm,f/1.0,640,512,False,,vt_pair,20260107_Thermal_HKUST/DCIM/DJI_202601071424_001::DJI_20260107143906_0049,HKUST,20260107_Thermal_HKUST,2026-01-07,data/raw/HKUST/20260107_Thermal_HKUST/DCIM/DJI_202601071424_001/DJI_20260107143906_0049_T.JPG,data/raw/HKUST/20260107_Thermal_HKUST/DCIM/DJI_202601071424_001/DJI_20260107143906_0049_V.JPG,2026-01-07 14:39:06,22.33378055555556,114.2644611111111,"DJI_20260107143906_0049_T.JPG
DJI_20260107143906_0049_T.JPG
2026/01/07 14:39:06
参数
距离
5 m
空气湿度
50%
发射率
0.95
反射温度
9.7℃
环境温度
9.7℃
图像信息
设备型号
M4T
序列号
1581F7K3C257S00DV7D3
焦距
12.0 mm
光圈
f/1.0
宽度
640
高度
512
创建时间
2026/01/07 14:39:06
修改时间
2026/01/07 14:39:06
经纬度
22.333780, 114.264460
文本注释"
data/local_external/tat3_reports/raw/combined_report__2026_07_15_22_43_23.docx,48,DJI_20260107143914_0050_T.JPG,DJI_20260107143914_0050,ok,9.8,9.8,5.0,0.95,50.0,not_used_unreliable_tat3_export,2026-01-07 14:39:14,2026/01/07 14:39:14,2026/01/07 14:39:14,22.333329,114.264452,M4T,1581F7K3C257S00DV7D3,12.0 mm,f/1.0,640,512,False,,vt_pair,20260107_Thermal_HKUST/DCIM/DJI_202601071424_001::DJI_20260107143914_0050,HKUST,20260107_Thermal_HKUST,2026-01-07,data/raw/HKUST/20260107_Thermal_HKUST/DCIM/DJI_202601071424_001/DJI_20260107143914_0050_T.JPG,data/raw/HKUST/20260107_Thermal_HKUST/DCIM/DJI_202601071424_001/DJI_20260107143914_0050_V.JPG,2026-01-07 14:39:14,22.33333055555556,114.2644527777778,"DJI_20260107143914_0050_T.JPG
DJI_20260107143914_0050_T.JPG
2026/01/07 14:39:14
参数
距离
5 m
空气湿度
50%
发射率
0.95
反射温度
9.8℃
环境温度
9.8℃
图像信息
设备型号
M4T
序列号
1581F7K3C257S00DV7D3
焦距
12.0 mm
光圈
f/1.0
宽度
640
高度
512
创建时间
2026/01/07 14:39:14
修改时间
2026/01/07 14:39:14
经纬度
22.333329, 114.264452
文本注释"
data/local_external/tat3_reports/raw/combined_report__2026_07_15_22_43_23.docx,49,DJI_20260107143920_0051_T.JPG,DJI_20260107143920_0051,ok,9.8,9.8,5.0,0.95,50.0,not_used_unreliable_tat3_export,2026-01-07 14:39:20,2026/01/07 14:39:20,2026/01/07 14:39:20,22.3331,114.264447,M4T,1581F7K3C257S00DV7D3,12.0 mm,f/1.0,640,512,False,,vt_pair,20260107_Thermal_HKUST/DCIM/DJI_202601071424_001::DJI_20260107143920_0051,HKUST,20260107_Thermal_HKUST,2026-01-07,data/raw/HKUST/20260107_Thermal_HKUST/DCIM/DJI_202601071424_001/DJI_20260107143920_0051_T.JPG,data/raw/HKUST/20260107_Thermal_HKUST/DCIM/DJI_202601071424_001/DJI_20260107143920_0051_V.JPG,2026-01-07 14:39:20,22.3331,114.2644472222222,"DJI_20260107143920_0051_T.JPG
DJI_20260107143920_0051_T.JPG
2026/01/07 14:39:20
参数
距离
5 m
空气湿度
50%
发射率
0.95
反射温度
9.8℃
环境温度
9.8℃
图像信息
设备型号
M4T
序列号
1581F7K3C257S00DV7D3
焦距
12.0 mm
光圈
f/1.0
宽度
640
高度
512
创建时间
2026/01/07 14:39:20
修改时间
2026/01/07 14:39:20
经纬度
22.333100, 114.264447
文本注释"
data/local_external/tat3_reports/raw/combined_report__2026_07_15_22_43_23.docx,50,DJI_20260107143929_0052_T.JPG,DJI_20260107143929_0052,ok,9.8,9.8,5.0,0.95,50.0,not_used_unreliable_tat3_export,2026-01-07 14:39:29,2026/01/07 14:39:29,2026/01/07 14:39:29,22.333093,114.264856,M4T,1581F7K3C257S00DV7D3,12.0 mm,f/1.0,640,512,False,,vt_pair,20260107_Thermal_HKUST/DCIM/DJI_202601071424_001::DJI_20260107143929_0052,HKUST,20260107_Thermal_HKUST,2026-01-07,data/raw/HKUST/20260107_Thermal_HKUST/DCIM/DJI_202601071424_001/DJI_20260107143929_0052_T.JPG,data/raw/HKUST/20260107_Thermal_HKUST/DCIM/DJI_202601071424_001/DJI_20260107143929_0052_V.JPG,2026-01-07 14:39:29,22.33309166666667,114.2648555555556,"DJI_20260107143929_0052_T.JPG
DJI_20260107143929_0052_T.JPG
2026/01/07 14:39:29
参数
距离
5 m
空气湿度
50%
发射率
0.95
反射温度
9.8℃
环境温度
9.8℃
图像信息
设备型号
M4T
序列号
1581F7K3C257S00DV7D3
焦距
12.0 mm
光圈
f/1.0
宽度
640
高度
512
创建时间
2026/01/07 14:39:29
修改时间
2026/01/07 14:39:29
经纬度
22.333093, 114.264856
文本注释"
data/local_external/tat3_reports/raw/combined_report__2026_07_15_22_43_23.docx,51,DJI_20260107143937_0053_T.JPG,DJI_20260107143937_0053,ok,9.4,9.4,5.0,0.95,50.0,not_used_unreliable_tat3_export,2026-01-07 14:39:37,2026/01/07 14:39:37,2026/01/07 14:39:37,22.333573,114.26486,M4T,1581F7K3C257S00DV7D3,12.0 mm,f/1.0,640,512,False,,vt_pair,20260107_Thermal_HKUST/DCIM/DJI_202601071424_001::DJI_20260107143937_0053,HKUST,20260107_Thermal_HKUST,2026-01-07,data/raw/HKUST/20260107_Thermal_HKUST/DCIM/DJI_202601071424_001/DJI_20260107143937_0053_T.JPG,data/raw/HKUST/20260107_Thermal_HKUST/DCIM/DJI_202601071424_001/DJI_20260107143937_0053_V.JPG,2026-01-07 14:39:37,22.33357222222222,114.2648611111111,"DJI_20260107143937_0053_T.JPG
DJI_20260107143937_0053_T.JPG
2026/01/07 14:39:37
参数
距离
5 m
空气湿度
50%
发射率
0.95
反射温度
9.4℃
环境温度
9.4℃
图像信息
设备型号
M4T
序列号
1581F7K3C257S00DV7D3
焦距
12.0 mm
光圈
f/1.0
宽度
640
高度
512
创建时间
2026/01/07 14:39:37
修改时间
2026/01/07 14:39:37
经纬度
22.333573, 114.264860
文本注释"
data/local_external/tat3_reports/raw/combined_report__2026_07_15_22_43_23.docx,52,DJI_20260107143943_0054_T.JPG,DJI_20260107143943_0054,ok,9.3,9.3,5.0,0.95,50.0,not_used_unreliable_tat3_export,2026-01-07 14:39:43,2026/01/07 14:39:43,2026/01/07 14:39:43,22.333822,114.264868,M4T,1581F7K3C257S00DV7D3,12.0 mm,f/1.0,640,512,False,,vt_pair,20260107_Thermal_HKUST/DCIM/DJI_202601071424_001::DJI_20260107143943_0054,HKUST,20260107_Thermal_HKUST,2026-01-07,data/raw/HKUST/20260107_Thermal_HKUST/DCIM/DJI_202601071424_001/DJI_20260107143943_0054_T.JPG,data/raw/HKUST/20260107_Thermal_HKUST/DCIM/DJI_202601071424_001/DJI_20260107143943_0054_V.JPG,2026-01-07 14:39:43,22.33382222222222,114.2648666666667,"DJI_20260107143943_0054_T.JPG
DJI_20260107143943_0054_T.JPG
2026/01/07 14:39:43
参数
距离
5 m
空气湿度
50%
发射率
0.95
反射温度
9.3℃
环境温度
9.3℃
图像信息
设备型号
M4T
序列号
1581F7K3C257S00DV7D3
焦距
12.0 mm
光圈
f/1.0
宽度
640
高度
512
创建时间
2026/01/07 14:39:43
修改时间
2026/01/07 14:39:43
经纬度
22.333822, 114.264868
文本注释"
data/local_external/tat3_reports/raw/combined_report__2026_07_15_22_43_23.docx,53,DJI_20260107143952_0055_T.JPG,DJI_20260107143952_0055,ok,8.8,8.8,5.0,0.95,50.0,not_used_unreliable_tat3_export,2026-01-07 14:39:52,2026/01/07 14:39:52,2026/01/07 14:39:52,22.334488,114.264873,M4T,1581F7K3C257S00DV7D3,12.0 mm,f/1.0,640,512,False,,vt_pair,20260107_Thermal_HKUST/DCIM/DJI_202601071424_001::DJI_20260107143952_0055,HKUST,20260107_Thermal_HKUST,2026-01-07,data/raw/HKUST/20260107_Thermal_HKUST/DCIM/DJI_202601071424_001/DJI_20260107143952_0055_T.JPG,data/raw/HKUST/20260107_Thermal_HKUST/DCIM/DJI_202601071424_001/DJI_20260107143952_0055_V.JPG,2026-01-07 14:39:52,22.33448888888889,114.2648722222222,"DJI_20260107143952_0055_T.JPG
DJI_20260107143952_0055_T.JPG
2026/01/07 14:39:52
参数
距离
5 m
空气湿度
50%
发射率
0.95
反射温度
8.8℃
环境温度
8.8℃
图像信息
设备型号
M4T
序列号
1581F7K3C257S00DV7D3
焦距
12.0 mm
光圈
f/1.0
宽度
640
高度
512
创建时间
2026/01/07 14:39:52
修改时间
2026/01/07 14:39:52
经纬度
22.334488, 114.264873
文本注释"
data/local_external/tat3_reports/raw/combined_report__2026_07_15_22_43_23.docx,54,DJI_20260107144001_0056_T.JPG,DJI_20260107144001_0056,ok,8.5,8.5,5.0,0.95,50.0,not_used_unreliable_tat3_export,2026-01-07 14:40:01,2026/01/07 14:40:01,2026/01/07 14:40:01,22.334995,114.264874,M4T,1581F7K3C257S00DV7D3,12.0 mm,f/1.0,640,512,False,,vt_pair,20260107_Thermal_HKUST/DCIM/DJI_202601071424_001::sample_0056,HKUST,20260107_Thermal_HKUST,2026-01-07,data/raw/HKUST/20260107_Thermal_HKUST/DCIM/DJI_202601071424_001/DJI_20260107144001_0056_T.JPG,data/raw/HKUST/20260107_Thermal_HKUST/DCIM/DJI_202601071424_001/DJI_20260107144000_0056_V.JPG,2026-01-07 14:40:01,22.33499444444444,114.264875,"DJI_20260107144001_0056_T.JPG
DJI_20260107144001_0056_T.JPG
2026/01/07 14:40:01
参数
距离
5 m
空气湿度
50%
发射率
0.95
反射温度
8.5℃
环境温度
8.5℃
图像信息
设备型号
M4T
序列号
1581F7K3C257S00DV7D3
焦距
12.0 mm
光圈
f/1.0
宽度
640
高度
512
创建时间
2026/01/07 14:40:01
修改时间
2026/01/07 14:40:01
经纬度
22.334995, 114.264874
文本注释"
data/local_external/tat3_reports/raw/combined_report__2026_07_15_22_43_23.docx,55,DJI_20260107144009_0057_T.JPG,DJI_20260107144009_0057,ok,8.3,8.3,5.0,0.95,50.0,not_used_unreliable_tat3_export,2026-01-07 14:40:09,2026/01/07 14:40:09,2026/01/07 14:40:09,22.335426,114.264875,M4T,1581F7K3C257S00DV7D3,12.0 mm,f/1.0,640,512,False,,vt_pair,20260107_Thermal_HKUST/DCIM/DJI_202601071424_001::DJI_20260107144009_0057,HKUST,20260107_Thermal_HKUST,2026-01-07,data/raw/HKUST/20260107_Thermal_HKUST/DCIM/DJI_202601071424_001/DJI_20260107144009_0057_T.JPG,data/raw/HKUST/20260107_Thermal_HKUST/DCIM/DJI_202601071424_001/DJI_20260107144009_0057_V.JPG,2026-01-07 14:40:09,22.335425,114.264875,"DJI_20260107144009_0057_T.JPG
DJI_20260107144009_0057_T.JPG
2026/01/07 14:40:09
参数
距离
5 m
空气湿度
50%
发射率
0.95
反射温度
8.3℃
环境温度
8.3℃
图像信息
设备型号
M4T
序列号
1581F7K3C257S00DV7D3
焦距
12.0 mm
光圈
f/1.0
宽度
640
高度
512
创建时间
2026/01/07 14:40:09
修改时间
2026/01/07 14:40:09
经纬度
22.335426, 114.264875
文本注释"
data/local_external/tat3_reports/raw/combined_report__2026_07_15_22_43_23.docx,56,DJI_20260107144016_0058_T.JPG,DJI_20260107144016_0058,ok,8.2,8.2,5.0,0.95,50.0,not_used_unreliable_tat3_export,2026-01-07 14:40:16,2026/01/07 14:40:16,2026/01/07 14:40:16,22.335786,114.264879,M4T,1581F7K3C257S00DV7D3,12.0 mm,f/1.0,640,512,False,,vt_pair,20260107_Thermal_HKUST/DCIM/DJI_202601071424_001::DJI_20260107144016_0058,HKUST,20260107_Thermal_HKUST,2026-01-07,data/raw/HKUST/20260107_Thermal_HKUST/DCIM/DJI_202601071424_001/DJI_20260107144016_0058_T.JPG,data/raw/HKUST/20260107_Thermal_HKUST/DCIM/DJI_202601071424_001/DJI_20260107144016_0058_V.JPG,2026-01-07 14:40:16,22.33578611111111,114.2648777777778,"DJI_20260107144016_0058_T.JPG
DJI_20260107144016_0058_T.JPG
2026/01/07 14:40:16
参数
距离
5 m
空气湿度
50%
发射率
0.95
反射温度
8.2℃
环境温度
8.2℃
图像信息
设备型号
M4T
序列号
1581F7K3C257S00DV7D3
焦距
12.0 mm
光圈
f/1.0
宽度
640
高度
512
创建时间
2026/01/07 14:40:16
修改时间
2026/01/07 14:40:16
经纬度
22.335786, 114.264879
文本注释"
data/local_external/tat3_reports/raw/combined_report__2026_07_15_22_43_23.docx,57,DJI_20260107144023_0059_T.JPG,DJI_20260107144023_0059,ok,8.1,8.1,5.0,0.95,50.0,not_used_unreliable_tat3_export,2026-01-07 14:40:23,2026/01/07 14:40:23,2026/01/07 14:40:23,22.336175,114.264884,M4T,1581F7K3C257S00DV7D3,12.0 mm,f/1.0,640,512,False,,vt_pair,20260107_Thermal_HKUST/DCIM/DJI_202601071424_001::DJI_20260107144023_0059,HKUST,20260107_Thermal_HKUST,2026-01-07,data/raw/HKUST/20260107_Thermal_HKUST/DCIM/DJI_202601071424_001/DJI_20260107144023_0059_T.JPG,data/raw/HKUST/20260107_Thermal_HKUST/DCIM/DJI_202601071424_001/DJI_20260107144023_0059_V.JPG,2026-01-07 14:40:23,22.336175,114.2648833333333,"DJI_20260107144023_0059_T.JPG
DJI_20260107144023_0059_T.JPG
2026/01/07 14:40:23
参数
距离
5 m
空气湿度
50%
发射率
0.95
反射温度
8.1℃
环境温度
8.1℃
图像信息
设备型号
M4T
序列号
1581F7K3C257S00DV7D3
焦距
12.0 mm
光圈
f/1.0
宽度
640
高度
512
创建时间
2026/01/07 14:40:23
修改时间
2026/01/07 14:40:23
经纬度
22.336175, 114.264884
文本注释"
data/local_external/tat3_reports/raw/combined_report__2026_07_15_22_43_23.docx,58,DJI_20260107144024_0060_T.JPG,DJI_20260107144024_0060,ok,8.1,8.1,5.0,0.95,50.0,not_used_unreliable_tat3_export,2026-01-07 14:40:24,2026/01/07 14:40:24,2026/01/07 14:40:24,22.336175,114.264883,M4T,1581F7K3C257S00DV7D3,12.0 mm,f/1.0,640,512,False,,vt_pair,20260107_Thermal_HKUST/DCIM/DJI_202601071424_001::DJI_20260107144024_0060,HKUST,20260107_Thermal_HKUST,2026-01-07,data/raw/HKUST/20260107_Thermal_HKUST/DCIM/DJI_202601071424_001/DJI_20260107144024_0060_T.JPG,data/raw/HKUST/20260107_Thermal_HKUST/DCIM/DJI_202601071424_001/DJI_20260107144024_0060_V.JPG,2026-01-07 14:40:24,22.336175,114.2648833333333,"DJI_20260107144024_0060_T.JPG
DJI_20260107144024_0060_T.JPG
2026/01/07 14:40:24
参数
距离
5 m
空气湿度
50%
发射率
0.95
反射温度
8.1℃
环境温度
8.1℃
图像信息
设备型号
M4T
序列号
1581F7K3C257S00DV7D3
焦距
12.0 mm
光圈
f/1.0
宽度
640
高度
512
创建时间
2026/01/07 14:40:24
修改时间
2026/01/07 14:40:24
经纬度
22.336175, 114.264883
文本注释"
data/local_external/tat3_reports/raw/combined_report__2026_07_15_22_43_23.docx,59,DJI_20260107144025_0061_T.JPG,DJI_20260107144025_0061,ok,8.1,8.1,5.0,0.95,50.0,not_used_unreliable_tat3_export,2026-01-07 14:40:25,2026/01/07 14:40:25,2026/01/07 14:40:25,22.336175,114.264883,M4T,1581F7K3C257S00DV7D3,12.0 mm,f/1.0,640,512,False,,vt_pair,20260107_Thermal_HKUST/DCIM/DJI_202601071424_001::DJI_20260107144025_0061,HKUST,20260107_Thermal_HKUST,2026-01-07,data/raw/HKUST/20260107_Thermal_HKUST/DCIM/DJI_202601071424_001/DJI_20260107144025_0061_T.JPG,data/raw/HKUST/20260107_Thermal_HKUST/DCIM/DJI_202601071424_001/DJI_20260107144025_0061_V.JPG,2026-01-07 14:40:25,22.336175,114.2648833333333,"DJI_20260107144025_0061_T.JPG
DJI_20260107144025_0061_T.JPG
2026/01/07 14:40:25
参数
距离
5 m
空气湿度
50%
发射率
0.95
反射温度
8.1℃
环境温度
8.1℃
图像信息
设备型号
M4T
序列号
1581F7K3C257S00DV7D3
焦距
12.0 mm
光圈
f/1.0
宽度
640
高度
512
创建时间
2026/01/07 14:40:25
修改时间
2026/01/07 14:40:25
经纬度
22.336175, 114.264883
文本注释"
data/local_external/tat3_reports/raw/combined_report__2026_07_15_22_43_23.docx,60,DJI_20260107144034_0062_T.JPG,DJI_20260107144034_0062,ok,7.9,7.9,5.0,0.95,50.0,not_used_unreliable_tat3_export,2026-01-07 14:40:34,2026/01/07 14:40:34,2026/01/07 14:40:34,22.33686,114.26489,M4T,1581F7K3C257S00DV7D3,12.0 mm,f/1.0,640,512,False,,vt_pair,20260107_Thermal_HKUST/DCIM/DJI_202601071424_001::DJI_20260107144034_0062,HKUST,20260107_Thermal_HKUST,2026-01-07,data/raw/HKUST/20260107_Thermal_HKUST/DCIM/DJI_202601071424_001/DJI_20260107144034_0062_T.JPG,data/raw/HKUST/20260107_Thermal_HKUST/DCIM/DJI_202601071424_001/DJI_20260107144034_0062_V.JPG,2026-01-07 14:40:34,22.33686111111111,114.2648888888889,"DJI_20260107144034_0062_T.JPG
DJI_20260107144034_0062_T.JPG
2026/01/07 14:40:34
参数
距离
5 m
空气湿度
50%
发射率
0.95
反射温度
7.9℃
环境温度
7.9℃
图像信息
设备型号
M4T
序列号
1581F7K3C257S00DV7D3
焦距
12.0 mm
光圈
f/1.0
宽度
640
高度
512
创建时间
2026/01/07 14:40:34
修改时间
2026/01/07 14:40:34
经纬度
22.336860, 114.264890
文本注释"
data/local_external/tat3_reports/raw/combined_report__2026_07_15_22_43_23.docx,61,DJI_20260107144041_0063_T.JPG,DJI_20260107144041_0063,ok,7.8,7.8,5.0,0.95,50.0,not_used_unreliable_tat3_export,2026-01-07 14:40:41,2026/01/07 14:40:41,2026/01/07 14:40:41,22.337253,114.264896,M4T,1581F7K3C257S00DV7D3,12.0 mm,f/1.0,640,512,False,,vt_pair,20260107_Thermal_HKUST/DCIM/DJI_202601071424_001::DJI_20260107144041_0063,HKUST,20260107_Thermal_HKUST,2026-01-07,data/raw/HKUST/20260107_Thermal_HKUST/DCIM/DJI_202601071424_001/DJI_20260107144041_0063_T.JPG,data/raw/HKUST/20260107_Thermal_HKUST/DCIM/DJI_202601071424_001/DJI_20260107144041_0063_V.JPG,2026-01-07 14:40:41,22.33725277777778,114.2648972222222,"DJI_20260107144041_0063_T.JPG
DJI_20260107144041_0063_T.JPG
2026/01/07 14:40:41
参数
距离
5 m
空气湿度
50%
发射率
0.95
反射温度
7.8℃
环境温度
7.8℃
图像信息
设备型号
M4T
序列号
1581F7K3C257S00DV7D3
焦距
12.0 mm
光圈
f/1.0
宽度
640
高度
512
创建时间
2026/01/07 14:40:41
修改时间
2026/01/07 14:40:41
经纬度
22.337253, 114.264896
文本注释"
data/local_external/tat3_reports/raw/combined_report__2026_07_15_22_43_23.docx,62,DJI_20260107144050_0064_T.JPG,DJI_20260107144050_0064,ok,7.6,7.6,5.0,0.95,50.0,not_used_unreliable_tat3_export,2026-01-07 14:40:50,2026/01/07 14:40:50,2026/01/07 14:40:50,22.337845,114.264904,M4T,1581F7K3C257S00DV7D3,12.0 mm,f/1.0,640,512,False,,vt_pair,20260107_Thermal_HKUST/DCIM/DJI_202601071424_001::sample_0064,HKUST,20260107_Thermal_HKUST,2026-01-07,data/raw/HKUST/20260107_Thermal_HKUST/DCIM/DJI_202601071424_001/DJI_20260107144050_0064_T.JPG,data/raw/HKUST/20260107_Thermal_HKUST/DCIM/DJI_202601071424_001/DJI_20260107144049_0064_V.JPG,2026-01-07 14:40:50,22.33784444444444,114.2649027777778,"DJI_20260107144050_0064_T.JPG
DJI_20260107144050_0064_T.JPG
2026/01/07 14:40:50
参数
距离
5 m
空气湿度
50%
发射率
0.95
反射温度
7.6℃
环境温度
7.6℃
图像信息
设备型号
M4T
序列号
1581F7K3C257S00DV7D3
焦距
12.0 mm
光圈
f/1.0
宽度
640
高度
512
创建时间
2026/01/07 14:40:50
修改时间
2026/01/07 14:40:50
经纬度
22.337845, 114.264904
文本注释"
data/local_external/tat3_reports/raw/combined_report__2026_07_15_22_43_23.docx,63,DJI_20260107144051_0065_T.JPG,DJI_20260107144051_0065,ok,7.6,7.6,5.0,0.95,50.0,not_used_unreliable_tat3_export,2026-01-07 14:40:51,2026/01/07 14:40:51,2026/01/07 14:40:51,22.337845,114.264904,M4T,1581F7K3C257S00DV7D3,12.0 mm,f/1.0,640,512,False,,vt_pair,20260107_Thermal_HKUST/DCIM/DJI_202601071424_001::DJI_20260107144051_0065,HKUST,20260107_Thermal_HKUST,2026-01-07,data/raw/HKUST/20260107_Thermal_HKUST/DCIM/DJI_202601071424_001/DJI_20260107144051_0065_T.JPG,data/raw/HKUST/20260107_Thermal_HKUST/DCIM/DJI_202601071424_001/DJI_20260107144051_0065_V.JPG,2026-01-07 14:40:51,22.33784444444444,114.2649027777778,"DJI_20260107144051_0065_T.JPG
DJI_20260107144051_0065_T.JPG
2026/01/07 14:40:51
参数
距离
5 m
空气湿度
50%
发射率
0.95
反射温度
7.6℃
环境温度
7.6℃
图像信息
设备型号
M4T
序列号
1581F7K3C257S00DV7D3
焦距
12.0 mm
光圈
f/1.0
宽度
640
高度
512
创建时间
2026/01/07 14:40:51
修改时间
2026/01/07 14:40:51
经纬度
22.337845, 114.264904
文本注释"
data/local_external/tat3_reports/raw/combined_report__2026_07_15_22_43_23.docx,64,DJI_20260107144100_0066_T.JPG,DJI_20260107144100_0066,ok,7.6,7.6,5.0,0.95,50.0,not_used_unreliable_tat3_export,2026-01-07 14:41:00,2026/01/07 14:41:00,2026/01/07 14:41:00,22.338522,114.264909,M4T,1581F7K3C257S00DV7D3,12.0 mm,f/1.0,640,512,False,,vt_pair,20260107_Thermal_HKUST/DCIM/DJI_202601071424_001::DJI_20260107144100_0066,HKUST,20260107_Thermal_HKUST,2026-01-07,data/raw/HKUST/20260107_Thermal_HKUST/DCIM/DJI_202601071424_001/DJI_20260107144100_0066_T.JPG,data/raw/HKUST/20260107_Thermal_HKUST/DCIM/DJI_202601071424_001/DJI_20260107144100_0066_V.JPG,2026-01-07 14:41:00,22.33852222222222,114.2649083333333,"DJI_20260107144100_0066_T.JPG
DJI_20260107144100_0066_T.JPG
2026/01/07 14:41:00
参数
距离
5 m
空气湿度
50%
发射率
0.95
反射温度
7.6℃
环境温度
7.6℃
图像信息
设备型号
M4T
序列号
1581F7K3C257S00DV7D3
焦距
12.0 mm
光圈
f/1.0
宽度
640
高度
512
创建时间
2026/01/07 14:41:00
修改时间
2026/01/07 14:41:00
经纬度
22.338522, 114.264909
文本注释"
data/local_external/tat3_reports/raw/combined_report__2026_07_15_22_43_23.docx,65,DJI_20260107144108_0067_T.JPG,DJI_20260107144108_0067,ok,7.5,7.5,5.0,0.95,50.0,not_used_unreliable_tat3_export,2026-01-07 14:41:08,2026/01/07 14:41:08,2026/01/07 14:41:08,22.339018,114.264916,M4T,1581F7K3C257S00DV7D3,12.0 mm,f/1.0,640,512,False,,vt_pair,20260107_Thermal_HKUST/DCIM/DJI_202601071424_001::DJI_20260107144108_0067,HKUST,20260107_Thermal_HKUST,2026-01-07,data/raw/HKUST/20260107_Thermal_HKUST/DCIM/DJI_202601071424_001/DJI_20260107144108_0067_T.JPG,data/raw/HKUST/20260107_Thermal_HKUST/DCIM/DJI_202601071424_001/DJI_20260107144108_0067_V.JPG,2026-01-07 14:41:08,22.33901666666666,114.2649166666667,"DJI_20260107144108_0067_T.JPG
DJI_20260107144108_0067_T.JPG
2026/01/07 14:41:08
参数
距离
5 m
空气湿度
50%
发射率
0.95
反射温度
7.5℃
环境温度
7.5℃
图像信息
设备型号
M4T
序列号
1581F7K3C257S00DV7D3
焦距
12.0 mm
光圈
f/1.0
宽度
640
高度
512
创建时间
2026/01/07 14:41:08
修改时间
2026/01/07 14:41:08
经纬度
22.339018, 114.264916
文本注释"
data/local_external/tat3_reports/raw/combined_report__2026_07_15_22_43_23.docx,66,DJI_20260107144116_0068_T.JPG,DJI_20260107144116_0068,ok,7.5,7.5,5.0,0.95,50.0,not_used_unreliable_tat3_export,2026-01-07 14:41:16,2026/01/07 14:41:16,2026/01/07 14:41:16,22.339466,114.26492,M4T,1581F7K3C257S00DV7D3,12.0 mm,f/1.0,640,512,False,,vt_pair,20260107_Thermal_HKUST/DCIM/DJI_202601071424_001::DJI_20260107144116_0068,HKUST,20260107_Thermal_HKUST,2026-01-07,data/raw/HKUST/20260107_Thermal_HKUST/DCIM/DJI_202601071424_001/DJI_20260107144116_0068_T.JPG,data/raw/HKUST/20260107_Thermal_HKUST/DCIM/DJI_202601071424_001/DJI_20260107144116_0068_V.JPG,2026-01-07 14:41:16,22.33946666666667,114.2649194444444,"DJI_20260107144116_0068_T.JPG
DJI_20260107144116_0068_T.JPG
2026/01/07 14:41:16
参数
距离
5 m
空气湿度
50%
发射率
0.95
反射温度
7.5℃
环境温度
7.5℃
图像信息
设备型号
M4T
序列号
1581F7K3C257S00DV7D3
焦距
12.0 mm
光圈
f/1.0
宽度
640
高度
512
创建时间
2026/01/07 14:41:16
修改时间
2026/01/07 14:41:16
经纬度
22.339466, 114.264920
文本注释"
data/local_external/tat3_reports/raw/combined_report__2026_07_15_22_43_23.docx,67,DJI_20260107144133_0069_T.JPG,DJI_20260107144133_0069,ok,8.1,8.1,5.0,0.95,50.0,not_used_unreliable_tat3_export,2026-01-07 14:41:33,2026/01/07 14:41:33,2026/01/07 14:41:33,22.339465,114.265665,M4T,1581F7K3C257S00DV7D3,12.0 mm,f/1.0,640,512,False,,vt_pair,20260107_Thermal_HKUST/DCIM/DJI_202601071424_001::DJI_20260107144133_0069,HKUST,20260107_Thermal_HKUST,2026-01-07,data/raw/HKUST/20260107_Thermal_HKUST/DCIM/DJI_202601071424_001/DJI_20260107144133_0069_T.JPG,data/raw/HKUST/20260107_Thermal_HKUST/DCIM/DJI_202601071424_001/DJI_20260107144133_0069_V.JPG,2026-01-07 14:41:33,22.33946388888889,114.2656666666667,"DJI_20260107144133_0069_T.JPG
DJI_20260107144133_0069_T.JPG
2026/01/07 14:41:33
参数
距离
5 m
空气湿度
50%
发射率
0.95
反射温度
8.1℃
环境温度
8.1℃
图像信息
设备型号
M4T
序列号
1581F7K3C257S00DV7D3
焦距
12.0 mm
光圈
f/1.0
宽度
640
高度
512
创建时间
2026/01/07 14:41:33
修改时间
2026/01/07 14:41:33
经纬度
22.339465, 114.265665
文本注释"
data/local_external/tat3_reports/raw/combined_report__2026_07_15_22_43_23.docx,68,DJI_20260107144142_0070_T.JPG,DJI_20260107144142_0070,ok,8.4,8.4,5.0,0.95,50.0,not_used_unreliable_tat3_export,2026-01-07 14:41:42,2026/01/07 14:41:42,2026/01/07 14:41:42,22.338782,114.265655,M4T,1581F7K3C257S00DV7D3,12.0 mm,f/1.0,640,512,False,,vt_pair,20260107_Thermal_HKUST/DCIM/DJI_202601071424_001::DJI_20260107144142_0070,HKUST,20260107_Thermal_HKUST,2026-01-07,data/raw/HKUST/20260107_Thermal_HKUST/DCIM/DJI_202601071424_001/DJI_20260107144142_0070_T.JPG,data/raw/HKUST/20260107_Thermal_HKUST/DCIM/DJI_202601071424_001/DJI_20260107144142_0070_V.JPG,2026-01-07 14:41:42,22.33878333333333,114.2656555555556,"DJI_20260107144142_0070_T.JPG
DJI_20260107144142_0070_T.JPG
2026/01/07 14:41:42
参数
距离
5 m
空气湿度
50%
发射率
0.95
反射温度
8.4℃
环境温度
8.4℃
图像信息
设备型号
M4T
序列号
1581F7K3C257S00DV7D3
焦距
12.0 mm
光圈
f/1.0
宽度
640
高度
512
创建时间
2026/01/07 14:41:42
修改时间
2026/01/07 14:41:42
经纬度
22.338782, 114.265655
文本注释"
data/local_external/tat3_reports/raw/combined_report__2026_07_15_22_43_23.docx,69,DJI_20260107144150_0071_T.JPG,DJI_20260107144150_0071,ok,8.7,8.7,5.0,0.95,50.0,not_used_unreliable_tat3_export,2026-01-07 14:41:50,2026/01/07 14:41:50,2026/01/07 14:41:50,22.338217,114.265646,M4T,1581F7K3C257S00DV7D3,12.0 mm,f/1.0,640,512,False,,vt_pair,20260107_Thermal_HKUST/DCIM/DJI_202601071424_001::DJI_20260107144150_0071,HKUST,20260107_Thermal_HKUST,2026-01-07,data/raw/HKUST/20260107_Thermal_HKUST/DCIM/DJI_202601071424_001/DJI_20260107144150_0071_T.JPG,data/raw/HKUST/20260107_Thermal_HKUST/DCIM/DJI_202601071424_001/DJI_20260107144150_0071_V.JPG,2026-01-07 14:41:50,22.33821666666666,114.2656444444444,"DJI_20260107144150_0071_T.JPG
DJI_20260107144150_0071_T.JPG
2026/01/07 14:41:50
参数
距离
5 m
空气湿度
50%
发射率
0.95
反射温度
8.7℃
环境温度
8.7℃
图像信息
设备型号
M4T
序列号
1581F7K3C257S00DV7D3
焦距
12.0 mm
光圈
f/1.0
宽度
640
高度
512
创建时间
2026/01/07 14:41:50
修改时间
2026/01/07 14:41:50
经纬度
22.338217, 114.265646
文本注释"
data/local_external/tat3_reports/raw/combined_report__2026_07_15_22_43_23.docx,70,DJI_20260107144158_0072_T.JPG,DJI_20260107144158_0072,ok,8.9,8.9,5.0,0.95,50.0,not_used_unreliable_tat3_export,2026-01-07 14:41:58,2026/01/07 14:41:58,2026/01/07 14:41:58,22.337778,114.265638,M4T,1581F7K3C257S00DV7D3,12.0 mm,f/1.0,640,512,False,,vt_pair,20260107_Thermal_HKUST/DCIM/DJI_202601071424_001::DJI_20260107144158_0072,HKUST,20260107_Thermal_HKUST,2026-01-07,data/raw/HKUST/20260107_Thermal_HKUST/DCIM/DJI_202601071424_001/DJI_20260107144158_0072_T.JPG,data/raw/HKUST/20260107_Thermal_HKUST/DCIM/DJI_202601071424_001/DJI_20260107144158_0072_V.JPG,2026-01-07 14:41:58,22.33777777777778,114.2656388888889,"DJI_20260107144158_0072_T.JPG
DJI_20260107144158_0072_T.JPG
2026/01/07 14:41:58
参数
距离
5 m
空气湿度
50%
发射率
0.95
反射温度
8.9℃
环境温度
8.9℃
图像信息
设备型号
M4T
序列号
1581F7K3C257S00DV7D3
焦距
12.0 mm
光圈
f/1.0
宽度
640
高度
512
创建时间
2026/01/07 14:41:58
修改时间
2026/01/07 14:41:58
经纬度
22.337778, 114.265638
文本注释"
data/local_external/tat3_reports/raw/combined_report__2026_07_15_22_43_23.docx,71,DJI_20260107144206_0073_T.JPG,DJI_20260107144206_0073,ok,9.1,9.1,5.0,0.95,50.0,not_used_unreliable_tat3_export,2026-01-07 14:42:06,2026/01/07 14:42:06,2026/01/07 14:42:06,22.337257,114.26563,M4T,1581F7K3C257S00DV7D3,12.0 mm,f/1.0,640,512,False,,vt_pair,20260107_Thermal_HKUST/DCIM/DJI_202601071424_001::sample_0073,HKUST,20260107_Thermal_HKUST,2026-01-07,data/raw/HKUST/20260107_Thermal_HKUST/DCIM/DJI_202601071424_001/DJI_20260107144206_0073_T.JPG,data/raw/HKUST/20260107_Thermal_HKUST/DCIM/DJI_202601071424_001/DJI_20260107144205_0073_V.JPG,2026-01-07 14:42:06,22.33725555555555,114.2656305555556,"DJI_20260107144206_0073_T.JPG
DJI_20260107144206_0073_T.JPG
2026/01/07 14:42:06
参数
距离
5 m
空气湿度
50%
发射率
0.95
反射温度
9.1℃
环境温度
9.1℃
图像信息
设备型号
M4T
序列号
1581F7K3C257S00DV7D3
焦距
12.0 mm
光圈
f/1.0
宽度
640
高度
512
创建时间
2026/01/07 14:42:06
修改时间
2026/01/07 14:42:06
经纬度
22.337257, 114.265630
文本注释"
data/local_external/tat3_reports/raw/combined_report__2026_07_15_22_43_23.docx,72,DJI_20260107144213_0074_T.JPG,DJI_20260107144213_0074,ok,9.3,9.3,5.0,0.95,50.0,not_used_unreliable_tat3_export,2026-01-07 14:42:13,2026/01/07 14:42:13,2026/01/07 14:42:13,22.336753,114.265625,M4T,1581F7K3C257S00DV7D3,12.0 mm,f/1.0,640,512,False,,vt_pair,20260107_Thermal_HKUST/DCIM/DJI_202601071424_001::DJI_20260107144213_0074,HKUST,20260107_Thermal_HKUST,2026-01-07,data/raw/HKUST/20260107_Thermal_HKUST/DCIM/DJI_202601071424_001/DJI_20260107144213_0074_T.JPG,data/raw/HKUST/20260107_Thermal_HKUST/DCIM/DJI_202601071424_001/DJI_20260107144213_0074_V.JPG,2026-01-07 14:42:13,22.33675277777777,114.265625,"DJI_20260107144213_0074_T.JPG
DJI_20260107144213_0074_T.JPG
2026/01/07 14:42:13
参数
距离
5 m
空气湿度
50%
发射率
0.95
反射温度
9.3℃
环境温度
9.3℃
图像信息
设备型号
M4T
序列号
1581F7K3C257S00DV7D3
焦距
12.0 mm
光圈
f/1.0
宽度
640
高度
512
创建时间
2026/01/07 14:42:13
修改时间
2026/01/07 14:42:13
经纬度
22.336753, 114.265625
文本注释"
data/local_external/tat3_reports/raw/combined_report__2026_07_15_22_43_23.docx,73,DJI_20260107144226_0075_T.JPG,DJI_20260107144226_0075,ok,9.8,9.8,5.0,0.95,50.0,not_used_unreliable_tat3_export,2026-01-07 14:42:26,2026/01/07 14:42:26,2026/01/07 14:42:26,22.336607,114.266419,M4T,1581F7K3C257S00DV7D3,12.0 mm,f/1.0,640,512,False,,vt_pair,20260107_Thermal_HKUST/DCIM/DJI_202601071424_001::DJI_20260107144226_0075,HKUST,20260107_Thermal_HKUST,2026-01-07,data/raw/HKUST/20260107_Thermal_HKUST/DCIM/DJI_202601071424_001/DJI_20260107144226_0075_T.JPG,data/raw/HKUST/20260107_Thermal_HKUST/DCIM/DJI_202601071424_001/DJI_20260107144226_0075_V.JPG,2026-01-07 14:42:26,22.33660833333333,114.2664194444444,"DJI_20260107144226_0075_T.JPG
DJI_20260107144226_0075_T.JPG
2026/01/07 14:42:26
参数
距离
5 m
空气湿度
50%
发射率
0.95
反射温度
9.8℃
环境温度
9.8℃
图像信息
设备型号
M4T
序列号
1581F7K3C257S00DV7D3
焦距
12.0 mm
光圈
f/1.0
宽度
640
高度
512
创建时间
2026/01/07 14:42:26
修改时间
2026/01/07 14:42:26
经纬度
22.336607, 114.266419
文本注释"
data/local_external/tat3_reports/raw/combined_report__2026_07_15_22_43_23.docx,74,DJI_20260107144235_0076_T.JPG,DJI_20260107144235_0076,ok,9.4,9.4,5.0,0.95,50.0,not_used_unreliable_tat3_export,2026-01-07 14:42:35,2026/01/07 14:42:35,2026/01/07 14:42:35,22.337141,114.266422,M4T,1581F7K3C257S00DV7D3,12.0 mm,f/1.0,640,512,False,,vt_pair,20260107_Thermal_HKUST/DCIM/DJI_202601071424_001::sample_0076,HKUST,20260107_Thermal_HKUST,2026-01-07,data/raw/HKUST/20260107_Thermal_HKUST/DCIM/DJI_202601071424_001/DJI_20260107144235_0076_T.JPG,data/raw/HKUST/20260107_Thermal_HKUST/DCIM/DJI_202601071424_001/DJI_20260107144234_0076_V.JPG,2026-01-07 14:42:35,22.33714166666666,114.2664222222222,"DJI_20260107144235_0076_T.JPG
DJI_20260107144235_0076_T.JPG
2026/01/07 14:42:35
参数
距离
5 m
空气湿度
50%
发射率
0.95
反射温度
9.4℃
环境温度
9.4℃
图像信息
设备型号
M4T
序列号
1581F7K3C257S00DV7D3
焦距
12.0 mm
光圈
f/1.0
宽度
640
高度
512
创建时间
2026/01/07 14:42:35
修改时间
2026/01/07 14:42:35
经纬度
22.337141, 114.266422
文本注释"
data/local_external/tat3_reports/raw/combined_report__2026_07_15_22_43_23.docx,75,DJI_20260107144242_0077_T.JPG,DJI_20260107144242_0077,ok,9.1,9.1,5.0,0.95,50.0,not_used_unreliable_tat3_export,2026-01-07 14:42:42,2026/01/07 14:42:42,2026/01/07 14:42:42,22.337594,114.266426,M4T,1581F7K3C257S00DV7D3,12.0 mm,f/1.0,640,512,False,,vt_pair,20260107_Thermal_HKUST/DCIM/DJI_202601071424_001::DJI_20260107144242_0077,HKUST,20260107_Thermal_HKUST,2026-01-07,data/raw/HKUST/20260107_Thermal_HKUST/DCIM/DJI_202601071424_001/DJI_20260107144242_0077_T.JPG,data/raw/HKUST/20260107_Thermal_HKUST/DCIM/DJI_202601071424_001/DJI_20260107144242_0077_V.JPG,2026-01-07 14:42:42,22.33759444444444,114.266425,"DJI_20260107144242_0077_T.JPG
DJI_20260107144242_0077_T.JPG
2026/01/07 14:42:42
参数
距离
5 m
空气湿度
50%
发射率
0.95
反射温度
9.1℃
环境温度
9.1℃
图像信息
设备型号
M4T
序列号
1581F7K3C257S00DV7D3
焦距
12.0 mm
光圈
f/1.0
宽度
640
高度
512
创建时间
2026/01/07 14:42:42
修改时间
2026/01/07 14:42:42
经纬度
22.337594, 114.266426
文本注释"
data/local_external/tat3_reports/raw/combined_report__2026_07_15_22_43_23.docx,76,DJI_20260107144251_0078_T.JPG,DJI_20260107144251_0078,ok,8.8,8.8,5.0,0.95,50.0,not_used_unreliable_tat3_export,2026-01-07 14:42:51,2026/01/07 14:42:51,2026/01/07 14:42:51,22.338165,114.266429,M4T,1581F7K3C257S00DV7D3,12.0 mm,f/1.0,640,512,False,,vt_pair,20260107_Thermal_HKUST/DCIM/DJI_202601071424_001::DJI_20260107144251_0078,HKUST,20260107_Thermal_HKUST,2026-01-07,data/raw/HKUST/20260107_Thermal_HKUST/DCIM/DJI_202601071424_001/DJI_20260107144251_0078_T.JPG,data/raw/HKUST/20260107_Thermal_HKUST/DCIM/DJI_202601071424_001/DJI_20260107144251_0078_V.JPG,2026-01-07 14:42:51,22.33816388888889,114.2664277777778,"DJI_20260107144251_0078_T.JPG
DJI_20260107144251_0078_T.JPG
2026/01/07 14:42:51
参数
距离
5 m
空气湿度
50%
发射率
0.95
反射温度
8.8℃
环境温度
8.8℃
图像信息
设备型号
M4T
序列号
1581F7K3C257S00DV7D3
焦距
12.0 mm
光圈
f/1.0
宽度
640
高度
512
创建时间
2026/01/07 14:42:51
修改时间
2026/01/07 14:42:51
经纬度
22.338165, 114.266429
文本注释"
data/local_external/tat3_reports/raw/combined_report__2026_07_15_22_43_23.docx,77,DJI_20260107144259_0079_T.JPG,DJI_20260107144259_0079,ok,8.4,8.4,5.0,0.95,50.0,not_used_unreliable_tat3_export,2026-01-07 14:42:59,2026/01/07 14:42:59,2026/01/07 14:42:59,22.338643,114.266432,M4T,1581F7K3C257S00DV7D3,12.0 mm,f/1.0,640,512,False,,vt_pair,20260107_Thermal_HKUST/DCIM/DJI_202601071424_001::DJI_20260107144259_0079,HKUST,20260107_Thermal_HKUST,2026-01-07,data/raw/HKUST/20260107_Thermal_HKUST/DCIM/DJI_202601071424_001/DJI_20260107144259_0079_T.JPG,data/raw/HKUST/20260107_Thermal_HKUST/DCIM/DJI_202601071424_001/DJI_20260107144259_0079_V.JPG,2026-01-07 14:42:59,22.33864444444444,114.2664333333333,"DJI_20260107144259_0079_T.JPG
DJI_20260107144259_0079_T.JPG
2026/01/07 14:42:59
参数
距离
5 m
空气湿度
50%
发射率
0.95
反射温度
8.4℃
环境温度
8.4℃
图像信息
设备型号
M4T
序列号
1581F7K3C257S00DV7D3
焦距
12.0 mm
光圈
f/1.0
宽度
640
高度
512
创建时间
2026/01/07 14:42:59
修改时间
2026/01/07 14:42:59
经纬度
22.338643, 114.266432
文本注释"
data/local_external/tat3_reports/raw/combined_report__2026_07_15_22_43_23.docx,78,DJI_20260107144306_0080_T.JPG,DJI_20260107144306_0080,ok,8.3,8.3,5.0,0.95,50.0,not_used_unreliable_tat3_export,2026-01-07 14:43:06,2026/01/07 14:43:06,2026/01/07 14:43:06,22.339125,114.266437,M4T,1581F7K3C257S00DV7D3,12.0 mm,f/1.0,640,512,False,,vt_pair,20260107_Thermal_HKUST/DCIM/DJI_202601071424_001::DJI_20260107144306_0080,HKUST,20260107_Thermal_HKUST,2026-01-07,data/raw/HKUST/20260107_Thermal_HKUST/DCIM/DJI_202601071424_001/DJI_20260107144306_0080_T.JPG,data/raw/HKUST/20260107_Thermal_HKUST/DCIM/DJI_202601071424_001/DJI_20260107144306_0080_V.JPG,2026-01-07 14:43:06,22.339125,114.2664361111111,"DJI_20260107144306_0080_T.JPG
DJI_20260107144306_0080_T.JPG
2026/01/07 14:43:06
参数
距离
5 m
空气湿度
50%
发射率
0.95
反射温度
8.3℃
环境温度
8.3℃
图像信息
设备型号
M4T
序列号
1581F7K3C257S00DV7D3
焦距
12.0 mm
光圈
f/1.0
宽度
640
高度
512
创建时间
2026/01/07 14:43:06
修改时间
2026/01/07 14:43:06
经纬度
22.339125, 114.266437
文本注释"
data/local_external/tat3_reports/raw/combined_report__2026_07_15_22_43_23.docx,79,DJI_20260107144312_0081_T.JPG,DJI_20260107144312_0081,ok,8.1,8.1,5.0,0.95,50.0,not_used_unreliable_tat3_export,2026-01-07 14:43:12,2026/01/07 14:43:12,2026/01/07 14:43:12,22.339383,114.266439,M4T,1581F7K3C257S00DV7D3,12.0 mm,f/1.0,640,512,False,,vt_pair,20260107_Thermal_HKUST/DCIM/DJI_202601071424_001::DJI_20260107144312_0081,HKUST,20260107_Thermal_HKUST,2026-01-07,data/raw/HKUST/20260107_Thermal_HKUST/DCIM/DJI_202601071424_001/DJI_20260107144312_0081_T.JPG,data/raw/HKUST/20260107_Thermal_HKUST/DCIM/DJI_202601071424_001/DJI_20260107144312_0081_V.JPG,2026-01-07 14:43:12,22.33938333333333,114.2664388888889,"DJI_20260107144312_0081_T.JPG
DJI_20260107144312_0081_T.JPG
2026/01/07 14:43:12
参数
距离
5 m
空气湿度
50%
发射率
0.95
反射温度
8.1℃
环境温度
8.1℃
图像信息
设备型号
M4T
序列号
1581F7K3C257S00DV7D3
焦距
12.0 mm
光圈
f/1.0
宽度
640
高度
512
创建时间
2026/01/07 14:43:12
修改时间
2026/01/07 14:43:12
经纬度
22.339383, 114.266439
文本注释"
data/local_external/tat3_reports/raw/combined_report__2026_07_15_22_43_23.docx,80,DJI_20260107144322_0082_T.JPG,DJI_20260107144322_0082,ok,8.6,8.6,5.0,0.95,50.0,not_used_unreliable_tat3_export,2026-01-07 14:43:22,2026/01/07 14:43:22,2026/01/07 14:43:22,22.339377,114.267267,M4T,1581F7K3C257S00DV7D3,12.0 mm,f/1.0,640,512,False,,vt_pair,20260107_Thermal_HKUST/DCIM/DJI_202601071424_001::sample_0082,HKUST,20260107_Thermal_HKUST,2026-01-07,data/raw/HKUST/20260107_Thermal_HKUST/DCIM/DJI_202601071424_001/DJI_20260107144322_0082_T.JPG,data/raw/HKUST/20260107_Thermal_HKUST/DCIM/DJI_202601071424_001/DJI_20260107144321_0082_V.JPG,2026-01-07 14:43:22,22.33937777777778,114.2672666666667,"DJI_20260107144322_0082_T.JPG
DJI_20260107144322_0082_T.JPG
2026/01/07 14:43:22
参数
距离
5 m
空气湿度
50%
发射率
0.95
反射温度
8.6℃
环境温度
8.6℃
图像信息
设备型号
M4T
序列号
1581F7K3C257S00DV7D3
焦距
12.0 mm
光圈
f/1.0
宽度
640
高度
512
创建时间
2026/01/07 14:43:22
修改时间
2026/01/07 14:43:22
经纬度
22.339377, 114.267267
文本注释"
data/local_external/tat3_reports/raw/combined_report__2026_07_15_22_43_23.docx,81,DJI_20260107144323_0083_T.JPG,DJI_20260107144323_0083,ok,8.6,8.6,5.0,0.95,50.0,not_used_unreliable_tat3_export,2026-01-07 14:43:23,2026/01/07 14:43:23,2026/01/07 14:43:23,22.339376,114.267275,M4T,1581F7K3C257S00DV7D3,12.0 mm,f/1.0,640,512,False,,vt_pair,20260107_Thermal_HKUST/DCIM/DJI_202601071424_001::DJI_20260107144323_0083,HKUST,20260107_Thermal_HKUST,2026-01-07,data/raw/HKUST/20260107_Thermal_HKUST/DCIM/DJI_202601071424_001/DJI_20260107144323_0083_T.JPG,data/raw/HKUST/20260107_Thermal_HKUST/DCIM/DJI_202601071424_001/DJI_20260107144323_0083_V.JPG,2026-01-07 14:43:23,22.339375,114.267275,"DJI_20260107144323_0083_T.JPG
DJI_20260107144323_0083_T.JPG
2026/01/07 14:43:23
参数
距离
5 m
空气湿度
50%
发射率
0.95
反射温度
8.6℃
环境温度
8.6℃
图像信息
设备型号
M4T
序列号
1581F7K3C257S00DV7D3
焦距
12.0 mm
光圈
f/1.0
宽度
640
高度
512
创建时间
2026/01/07 14:43:23
修改时间
2026/01/07 14:43:23
经纬度
22.339376, 114.267275
文本注释"
data/local_external/tat3_reports/raw/combined_report__2026_07_15_22_43_23.docx,82,DJI_20260107144333_0084_T.JPG,DJI_20260107144333_0084,ok,8.8,8.8,5.0,0.95,50.0,not_used_unreliable_tat3_export,2026-01-07 14:43:33,2026/01/07 14:43:33,2026/01/07 14:43:33,22.338735,114.267268,M4T,1581F7K3C257S00DV7D3,12.0 mm,f/1.0,640,512,False,,vt_pair,20260107_Thermal_HKUST/DCIM/DJI_202601071424_001::DJI_20260107144333_0084,HKUST,20260107_Thermal_HKUST,2026-01-07,data/raw/HKUST/20260107_Thermal_HKUST/DCIM/DJI_202601071424_001/DJI_20260107144333_0084_T.JPG,data/raw/HKUST/20260107_Thermal_HKUST/DCIM/DJI_202601071424_001/DJI_20260107144333_0084_V.JPG,2026-01-07 14:43:33,22.33873611111111,114.2672694444444,"DJI_20260107144333_0084_T.JPG
DJI_20260107144333_0084_T.JPG
2026/01/07 14:43:33
参数
距离
5 m
空气湿度
50%
发射率
0.95
反射温度
8.8℃
环境温度
8.8℃
图像信息
设备型号
M4T
序列号
1581F7K3C257S00DV7D3
焦距
12.0 mm
光圈
f/1.0
宽度
640
高度
512
创建时间
2026/01/07 14:43:33
修改时间
2026/01/07 14:43:33
经纬度
22.338735, 114.267268
文本注释"
data/local_external/tat3_reports/raw/combined_report__2026_07_15_22_43_23.docx,83,DJI_20260107144343_0085_T.JPG,DJI_20260107144343_0085,ok,9.1,9.1,5.0,0.95,50.0,not_used_unreliable_tat3_export,2026-01-07 14:43:43,2026/01/07 14:43:43,2026/01/07 14:43:43,22.337921,114.267259,M4T,1581F7K3C257S00DV7D3,12.0 mm,f/1.0,640,512,False,,vt_pair,20260107_Thermal_HKUST/DCIM/DJI_202601071424_001::sample_0085,HKUST,20260107_Thermal_HKUST,2026-01-07,data/raw/HKUST/20260107_Thermal_HKUST/DCIM/DJI_202601071424_001/DJI_20260107144343_0085_T.JPG,data/raw/HKUST/20260107_Thermal_HKUST/DCIM/DJI_202601071424_001/DJI_20260107144342_0085_V.JPG,2026-01-07 14:43:43,22.33792222222223,114.2672583333333,"DJI_20260107144343_0085_T.JPG
DJI_20260107144343_0085_T.JPG
2026/01/07 14:43:43
参数
距离
5 m
空气湿度
50%
发射率
0.95
反射温度
9.1℃
环境温度
9.1℃
图像信息
设备型号
M4T
序列号
1581F7K3C257S00DV7D3
焦距
12.0 mm
光圈
f/1.0
宽度
640
高度
512
创建时间
2026/01/07 14:43:43
修改时间
2026/01/07 14:43:43
经纬度
22.337921, 114.267259
文本注释"
data/local_external/tat3_reports/raw/combined_report__2026_07_15_22_43_23.docx,84,DJI_20260107144352_0086_T.JPG,DJI_20260107144352_0086,ok,9.3,9.3,5.0,0.95,50.0,not_used_unreliable_tat3_export,2026-01-07 14:43:52,2026/01/07 14:43:52,2026/01/07 14:43:52,22.337278,114.267252,M4T,1581F7K3C257S00DV7D3,12.0 mm,f/1.0,640,512,False,,vt_pair,20260107_Thermal_HKUST/DCIM/DJI_202601071424_001::DJI_20260107144352_0086,HKUST,20260107_Thermal_HKUST,2026-01-07,data/raw/HKUST/20260107_Thermal_HKUST/DCIM/DJI_202601071424_001/DJI_20260107144352_0086_T.JPG,data/raw/HKUST/20260107_Thermal_HKUST/DCIM/DJI_202601071424_001/DJI_20260107144352_0086_V.JPG,2026-01-07 14:43:52,22.33727777777777,114.2672527777778,"DJI_20260107144352_0086_T.JPG
DJI_20260107144352_0086_T.JPG
2026/01/07 14:43:52
参数
距离
5 m
空气湿度
50%
发射率
0.95
反射温度
9.3℃
环境温度
9.3℃
图像信息
设备型号
M4T
序列号
1581F7K3C257S00DV7D3
焦距
12.0 mm
光圈
f/1.0
宽度
640
高度
512
创建时间
2026/01/07 14:43:52
修改时间
2026/01/07 14:43:52
经纬度
22.337278, 114.267252
文本注释"
data/local_external/tat3_reports/raw/combined_report__2026_07_15_22_43_23.docx,85,DJI_20260107144359_0087_T.JPG,DJI_20260107144359_0087,ok,9.4,9.4,5.0,0.95,50.0,not_used_unreliable_tat3_export,2026-01-07 14:43:59,2026/01/07 14:43:59,2026/01/07 14:43:59,22.336798,114.267244,M4T,1581F7K3C257S00DV7D3,12.0 mm,f/1.0,640,512,False,,vt_pair,20260107_Thermal_HKUST/DCIM/DJI_202601071424_001::DJI_20260107144359_0087,HKUST,20260107_Thermal_HKUST,2026-01-07,data/raw/HKUST/20260107_Thermal_HKUST/DCIM/DJI_202601071424_001/DJI_20260107144359_0087_T.JPG,data/raw/HKUST/20260107_Thermal_HKUST/DCIM/DJI_202601071424_001/DJI_20260107144359_0087_V.JPG,2026-01-07 14:43:59,22.33679722222222,114.2672444444444,"DJI_20260107144359_0087_T.JPG
DJI_20260107144359_0087_T.JPG
2026/01/07 14:43:59
参数
距离
5 m
空气湿度
50%
发射率
0.95
反射温度
9.4℃
环境温度
9.4℃
图像信息
设备型号
M4T
序列号
1581F7K3C257S00DV7D3
焦距
12.0 mm
光圈
f/1.0
宽度
640
高度
512
创建时间
2026/01/07 14:43:59
修改时间
2026/01/07 14:43:59
经纬度
22.336798, 114.267244
文本注释"
data/local_external/tat3_reports/raw/combined_report__2026_07_15_22_43_23.docx,86,DJI_20260107144406_0088_T.JPG,DJI_20260107144406_0088,ok,9.6,9.6,5.0,0.95,50.0,not_used_unreliable_tat3_export,2026-01-07 14:44:06,2026/01/07 14:44:06,2026/01/07 14:44:06,22.336411,114.267238,M4T,1581F7K3C257S00DV7D3,12.0 mm,f/1.0,640,512,False,,vt_pair,20260107_Thermal_HKUST/DCIM/DJI_202601071424_001::sample_0088,HKUST,20260107_Thermal_HKUST,2026-01-07,data/raw/HKUST/20260107_Thermal_HKUST/DCIM/DJI_202601071424_001/DJI_20260107144406_0088_T.JPG,data/raw/HKUST/20260107_Thermal_HKUST/DCIM/DJI_202601071424_001/DJI_20260107144405_0088_V.JPG,2026-01-07 14:44:06,22.33641111111111,114.2672388888889,"DJI_20260107144406_0088_T.JPG
DJI_20260107144406_0088_T.JPG
2026/01/07 14:44:06
参数
距离
5 m
空气湿度
50%
发射率
0.95
反射温度
9.6℃
环境温度
9.6℃
图像信息
设备型号
M4T
序列号
1581F7K3C257S00DV7D3
焦距
12.0 mm
光圈
f/1.0
宽度
640
高度
512
创建时间
2026/01/07 14:44:06
修改时间
2026/01/07 14:44:06
经纬度
22.336411, 114.267238
文本注释"
data/local_external/tat3_reports/raw/combined_report__2026_07_15_22_43_23.docx,87,DJI_20260107144415_0089_T.JPG,DJI_20260107144415_0089,ok,9.8,9.8,5.0,0.95,50.0,not_used_unreliable_tat3_export,2026-01-07 14:44:15,2026/01/07 14:44:15,2026/01/07 14:44:15,22.336392,114.26811,M4T,1581F7K3C257S00DV7D3,12.0 mm,f/1.0,640,512,False,,vt_pair,20260107_Thermal_HKUST/DCIM/DJI_202601071424_001::DJI_20260107144415_0089,HKUST,20260107_Thermal_HKUST,2026-01-07,data/raw/HKUST/20260107_Thermal_HKUST/DCIM/DJI_202601071424_001/DJI_20260107144415_0089_T.JPG,data/raw/HKUST/20260107_Thermal_HKUST/DCIM/DJI_202601071424_001/DJI_20260107144415_0089_V.JPG,2026-01-07 14:44:15,22.33639166666666,114.2681111111111,"DJI_20260107144415_0089_T.JPG
DJI_20260107144415_0089_T.JPG
2026/01/07 14:44:15
参数
距离
5 m
空气湿度
50%
发射率
0.95
反射温度
9.8℃
环境温度
9.8℃
图像信息
设备型号
M4T
序列号
1581F7K3C257S00DV7D3
焦距
12.0 mm
光圈
f/1.0
宽度
640
高度
512
创建时间
2026/01/07 14:44:15
修改时间
2026/01/07 14:44:15
经纬度
22.336392, 114.268110
文本注释"
data/local_external/tat3_reports/raw/combined_report__2026_07_15_22_43_23.docx,88,DJI_20260107144417_0090_T.JPG,DJI_20260107144417_0090,ok,9.9,9.9,5.0,0.95,50.0,not_used_unreliable_tat3_export,2026-01-07 14:44:17,2026/01/07 14:44:17,2026/01/07 14:44:17,22.336392,114.268123,M4T,1581F7K3C257S00DV7D3,12.0 mm,f/1.0,640,512,False,,vt_pair,20260107_Thermal_HKUST/DCIM/DJI_202601071424_001::sample_0090,HKUST,20260107_Thermal_HKUST,2026-01-07,data/raw/HKUST/20260107_Thermal_HKUST/DCIM/DJI_202601071424_001/DJI_20260107144417_0090_T.JPG,data/raw/HKUST/20260107_Thermal_HKUST/DCIM/DJI_202601071424_001/DJI_20260107144416_0090_V.JPG,2026-01-07 14:44:17,22.33639166666666,114.2681222222222,"DJI_20260107144417_0090_T.JPG
DJI_20260107144417_0090_T.JPG
2026/01/07 14:44:17
参数
距离
5 m
空气湿度
50%
发射率
0.95
反射温度
9.9℃
环境温度
9.9℃
图像信息
设备型号
M4T
序列号
1581F7K3C257S00DV7D3
焦距
12.0 mm
光圈
f/1.0
宽度
640
高度
512
创建时间
2026/01/07 14:44:17
修改时间
2026/01/07 14:44:17
经纬度
22.336392, 114.268123
文本注释"
data/local_external/tat3_reports/raw/combined_report__2026_07_15_22_43_23.docx,89,DJI_20260107144425_0091_T.JPG,DJI_20260107144425_0091,ok,9.6,9.6,5.0,0.95,50.0,not_used_unreliable_tat3_export,2026-01-07 14:44:25,2026/01/07 14:44:25,2026/01/07 14:44:25,22.336958,114.268129,M4T,1581F7K3C257S00DV7D3,12.0 mm,f/1.0,640,512,False,,vt_pair,20260107_Thermal_HKUST/DCIM/DJI_202601071424_001::sample_0091,HKUST,20260107_Thermal_HKUST,2026-01-07,data/raw/HKUST/20260107_Thermal_HKUST/DCIM/DJI_202601071424_001/DJI_20260107144425_0091_T.JPG,data/raw/HKUST/20260107_Thermal_HKUST/DCIM/DJI_202601071424_001/DJI_20260107144424_0091_V.JPG,2026-01-07 14:44:25,22.33695833333333,114.2681305555556,"DJI_20260107144425_0091_T.JPG
DJI_20260107144425_0091_T.JPG
2026/01/07 14:44:25
参数
距离
5 m
空气湿度
50%
发射率
0.95
反射温度
9.6℃
环境温度
9.6℃
图像信息
设备型号
M4T
序列号
1581F7K3C257S00DV7D3
焦距
12.0 mm
光圈
f/1.0
宽度
640
高度
512
创建时间
2026/01/07 14:44:25
修改时间
2026/01/07 14:44:25
经纬度
22.336958, 114.268129
文本注释"
data/local_external/tat3_reports/raw/combined_report__2026_07_15_22_43_23.docx,90,DJI_20260107144432_0092_T.JPG,DJI_20260107144432_0092,ok,9.2,9.2,5.0,0.95,50.0,not_used_unreliable_tat3_export,2026-01-07 14:44:32,2026/01/07 14:44:32,2026/01/07 14:44:32,22.337456,114.268134,M4T,1581F7K3C257S00DV7D3,12.0 mm,f/1.0,640,512,False,,vt_pair,20260107_Thermal_HKUST/DCIM/DJI_202601071424_001::DJI_20260107144432_0092,HKUST,20260107_Thermal_HKUST,2026-01-07,data/raw/HKUST/20260107_Thermal_HKUST/DCIM/DJI_202601071424_001/DJI_20260107144432_0092_T.JPG,data/raw/HKUST/20260107_Thermal_HKUST/DCIM/DJI_202601071424_001/DJI_20260107144432_0092_V.JPG,2026-01-07 14:44:32,22.33745555555556,114.2681333333333,"DJI_20260107144432_0092_T.JPG
DJI_20260107144432_0092_T.JPG
2026/01/07 14:44:32
参数
距离
5 m
空气湿度
50%
发射率
0.95
反射温度
9.2℃
环境温度
9.2℃
图像信息
设备型号
M4T
序列号
1581F7K3C257S00DV7D3
焦距
12.0 mm
光圈
f/1.0
宽度
640
高度
512
创建时间
2026/01/07 14:44:32
修改时间
2026/01/07 14:44:32
经纬度
22.337456, 114.268134
文本注释"
data/local_external/tat3_reports/raw/combined_report__2026_07_15_22_43_23.docx,91,DJI_20260107144440_0093_T.JPG,DJI_20260107144440_0093,ok,8.9,8.9,5.0,0.95,50.0,not_used_unreliable_tat3_export,2026-01-07 14:44:40,2026/01/07 14:44:40,2026/01/07 14:44:40,22.337938,114.26814,M4T,1581F7K3C257S00DV7D3,12.0 mm,f/1.0,640,512,False,,vt_pair,20260107_Thermal_HKUST/DCIM/DJI_202601071424_001::sample_0093,HKUST,20260107_Thermal_HKUST,2026-01-07,data/raw/HKUST/20260107_Thermal_HKUST/DCIM/DJI_202601071424_001/DJI_20260107144440_0093_T.JPG,data/raw/HKUST/20260107_Thermal_HKUST/DCIM/DJI_202601071424_001/DJI_20260107144439_0093_V.JPG,2026-01-07 14:44:40,22.33793888888889,114.2681388888889,"DJI_20260107144440_0093_T.JPG
DJI_20260107144440_0093_T.JPG
2026/01/07 14:44:40
参数
距离
5 m
空气湿度
50%
发射率
0.95
反射温度
8.9℃
环境温度
8.9℃
图像信息
设备型号
M4T
序列号
1581F7K3C257S00DV7D3
焦距
12.0 mm
光圈
f/1.0
宽度
640
高度
512
创建时间
2026/01/07 14:44:40
修改时间
2026/01/07 14:44:40
经纬度
22.337938, 114.268140
文本注释"
data/local_external/tat3_reports/raw/combined_report__2026_07_15_22_43_23.docx,92,DJI_20260107144448_0094_T.JPG,DJI_20260107144448_0094,ok,9.1,9.1,5.0,0.95,50.0,not_used_unreliable_tat3_export,2026-01-07 14:44:48,2026/01/07 14:44:48,2026/01/07 14:44:48,22.337932,114.268732,M4T,1581F7K3C257S00DV7D3,12.0 mm,f/1.0,640,512,False,,vt_pair,20260107_Thermal_HKUST/DCIM/DJI_202601071424_001::DJI_20260107144448_0094,HKUST,20260107_Thermal_HKUST,2026-01-07,data/raw/HKUST/20260107_Thermal_HKUST/DCIM/DJI_202601071424_001/DJI_20260107144448_0094_T.JPG,data/raw/HKUST/20260107_Thermal_HKUST/DCIM/DJI_202601071424_001/DJI_20260107144448_0094_V.JPG,2026-01-07 14:44:48,22.33793333333333,114.2687305555556,"DJI_20260107144448_0094_T.JPG
DJI_20260107144448_0094_T.JPG
2026/01/07 14:44:48
参数
距离
5 m
空气湿度
50%
发射率
0.95
反射温度
9.1℃
环境温度
9.1℃
图像信息
设备型号
M4T
序列号
1581F7K3C257S00DV7D3
焦距
12.0 mm
光圈
f/1.0
宽度
640
高度
512
创建时间
2026/01/07 14:44:48
修改时间
2026/01/07 14:44:48
经纬度
22.337932, 114.268732
文本注释"
data/local_external/tat3_reports/raw/combined_report__2026_07_15_22_43_23.docx,93,DJI_20260107144454_0095_T.JPG,DJI_20260107144454_0095,ok,9.2,9.2,5.0,0.95,50.0,not_used_unreliable_tat3_export,2026-01-07 14:44:54,2026/01/07 14:44:54,2026/01/07 14:44:54,22.337558,114.268727,M4T,1581F7K3C257S00DV7D3,12.0 mm,f/1.0,640,512,False,,vt_pair,20260107_Thermal_HKUST/DCIM/DJI_202601071424_001::DJI_20260107144454_0095,HKUST,20260107_Thermal_HKUST,2026-01-07,data/raw/HKUST/20260107_Thermal_HKUST/DCIM/DJI_202601071424_001/DJI_20260107144454_0095_T.JPG,data/raw/HKUST/20260107_Thermal_HKUST/DCIM/DJI_202601071424_001/DJI_20260107144454_0095_V.JPG,2026-01-07 14:44:54,22.33755833333333,114.2687277777778,"DJI_20260107144454_0095_T.JPG
DJI_20260107144454_0095_T.JPG
2026/01/07 14:44:54
参数
距离
5 m
空气湿度
50%
发射率
0.95
反射温度
9.2℃
环境温度
9.2℃
图像信息
设备型号
M4T
序列号
1581F7K3C257S00DV7D3
焦距
12.0 mm
光圈
f/1.0
宽度
640
高度
512
创建时间
2026/01/07 14:44:54
修改时间
2026/01/07 14:44:54
经纬度
22.337558, 114.268727
文本注释"
data/local_external/tat3_reports/raw/combined_report__2026_07_15_22_43_23.docx,94,DJI_20260107144501_0096_T.JPG,DJI_20260107144501_0096,ok,9.3,9.3,5.0,0.95,50.0,not_used_unreliable_tat3_export,2026-01-07 14:45:01,2026/01/07 14:45:01,2026/01/07 14:45:01,22.337133,114.268721,M4T,1581F7K3C257S00DV7D3,12.0 mm,f/1.0,640,512,False,,vt_pair,20260107_Thermal_HKUST/DCIM/DJI_202601071424_001::DJI_20260107144501_0096,HKUST,20260107_Thermal_HKUST,2026-01-07,data/raw/HKUST/20260107_Thermal_HKUST/DCIM/DJI_202601071424_001/DJI_20260107144501_0096_T.JPG,data/raw/HKUST/20260107_Thermal_HKUST/DCIM/DJI_202601071424_001/DJI_20260107144501_0096_V.JPG,2026-01-07 14:45:01,22.33713333333333,114.2687194444444,"DJI_20260107144501_0096_T.JPG
DJI_20260107144501_0096_T.JPG
2026/01/07 14:45:01
参数
距离
5 m
空气湿度
50%
发射率
0.95
反射温度
9.3℃
环境温度
9.3℃
图像信息
设备型号
M4T
序列号
1581F7K3C257S00DV7D3
焦距
12.0 mm
光圈
f/1.0
宽度
640
高度
512
创建时间
2026/01/07 14:45:01
修改时间
2026/01/07 14:45:01
经纬度
22.337133, 114.268721
文本注释"
data/local_external/tat3_reports/raw/combined_report__2026_07_15_22_43_23.docx,95,DJI_20260107144509_0097_T.JPG,DJI_20260107144509_0097,ok,9.4,9.4,5.0,0.95,50.0,not_used_unreliable_tat3_export,2026-01-07 14:45:09,2026/01/07 14:45:09,2026/01/07 14:45:09,22.336584,114.268713,M4T,1581F7K3C257S00DV7D3,12.0 mm,f/1.0,640,512,False,,vt_pair,20260107_Thermal_HKUST/DCIM/DJI_202601071424_001::DJI_20260107144509_0097,HKUST,20260107_Thermal_HKUST,2026-01-07,data/raw/HKUST/20260107_Thermal_HKUST/DCIM/DJI_202601071424_001/DJI_20260107144509_0097_T.JPG,data/raw/HKUST/20260107_Thermal_HKUST/DCIM/DJI_202601071424_001/DJI_20260107144509_0097_V.JPG,2026-01-07 14:45:09,22.33658333333333,114.2687138888889,"DJI_20260107144509_0097_T.JPG
DJI_20260107144509_0097_T.JPG
2026/01/07 14:45:09
参数
距离
5 m
空气湿度
50%
发射率
0.95
反射温度
9.4℃
环境温度
9.4℃
图像信息
设备型号
M4T
序列号
1581F7K3C257S00DV7D3
焦距
12.0 mm
光圈
f/1.0
宽度
640
高度
512
创建时间
2026/01/07 14:45:09
修改时间
2026/01/07 14:45:09
经纬度
22.336584, 114.268713
文本注释"
data/local_external/tat3_reports/raw/combined_report__2026_07_15_22_43_23.docx,96,DJI_20260107144516_0098_T.JPG,DJI_20260107144516_0098,ok,9.6,9.6,5.0,0.95,50.0,not_used_unreliable_tat3_export,2026-01-07 14:45:16,2026/01/07 14:45:16,2026/01/07 14:45:16,22.336144,114.268708,M4T,1581F7K3C257S00DV7D3,12.0 mm,f/1.0,640,512,False,,vt_pair,20260107_Thermal_HKUST/DCIM/DJI_202601071424_001::DJI_20260107144516_0098,HKUST,20260107_Thermal_HKUST,2026-01-07,data/raw/HKUST/20260107_Thermal_HKUST/DCIM/DJI_202601071424_001/DJI_20260107144516_0098_T.JPG,data/raw/HKUST/20260107_Thermal_HKUST/DCIM/DJI_202601071424_001/DJI_20260107144516_0098_V.JPG,2026-01-07 14:45:16,22.33614444444444,114.2687083333333,"DJI_20260107144516_0098_T.JPG
DJI_20260107144516_0098_T.JPG
2026/01/07 14:45:16
参数
距离
5 m
空气湿度
50%
发射率
0.95
反射温度
9.6℃
环境温度
9.6℃
图像信息
设备型号
M4T
序列号
1581F7K3C257S00DV7D3
焦距
12.0 mm
光圈
f/1.0
宽度
640
高度
512
创建时间
2026/01/07 14:45:16
修改时间
2026/01/07 14:45:16
经纬度
22.336144, 114.268708
文本注释"
data/local_external/tat3_reports/raw/combined_report__2026_07_15_22_43_23.docx,97,DJI_20260107144521_0099_T.JPG,DJI_20260107144521_0099,ok,9.7,9.7,5.0,0.95,50.0,not_used_unreliable_tat3_export,2026-01-07 14:45:21,2026/01/07 14:45:21,2026/01/07 14:45:21,22.335901,114.268705,M4T,1581F7K3C257S00DV7D3,12.0 mm,f/1.0,640,512,False,,vt_pair,20260107_Thermal_HKUST/DCIM/DJI_202601071424_001::DJI_20260107144521_0099,HKUST,20260107_Thermal_HKUST,2026-01-07,data/raw/HKUST/20260107_Thermal_HKUST/DCIM/DJI_202601071424_001/DJI_20260107144521_0099_T.JPG,data/raw/HKUST/20260107_Thermal_HKUST/DCIM/DJI_202601071424_001/DJI_20260107144521_0099_V.JPG,2026-01-07 14:45:21,22.3359,114.2687055555556,"DJI_20260107144521_0099_T.JPG
DJI_20260107144521_0099_T.JPG
2026/01/07 14:45:21
参数
距离
5 m
空气湿度
50%
发射率
0.95
反射温度
9.7℃
环境温度
9.7℃
图像信息
设备型号
M4T
序列号
1581F7K3C257S00DV7D3
焦距
12.0 mm
光圈
f/1.0
宽度
640
高度
512
创建时间
2026/01/07 14:45:21
修改时间
2026/01/07 14:45:21
经纬度
22.335901, 114.268705
文本注释"
data/local_external/tat3_reports/raw/combined_report__2026_07_15_22_43_23.docx,98,DJI_20260107144530_0100_T.JPG,DJI_20260107144530_0100,ok,9.8,9.8,5.0,0.95,50.0,not_used_unreliable_tat3_export,2026-01-07 14:45:30,2026/01/07 14:45:30,2026/01/07 14:45:30,22.33589,114.269384,M4T,1581F7K3C257S00DV7D3,12.0 mm,f/1.0,640,512,False,,vt_pair,20260107_Thermal_HKUST/DCIM/DJI_202601071424_001::DJI_20260107144530_0100,HKUST,20260107_Thermal_HKUST,2026-01-07,data/raw/HKUST/20260107_Thermal_HKUST/DCIM/DJI_202601071424_001/DJI_20260107144530_0100_T.JPG,data/raw/HKUST/20260107_Thermal_HKUST/DCIM/DJI_202601071424_001/DJI_20260107144530_0100_V.JPG,2026-01-07 14:45:30,22.33588888888889,114.2693833333333,"DJI_20260107144530_0100_T.JPG
DJI_20260107144530_0100_T.JPG
2026/01/07 14:45:30
参数
距离
5 m
空气湿度
50%
发射率
0.95
反射温度
9.8℃
环境温度
9.8℃
图像信息
设备型号
M4T
序列号
1581F7K3C257S00DV7D3
焦距
12.0 mm
光圈
f/1.0
宽度
640
高度
512
创建时间
2026/01/07 14:45:30
修改时间
2026/01/07 14:45:30
经纬度
22.335890, 114.269384
文本注释"
data/local_external/tat3_reports/raw/combined_report__2026_07_15_22_43_23.docx,99,DJI_20260107144541_0101_T.JPG,DJI_20260107144541_0101,ok,9.3,9.3,5.0,0.95,50.0,not_used_unreliable_tat3_export,2026-01-07 14:45:41,2026/01/07 14:45:41,2026/01/07 14:45:41,22.33669,114.269397,M4T,1581F7K3C257S00DV7D3,12.0 mm,f/1.0,640,512,False,,vt_pair,20260107_Thermal_HKUST/DCIM/DJI_202601071424_001::sample_0101,HKUST,20260107_Thermal_HKUST,2026-01-07,data/raw/HKUST/20260107_Thermal_HKUST/DCIM/DJI_202601071424_001/DJI_20260107144541_0101_T.JPG,data/raw/HKUST/20260107_Thermal_HKUST/DCIM/DJI_202601071424_001/DJI_20260107144540_0101_V.JPG,2026-01-07 14:45:41,22.33668888888889,114.2693972222222,"DJI_20260107144541_0101_T.JPG
DJI_20260107144541_0101_T.JPG
2026/01/07 14:45:41
参数
距离
5 m
空气湿度
50%
发射率
0.95
反射温度
9.3℃
环境温度
9.3℃
图像信息
设备型号
M4T
序列号
1581F7K3C257S00DV7D3
焦距
12.0 mm
光圈
f/1.0
宽度
640
高度
512
创建时间
2026/01/07 14:45:41
修改时间
2026/01/07 14:45:41
经纬度
22.336690, 114.269397
文本注释"
data/local_external/tat3_reports/raw/combined_report__2026_07_15_22_43_23.docx,100,DJI_20260107144549_0102_T.JPG,DJI_20260107144549_0102,ok,8.9,8.9,5.0,0.95,50.0,not_used_unreliable_tat3_export,2026-01-07 14:45:49,2026/01/07 14:45:49,2026/01/07 14:45:49,22.337205,114.269402,M4T,1581F7K3C257S00DV7D3,12.0 mm,f/1.0,640,512,False,,vt_pair,20260107_Thermal_HKUST/DCIM/DJI_202601071424_001::DJI_20260107144549_0102,HKUST,20260107_Thermal_HKUST,2026-01-07,data/raw/HKUST/20260107_Thermal_HKUST/DCIM/DJI_202601071424_001/DJI_20260107144549_0102_T.JPG,data/raw/HKUST/20260107_Thermal_HKUST/DCIM/DJI_202601071424_001/DJI_20260107144549_0102_V.JPG,2026-01-07 14:45:49,22.33720555555556,114.2694027777778,"DJI_20260107144549_0102_T.JPG
DJI_20260107144549_0102_T.JPG
2026/01/07 14:45:49
参数
距离
5 m
空气湿度
50%
发射率
0.95
反射温度
8.9℃
环境温度
8.9℃
图像信息
设备型号
M4T
序列号
1581F7K3C257S00DV7D3
焦距
12.0 mm
光圈
f/1.0
宽度
640
高度
512
创建时间
2026/01/07 14:45:49
修改时间
2026/01/07 14:45:49
经纬度
22.337205, 114.269402
文本注释"
data/local_external/tat3_reports/raw/combined_report__2026_07_15_22_43_23.docx,101,DJI_20260107144558_0103_T.JPG,DJI_20260107144558_0103,ok,8.4,8.4,5.0,0.95,50.0,not_used_unreliable_tat3_export,2026-01-07 14:45:58,2026/01/07 14:45:58,2026/01/07 14:45:58,22.337922,114.269406,M4T,1581F7K3C257S00DV7D3,12.0 mm,f/1.0,640,512,False,,vt_pair,20260107_Thermal_HKUST/DCIM/DJI_202601071424_001::DJI_20260107144558_0103,HKUST,20260107_Thermal_HKUST,2026-01-07,data/raw/HKUST/20260107_Thermal_HKUST/DCIM/DJI_202601071424_001/DJI_20260107144558_0103_T.JPG,data/raw/HKUST/20260107_Thermal_HKUST/DCIM/DJI_202601071424_001/DJI_20260107144558_0103_V.JPG,2026-01-07 14:45:58,22.33792222222223,114.2694055555556,"DJI_20260107144558_0103_T.JPG
DJI_20260107144558_0103_T.JPG
2026/01/07 14:45:58
参数
距离
5 m
空气湿度
50%
发射率
0.95
反射温度
8.4℃
环境温度
8.4℃
图像信息
设备型号
M4T
序列号
1581F7K3C257S00DV7D3
焦距
12.0 mm
光圈
f/1.0
宽度
640
高度
512
创建时间
2026/01/07 14:45:58
修改时间
2026/01/07 14:45:58
经纬度
22.337922, 114.269406
文本注释"
data/local_external/tat3_reports/raw/combined_report__2026_07_15_22_43_23.docx,102,DJI_20260107144559_0104_T.JPG,DJI_20260107144559_0104,ok,8.4,8.4,5.0,0.95,50.0,not_used_unreliable_tat3_export,2026-01-07 14:45:59,2026/01/07 14:45:59,2026/01/07 14:45:59,22.337921,114.269407,M4T,1581F7K3C257S00DV7D3,12.0 mm,f/1.0,640,512,False,,vt_pair,20260107_Thermal_HKUST/DCIM/DJI_202601071424_001::DJI_20260107144559_0104,HKUST,20260107_Thermal_HKUST,2026-01-07,data/raw/HKUST/20260107_Thermal_HKUST/DCIM/DJI_202601071424_001/DJI_20260107144559_0104_T.JPG,data/raw/HKUST/20260107_Thermal_HKUST/DCIM/DJI_202601071424_001/DJI_20260107144559_0104_V.JPG,2026-01-07 14:45:59,22.33792222222223,114.2694055555556,"DJI_20260107144559_0104_T.JPG
DJI_20260107144559_0104_T.JPG
2026/01/07 14:45:59
参数
距离
5 m
空气湿度
50%
发射率
0.95
反射温度
8.4℃
环境温度
8.4℃
图像信息
设备型号
M4T
序列号
1581F7K3C257S00DV7D3
焦距
12.0 mm
光圈
f/1.0
宽度
640
高度
512
创建时间
2026/01/07 14:45:59
修改时间
2026/01/07 14:45:59
经纬度
22.337921, 114.269407
文本注释"
data/local_external/tat3_reports/raw/combined_report__2026_07_15_22_43_23.docx,103,DJI_20260107144610_0105_T.JPG,DJI_20260107144610_0105,ok,8.8,8.8,5.0,0.95,50.0,not_used_unreliable_tat3_export,2026-01-07 14:46:10,2026/01/07 14:46:10,2026/01/07 14:46:10,22.337964,114.270234,M4T,1581F7K3C257S00DV7D3,12.0 mm,f/1.0,640,512,False,,vt_pair,20260107_Thermal_HKUST/DCIM/DJI_202601071424_001::DJI_20260107144610_0105,HKUST,20260107_Thermal_HKUST,2026-01-07,data/raw/HKUST/20260107_Thermal_HKUST/DCIM/DJI_202601071424_001/DJI_20260107144610_0105_T.JPG,data/raw/HKUST/20260107_Thermal_HKUST/DCIM/DJI_202601071424_001/DJI_20260107144610_0105_V.JPG,2026-01-07 14:46:10,22.33796388888889,114.2702333333333,"DJI_20260107144610_0105_T.JPG
DJI_20260107144610_0105_T.JPG
2026/01/07 14:46:10
参数
距离
5 m
空气湿度
50%
发射率
0.95
反射温度
8.8℃
环境温度
8.8℃
图像信息
设备型号
M4T
序列号
1581F7K3C257S00DV7D3
焦距
12.0 mm
光圈
f/1.0
宽度
640
高度
512
创建时间
2026/01/07 14:46:10
修改时间
2026/01/07 14:46:10
经纬度
22.337964, 114.270234
文本注释"
data/local_external/tat3_reports/raw/combined_report__2026_07_15_22_43_23.docx,104,DJI_20260107144621_0106_T.JPG,DJI_20260107144621_0106,ok,9.1,9.1,5.0,0.95,50.0,not_used_unreliable_tat3_export,2026-01-07 14:46:21,2026/01/07 14:46:21,2026/01/07 14:46:21,22.337129,114.270225,M4T,1581F7K3C257S00DV7D3,12.0 mm,f/1.0,640,512,False,,vt_pair,20260107_Thermal_HKUST/DCIM/DJI_202601071424_001::sample_0106,HKUST,20260107_Thermal_HKUST,2026-01-07,data/raw/HKUST/20260107_Thermal_HKUST/DCIM/DJI_202601071424_001/DJI_20260107144621_0106_T.JPG,data/raw/HKUST/20260107_Thermal_HKUST/DCIM/DJI_202601071424_001/DJI_20260107144620_0106_V.JPG,2026-01-07 14:46:21,22.33712777777778,114.270225,"DJI_20260107144621_0106_T.JPG
DJI_20260107144621_0106_T.JPG
2026/01/07 14:46:21
参数
距离
5 m
空气湿度
50%
发射率
0.95
反射温度
9.1℃
环境温度
9.1℃
图像信息
设备型号
M4T
序列号
1581F7K3C257S00DV7D3
焦距
12.0 mm
光圈
f/1.0
宽度
640
高度
512
创建时间
2026/01/07 14:46:21
修改时间
2026/01/07 14:46:21
经纬度
22.337129, 114.270225
文本注释"
data/local_external/tat3_reports/raw/combined_report__2026_07_15_22_43_23.docx,105,DJI_20260107144631_0107_T.JPG,DJI_20260107144631_0107,ok,9.4,9.4,5.0,0.95,50.0,not_used_unreliable_tat3_export,2026-01-07 14:46:31,2026/01/07 14:46:31,2026/01/07 14:46:31,22.336184,114.270214,M4T,1581F7K3C257S00DV7D3,12.0 mm,f/1.0,640,512,False,,vt_pair,20260107_Thermal_HKUST/DCIM/DJI_202601071424_001::DJI_20260107144631_0107,HKUST,20260107_Thermal_HKUST,2026-01-07,data/raw/HKUST/20260107_Thermal_HKUST/DCIM/DJI_202601071424_001/DJI_20260107144631_0107_T.JPG,data/raw/HKUST/20260107_Thermal_HKUST/DCIM/DJI_202601071424_001/DJI_20260107144631_0107_V.JPG,2026-01-07 14:46:31,22.33618333333333,114.2702138888889,"DJI_20260107144631_0107_T.JPG
DJI_20260107144631_0107_T.JPG
2026/01/07 14:46:31
参数
距离
5 m
空气湿度
50%
发射率
0.95
反射温度
9.4℃
环境温度
9.4℃
图像信息
设备型号
M4T
序列号
1581F7K3C257S00DV7D3
焦距
12.0 mm
光圈
f/1.0
宽度
640
高度
512
创建时间
2026/01/07 14:46:31
修改时间
2026/01/07 14:46:31
经纬度
22.336184, 114.270214
文本注释"
data/local_external/tat3_reports/raw/combined_report__2026_07_15_22_43_23.docx,106,DJI_20260107144704_0108_T.JPG,DJI_20260107144704_0108,ok,8.4,8.4,5.0,0.95,50.0,not_used_unreliable_tat3_export,2026-01-07 14:47:04,2026/01/07 14:47:04,2026/01/07 14:47:04,22.335693,114.27021,M4T,1581F7K3C257S00DV7D3,12.0 mm,f/1.0,640,512,False,,vt_pair,20260107_Thermal_HKUST/DCIM/DJI_202601071424_001::DJI_20260107144704_0108,HKUST,20260107_Thermal_HKUST,2026-01-07,data/raw/HKUST/20260107_Thermal_HKUST/DCIM/DJI_202601071424_001/DJI_20260107144704_0108_T.JPG,data/raw/HKUST/20260107_Thermal_HKUST/DCIM/DJI_202601071424_001/DJI_20260107144704_0108_V.JPG,2026-01-07 14:47:04,22.33569166666667,114.2702111111111,"DJI_20260107144704_0108_T.JPG
DJI_20260107144704_0108_T.JPG
2026/01/07 14:47:04
参数
距离
5 m
空气湿度
50%
发射率
0.95
反射温度
8.4℃
环境温度
8.4℃
图像信息
设备型号
M4T
序列号
1581F7K3C257S00DV7D3
焦距
12.0 mm
光圈
f/1.0
宽度
640
高度
512
创建时间
2026/01/07 14:47:04
修改时间
2026/01/07 14:47:04
经纬度
22.335693, 114.270210
文本注释"
data/local_external/tat3_reports/raw/combined_report__2026_07_15_22_43_23.docx,107,DJI_20260107144706_0109_T.JPG,DJI_20260107144706_0109,ok,8.3,8.3,5.0,0.95,50.0,not_used_unreliable_tat3_export,2026-01-07 14:47:06,2026/01/07 14:47:06,2026/01/07 14:47:06,22.335693,114.27021,M4T,1581F7K3C257S00DV7D3,12.0 mm,f/1.0,640,512,False,,vt_pair,20260107_Thermal_HKUST/DCIM/DJI_202601071424_001::DJI_20260107144706_0109,HKUST,20260107_Thermal_HKUST,2026-01-07,data/raw/HKUST/20260107_Thermal_HKUST/DCIM/DJI_202601071424_001/DJI_20260107144706_0109_T.JPG,data/raw/HKUST/20260107_Thermal_HKUST/DCIM/DJI_202601071424_001/DJI_20260107144706_0109_V.JPG,2026-01-07 14:47:06,22.33569444444444,114.2702111111111,"DJI_20260107144706_0109_T.JPG
DJI_20260107144706_0109_T.JPG
2026/01/07 14:47:06
参数
距离
5 m
空气湿度
50%
发射率
0.95
反射温度
8.3℃
环境温度
8.3℃
图像信息
设备型号
M4T
序列号
1581F7K3C257S00DV7D3
焦距
12.0 mm
光圈
f/1.0
宽度
640
高度
512
创建时间
2026/01/07 14:47:06
修改时间
2026/01/07 14:47:06
经纬度
22.335693, 114.270210
文本注释"
data/local_external/tat3_reports/raw/combined_report__2026_07_15_22_43_23.docx,108,DJI_20260107144708_0110_T.JPG,DJI_20260107144708_0110,ok,8.3,8.3,5.0,0.95,50.0,not_used_unreliable_tat3_export,2026-01-07 14:47:08,2026/01/07 14:47:08,2026/01/07 14:47:08,22.335693,114.27021,M4T,1581F7K3C257S00DV7D3,12.0 mm,f/1.0,640,512,False,,vt_pair,20260107_Thermal_HKUST/DCIM/DJI_202601071424_001::DJI_20260107144708_0110,HKUST,20260107_Thermal_HKUST,2026-01-07,data/raw/HKUST/20260107_Thermal_HKUST/DCIM/DJI_202601071424_001/DJI_20260107144708_0110_T.JPG,data/raw/HKUST/20260107_Thermal_HKUST/DCIM/DJI_202601071424_001/DJI_20260107144708_0110_V.JPG,2026-01-07 14:47:08,22.33569444444444,114.2702111111111,"DJI_20260107144708_0110_T.JPG
DJI_20260107144708_0110_T.JPG
2026/01/07 14:47:08
参数
距离
5 m
空气湿度
50%
发射率
0.95
反射温度
8.3℃
环境温度
8.3℃
图像信息
设备型号
M4T
序列号
1581F7K3C257S00DV7D3
焦距
12.0 mm
光圈
f/1.0
宽度
640
高度
512
创建时间
2026/01/07 14:47:08
修改时间
2026/01/07 14:47:08
经纬度
22.335693, 114.270210
文本注释"
data/local_external/tat3_reports/raw/combined_report__2026_07_15_22_43_23.docx,109,DJI_20260107144710_0111_T.JPG,DJI_20260107144710_0111,ok,8.3,8.3,5.0,0.95,50.0,not_used_unreliable_tat3_export,2026-01-07 14:47:10,2026/01/07 14:47:10,2026/01/07 14:47:10,22.335693,114.270198,M4T,1581F7K3C257S00DV7D3,12.0 mm,f/1.0,640,512,False,,vt_pair,20260107_Thermal_HKUST/DCIM/DJI_202601071424_001::DJI_20260107144710_0111,HKUST,20260107_Thermal_HKUST,2026-01-07,data/raw/HKUST/20260107_Thermal_HKUST/DCIM/DJI_202601071424_001/DJI_20260107144710_0111_T.JPG,data/raw/HKUST/20260107_Thermal_HKUST/DCIM/DJI_202601071424_001/DJI_20260107144710_0111_V.JPG,2026-01-07 14:47:10,22.33569444444444,114.2701972222222,"DJI_20260107144710_0111_T.JPG
DJI_20260107144710_0111_T.JPG
2026/01/07 14:47:10
参数
距离
5 m
空气湿度
50%
发射率
0.95
反射温度
8.3℃
环境温度
8.3℃
图像信息
设备型号
M4T
序列号
1581F7K3C257S00DV7D3
焦距
12.0 mm
光圈
f/1.0
宽度
640
高度
512
创建时间
2026/01/07 14:47:10
修改时间
2026/01/07 14:47:10
经纬度
22.335693, 114.270198
文本注释"
data/local_external/tat3_reports/raw/combined_report__2026_07_15_22_43_23.docx,110,DJI_20260107144712_0112_T.JPG,DJI_20260107144712_0112,ok,8.4,8.4,5.0,0.95,50.0,not_used_unreliable_tat3_export,2026-01-07 14:47:12,2026/01/07 14:47:12,2026/01/07 14:47:12,22.335695,114.270058,M4T,1581F7K3C257S00DV7D3,12.0 mm,f/1.0,640,512,False,,vt_pair,20260107_Thermal_HKUST/DCIM/DJI_202601071424_001::DJI_20260107144712_0112,HKUST,20260107_Thermal_HKUST,2026-01-07,data/raw/HKUST/20260107_Thermal_HKUST/DCIM/DJI_202601071424_001/DJI_20260107144712_0112_T.JPG,data/raw/HKUST/20260107_Thermal_HKUST/DCIM/DJI_202601071424_001/DJI_20260107144712_0112_V.JPG,2026-01-07 14:47:12,22.33569444444444,114.2700583333333,"DJI_20260107144712_0112_T.JPG
DJI_20260107144712_0112_T.JPG
2026/01/07 14:47:12
参数
距离
5 m
空气湿度
50%
发射率
0.95
反射温度
8.4℃
环境温度
8.4℃
图像信息
设备型号
M4T
序列号
1581F7K3C257S00DV7D3
焦距
12.0 mm
光圈
f/1.0
宽度
640
高度
512
创建时间
2026/01/07 14:47:12
修改时间
2026/01/07 14:47:12
经纬度
22.335695, 114.270058
文本注释"
data/local_external/tat3_reports/raw/combined_report__2026_07_15_22_43_23.docx,111,DJI_20260107144714_0113_T.JPG,DJI_20260107144714_0113,ok,8.4,8.4,5.0,0.95,50.0,not_used_unreliable_tat3_export,2026-01-07 14:47:14,2026/01/07 14:47:14,2026/01/07 14:47:14,22.335697,114.269821,M4T,1581F7K3C257S00DV7D3,12.0 mm,f/1.0,640,512,False,,vt_pair,20260107_Thermal_HKUST/DCIM/DJI_202601071424_001::DJI_20260107144714_0113,HKUST,20260107_Thermal_HKUST,2026-01-07,data/raw/HKUST/20260107_Thermal_HKUST/DCIM/DJI_202601071424_001/DJI_20260107144714_0113_T.JPG,data/raw/HKUST/20260107_Thermal_HKUST/DCIM/DJI_202601071424_001/DJI_20260107144714_0113_V.JPG,2026-01-07 14:47:14,22.33569722222222,114.2698194444444,"DJI_20260107144714_0113_T.JPG
DJI_20260107144714_0113_T.JPG
2026/01/07 14:47:14
参数
距离
5 m
空气湿度
50%
发射率
0.95
反射温度
8.4℃
环境温度
8.4℃
图像信息
设备型号
M4T
序列号
1581F7K3C257S00DV7D3
焦距
12.0 mm
光圈
f/1.0
宽度
640
高度
512
创建时间
2026/01/07 14:47:14
修改时间
2026/01/07 14:47:14
经纬度
22.335697, 114.269821
文本注释"
data/local_external/tat3_reports/raw/combined_report__2026_07_15_22_43_23.docx,112,DJI_20260107144716_0114_T.JPG,DJI_20260107144716_0114,ok,8.4,8.4,5.0,0.95,50.0,not_used_unreliable_tat3_export,2026-01-07 14:47:16,2026/01/07 14:47:16,2026/01/07 14:47:16,22.335699,114.269606,M4T,1581F7K3C257S00DV7D3,12.0 mm,f/1.0,640,512,False,,vt_pair,20260107_Thermal_HKUST/DCIM/DJI_202601071424_001::DJI_20260107144716_0114,HKUST,20260107_Thermal_HKUST,2026-01-07,data/raw/HKUST/20260107_Thermal_HKUST/DCIM/DJI_202601071424_001/DJI_20260107144716_0114_T.JPG,data/raw/HKUST/20260107_Thermal_HKUST/DCIM/DJI_202601071424_001/DJI_20260107144716_0114_V.JPG,2026-01-07 14:47:16,22.33569722222222,114.2696055555556,"DJI_20260107144716_0114_T.JPG
DJI_20260107144716_0114_T.JPG
2026/01/07 14:47:16
参数
距离
5 m
空气湿度
50%
发射率
0.95
反射温度
8.4℃
环境温度
8.4℃
图像信息
设备型号
M4T
序列号
1581F7K3C257S00DV7D3
焦距
12.0 mm
光圈
f/1.0
宽度
640
高度
512
创建时间
2026/01/07 14:47:16
修改时间
2026/01/07 14:47:16
经纬度
22.335699, 114.269606
文本注释"
data/local_external/tat3_reports/raw/combined_report__2026_07_15_22_43_23.docx,113,DJI_20260107144718_0115_T.JPG,DJI_20260107144718_0115,ok,8.4,8.4,5.0,0.95,50.0,not_used_unreliable_tat3_export,2026-01-07 14:47:18,2026/01/07 14:47:18,2026/01/07 14:47:18,22.335699,114.269492,M4T,1581F7K3C257S00DV7D3,12.0 mm,f/1.0,640,512,False,,vt_pair,20260107_Thermal_HKUST/DCIM/DJI_202601071424_001::DJI_20260107144718_0115,HKUST,20260107_Thermal_HKUST,2026-01-07,data/raw/HKUST/20260107_Thermal_HKUST/DCIM/DJI_202601071424_001/DJI_20260107144718_0115_T.JPG,data/raw/HKUST/20260107_Thermal_HKUST/DCIM/DJI_202601071424_001/DJI_20260107144718_0115_V.JPG,2026-01-07 14:47:18,22.3357,114.2694916666667,"DJI_20260107144718_0115_T.JPG
DJI_20260107144718_0115_T.JPG
2026/01/07 14:47:18
参数
距离
5 m
空气湿度
50%
发射率
0.95
反射温度
8.4℃
环境温度
8.4℃
图像信息
设备型号
M4T
序列号
1581F7K3C257S00DV7D3
焦距
12.0 mm
光圈
f/1.0
宽度
640
高度
512
创建时间
2026/01/07 14:47:18
修改时间
2026/01/07 14:47:18
经纬度
22.335699, 114.269492
文本注释"
data/local_external/tat3_reports/raw/combined_report__2026_07_15_22_43_23.docx,114,DJI_20260107144725_0116_T.JPG,DJI_20260107144725_0116,ok,8.3,8.3,5.0,0.95,50.0,not_used_unreliable_tat3_export,2026-01-07 14:47:25,2026/01/07 14:47:25,2026/01/07 14:47:25,22.3357,114.269329,M4T,1581F7K3C257S00DV7D3,12.0 mm,f/1.0,640,512,False,,vt_pair,20260107_Thermal_HKUST/DCIM/DJI_202601071424_001::DJI_20260107144725_0116,HKUST,20260107_Thermal_HKUST,2026-01-07,data/raw/HKUST/20260107_Thermal_HKUST/DCIM/DJI_202601071424_001/DJI_20260107144725_0116_T.JPG,data/raw/HKUST/20260107_Thermal_HKUST/DCIM/DJI_202601071424_001/DJI_20260107144725_0116_V.JPG,2026-01-07 14:47:25,22.3357,114.2693277777778,"DJI_20260107144725_0116_T.JPG
DJI_20260107144725_0116_T.JPG
2026/01/07 14:47:25
参数
距离
5 m
空气湿度
50%
发射率
0.95
反射温度
8.3℃
环境温度
8.3℃
图像信息
设备型号
M4T
序列号
1581F7K3C257S00DV7D3
焦距
12.0 mm
光圈
f/1.0
宽度
640
高度
512
创建时间
2026/01/07 14:47:25
修改时间
2026/01/07 14:47:25
经纬度
22.335700, 114.269329
文本注释"
data/local_external/tat3_reports/raw/combined_report__2026_07_15_22_43_23.docx,115,DJI_20260107144730_0117_T.JPG,DJI_20260107144730_0117,ok,8.3,8.3,5.0,0.95,50.0,not_used_unreliable_tat3_export,2026-01-07 14:47:30,2026/01/07 14:47:30,2026/01/07 14:47:30,22.336018,114.269332,M4T,1581F7K3C257S00DV7D3,12.0 mm,f/1.0,640,512,False,,vt_pair,20260107_Thermal_HKUST/DCIM/DJI_202601071424_001::DJI_20260107144730_0117,HKUST,20260107_Thermal_HKUST,2026-01-07,data/raw/HKUST/20260107_Thermal_HKUST/DCIM/DJI_202601071424_001/DJI_20260107144730_0117_T.JPG,data/raw/HKUST/20260107_Thermal_HKUST/DCIM/DJI_202601071424_001/DJI_20260107144730_0117_V.JPG,2026-01-07 14:47:30,22.33601944444444,114.2693305555556,"DJI_20260107144730_0117_T.JPG
DJI_20260107144730_0117_T.JPG
2026/01/07 14:47:30
参数
距离
5 m
空气湿度
50%
发射率
0.95
反射温度
8.3℃
环境温度
8.3℃
图像信息
设备型号
M4T
序列号
1581F7K3C257S00DV7D3
焦距
12.0 mm
光圈
f/1.0
宽度
640
高度
512
创建时间
2026/01/07 14:47:30
修改时间
2026/01/07 14:47:30
经纬度
22.336018, 114.269332
文本注释"
data/local_external/tat3_reports/raw/combined_report__2026_07_15_22_43_23.docx,116,DJI_20260107144735_0118_T.JPG,DJI_20260107144735_0118,ok,8.3,8.3,5.0,0.95,50.0,not_used_unreliable_tat3_export,2026-01-07 14:47:35,2026/01/07 14:47:35,2026/01/07 14:47:35,22.336662,114.26934,M4T,1581F7K3C257S00DV7D3,12.0 mm,f/1.0,640,512,False,,vt_pair,20260107_Thermal_HKUST/DCIM/DJI_202601071424_001::DJI_20260107144735_0118,HKUST,20260107_Thermal_HKUST,2026-01-07,data/raw/HKUST/20260107_Thermal_HKUST/DCIM/DJI_202601071424_001/DJI_20260107144735_0118_T.JPG,data/raw/HKUST/20260107_Thermal_HKUST/DCIM/DJI_202601071424_001/DJI_20260107144735_0118_V.JPG,2026-01-07 14:47:35,22.33666111111111,114.2693416666667,"DJI_20260107144735_0118_T.JPG
DJI_20260107144735_0118_T.JPG
2026/01/07 14:47:35
参数
距离
5 m
空气湿度
50%
发射率
0.95
反射温度
8.3℃
环境温度
8.3℃
图像信息
设备型号
M4T
序列号
1581F7K3C257S00DV7D3
焦距
12.0 mm
光圈
f/1.0
宽度
640
高度
512
创建时间
2026/01/07 14:47:35
修改时间
2026/01/07 14:47:35
经纬度
22.336662, 114.269340
文本注释"
data/local_external/tat3_reports/raw/combined_report__2026_07_15_22_43_23.docx,117,DJI_20260107144740_0119_T.JPG,DJI_20260107144740_0119,ok,8.1,8.1,5.0,0.95,50.0,not_used_unreliable_tat3_export,2026-01-07 14:47:40,2026/01/07 14:47:40,2026/01/07 14:47:40,22.337333,114.26935,M4T,1581F7K3C257S00DV7D3,12.0 mm,f/1.0,640,512,False,,vt_pair,20260107_Thermal_HKUST/DCIM/DJI_202601071424_001::DJI_20260107144740_0119,HKUST,20260107_Thermal_HKUST,2026-01-07,data/raw/HKUST/20260107_Thermal_HKUST/DCIM/DJI_202601071424_001/DJI_20260107144740_0119_T.JPG,data/raw/HKUST/20260107_Thermal_HKUST/DCIM/DJI_202601071424_001/DJI_20260107144740_0119_V.JPG,2026-01-07 14:47:40,22.33733333333333,114.26935,"DJI_20260107144740_0119_T.JPG
DJI_20260107144740_0119_T.JPG
2026/01/07 14:47:40
参数
距离
5 m
空气湿度
50%
发射率
0.95
反射温度
8.1℃
环境温度
8.1℃
图像信息
设备型号
M4T
序列号
1581F7K3C257S00DV7D3
焦距
12.0 mm
光圈
f/1.0
宽度
640
高度
512
创建时间
2026/01/07 14:47:40
修改时间
2026/01/07 14:47:40
经纬度
22.337333, 114.269350
文本注释"
data/local_external/tat3_reports/raw/combined_report__2026_07_15_22_43_23.docx,118,DJI_20260107144745_0120_T.JPG,DJI_20260107144745_0120,ok,8.0,8.0,5.0,0.95,50.0,not_used_unreliable_tat3_export,2026-01-07 14:47:45,2026/01/07 14:47:45,2026/01/07 14:47:45,22.338007,114.269359,M4T,1581F7K3C257S00DV7D3,12.0 mm,f/1.0,640,512,False,,vt_pair,20260107_Thermal_HKUST/DCIM/DJI_202601071424_001::DJI_20260107144745_0120,HKUST,20260107_Thermal_HKUST,2026-01-07,data/raw/HKUST/20260107_Thermal_HKUST/DCIM/DJI_202601071424_001/DJI_20260107144745_0120_T.JPG,data/raw/HKUST/20260107_Thermal_HKUST/DCIM/DJI_202601071424_001/DJI_20260107144745_0120_V.JPG,2026-01-07 14:47:45,22.33800555555555,114.2693583333333,"DJI_20260107144745_0120_T.JPG
DJI_20260107144745_0120_T.JPG
2026/01/07 14:47:45
参数
距离
5 m
空气湿度
50%
发射率
0.95
反射温度
8.0℃
环境温度
8.0℃
图像信息
设备型号
M4T
序列号
1581F7K3C257S00DV7D3
焦距
12.0 mm
光圈
f/1.0
宽度
640
高度
512
创建时间
2026/01/07 14:47:45
修改时间
2026/01/07 14:47:45
经纬度
22.338007, 114.269359
文本注释"
data/local_external/tat3_reports/raw/combined_report__2026_07_15_22_43_23.docx,119,DJI_20260107144750_0121_T.JPG,DJI_20260107144750_0121,ok,7.9,7.9,5.0,0.95,50.0,not_used_unreliable_tat3_export,2026-01-07 14:47:50,2026/01/07 14:47:50,2026/01/07 14:47:50,22.338292,114.269245,M4T,1581F7K3C257S00DV7D3,12.0 mm,f/1.0,640,512,False,,vt_pair,20260107_Thermal_HKUST/DCIM/DJI_202601071424_001::DJI_20260107144750_0121,HKUST,20260107_Thermal_HKUST,2026-01-07,data/raw/HKUST/20260107_Thermal_HKUST/DCIM/DJI_202601071424_001/DJI_20260107144750_0121_T.JPG,data/raw/HKUST/20260107_Thermal_HKUST/DCIM/DJI_202601071424_001/DJI_20260107144750_0121_V.JPG,2026-01-07 14:47:50,22.33829166666667,114.2692444444444,"DJI_20260107144750_0121_T.JPG
DJI_20260107144750_0121_T.JPG
2026/01/07 14:47:50
参数
距离
5 m
空气湿度
50%
发射率
0.95
反射温度
7.9℃
环境温度
7.9℃
图像信息
设备型号
M4T
序列号
1581F7K3C257S00DV7D3
焦距
12.0 mm
光圈
f/1.0
宽度
640
高度
512
创建时间
2026/01/07 14:47:50
修改时间
2026/01/07 14:47:50
经纬度
22.338292, 114.269245
文本注释"
data/local_external/tat3_reports/raw/combined_report__2026_07_15_22_43_23.docx,120,DJI_20260107144755_0122_T.JPG,DJI_20260107144755_0122,ok,8.0,8.0,5.0,0.95,50.0,not_used_unreliable_tat3_export,2026-01-07 14:47:55,2026/01/07 14:47:55,2026/01/07 14:47:55,22.338299,114.268605,M4T,1581F7K3C257S00DV7D3,12.0 mm,f/1.0,640,512,False,,vt_pair,20260107_Thermal_HKUST/DCIM/DJI_202601071424_001::DJI_20260107144755_0122,HKUST,20260107_Thermal_HKUST,2026-01-07,data/raw/HKUST/20260107_Thermal_HKUST/DCIM/DJI_202601071424_001/DJI_20260107144755_0122_T.JPG,data/raw/HKUST/20260107_Thermal_HKUST/DCIM/DJI_202601071424_001/DJI_20260107144755_0122_V.JPG,2026-01-07 14:47:55,22.3383,114.2686055555556,"DJI_20260107144755_0122_T.JPG
DJI_20260107144755_0122_T.JPG
2026/01/07 14:47:55
参数
距离
5 m
空气湿度
50%
发射率
0.95
反射温度
8.0℃
环境温度
8.0℃
图像信息
设备型号
M4T
序列号
1581F7K3C257S00DV7D3
焦距
12.0 mm
光圈
f/1.0
宽度
640
高度
512
创建时间
2026/01/07 14:47:55
修改时间
2026/01/07 14:47:55
经纬度
22.338299, 114.268605
文本注释"
data/local_external/tat3_reports/raw/combined_report__2026_07_15_22_43_23.docx,121,DJI_20260107144800_0123_T.JPG,DJI_20260107144800_0123,ok,8.1,8.1,5.0,0.95,50.0,not_used_unreliable_tat3_export,2026-01-07 14:48:00,2026/01/07 14:48:00,2026/01/07 14:48:00,22.338306,114.267881,M4T,1581F7K3C257S00DV7D3,12.0 mm,f/1.0,640,512,False,,vt_pair,20260107_Thermal_HKUST/DCIM/DJI_202601071424_001::DJI_20260107144800_0123,HKUST,20260107_Thermal_HKUST,2026-01-07,data/raw/HKUST/20260107_Thermal_HKUST/DCIM/DJI_202601071424_001/DJI_20260107144800_0123_T.JPG,data/raw/HKUST/20260107_Thermal_HKUST/DCIM/DJI_202601071424_001/DJI_20260107144800_0123_V.JPG,2026-01-07 14:48:00,22.33830555555556,114.2678805555556,"DJI_20260107144800_0123_T.JPG
DJI_20260107144800_0123_T.JPG
2026/01/07 14:48:00
参数
距离
5 m
空气湿度
50%
发射率
0.95
反射温度
8.1℃
环境温度
8.1℃
图像信息
设备型号
M4T
序列号
1581F7K3C257S00DV7D3
焦距
12.0 mm
光圈
f/1.0
宽度
640
高度
512
创建时间
2026/01/07 14:48:00
修改时间
2026/01/07 14:48:00
经纬度
22.338306, 114.267881
文本注释"
data/local_external/tat3_reports/raw/combined_report__2026_07_15_22_43_23.docx,122,DJI_20260107144805_0124_T.JPG,DJI_20260107144805_0124,ok,8.1,8.1,5.0,0.95,50.0,not_used_unreliable_tat3_export,2026-01-07 14:48:05,2026/01/07 14:48:05,2026/01/07 14:48:05,22.338312,114.267285,M4T,1581F7K3C257S00DV7D3,12.0 mm,f/1.0,640,512,False,,vt_pair,20260107_Thermal_HKUST/DCIM/DJI_202601071424_001::DJI_20260107144805_0124,HKUST,20260107_Thermal_HKUST,2026-01-07,data/raw/HKUST/20260107_Thermal_HKUST/DCIM/DJI_202601071424_001/DJI_20260107144805_0124_T.JPG,data/raw/HKUST/20260107_Thermal_HKUST/DCIM/DJI_202601071424_001/DJI_20260107144805_0124_V.JPG,2026-01-07 14:48:05,22.33831111111111,114.2672861111111,"DJI_20260107144805_0124_T.JPG
DJI_20260107144805_0124_T.JPG
2026/01/07 14:48:05
参数
距离
5 m
空气湿度
50%
发射率
0.95
反射温度
8.1℃
环境温度
8.1℃
图像信息
设备型号
M4T
序列号
1581F7K3C257S00DV7D3
焦距
12.0 mm
光圈
f/1.0
宽度
640
高度
512
创建时间
2026/01/07 14:48:05
修改时间
2026/01/07 14:48:05
经纬度
22.338312, 114.267285
文本注释"
data/local_external/tat3_reports/raw/combined_report__2026_07_15_22_43_23.docx,123,DJI_20260107144810_0125_T.JPG,DJI_20260107144810_0125,ok,8.2,8.2,5.0,0.95,50.0,not_used_unreliable_tat3_export,2026-01-07 14:48:10,2026/01/07 14:48:10,2026/01/07 14:48:10,22.33801,114.267272,M4T,1581F7K3C257S00DV7D3,12.0 mm,f/1.0,640,512,False,,vt_pair,20260107_Thermal_HKUST/DCIM/DJI_202601071424_001::DJI_20260107144810_0125,HKUST,20260107_Thermal_HKUST,2026-01-07,data/raw/HKUST/20260107_Thermal_HKUST/DCIM/DJI_202601071424_001/DJI_20260107144810_0125_T.JPG,data/raw/HKUST/20260107_Thermal_HKUST/DCIM/DJI_202601071424_001/DJI_20260107144810_0125_V.JPG,2026-01-07 14:48:10,22.33801111111111,114.2672722222222,"DJI_20260107144810_0125_T.JPG
DJI_20260107144810_0125_T.JPG
2026/01/07 14:48:10
参数
距离
5 m
空气湿度
50%
发射率
0.95
反射温度
8.2℃
环境温度
8.2℃
图像信息
设备型号
M4T
序列号
1581F7K3C257S00DV7D3
焦距
12.0 mm
光圈
f/1.0
宽度
640
高度
512
创建时间
2026/01/07 14:48:10
修改时间
2026/01/07 14:48:10
经纬度
22.338010, 114.267272
文本注释"
data/local_external/tat3_reports/raw/combined_report__2026_07_15_22_43_23.docx,124,DJI_20260107144815_0126_T.JPG,DJI_20260107144815_0126,ok,8.4,8.4,5.0,0.95,50.0,not_used_unreliable_tat3_export,2026-01-07 14:48:15,2026/01/07 14:48:15,2026/01/07 14:48:15,22.337365,114.267255,M4T,1581F7K3C257S00DV7D3,12.0 mm,f/1.0,640,512,False,,vt_pair,20260107_Thermal_HKUST/DCIM/DJI_202601071424_001::DJI_20260107144815_0126,HKUST,20260107_Thermal_HKUST,2026-01-07,data/raw/HKUST/20260107_Thermal_HKUST/DCIM/DJI_202601071424_001/DJI_20260107144815_0126_T.JPG,data/raw/HKUST/20260107_Thermal_HKUST/DCIM/DJI_202601071424_001/DJI_20260107144815_0126_V.JPG,2026-01-07 14:48:15,22.33736388888889,114.2672555555556,"DJI_20260107144815_0126_T.JPG
DJI_20260107144815_0126_T.JPG
2026/01/07 14:48:15
参数
距离
5 m
空气湿度
50%
发射率
0.95
反射温度
8.4℃
环境温度
8.4℃
图像信息
设备型号
M4T
序列号
1581F7K3C257S00DV7D3
焦距
12.0 mm
光圈
f/1.0
宽度
640
高度
512
创建时间
2026/01/07 14:48:15
修改时间
2026/01/07 14:48:15
经纬度
22.337365, 114.267255
文本注释"
data/local_external/tat3_reports/raw/combined_report__2026_07_15_22_43_23.docx,125,DJI_20260107144820_0127_T.JPG,DJI_20260107144820_0127,ok,8.6,8.6,5.0,0.95,50.0,not_used_unreliable_tat3_export,2026-01-07 14:48:20,2026/01/07 14:48:20,2026/01/07 14:48:20,22.336689,114.267237,M4T,1581F7K3C257S00DV7D3,12.0 mm,f/1.0,640,512,False,,vt_pair,20260107_Thermal_HKUST/DCIM/DJI_202601071424_001::DJI_20260107144820_0127,HKUST,20260107_Thermal_HKUST,2026-01-07,data/raw/HKUST/20260107_Thermal_HKUST/DCIM/DJI_202601071424_001/DJI_20260107144820_0127_T.JPG,data/raw/HKUST/20260107_Thermal_HKUST/DCIM/DJI_202601071424_001/DJI_20260107144820_0127_V.JPG,2026-01-07 14:48:20,22.33668888888889,114.2672361111111,"DJI_20260107144820_0127_T.JPG
DJI_20260107144820_0127_T.JPG
2026/01/07 14:48:20
参数
距离
5 m
空气湿度
50%
发射率
0.95
反射温度
8.6℃
环境温度
8.6℃
图像信息
设备型号
M4T
序列号
1581F7K3C257S00DV7D3
焦距
12.0 mm
光圈
f/1.0
宽度
640
高度
512
创建时间
2026/01/07 14:48:20
修改时间
2026/01/07 14:48:20
经纬度
22.336689, 114.267237
文本注释"
data/local_external/tat3_reports/raw/combined_report__2026_07_15_22_43_23.docx,126,DJI_20260107144825_0128_T.JPG,DJI_20260107144825_0128,ok,8.8,8.8,5.0,0.95,50.0,not_used_unreliable_tat3_export,2026-01-07 14:48:25,2026/01/07 14:48:25,2026/01/07 14:48:25,22.33601,114.267217,M4T,1581F7K3C257S00DV7D3,12.0 mm,f/1.0,640,512,False,,vt_pair,20260107_Thermal_HKUST/DCIM/DJI_202601071424_001::DJI_20260107144825_0128,HKUST,20260107_Thermal_HKUST,2026-01-07,data/raw/HKUST/20260107_Thermal_HKUST/DCIM/DJI_202601071424_001/DJI_20260107144825_0128_T.JPG,data/raw/HKUST/20260107_Thermal_HKUST/DCIM/DJI_202601071424_001/DJI_20260107144825_0128_V.JPG,2026-01-07 14:48:25,22.33601111111111,114.2672166666667,"DJI_20260107144825_0128_T.JPG
DJI_20260107144825_0128_T.JPG
2026/01/07 14:48:25
参数
距离
5 m
空气湿度
50%
发射率
0.95
反射温度
8.8℃
环境温度
8.8℃
图像信息
设备型号
M4T
序列号
1581F7K3C257S00DV7D3
焦距
12.0 mm
光圈
f/1.0
宽度
640
高度
512
创建时间
2026/01/07 14:48:25
修改时间
2026/01/07 14:48:25
经纬度
22.336010, 114.267217
文本注释"
data/local_external/tat3_reports/raw/combined_report__2026_07_15_22_43_23.docx,127,DJI_20260107144830_0129_T.JPG,DJI_20260107144830_0129,ok,8.9,8.9,5.0,0.95,50.0,not_used_unreliable_tat3_export,2026-01-07 14:48:30,2026/01/07 14:48:30,2026/01/07 14:48:30,22.335332,114.267199,M4T,1581F7K3C257S00DV7D3,12.0 mm,f/1.0,640,512,False,,vt_pair,20260107_Thermal_HKUST/DCIM/DJI_202601071424_001::DJI_20260107144830_0129,HKUST,20260107_Thermal_HKUST,2026-01-07,data/raw/HKUST/20260107_Thermal_HKUST/DCIM/DJI_202601071424_001/DJI_20260107144830_0129_T.JPG,data/raw/HKUST/20260107_Thermal_HKUST/DCIM/DJI_202601071424_001/DJI_20260107144830_0129_V.JPG,2026-01-07 14:48:30,22.33533055555555,114.2672,"DJI_20260107144830_0129_T.JPG
DJI_20260107144830_0129_T.JPG
2026/01/07 14:48:30
参数
距离
5 m
空气湿度
50%
发射率
0.95
反射温度
8.9℃
环境温度
8.9℃
图像信息
设备型号
M4T
序列号
1581F7K3C257S00DV7D3
焦距
12.0 mm
光圈
f/1.0
宽度
640
高度
512
创建时间
2026/01/07 14:48:30
修改时间
2026/01/07 14:48:30
经纬度
22.335332, 114.267199
文本注释"
data/local_external/tat3_reports/raw/combined_report__2026_07_15_22_43_23.docx,128,DJI_20260107144835_0130_T.JPG,DJI_20260107144835_0130,ok,9.1,9.1,5.0,0.95,50.0,not_used_unreliable_tat3_export,2026-01-07 14:48:35,2026/01/07 14:48:35,2026/01/07 14:48:35,22.334671,114.267181,M4T,1581F7K3C257S00DV7D3,12.0 mm,f/1.0,640,512,False,,vt_pair,20260107_Thermal_HKUST/DCIM/DJI_202601071424_001::DJI_20260107144835_0130,HKUST,20260107_Thermal_HKUST,2026-01-07,data/raw/HKUST/20260107_Thermal_HKUST/DCIM/DJI_202601071424_001/DJI_20260107144835_0130_T.JPG,data/raw/HKUST/20260107_Thermal_HKUST/DCIM/DJI_202601071424_001/DJI_20260107144835_0130_V.JPG,2026-01-07 14:48:35,22.33467222222222,114.2671805555556,"DJI_20260107144835_0130_T.JPG
DJI_20260107144835_0130_T.JPG
2026/01/07 14:48:35
参数
距离
5 m
空气湿度
50%
发射率
0.95
反射温度
9.1℃
环境温度
9.1℃
图像信息
设备型号
M4T
序列号
1581F7K3C257S00DV7D3
焦距
12.0 mm
光圈
f/1.0
宽度
640
高度
512
创建时间
2026/01/07 14:48:35
修改时间
2026/01/07 14:48:35
经纬度
22.334671, 114.267181
文本注释"
data/local_external/tat3_reports/raw/combined_report__2026_07_15_22_43_23.docx,129,DJI_20260107144840_0131_T.JPG,DJI_20260107144840_0131,ok,9.1,9.1,5.0,0.95,50.0,not_used_unreliable_tat3_export,2026-01-07 14:48:40,2026/01/07 14:48:40,2026/01/07 14:48:40,22.334603,114.266943,M4T,1581F7K3C257S00DV7D3,12.0 mm,f/1.0,640,512,False,,vt_pair,20260107_Thermal_HKUST/DCIM/DJI_202601071424_001::DJI_20260107144840_0131,HKUST,20260107_Thermal_HKUST,2026-01-07,data/raw/HKUST/20260107_Thermal_HKUST/DCIM/DJI_202601071424_001/DJI_20260107144840_0131_T.JPG,data/raw/HKUST/20260107_Thermal_HKUST/DCIM/DJI_202601071424_001/DJI_20260107144840_0131_V.JPG,2026-01-07 14:48:40,22.33460277777777,114.2669416666667,"DJI_20260107144840_0131_T.JPG
DJI_20260107144840_0131_T.JPG
2026/01/07 14:48:40
参数
距离
5 m
空气湿度
50%
发射率
0.95
反射温度
9.1℃
环境温度
9.1℃
图像信息
设备型号
M4T
序列号
1581F7K3C257S00DV7D3
焦距
12.0 mm
光圈
f/1.0
宽度
640
高度
512
创建时间
2026/01/07 14:48:40
修改时间
2026/01/07 14:48:40
经纬度
22.334603, 114.266943
文本注释"
data/local_external/tat3_reports/raw/combined_report__2026_07_15_22_43_23.docx,130,DJI_20260107144845_0132_T.JPG,DJI_20260107144845_0132,ok,9.0,9.0,5.0,0.95,50.0,not_used_unreliable_tat3_export,2026-01-07 14:48:45,2026/01/07 14:48:45,2026/01/07 14:48:45,22.334609,114.266266,M4T,1581F7K3C257S00DV7D3,12.0 mm,f/1.0,640,512,False,,vt_pair,20260107_Thermal_HKUST/DCIM/DJI_202601071424_001::DJI_20260107144845_0132,HKUST,20260107_Thermal_HKUST,2026-01-07,data/raw/HKUST/20260107_Thermal_HKUST/DCIM/DJI_202601071424_001/DJI_20260107144845_0132_T.JPG,data/raw/HKUST/20260107_Thermal_HKUST/DCIM/DJI_202601071424_001/DJI_20260107144845_0132_V.JPG,2026-01-07 14:48:45,22.33460833333333,114.2662666666667,"DJI_20260107144845_0132_T.JPG
DJI_20260107144845_0132_T.JPG
2026/01/07 14:48:45
参数
距离
5 m
空气湿度
50%
发射率
0.95
反射温度
9.0℃
环境温度
9.0℃
图像信息
设备型号
M4T
序列号
1581F7K3C257S00DV7D3
焦距
12.0 mm
光圈
f/1.0
宽度
640
高度
512
创建时间
2026/01/07 14:48:45
修改时间
2026/01/07 14:48:45
经纬度
22.334609, 114.266266
文本注释"
data/local_external/tat3_reports/raw/combined_report__2026_07_15_22_43_23.docx,131,DJI_20260107144850_0133_T.JPG,DJI_20260107144850_0133,ok,9.0,9.0,5.0,0.95,50.0,not_used_unreliable_tat3_export,2026-01-07 14:48:50,2026/01/07 14:48:50,2026/01/07 14:48:50,22.334794,114.265995,M4T,1581F7K3C257S00DV7D3,12.0 mm,f/1.0,640,512,False,,vt_pair,20260107_Thermal_HKUST/DCIM/DJI_202601071424_001::DJI_20260107144850_0133,HKUST,20260107_Thermal_HKUST,2026-01-07,data/raw/HKUST/20260107_Thermal_HKUST/DCIM/DJI_202601071424_001/DJI_20260107144850_0133_T.JPG,data/raw/HKUST/20260107_Thermal_HKUST/DCIM/DJI_202601071424_001/DJI_20260107144850_0133_V.JPG,2026-01-07 14:48:50,22.33479444444444,114.2659944444444,"DJI_20260107144850_0133_T.JPG
DJI_20260107144850_0133_T.JPG
2026/01/07 14:48:50
参数
距离
5 m
空气湿度
50%
发射率
0.95
反射温度
9.0℃
环境温度
9.0℃
图像信息
设备型号
M4T
序列号
1581F7K3C257S00DV7D3
焦距
12.0 mm
光圈
f/1.0
宽度
640
高度
512
创建时间
2026/01/07 14:48:50
修改时间
2026/01/07 14:48:50
经纬度
22.334794, 114.265995
文本注释"
data/local_external/tat3_reports/raw/combined_report__2026_07_15_22_43_23.docx,132,DJI_20260107144855_0134_T.JPG,DJI_20260107144855_0134,ok,8.8,8.8,5.0,0.95,50.0,not_used_unreliable_tat3_export,2026-01-07 14:48:55,2026/01/07 14:48:55,2026/01/07 14:48:55,22.335423,114.265999,M4T,1581F7K3C257S00DV7D3,12.0 mm,f/1.0,640,512,False,,vt_pair,20260107_Thermal_HKUST/DCIM/DJI_202601071424_001::DJI_20260107144855_0134,HKUST,20260107_Thermal_HKUST,2026-01-07,data/raw/HKUST/20260107_Thermal_HKUST/DCIM/DJI_202601071424_001/DJI_20260107144855_0134_T.JPG,data/raw/HKUST/20260107_Thermal_HKUST/DCIM/DJI_202601071424_001/DJI_20260107144855_0134_V.JPG,2026-01-07 14:48:55,22.33542222222222,114.266,"DJI_20260107144855_0134_T.JPG
DJI_20260107144855_0134_T.JPG
2026/01/07 14:48:55
参数
距离
5 m
空气湿度
50%
发射率
0.95
反射温度
8.8℃
环境温度
8.8℃
图像信息
设备型号
M4T
序列号
1581F7K3C257S00DV7D3
焦距
12.0 mm
光圈
f/1.0
宽度
640
高度
512
创建时间
2026/01/07 14:48:55
修改时间
2026/01/07 14:48:55
经纬度
22.335423, 114.265999
文本注释"
data/local_external/tat3_reports/raw/combined_report__2026_07_15_22_43_23.docx,133,DJI_20260107144900_0135_T.JPG,DJI_20260107144900_0135,ok,8.6,8.6,5.0,0.95,50.0,not_used_unreliable_tat3_export,2026-01-07 14:49:00,2026/01/07 14:49:00,2026/01/07 14:49:00,22.336094,114.266006,M4T,1581F7K3C257S00DV7D3,12.0 mm,f/1.0,640,512,False,,vt_pair,20260107_Thermal_HKUST/DCIM/DJI_202601071424_001::DJI_20260107144900_0135,HKUST,20260107_Thermal_HKUST,2026-01-07,data/raw/HKUST/20260107_Thermal_HKUST/DCIM/DJI_202601071424_001/DJI_20260107144900_0135_T.JPG,data/raw/HKUST/20260107_Thermal_HKUST/DCIM/DJI_202601071424_001/DJI_20260107144900_0135_V.JPG,2026-01-07 14:49:00,22.33609444444444,114.2660055555556,"DJI_20260107144900_0135_T.JPG
DJI_20260107144900_0135_T.JPG
2026/01/07 14:49:00
参数
距离
5 m
空气湿度
50%
发射率
0.95
反射温度
8.6℃
环境温度
8.6℃
图像信息
设备型号
M4T
序列号
1581F7K3C257S00DV7D3
焦距
12.0 mm
光圈
f/1.0
宽度
640
高度
512
创建时间
2026/01/07 14:49:00
修改时间
2026/01/07 14:49:00
经纬度
22.336094, 114.266006
文本注释"
data/local_external/tat3_reports/raw/combined_report__2026_07_15_22_43_23.docx,134,DJI_20260107144905_0136_T.JPG,DJI_20260107144905_0136,ok,8.4,8.4,5.0,0.95,50.0,not_used_unreliable_tat3_export,2026-01-07 14:49:05,2026/01/07 14:49:05,2026/01/07 14:49:05,22.336769,114.266014,M4T,1581F7K3C257S00DV7D3,12.0 mm,f/1.0,640,512,False,,vt_pair,20260107_Thermal_HKUST/DCIM/DJI_202601071424_001::DJI_20260107144905_0136,HKUST,20260107_Thermal_HKUST,2026-01-07,data/raw/HKUST/20260107_Thermal_HKUST/DCIM/DJI_202601071424_001/DJI_20260107144905_0136_T.JPG,data/raw/HKUST/20260107_Thermal_HKUST/DCIM/DJI_202601071424_001/DJI_20260107144905_0136_V.JPG,2026-01-07 14:49:05,22.33676944444444,114.2660138888889,"DJI_20260107144905_0136_T.JPG
DJI_20260107144905_0136_T.JPG
2026/01/07 14:49:05
参数
距离
5 m
空气湿度
50%
发射率
0.95
反射温度
8.4℃
环境温度
8.4℃
图像信息
设备型号
M4T
序列号
1581F7K3C257S00DV7D3
焦距
12.0 mm
光圈
f/1.0
宽度
640
高度
512
创建时间
2026/01/07 14:49:05
修改时间
2026/01/07 14:49:05
经纬度
22.336769, 114.266014
文本注释"
data/local_external/tat3_reports/raw/combined_report__2026_07_15_22_43_23.docx,135,DJI_20260107144910_0137_T.JPG,DJI_20260107144910_0137,ok,8.2,8.2,5.0,0.95,50.0,not_used_unreliable_tat3_export,2026-01-07 14:49:10,2026/01/07 14:49:10,2026/01/07 14:49:10,22.337443,114.26602,M4T,1581F7K3C257S00DV7D3,12.0 mm,f/1.0,640,512,False,,vt_pair,20260107_Thermal_HKUST/DCIM/DJI_202601071424_001::DJI_20260107144910_0137,HKUST,20260107_Thermal_HKUST,2026-01-07,data/raw/HKUST/20260107_Thermal_HKUST/DCIM/DJI_202601071424_001/DJI_20260107144910_0137_T.JPG,data/raw/HKUST/20260107_Thermal_HKUST/DCIM/DJI_202601071424_001/DJI_20260107144910_0137_V.JPG,2026-01-07 14:49:10,22.33744444444444,114.2660194444444,"DJI_20260107144910_0137_T.JPG
DJI_20260107144910_0137_T.JPG
2026/01/07 14:49:10
参数
距离
5 m
空气湿度
50%
发射率
0.95
反射温度
8.2℃
环境温度
8.2℃
图像信息
设备型号
M4T
序列号
1581F7K3C257S00DV7D3
焦距
12.0 mm
光圈
f/1.0
宽度
640
高度
512
创建时间
2026/01/07 14:49:10
修改时间
2026/01/07 14:49:10
经纬度
22.337443, 114.266020
文本注释"
data/local_external/tat3_reports/raw/combined_report__2026_07_15_22_43_23.docx,136,DJI_20260107144915_0138_T.JPG,DJI_20260107144915_0138,ok,8.0,8.0,5.0,0.95,50.0,not_used_unreliable_tat3_export,2026-01-07 14:49:15,2026/01/07 14:49:15,2026/01/07 14:49:15,22.338123,114.266025,M4T,1581F7K3C257S00DV7D3,12.0 mm,f/1.0,640,512,False,,vt_pair,20260107_Thermal_HKUST/DCIM/DJI_202601071424_001::DJI_20260107144915_0138,HKUST,20260107_Thermal_HKUST,2026-01-07,data/raw/HKUST/20260107_Thermal_HKUST/DCIM/DJI_202601071424_001/DJI_20260107144915_0138_T.JPG,data/raw/HKUST/20260107_Thermal_HKUST/DCIM/DJI_202601071424_001/DJI_20260107144915_0138_V.JPG,2026-01-07 14:49:15,22.33812222222222,114.266025,"DJI_20260107144915_0138_T.JPG
DJI_20260107144915_0138_T.JPG
2026/01/07 14:49:15
参数
距离
5 m
空气湿度
50%
发射率
0.95
反射温度
8.0℃
环境温度
8.0℃
图像信息
设备型号
M4T
序列号
1581F7K3C257S00DV7D3
焦距
12.0 mm
光圈
f/1.0
宽度
640
高度
512
创建时间
2026/01/07 14:49:15
修改时间
2026/01/07 14:49:15
经纬度
22.338123, 114.266025
文本注释"
data/local_external/tat3_reports/raw/combined_report__2026_07_15_22_43_23.docx,137,DJI_20260107144920_0139_T.JPG,DJI_20260107144920_0139,ok,7.9,7.9,5.0,0.95,50.0,not_used_unreliable_tat3_export,2026-01-07 14:49:20,2026/01/07 14:49:20,2026/01/07 14:49:20,22.33879,114.266032,M4T,1581F7K3C257S00DV7D3,12.0 mm,f/1.0,640,512,False,,vt_pair,20260107_Thermal_HKUST/DCIM/DJI_202601071424_001::DJI_20260107144920_0139,HKUST,20260107_Thermal_HKUST,2026-01-07,data/raw/HKUST/20260107_Thermal_HKUST/DCIM/DJI_202601071424_001/DJI_20260107144920_0139_T.JPG,data/raw/HKUST/20260107_Thermal_HKUST/DCIM/DJI_202601071424_001/DJI_20260107144920_0139_V.JPG,2026-01-07 14:49:20,22.33878888888889,114.2660305555556,"DJI_20260107144920_0139_T.JPG
DJI_20260107144920_0139_T.JPG
2026/01/07 14:49:20
参数
距离
5 m
空气湿度
50%
发射率
0.95
反射温度
7.9℃
环境温度
7.9℃
图像信息
设备型号
M4T
序列号
1581F7K3C257S00DV7D3
焦距
12.0 mm
光圈
f/1.0
宽度
640
高度
512
创建时间
2026/01/07 14:49:20
修改时间
2026/01/07 14:49:20
经纬度
22.338790, 114.266032
文本注释"
data/local_external/tat3_reports/raw/combined_report__2026_07_15_22_43_23.docx,138,DJI_20260107144925_0140_T.JPG,DJI_20260107144925_0140,ok,7.8,7.8,5.0,0.95,50.0,not_used_unreliable_tat3_export,2026-01-07 14:49:25,2026/01/07 14:49:25,2026/01/07 14:49:25,22.339104,114.265958,M4T,1581F7K3C257S00DV7D3,12.0 mm,f/1.0,640,512,False,,vt_pair,20260107_Thermal_HKUST/DCIM/DJI_202601071424_001::DJI_20260107144925_0140,HKUST,20260107_Thermal_HKUST,2026-01-07,data/raw/HKUST/20260107_Thermal_HKUST/DCIM/DJI_202601071424_001/DJI_20260107144925_0140_T.JPG,data/raw/HKUST/20260107_Thermal_HKUST/DCIM/DJI_202601071424_001/DJI_20260107144925_0140_V.JPG,2026-01-07 14:49:25,22.33910277777777,114.2659583333333,"DJI_20260107144925_0140_T.JPG
DJI_20260107144925_0140_T.JPG
2026/01/07 14:49:25
参数
距离
5 m
空气湿度
50%
发射率
0.95
反射温度
7.8℃
环境温度
7.8℃
图像信息
设备型号
M4T
序列号
1581F7K3C257S00DV7D3
焦距
12.0 mm
光圈
f/1.0
宽度
640
高度
512
创建时间
2026/01/07 14:49:25
修改时间
2026/01/07 14:49:25
经纬度
22.339104, 114.265958
文本注释"
data/local_external/tat3_reports/raw/combined_report__2026_07_15_22_43_23.docx,139,DJI_20260107144930_0141_T.JPG,DJI_20260107144930_0141,ok,7.9,7.9,5.0,0.95,50.0,not_used_unreliable_tat3_export,2026-01-07 14:49:30,2026/01/07 14:49:30,2026/01/07 14:49:30,22.339109,114.265339,M4T,1581F7K3C257S00DV7D3,12.0 mm,f/1.0,640,512,False,,vt_pair,20260107_Thermal_HKUST/DCIM/DJI_202601071424_001::DJI_20260107144930_0141,HKUST,20260107_Thermal_HKUST,2026-01-07,data/raw/HKUST/20260107_Thermal_HKUST/DCIM/DJI_202601071424_001/DJI_20260107144930_0141_T.JPG,data/raw/HKUST/20260107_Thermal_HKUST/DCIM/DJI_202601071424_001/DJI_20260107144930_0141_V.JPG,2026-01-07 14:49:30,22.33910833333333,114.2653388888889,"DJI_20260107144930_0141_T.JPG
DJI_20260107144930_0141_T.JPG
2026/01/07 14:49:30
参数
距离
5 m
空气湿度
50%
发射率
0.95
反射温度
7.9℃
环境温度
7.9℃
图像信息
设备型号
M4T
序列号
1581F7K3C257S00DV7D3
焦距
12.0 mm
光圈
f/1.0
宽度
640
高度
512
创建时间
2026/01/07 14:49:30
修改时间
2026/01/07 14:49:30
经纬度
22.339109, 114.265339
文本注释"
data/local_external/tat3_reports/raw/combined_report__2026_07_15_22_43_23.docx,140,DJI_20260107144935_0142_T.JPG,DJI_20260107144935_0142,ok,7.9,7.9,5.0,0.95,50.0,not_used_unreliable_tat3_export,2026-01-07 14:49:35,2026/01/07 14:49:35,2026/01/07 14:49:35,22.339115,114.264617,M4T,1581F7K3C257S00DV7D3,12.0 mm,f/1.0,640,512,False,,vt_pair,20260107_Thermal_HKUST/DCIM/DJI_202601071424_001::DJI_20260107144935_0142,HKUST,20260107_Thermal_HKUST,2026-01-07,data/raw/HKUST/20260107_Thermal_HKUST/DCIM/DJI_202601071424_001/DJI_20260107144935_0142_T.JPG,data/raw/HKUST/20260107_Thermal_HKUST/DCIM/DJI_202601071424_001/DJI_20260107144935_0142_V.JPG,2026-01-07 14:49:35,22.33911388888889,114.2646166666667,"DJI_20260107144935_0142_T.JPG
DJI_20260107144935_0142_T.JPG
2026/01/07 14:49:35
参数
距离
5 m
空气湿度
50%
发射率
0.95
反射温度
7.9℃
环境温度
7.9℃
图像信息
设备型号
M4T
序列号
1581F7K3C257S00DV7D3
焦距
12.0 mm
光圈
f/1.0
宽度
640
高度
512
创建时间
2026/01/07 14:49:35
修改时间
2026/01/07 14:49:35
经纬度
22.339115, 114.264617
文本注释"
data/local_external/tat3_reports/raw/combined_report__2026_07_15_22_43_23.docx,141,DJI_20260107144940_0143_T.JPG,DJI_20260107144940_0143,ok,7.9,7.9,5.0,0.95,50.0,not_used_unreliable_tat3_export,2026-01-07 14:49:40,2026/01/07 14:49:40,2026/01/07 14:49:40,22.339122,114.263888,M4T,1581F7K3C257S00DV7D3,12.0 mm,f/1.0,640,512,False,,vt_pair,20260107_Thermal_HKUST/DCIM/DJI_202601071424_001::DJI_20260107144940_0143,HKUST,20260107_Thermal_HKUST,2026-01-07,data/raw/HKUST/20260107_Thermal_HKUST/DCIM/DJI_202601071424_001/DJI_20260107144940_0143_T.JPG,data/raw/HKUST/20260107_Thermal_HKUST/DCIM/DJI_202601071424_001/DJI_20260107144940_0143_V.JPG,2026-01-07 14:49:40,22.33912222222222,114.2638888888889,"DJI_20260107144940_0143_T.JPG
DJI_20260107144940_0143_T.JPG
2026/01/07 14:49:40
参数
距离
5 m
空气湿度
50%
发射率
0.95
反射温度
7.9℃
环境温度
7.9℃
图像信息
设备型号
M4T
序列号
1581F7K3C257S00DV7D3
焦距
12.0 mm
光圈
f/1.0
宽度
640
高度
512
创建时间
2026/01/07 14:49:40
修改时间
2026/01/07 14:49:40
经纬度
22.339122, 114.263888
文本注释"
data/local_external/tat3_reports/raw/combined_report__2026_07_15_22_43_23.docx,142,DJI_20260107144945_0144_T.JPG,DJI_20260107144945_0144,ok,8.0,8.0,5.0,0.95,50.0,not_used_unreliable_tat3_export,2026-01-07 14:49:45,2026/01/07 14:49:45,2026/01/07 14:49:45,22.338942,114.26371,M4T,1581F7K3C257S00DV7D3,12.0 mm,f/1.0,640,512,False,,vt_pair,20260107_Thermal_HKUST/DCIM/DJI_202601071424_001::DJI_20260107144945_0144,HKUST,20260107_Thermal_HKUST,2026-01-07,data/raw/HKUST/20260107_Thermal_HKUST/DCIM/DJI_202601071424_001/DJI_20260107144945_0144_T.JPG,data/raw/HKUST/20260107_Thermal_HKUST/DCIM/DJI_202601071424_001/DJI_20260107144945_0144_V.JPG,2026-01-07 14:49:45,22.33894166666667,114.2637111111111,"DJI_20260107144945_0144_T.JPG
DJI_20260107144945_0144_T.JPG
2026/01/07 14:49:45
参数
距离
5 m
空气湿度
50%
发射率
0.95
反射温度
8.0℃
环境温度
8.0℃
图像信息
设备型号
M4T
序列号
1581F7K3C257S00DV7D3
焦距
12.0 mm
光圈
f/1.0
宽度
640
高度
512
创建时间
2026/01/07 14:49:45
修改时间
2026/01/07 14:49:45
经纬度
22.338942, 114.263710
文本注释"
data/local_external/tat3_reports/raw/combined_report__2026_07_15_22_43_23.docx,143,DJI_20260107144950_0145_T.JPG,DJI_20260107144950_0145,ok,8.0,8.0,5.0,0.95,50.0,not_used_unreliable_tat3_export,2026-01-07 14:49:50,2026/01/07 14:49:50,2026/01/07 14:49:50,22.339169,114.263712,M4T,1581F7K3C257S00DV7D3,12.0 mm,f/1.0,640,512,False,,vt_pair,20260107_Thermal_HKUST/DCIM/DJI_202601071424_001::DJI_20260107144950_0145,HKUST,20260107_Thermal_HKUST,2026-01-07,data/raw/HKUST/20260107_Thermal_HKUST/DCIM/DJI_202601071424_001/DJI_20260107144950_0145_T.JPG,data/raw/HKUST/20260107_Thermal_HKUST/DCIM/DJI_202601071424_001/DJI_20260107144950_0145_V.JPG,2026-01-07 14:49:50,22.33916944444444,114.2637111111111,"DJI_20260107144950_0145_T.JPG
DJI_20260107144950_0145_T.JPG
2026/01/07 14:49:50
参数
距离
5 m
空气湿度
50%
发射率
0.95
反射温度
8.0℃
环境温度
8.0℃
图像信息
设备型号
M4T
序列号
1581F7K3C257S00DV7D3
焦距
12.0 mm
光圈
f/1.0
宽度
640
高度
512
创建时间
2026/01/07 14:49:50
修改时间
2026/01/07 14:49:50
经纬度
22.339169, 114.263712
文本注释"
data/local_external/tat3_reports/raw/combined_report__2026_07_15_22_43_23.docx,144,DJI_20260107144955_0146_T.JPG,DJI_20260107144955_0146,ok,8.1,8.1,5.0,0.95,50.0,not_used_unreliable_tat3_export,2026-01-07 14:49:55,2026/01/07 14:49:55,2026/01/07 14:49:55,22.339165,114.263966,M4T,1581F7K3C257S00DV7D3,12.0 mm,f/1.0,640,512,False,,vt_pair,20260107_Thermal_HKUST/DCIM/DJI_202601071424_001::DJI_20260107144955_0146,HKUST,20260107_Thermal_HKUST,2026-01-07,data/raw/HKUST/20260107_Thermal_HKUST/DCIM/DJI_202601071424_001/DJI_20260107144955_0146_T.JPG,data/raw/HKUST/20260107_Thermal_HKUST/DCIM/DJI_202601071424_001/DJI_20260107144955_0146_V.JPG,2026-01-07 14:49:55,22.33916388888889,114.2639666666667,"DJI_20260107144955_0146_T.JPG
DJI_20260107144955_0146_T.JPG
2026/01/07 14:49:55
参数
距离
5 m
空气湿度
50%
发射率
0.95
反射温度
8.1℃
环境温度
8.1℃
图像信息
设备型号
M4T
序列号
1581F7K3C257S00DV7D3
焦距
12.0 mm
光圈
f/1.0
宽度
640
高度
512
创建时间
2026/01/07 14:49:55
修改时间
2026/01/07 14:49:55
经纬度
22.339165, 114.263966
文本注释"
